频道: [4K健身（4K健身）] | 日期: 2026-03-15 | 来源: http://e.erw.cc/all.xml.gz
频道: [4K宝贝（4K宝贝）] | 日期: 2026-03-15 | 来源: http://e.erw.cc/all.xml.gz
频道: [4K少儿专区（4K少儿专区）] | 日期: 2026-03-15 | 来源: https://github.com/mytv-android/SCTV_EPG/raw/refs/heads/main/epg.xml
频道: [4K时尚（4K时尚）] | 日期: 2026-03-15 | 来源: http://e.erw.cc/all.xml.gz
频道: [4K演唱会（4K演唱会）] | 日期: 2026-03-15 | 来源: http://e.erw.cc/all.xml.gz
频道: [4K电影（4K电影）] | 日期: 2026-03-15 | 来源: http://e.erw.cc/all.xml.gz
频道: [4K电视剧（4K电视剧）] | 日期: 2026-03-15 | 来源: http://e.erw.cc/all.xml.gz
频道: [4K纪实（4K纪实）] | 日期: 2026-03-15 | 来源: http://e.erw.cc/all.xml.gz
频道: [4K纪实专区（4K纪实专区）] | 日期: 2026-03-15 | 来源: https://github.com/mytv-android/SCTV_EPG/raw/refs/heads/main/epg.xml
频道: [4K美食（4K美食）] | 日期: 2026-03-15 | 来源: http://e.erw.cc/all.xml.gz
频道: [4K视界专区（4K视界专区）] | 日期: 2026-03-15 | 来源: https://github.com/mytv-android/SCTV_EPG/raw/refs/heads/main/epg.xml
频道: [4K超清（4K超清）] | 日期: 2026-03-14 | 来源: https://github.com/zzzz0317/beijing-unicom-iptv-playlist/raw/refs/heads/main/epg.xml
频道: [4K超清（4K超清）] | 日期: 2026-03-15 | 来源: https://github.com/zzzz0317/beijing-unicom-iptv-playlist/raw/refs/heads/main/epg.xml
频道: [4K超清（4K超清）] | 日期: 2026-03-16 | 来源: https://github.com/zzzz0317/beijing-unicom-iptv-playlist/raw/refs/heads/main/epg.xml
频道: [4K超清（4K超清）] | 日期: 2026-03-17 | 来源: https://github.com/zzzz0317/beijing-unicom-iptv-playlist/raw/refs/heads/main/epg.xml
频道: [4K超清（4K超清）] | 日期: 2026-03-18 | 来源: https://github.com/zzzz0317/beijing-unicom-iptv-playlist/raw/refs/heads/main/epg.xml
频道: [4K超清（4K超清）] | 日期: 2026-03-19 | 来源: https://github.com/zzzz0317/beijing-unicom-iptv-playlist/raw/refs/heads/main/epg.xml
频道: [4K超清（4K超清）] | 日期: 2026-03-20 | 来源: https://github.com/zzzz0317/beijing-unicom-iptv-playlist/raw/refs/heads/main/epg.xml
频道: [4K超清（4K超清）] | 日期: 2026-03-21 | 来源: https://github.com/zzzz0317/beijing-unicom-iptv-playlist/raw/refs/heads/main/epg.xml
频道: [4K超清（4K超清）] | 日期: 2026-03-22 | 来源: https://github.com/zzzz0317/beijing-unicom-iptv-playlist/raw/refs/heads/main/epg.xml
频道: [ABC Australia（ABC Australia）] | 日期: 2026-03-14 | 来源: http://epg.cdn.loc.cc/xml
频道: [ABC Australia（ABC Australia）] | 日期: 2026-03-15 | 来源: http://epg.cdn.loc.cc/xml
频道: [ABC Australia（ABC Australia）] | 日期: 2026-03-16 | 来源: http://epg.cdn.loc.cc/xml
频道: [ABC Australia（ABC Australia）] | 日期: 2026-03-17 | 来源: http://epg.cdn.loc.cc/xml
频道: [ABC Australia（ABC Australia）] | 日期: 2026-03-18 | 来源: http://epg.cdn.loc.cc/xml
频道: [ABC Australia（ABC Australia）] | 日期: 2026-03-19 | 来源: http://epg.cdn.loc.cc/xml
频道: [ABC Australia（ABC Australia）] | 日期: 2026-03-20 | 来源: http://epg.cdn.loc.cc/xml
频道: [ABC Australia（ABC Australia）] | 日期: 2026-03-21 | 来源: http://epg.cdn.loc.cc/xml
频道: [ADITHYA（ADITHYA）] | 日期: 2026-03-15 | 来源: http://epg.cdn.loc.cc/xml
频道: [ADITHYA（ADITHYA）] | 日期: 2026-03-16 | 来源: http://epg.cdn.loc.cc/xml
频道: [ADITHYA（ADITHYA）] | 日期: 2026-03-17 | 来源: http://epg.cdn.loc.cc/xml
频道: [ADITHYA（ADITHYA）] | 日期: 2026-03-18 | 来源: http://epg.cdn.loc.cc/xml
频道: [ADITHYA（ADITHYA）] | 日期: 2026-03-19 | 来源: http://epg.cdn.loc.cc/xml
频道: [ADITHYA（ADITHYA）] | 日期: 2026-03-20 | 来源: http://epg.cdn.loc.cc/xml
频道: [ADITHYA（ADITHYA）] | 日期: 2026-03-21 | 来源: http://epg.cdn.loc.cc/xml
频道: [ADITHYA TV（ADITHYA TV）] | 日期: 2026-03-14 | 来源: http://epg.cdn.loc.cc/xml
频道: [ADITHYA TV（ADITHYA TV）] | 日期: 2026-03-15 | 来源: http://epg.cdn.loc.cc/xml
频道: [ADITHYA TV（ADITHYA TV）] | 日期: 2026-03-16 | 来源: http://epg.cdn.loc.cc/xml
频道: [ADITHYA TV（ADITHYA TV）] | 日期: 2026-03-17 | 来源: http://epg.cdn.loc.cc/xml
频道: [ADITHYA TV（ADITHYA TV）] | 日期: 2026-03-18 | 来源: http://epg.cdn.loc.cc/xml
频道: [ADITHYA TV（ADITHYA TV）] | 日期: 2026-03-19 | 来源: http://epg.cdn.loc.cc/xml
频道: [ADITHYA TV（ADITHYA TV）] | 日期: 2026-03-20 | 来源: http://epg.cdn.loc.cc/xml
频道: [ADITHYA TV（ADITHYA TV）] | 日期: 2026-03-21 | 来源: http://epg.cdn.loc.cc/xml
频道: [AEC（AEC）] | 日期: 2026-03-15 | 来源: http://epg.cdn.loc.cc/xml
频道: [AEC（AEC）] | 日期: 2026-03-16 | 来源: http://epg.cdn.loc.cc/xml
频道: [AEC（AEC）] | 日期: 2026-03-17 | 来源: http://epg.cdn.loc.cc/xml
频道: [AEC（AEC）] | 日期: 2026-03-18 | 来源: http://epg.cdn.loc.cc/xml
频道: [AEC（AEC）] | 日期: 2026-03-19 | 来源: http://epg.cdn.loc.cc/xml
频道: [AEC（AEC）] | 日期: 2026-03-20 | 来源: http://epg.cdn.loc.cc/xml
频道: [AEC（AEC）] | 日期: 2026-03-21 | 来源: http://epg.cdn.loc.cc/xml
频道: [AFN（AFN）] | 日期: 2026-03-15 | 来源: http://epg.cdn.loc.cc/xml
频道: [AFN（AFN）] | 日期: 2026-03-16 | 来源: http://epg.cdn.loc.cc/xml
频道: [AFN（AFN）] | 日期: 2026-03-17 | 来源: http://epg.cdn.loc.cc/xml
频道: [AFN（AFN）] | 日期: 2026-03-18 | 来源: http://epg.cdn.loc.cc/xml
频道: [AFN（AFN）] | 日期: 2026-03-19 | 来源: http://epg.cdn.loc.cc/xml
频道: [AFN（AFN）] | 日期: 2026-03-20 | 来源: http://epg.cdn.loc.cc/xml
频道: [AFN（AFN）] | 日期: 2026-03-21 | 来源: http://epg.cdn.loc.cc/xml
频道: [AL JAZEERA（AL JAZEERA）] | 日期: 2026-03-15 | 来源: http://epg.cdn.loc.cc/xml
频道: [AL JAZEERA（AL JAZEERA）] | 日期: 2026-03-16 | 来源: http://epg.cdn.loc.cc/xml
频道: [AL JAZEERA（AL JAZEERA）] | 日期: 2026-03-17 | 来源: http://epg.cdn.loc.cc/xml
频道: [AL JAZEERA（AL JAZEERA）] | 日期: 2026-03-18 | 来源: http://epg.cdn.loc.cc/xml
频道: [AL JAZEERA（AL JAZEERA）] | 日期: 2026-03-19 | 来源: http://epg.cdn.loc.cc/xml
频道: [AL JAZEERA（AL JAZEERA）] | 日期: 2026-03-20 | 来源: http://epg.cdn.loc.cc/xml
频道: [AL JAZEERA（AL JAZEERA）] | 日期: 2026-03-21 | 来源: http://epg.cdn.loc.cc/xml
频道: [ANC（ANC）] | 日期: 2026-03-15 | 来源: http://epg.cdn.loc.cc/xml
频道: [ANC（ANC）] | 日期: 2026-03-16 | 来源: http://epg.cdn.loc.cc/xml
频道: [ANC（ANC）] | 日期: 2026-03-17 | 来源: http://epg.cdn.loc.cc/xml
频道: [ANC（ANC）] | 日期: 2026-03-18 | 来源: http://epg.cdn.loc.cc/xml
频道: [ANC（ANC）] | 日期: 2026-03-19 | 来源: http://epg.cdn.loc.cc/xml
频道: [ANC（ANC）] | 日期: 2026-03-20 | 来源: http://epg.cdn.loc.cc/xml
频道: [ANC（ANC）] | 日期: 2026-03-21 | 来源: http://epg.cdn.loc.cc/xml
频道: [AOD（AOD）] | 日期: 2026-03-15 | 来源: http://epg.cdn.loc.cc/xml
频道: [AOD（AOD）] | 日期: 2026-03-16 | 来源: http://epg.cdn.loc.cc/xml
频道: [AOD（AOD）] | 日期: 2026-03-17 | 来源: http://epg.cdn.loc.cc/xml
频道: [AOD（AOD）] | 日期: 2026-03-18 | 来源: http://epg.cdn.loc.cc/xml
频道: [AOD（AOD）] | 日期: 2026-03-19 | 来源: http://epg.cdn.loc.cc/xml
频道: [AOD（AOD）] | 日期: 2026-03-20 | 来源: http://epg.cdn.loc.cc/xml
频道: [AOD（AOD）] | 日期: 2026-03-21 | 来源: http://epg.cdn.loc.cc/xml
频道: [ARENA（ARENA）] | 日期: 2026-03-15 | 来源: http://epg.cdn.loc.cc/xml
频道: [ARENA（ARENA）] | 日期: 2026-03-16 | 来源: http://epg.cdn.loc.cc/xml
频道: [ARENA（ARENA）] | 日期: 2026-03-18 | 来源: http://epg.cdn.loc.cc/xml
频道: [ARENA（ARENA）] | 日期: 2026-03-19 | 来源: http://epg.cdn.loc.cc/xml
频道: [ARENA（ARENA）] | 日期: 2026-03-20 | 来源: http://epg.cdn.loc.cc/xml
频道: [ARENA（ARENA）] | 日期: 2026-03-21 | 来源: http://epg.cdn.loc.cc/xml
频道: [ARENA 2（ARENA 2）] | 日期: 2026-03-15 | 来源: http://epg.cdn.loc.cc/xml
频道: [ARENA 2（ARENA 2）] | 日期: 2026-03-16 | 来源: http://epg.cdn.loc.cc/xml
频道: [ARENA 2（ARENA 2）] | 日期: 2026-03-18 | 来源: http://epg.cdn.loc.cc/xml
频道: [ARENA 2（ARENA 2）] | 日期: 2026-03-19 | 来源: http://epg.cdn.loc.cc/xml
频道: [ARENA 2（ARENA 2）] | 日期: 2026-03-20 | 来源: http://epg.cdn.loc.cc/xml
频道: [ARENA 2（ARENA 2）] | 日期: 2026-03-21 | 来源: http://epg.cdn.loc.cc/xml
频道: [ARENA BOLA（ARENA BOLA）] | 日期: 2026-03-15 | 来源: http://epg.cdn.loc.cc/xml
频道: [ARENA BOLA（ARENA BOLA）] | 日期: 2026-03-16 | 来源: http://epg.cdn.loc.cc/xml
频道: [ARENA BOLA（ARENA BOLA）] | 日期: 2026-03-17 | 来源: http://epg.cdn.loc.cc/xml
频道: [ARENA BOLA（ARENA BOLA）] | 日期: 2026-03-18 | 来源: http://epg.cdn.loc.cc/xml
频道: [ARENA BOLA（ARENA BOLA）] | 日期: 2026-03-19 | 来源: http://epg.cdn.loc.cc/xml
频道: [ARENA BOLA（ARENA BOLA）] | 日期: 2026-03-20 | 来源: http://epg.cdn.loc.cc/xml
频道: [ARENA BOLA（ARENA BOLA）] | 日期: 2026-03-21 | 来源: http://epg.cdn.loc.cc/xml
频道: [ARENA BOLA 2（ARENA BOLA 2）] | 日期: 2026-03-15 | 来源: http://epg.cdn.loc.cc/xml
频道: [ARENA BOLA 2（ARENA BOLA 2）] | 日期: 2026-03-16 | 来源: http://epg.cdn.loc.cc/xml
频道: [ARENA BOLA 2（ARENA BOLA 2）] | 日期: 2026-03-17 | 来源: http://epg.cdn.loc.cc/xml
频道: [ARENA BOLA 2（ARENA BOLA 2）] | 日期: 2026-03-18 | 来源: http://epg.cdn.loc.cc/xml
频道: [ARENA BOLA 2（ARENA BOLA 2）] | 日期: 2026-03-19 | 来源: http://epg.cdn.loc.cc/xml
频道: [ARENA BOLA 2（ARENA BOLA 2）] | 日期: 2026-03-20 | 来源: http://epg.cdn.loc.cc/xml
频道: [ARENA BOLA 2（ARENA BOLA 2）] | 日期: 2026-03-21 | 来源: http://epg.cdn.loc.cc/xml
频道: [ARIRANG阿里郎频道（ARIRANG阿里郎频道）] | 日期: 2026-03-15 | 来源: https://github.com/litiande03/epg/raw/refs/heads/master/pl.xml.gz
频道: [ARIRANG阿里郎频道（ARIRANG阿里郎频道）] | 日期: 2026-03-16 | 来源: https://github.com/litiande03/epg/raw/refs/heads/master/pl.xml.gz
频道: [ARIRANG阿里郎频道（ARIRANG阿里郎频道）] | 日期: 2026-03-17 | 来源: https://github.com/litiande03/epg/raw/refs/heads/master/pl.xml.gz
频道: [AURA（AURA）] | 日期: 2026-03-15 | 来源: http://epg.cdn.loc.cc/xml
频道: [AURA（AURA）] | 日期: 2026-03-16 | 来源: http://epg.cdn.loc.cc/xml
频道: [AURA（AURA）] | 日期: 2026-03-17 | 来源: http://epg.cdn.loc.cc/xml
频道: [AURA（AURA）] | 日期: 2026-03-18 | 来源: http://epg.cdn.loc.cc/xml
频道: [AURA（AURA）] | 日期: 2026-03-19 | 来源: http://epg.cdn.loc.cc/xml
频道: [AURA（AURA）] | 日期: 2026-03-20 | 来源: http://epg.cdn.loc.cc/xml
频道: [AURA（AURA）] | 日期: 2026-03-21 | 来源: http://epg.cdn.loc.cc/xml
频道: [AWANI（AWANI）] | 日期: 2026-03-15 | 来源: http://epg.cdn.loc.cc/xml
频道: [AWANI（AWANI）] | 日期: 2026-03-16 | 来源: http://epg.cdn.loc.cc/xml
频道: [AWANI（AWANI）] | 日期: 2026-03-17 | 来源: http://epg.cdn.loc.cc/xml
频道: [AWANI（AWANI）] | 日期: 2026-03-18 | 来源: http://epg.cdn.loc.cc/xml
频道: [AWANI（AWANI）] | 日期: 2026-03-19 | 来源: http://epg.cdn.loc.cc/xml
频道: [AWANI（AWANI）] | 日期: 2026-03-20 | 来源: http://epg.cdn.loc.cc/xml
频道: [AWANI（AWANI）] | 日期: 2026-03-21 | 来源: http://epg.cdn.loc.cc/xml
频道: [AXN（AXN）] | 日期: 2026-03-14 | 来源: http://epg.cdn.loc.cc/xml
频道: [AXN（AXN）] | 日期: 2026-03-15 | 来源: https://epg.136605.xyz/9days.xml
频道: [AXN（AXN）] | 日期: 2026-03-16 | 来源: https://epg.136605.xyz/9days.xml
频道: [AXN（AXN）] | 日期: 2026-03-17 | 来源: https://epg.136605.xyz/9days.xml
频道: [AXN（AXN）] | 日期: 2026-03-18 | 来源: http://epg.cdn.loc.cc/xml
频道: [AXN（AXN）] | 日期: 2026-03-19 | 来源: http://epg.cdn.loc.cc/xml
频道: [AXN（AXN）] | 日期: 2026-03-20 | 来源: http://epg.cdn.loc.cc/xml
频道: [AXN（AXN）] | 日期: 2026-03-21 | 来源: http://epg.cdn.loc.cc/xml
频道: [AXN（AXN）] | 日期: 2026-03-22 | 来源: http://epg.cdn.loc.cc/xml
频道: [AXN（AXN）] | 日期: 2026-03-23 | 来源: http://epg.cdn.loc.cc/xml
频道: [AXN HD（AXN HD）] | 日期: 2026-03-14 | 来源: http://epg.cdn.loc.cc/xml
频道: [AXN HD（AXN HD）] | 日期: 2026-03-15 | 来源: http://epg.cdn.loc.cc/xml
频道: [AXN HD（AXN HD）] | 日期: 2026-03-16 | 来源: http://epg.cdn.loc.cc/xml
频道: [AXN HD（AXN HD）] | 日期: 2026-03-17 | 来源: http://epg.cdn.loc.cc/xml
频道: [AXN HD（AXN HD）] | 日期: 2026-03-18 | 来源: http://epg.cdn.loc.cc/xml
频道: [AXN HD（AXN HD）] | 日期: 2026-03-19 | 来源: http://epg.cdn.loc.cc/xml
频道: [AXN HD（AXN HD）] | 日期: 2026-03-20 | 来源: http://epg.cdn.loc.cc/xml
频道: [AXN HD（AXN HD）] | 日期: 2026-03-21 | 来源: http://epg.cdn.loc.cc/xml
频道: [Action Hollywood Movies（Action Hollywood Movies）] | 日期: 2026-03-14 | 来源: http://epg.cdn.loc.cc/xml
频道: [Action Hollywood Movies（Action Hollywood Movies）] | 日期: 2026-03-15 | 来源: http://epg.cdn.loc.cc/xml
频道: [Action Hollywood Movies（Action Hollywood Movies）] | 日期: 2026-03-16 | 来源: http://epg.cdn.loc.cc/xml
频道: [Action Hollywood Movies（Action Hollywood Movies）] | 日期: 2026-03-17 | 来源: http://epg.cdn.loc.cc/xml
频道: [Action Hollywood Movies（Action Hollywood Movies）] | 日期: 2026-03-18 | 来源: http://epg.cdn.loc.cc/xml
频道: [Action Hollywood Movies（Action Hollywood Movies）] | 日期: 2026-03-19 | 来源: http://epg.cdn.loc.cc/xml
频道: [Action Hollywood Movies（Action Hollywood Movies）] | 日期: 2026-03-20 | 来源: http://epg.cdn.loc.cc/xml
频道: [Action Hollywood Movies（Action Hollywood Movies）] | 日期: 2026-03-21 | 来源: http://epg.cdn.loc.cc/xml
频道: [Action Hollywood Movies（Action Hollywood Movies）] | 日期: 2026-03-22 | 来源: http://epg.cdn.loc.cc/xml
频道: [Action Hollywood Movies（Action Hollywood Movies）] | 日期: 2026-03-23 | 来源: http://epg.cdn.loc.cc/xml
频道: [Animax（Animax）] | 日期: 2026-03-14 | 来源: http://epg.cdn.loc.cc/xml
频道: [Animax（Animax）] | 日期: 2026-03-15 | 来源: http://epg.cdn.loc.cc/xml
频道: [Animax（Animax）] | 日期: 2026-03-16 | 来源: http://epg.cdn.loc.cc/xml
频道: [Animax（Animax）] | 日期: 2026-03-17 | 来源: http://epg.cdn.loc.cc/xml
频道: [Animax（Animax）] | 日期: 2026-03-18 | 来源: http://epg.cdn.loc.cc/xml
频道: [Animax（Animax）] | 日期: 2026-03-19 | 来源: http://epg.cdn.loc.cc/xml
频道: [Animax（Animax）] | 日期: 2026-03-20 | 来源: http://epg.cdn.loc.cc/xml
频道: [Animax（Animax）] | 日期: 2026-03-21 | 来源: http://epg.cdn.loc.cc/xml
频道: [Animax（Animax）] | 日期: 2026-03-22 | 来源: http://epg.cdn.loc.cc/xml
频道: [Animax（Animax）] | 日期: 2026-03-23 | 来源: http://epg.cdn.loc.cc/xml
频道: [Animax HD（Animax HD）] | 日期: 2026-03-15 | 来源: http://epg.cdn.loc.cc/xml
频道: [Animax HD（Animax HD）] | 日期: 2026-03-16 | 来源: http://epg.cdn.loc.cc/xml
频道: [Animax HD（Animax HD）] | 日期: 2026-03-17 | 来源: http://epg.cdn.loc.cc/xml
频道: [Animax HD（Animax HD）] | 日期: 2026-03-18 | 来源: http://epg.cdn.loc.cc/xml
频道: [Animax HD（Animax HD）] | 日期: 2026-03-19 | 来源: http://epg.cdn.loc.cc/xml
频道: [Animax HD（Animax HD）] | 日期: 2026-03-20 | 来源: http://epg.cdn.loc.cc/xml
频道: [Animax HD（Animax HD）] | 日期: 2026-03-21 | 来源: http://epg.cdn.loc.cc/xml
频道: [Arirang TV（Arirang TV）] | 日期: 2026-03-14 | 来源: http://epg.cdn.loc.cc/xml
频道: [Arirang TV（Arirang TV）] | 日期: 2026-03-15 | 来源: http://epg.cdn.loc.cc/xml
频道: [Arirang TV（Arirang TV）] | 日期: 2026-03-16 | 来源: http://epg.cdn.loc.cc/xml
频道: [Arirang TV（Arirang TV）] | 日期: 2026-03-17 | 来源: http://epg.cdn.loc.cc/xml
频道: [Arirang TV（Arirang TV）] | 日期: 2026-03-18 | 来源: http://epg.cdn.loc.cc/xml
频道: [Arirang TV（Arirang TV）] | 日期: 2026-03-19 | 来源: http://epg.cdn.loc.cc/xml
频道: [Arirang TV（Arirang TV）] | 日期: 2026-03-20 | 来源: http://epg.cdn.loc.cc/xml
频道: [Arirang TV（Arirang TV）] | 日期: 2026-03-21 | 来源: http://epg.cdn.loc.cc/xml
频道: [Arirang TV（Arirang TV）] | 日期: 2026-03-22 | 来源: http://epg.cdn.loc.cc/xml
频道: [Arirang TV（Arirang TV）] | 日期: 2026-03-23 | 来源: http://epg.cdn.loc.cc/xml
频道: [Asian Food Network亚洲美食频道（Asian Food Network亚洲美食频道）] | 日期: 2026-03-15 | 来源: http://epg.cdn.loc.cc/xml
频道: [Asian Food Network亚洲美食频道（Asian Food Network亚洲美食频道）] | 日期: 2026-03-16 | 来源: http://epg.cdn.loc.cc/xml
频道: [Asian Food Network亚洲美食频道（Asian Food Network亚洲美食频道）] | 日期: 2026-03-17 | 来源: http://epg.cdn.loc.cc/xml
频道: [Asian Food Network亚洲美食频道（Asian Food Network亚洲美食频道）] | 日期: 2026-03-18 | 来源: http://epg.cdn.loc.cc/xml
频道: [Asian Food Network亚洲美食频道（Asian Food Network亚洲美食频道）] | 日期: 2026-03-19 | 来源: http://epg.cdn.loc.cc/xml
频道: [Asian Food Network亚洲美食频道（Asian Food Network亚洲美食频道）] | 日期: 2026-03-20 | 来源: http://epg.cdn.loc.cc/xml
频道: [Asian Food Network亚洲美食频道（Asian Food Network亚洲美食频道）] | 日期: 2026-03-21 | 来源: http://epg.cdn.loc.cc/xml
频道: [Asianet（Asianet）] | 日期: 2026-03-15 | 来源: http://epg.cdn.loc.cc/xml
频道: [Asianet（Asianet）] | 日期: 2026-03-16 | 来源: http://epg.cdn.loc.cc/xml
频道: [Asianet（Asianet）] | 日期: 2026-03-17 | 来源: http://epg.cdn.loc.cc/xml
频道: [Asianet（Asianet）] | 日期: 2026-03-18 | 来源: http://epg.cdn.loc.cc/xml
频道: [Asianet（Asianet）] | 日期: 2026-03-19 | 来源: http://epg.cdn.loc.cc/xml
频道: [Asianet（Asianet）] | 日期: 2026-03-20 | 来源: http://epg.cdn.loc.cc/xml
频道: [Asianet（Asianet）] | 日期: 2026-03-21 | 来源: http://epg.cdn.loc.cc/xml
频道: [Asianet Movies（Asianet Movies）] | 日期: 2026-03-14 | 来源: http://epg.cdn.loc.cc/xml
频道: [Asianet Movies（Asianet Movies）] | 日期: 2026-03-15 | 来源: http://epg.cdn.loc.cc/xml
频道: [Asianet Movies（Asianet Movies）] | 日期: 2026-03-16 | 来源: http://epg.cdn.loc.cc/xml
频道: [Asianet Movies（Asianet Movies）] | 日期: 2026-03-17 | 来源: http://epg.cdn.loc.cc/xml
频道: [Asianet Movies（Asianet Movies）] | 日期: 2026-03-18 | 来源: http://epg.cdn.loc.cc/xml
频道: [Asianet Movies（Asianet Movies）] | 日期: 2026-03-19 | 来源: http://epg.cdn.loc.cc/xml
频道: [Asianet Movies（Asianet Movies）] | 日期: 2026-03-20 | 来源: http://epg.cdn.loc.cc/xml
频道: [Asianet Movies（Asianet Movies）] | 日期: 2026-03-21 | 来源: http://epg.cdn.loc.cc/xml
频道: [Astro Badminton（Astro Badminton）] | 日期: 2026-03-15 | 来源: http://epg.cdn.loc.cc/xml
频道: [Astro Badminton（Astro Badminton）] | 日期: 2026-03-16 | 来源: http://epg.cdn.loc.cc/xml
频道: [Astro Badminton（Astro Badminton）] | 日期: 2026-03-17 | 来源: http://epg.cdn.loc.cc/xml
频道: [Astro Badminton（Astro Badminton）] | 日期: 2026-03-18 | 来源: http://epg.cdn.loc.cc/xml
频道: [Astro Badminton（Astro Badminton）] | 日期: 2026-03-19 | 来源: http://epg.cdn.loc.cc/xml
频道: [Astro Badminton（Astro Badminton）] | 日期: 2026-03-20 | 来源: http://epg.cdn.loc.cc/xml
频道: [Astro Badminton（Astro Badminton）] | 日期: 2026-03-21 | 来源: http://epg.cdn.loc.cc/xml
频道: [Astro Football（Astro Football）] | 日期: 2026-03-14 | 来源: http://epg.cdn.loc.cc/xml
频道: [Astro Football（Astro Football）] | 日期: 2026-03-15 | 来源: http://epg.cdn.loc.cc/xml
频道: [Astro Football（Astro Football）] | 日期: 2026-03-16 | 来源: http://epg.cdn.loc.cc/xml
频道: [Astro Football（Astro Football）] | 日期: 2026-03-17 | 来源: http://epg.cdn.loc.cc/xml
频道: [Astro Football（Astro Football）] | 日期: 2026-03-18 | 来源: http://epg.cdn.loc.cc/xml
频道: [Astro Football（Astro Football）] | 日期: 2026-03-19 | 来源: http://epg.cdn.loc.cc/xml
频道: [Astro Football（Astro Football）] | 日期: 2026-03-20 | 来源: http://epg.cdn.loc.cc/xml
频道: [Astro Football（Astro Football）] | 日期: 2026-03-21 | 来源: http://epg.cdn.loc.cc/xml
频道: [Astro Grandstand（Astro Grandstand）] | 日期: 2026-03-14 | 来源: http://epg.cdn.loc.cc/xml
频道: [Astro Grandstand（Astro Grandstand）] | 日期: 2026-03-15 | 来源: http://epg.cdn.loc.cc/xml
频道: [Astro Grandstand（Astro Grandstand）] | 日期: 2026-03-16 | 来源: http://epg.cdn.loc.cc/xml
频道: [Astro Grandstand（Astro Grandstand）] | 日期: 2026-03-17 | 来源: http://epg.cdn.loc.cc/xml
频道: [Astro Grandstand（Astro Grandstand）] | 日期: 2026-03-18 | 来源: http://epg.cdn.loc.cc/xml
频道: [Astro Grandstand（Astro Grandstand）] | 日期: 2026-03-19 | 来源: http://epg.cdn.loc.cc/xml
频道: [Astro Grandstand（Astro Grandstand）] | 日期: 2026-03-20 | 来源: http://epg.cdn.loc.cc/xml
频道: [Astro Grandstand（Astro Grandstand）] | 日期: 2026-03-21 | 来源: http://epg.cdn.loc.cc/xml
频道: [Astro Premier League（Astro Premier League）] | 日期: 2026-03-14 | 来源: http://epg.cdn.loc.cc/xml
频道: [Astro Premier League（Astro Premier League）] | 日期: 2026-03-15 | 来源: http://epg.cdn.loc.cc/xml
频道: [Astro Premier League（Astro Premier League）] | 日期: 2026-03-16 | 来源: http://epg.cdn.loc.cc/xml
频道: [Astro Premier League（Astro Premier League）] | 日期: 2026-03-17 | 来源: http://epg.cdn.loc.cc/xml
频道: [Astro Premier League（Astro Premier League）] | 日期: 2026-03-18 | 来源: http://epg.cdn.loc.cc/xml
频道: [Astro Premier League（Astro Premier League）] | 日期: 2026-03-19 | 来源: http://epg.cdn.loc.cc/xml
频道: [Astro Premier League（Astro Premier League）] | 日期: 2026-03-20 | 来源: http://epg.cdn.loc.cc/xml
频道: [Astro Premier League（Astro Premier League）] | 日期: 2026-03-21 | 来源: http://epg.cdn.loc.cc/xml
频道: [Astro Premier League 2（Astro Premier League 2）] | 日期: 2026-03-14 | 来源: http://epg.cdn.loc.cc/xml
频道: [Astro Premier League 2（Astro Premier League 2）] | 日期: 2026-03-15 | 来源: http://epg.cdn.loc.cc/xml
频道: [Astro Premier League 2（Astro Premier League 2）] | 日期: 2026-03-16 | 来源: http://epg.cdn.loc.cc/xml
频道: [Astro Premier League 2（Astro Premier League 2）] | 日期: 2026-03-17 | 来源: http://epg.cdn.loc.cc/xml
频道: [Astro Premier League 2（Astro Premier League 2）] | 日期: 2026-03-18 | 来源: http://epg.cdn.loc.cc/xml
频道: [Astro Premier League 2（Astro Premier League 2）] | 日期: 2026-03-19 | 来源: http://epg.cdn.loc.cc/xml
频道: [Astro Premier League 2（Astro Premier League 2）] | 日期: 2026-03-20 | 来源: http://epg.cdn.loc.cc/xml
频道: [Astro Premier League 2（Astro Premier League 2）] | 日期: 2026-03-21 | 来源: http://epg.cdn.loc.cc/xml
频道: [Astro Sensasi HD（Astro Sensasi HD）] | 日期: 2026-03-14 | 来源: http://epg.cdn.loc.cc/xml
频道: [Astro Sensasi HD（Astro Sensasi HD）] | 日期: 2026-03-15 | 来源: http://epg.cdn.loc.cc/xml
频道: [Astro Sensasi HD（Astro Sensasi HD）] | 日期: 2026-03-16 | 来源: http://epg.cdn.loc.cc/xml
频道: [Astro Sensasi HD（Astro Sensasi HD）] | 日期: 2026-03-17 | 来源: http://epg.cdn.loc.cc/xml
频道: [Astro Sensasi HD（Astro Sensasi HD）] | 日期: 2026-03-18 | 来源: http://epg.cdn.loc.cc/xml
频道: [Astro Sensasi HD（Astro Sensasi HD）] | 日期: 2026-03-19 | 来源: http://epg.cdn.loc.cc/xml
频道: [Astro Sensasi HD（Astro Sensasi HD）] | 日期: 2026-03-20 | 来源: http://epg.cdn.loc.cc/xml
频道: [Astro Sensasi HD（Astro Sensasi HD）] | 日期: 2026-03-21 | 来源: http://epg.cdn.loc.cc/xml
频道: [Astro Sensasi HD（Astro Sensasi HD）] | 日期: 2026-03-22 | 来源: http://epg.cdn.loc.cc/xml
频道: [Astro Showtime（Astro Showtime）] | 日期: 2026-03-14 | 来源: http://epg.cdn.loc.cc/xml
频道: [Astro Showtime（Astro Showtime）] | 日期: 2026-03-15 | 来源: http://epg.cdn.loc.cc/xml
频道: [Astro Showtime（Astro Showtime）] | 日期: 2026-03-16 | 来源: http://epg.cdn.loc.cc/xml
频道: [Astro Showtime（Astro Showtime）] | 日期: 2026-03-17 | 来源: http://epg.cdn.loc.cc/xml
频道: [Astro Showtime（Astro Showtime）] | 日期: 2026-03-18 | 来源: http://epg.cdn.loc.cc/xml
频道: [Astro Showtime（Astro Showtime）] | 日期: 2026-03-19 | 来源: http://epg.cdn.loc.cc/xml
频道: [Astro Showtime（Astro Showtime）] | 日期: 2026-03-20 | 来源: http://epg.cdn.loc.cc/xml
频道: [Astro Showtime（Astro Showtime）] | 日期: 2026-03-21 | 来源: http://epg.cdn.loc.cc/xml
频道: [Astro Sports Plus（Astro Sports Plus）] | 日期: 2026-03-14 | 来源: http://epg.cdn.loc.cc/xml
频道: [Astro Sports Plus（Astro Sports Plus）] | 日期: 2026-03-15 | 来源: http://epg.cdn.loc.cc/xml
频道: [Astro Sports Plus（Astro Sports Plus）] | 日期: 2026-03-16 | 来源: http://epg.cdn.loc.cc/xml
频道: [Astro Sports Plus（Astro Sports Plus）] | 日期: 2026-03-17 | 来源: http://epg.cdn.loc.cc/xml
频道: [Astro Sports Plus（Astro Sports Plus）] | 日期: 2026-03-18 | 来源: http://epg.cdn.loc.cc/xml
频道: [Astro Sports Plus（Astro Sports Plus）] | 日期: 2026-03-19 | 来源: http://epg.cdn.loc.cc/xml
频道: [Astro Sports Plus（Astro Sports Plus）] | 日期: 2026-03-20 | 来源: http://epg.cdn.loc.cc/xml
频道: [Astro Sports Plus（Astro Sports Plus）] | 日期: 2026-03-21 | 来源: http://epg.cdn.loc.cc/xml
频道: [Astro Warna（Astro Warna）] | 日期: 2026-03-15 | 来源: http://epg.cdn.loc.cc/xml
频道: [Astro Warna（Astro Warna）] | 日期: 2026-03-16 | 来源: http://epg.cdn.loc.cc/xml
频道: [Astro Warna（Astro Warna）] | 日期: 2026-03-17 | 来源: http://epg.cdn.loc.cc/xml
频道: [Astro Warna（Astro Warna）] | 日期: 2026-03-18 | 来源: http://epg.cdn.loc.cc/xml
频道: [Astro Warna（Astro Warna）] | 日期: 2026-03-19 | 来源: http://epg.cdn.loc.cc/xml
频道: [Astro Warna（Astro Warna）] | 日期: 2026-03-20 | 来源: http://epg.cdn.loc.cc/xml
频道: [Astro Warna（Astro Warna）] | 日期: 2026-03-21 | 来源: http://epg.cdn.loc.cc/xml
频道: [Astro Warna HD（Astro Warna HD）] | 日期: 2026-03-14 | 来源: http://epg.cdn.loc.cc/xml
频道: [Astro Warna HD（Astro Warna HD）] | 日期: 2026-03-15 | 来源: http://epg.cdn.loc.cc/xml
频道: [Astro Warna HD（Astro Warna HD）] | 日期: 2026-03-16 | 来源: http://epg.cdn.loc.cc/xml
频道: [Astro Warna HD（Astro Warna HD）] | 日期: 2026-03-17 | 来源: http://epg.cdn.loc.cc/xml
频道: [Astro Warna HD（Astro Warna HD）] | 日期: 2026-03-18 | 来源: http://epg.cdn.loc.cc/xml
频道: [Astro Warna HD（Astro Warna HD）] | 日期: 2026-03-19 | 来源: http://epg.cdn.loc.cc/xml
频道: [Astro Warna HD（Astro Warna HD）] | 日期: 2026-03-20 | 来源: http://epg.cdn.loc.cc/xml
频道: [Astro Warna HD（Astro Warna HD）] | 日期: 2026-03-21 | 来源: http://epg.cdn.loc.cc/xml
频道: [Astro Warna HD（Astro Warna HD）] | 日期: 2026-03-22 | 来源: http://epg.cdn.loc.cc/xml
频道: [BBC Earth（BBC Earth）] | 日期: 2026-03-14 | 来源: https://epg.136605.xyz/9days.xml
频道: [BBC Earth（BBC Earth）] | 日期: 2026-03-15 | 来源: http://epg.cdn.loc.cc/xml
频道: [BBC Earth（BBC Earth）] | 日期: 2026-03-16 | 来源: http://epg.cdn.loc.cc/xml
频道: [BBC Earth（BBC Earth）] | 日期: 2026-03-17 | 来源: http://epg.cdn.loc.cc/xml
频道: [BBC Earth（BBC Earth）] | 日期: 2026-03-18 | 来源: http://epg.cdn.loc.cc/xml
频道: [BBC Earth（BBC Earth）] | 日期: 2026-03-19 | 来源: http://epg.cdn.loc.cc/xml
频道: [BBC Earth（BBC Earth）] | 日期: 2026-03-20 | 来源: http://epg.cdn.loc.cc/xml
频道: [BBC Earth HD（BBC Earth HD）] | 日期: 2026-03-14 | 来源: http://epg.cdn.loc.cc/xml
频道: [BBC Earth HD（BBC Earth HD）] | 日期: 2026-03-15 | 来源: http://epg.cdn.loc.cc/xml
频道: [BBC Earth HD（BBC Earth HD）] | 日期: 2026-03-16 | 来源: http://epg.cdn.loc.cc/xml
频道: [BBC Earth HD（BBC Earth HD）] | 日期: 2026-03-17 | 来源: http://epg.cdn.loc.cc/xml
频道: [BBC Earth HD（BBC Earth HD）] | 日期: 2026-03-18 | 来源: http://epg.cdn.loc.cc/xml
频道: [BBC Earth HD（BBC Earth HD）] | 日期: 2026-03-19 | 来源: http://epg.cdn.loc.cc/xml
频道: [BBC Earth HD（BBC Earth HD）] | 日期: 2026-03-20 | 来源: http://epg.cdn.loc.cc/xml
频道: [BBC Earth HD（BBC Earth HD）] | 日期: 2026-03-21 | 来源: http://epg.cdn.loc.cc/xml
频道: [BBC Lifestyle（BBC Lifestyle）] | 日期: 2026-03-14 | 来源: http://epg.cdn.loc.cc/xml
频道: [BBC Lifestyle（BBC Lifestyle）] | 日期: 2026-03-15 | 来源: http://epg.cdn.loc.cc/xml
频道: [BBC Lifestyle（BBC Lifestyle）] | 日期: 2026-03-16 | 来源: http://epg.cdn.loc.cc/xml
频道: [BBC Lifestyle（BBC Lifestyle）] | 日期: 2026-03-17 | 来源: http://epg.cdn.loc.cc/xml
频道: [BBC Lifestyle（BBC Lifestyle）] | 日期: 2026-03-18 | 来源: http://epg.cdn.loc.cc/xml
频道: [BBC Lifestyle（BBC Lifestyle）] | 日期: 2026-03-19 | 来源: http://epg.cdn.loc.cc/xml
频道: [BBC Lifestyle（BBC Lifestyle）] | 日期: 2026-03-20 | 来源: http://epg.cdn.loc.cc/xml
频道: [BBC Lifestyle HD（BBC Lifestyle HD）] | 日期: 2026-03-14 | 来源: http://epg.cdn.loc.cc/xml
频道: [BBC Lifestyle HD（BBC Lifestyle HD）] | 日期: 2026-03-15 | 来源: http://epg.cdn.loc.cc/xml
频道: [BBC Lifestyle HD（BBC Lifestyle HD）] | 日期: 2026-03-16 | 来源: http://epg.cdn.loc.cc/xml
频道: [BBC Lifestyle HD（BBC Lifestyle HD）] | 日期: 2026-03-17 | 来源: http://epg.cdn.loc.cc/xml
频道: [BBC Lifestyle HD（BBC Lifestyle HD）] | 日期: 2026-03-18 | 来源: http://epg.cdn.loc.cc/xml
频道: [BBC Lifestyle HD（BBC Lifestyle HD）] | 日期: 2026-03-19 | 来源: http://epg.cdn.loc.cc/xml
频道: [BBC Lifestyle HD（BBC Lifestyle HD）] | 日期: 2026-03-20 | 来源: http://epg.cdn.loc.cc/xml
频道: [BBC Lifestyle HD（BBC Lifestyle HD）] | 日期: 2026-03-21 | 来源: http://epg.cdn.loc.cc/xml
频道: [BBC Lifestyle HD（BBC Lifestyle HD）] | 日期: 2026-03-22 | 来源: http://epg.cdn.loc.cc/xml
频道: [BBC News（BBC News）] | 日期: 2026-03-14 | 来源: https://epg.136605.xyz/9days.xml
频道: [BBC News（BBC News）] | 日期: 2026-03-15 | 来源: http://epg.cdn.loc.cc/xml
频道: [BBC News（BBC News）] | 日期: 2026-03-16 | 来源: http://epg.cdn.loc.cc/xml
频道: [BBC News（BBC News）] | 日期: 2026-03-17 | 来源: http://epg.cdn.loc.cc/xml
频道: [BBC News（BBC News）] | 日期: 2026-03-18 | 来源: http://epg.cdn.loc.cc/xml
频道: [BBC News（BBC News）] | 日期: 2026-03-19 | 来源: http://epg.cdn.loc.cc/xml
频道: [BBC News（BBC News）] | 日期: 2026-03-20 | 来源: http://epg.cdn.loc.cc/xml
频道: [BBC News（BBC News）] | 日期: 2026-03-21 | 来源: http://epg.cdn.loc.cc/xml
频道: [BBC News HD（BBC News HD）] | 日期: 2026-03-14 | 来源: http://epg.cdn.loc.cc/xml
频道: [BBC News HD（BBC News HD）] | 日期: 2026-03-15 | 来源: http://epg.cdn.loc.cc/xml
频道: [BBC News HD（BBC News HD）] | 日期: 2026-03-16 | 来源: http://epg.cdn.loc.cc/xml
频道: [BBC News HD（BBC News HD）] | 日期: 2026-03-17 | 来源: http://epg.cdn.loc.cc/xml
频道: [BBC News HD（BBC News HD）] | 日期: 2026-03-18 | 来源: http://epg.cdn.loc.cc/xml
频道: [BBC News HD（BBC News HD）] | 日期: 2026-03-19 | 来源: http://epg.cdn.loc.cc/xml
频道: [BBC News HD（BBC News HD）] | 日期: 2026-03-20 | 来源: http://epg.cdn.loc.cc/xml
频道: [BBC News HD（BBC News HD）] | 日期: 2026-03-21 | 来源: http://epg.cdn.loc.cc/xml
频道: [BBC News HD（BBC News HD）] | 日期: 2026-03-22 | 来源: http://epg.cdn.loc.cc/xml
频道: [BBC World News HD（BBC World News HD）] | 日期: 2026-03-15 | 来源: http://epg.cdn.loc.cc/xml
频道: [BBC World News HD（BBC World News HD）] | 日期: 2026-03-16 | 来源: http://epg.cdn.loc.cc/xml
频道: [BBC World News HD（BBC World News HD）] | 日期: 2026-03-17 | 来源: http://epg.cdn.loc.cc/xml
频道: [BBC World News HD（BBC World News HD）] | 日期: 2026-03-18 | 来源: http://epg.cdn.loc.cc/xml
频道: [BBC World News HD（BBC World News HD）] | 日期: 2026-03-19 | 来源: http://epg.cdn.loc.cc/xml
频道: [BBC World News HD（BBC World News HD）] | 日期: 2026-03-20 | 来源: http://epg.cdn.loc.cc/xml
频道: [BBC World News HD（BBC World News HD）] | 日期: 2026-03-21 | 来源: http://epg.cdn.loc.cc/xml
频道: [BOO（BOO）] | 日期: 2026-03-15 | 来源: http://epg.cdn.loc.cc/xml
频道: [BOO（BOO）] | 日期: 2026-03-16 | 来源: http://epg.cdn.loc.cc/xml
频道: [BOO（BOO）] | 日期: 2026-03-17 | 来源: http://epg.cdn.loc.cc/xml
频道: [BOO（BOO）] | 日期: 2026-03-18 | 来源: http://epg.cdn.loc.cc/xml
频道: [BOO（BOO）] | 日期: 2026-03-19 | 来源: http://epg.cdn.loc.cc/xml
频道: [BOO（BOO）] | 日期: 2026-03-20 | 来源: http://epg.cdn.loc.cc/xml
频道: [BOO（BOO）] | 日期: 2026-03-21 | 来源: http://epg.cdn.loc.cc/xml
频道: [BRTV体育休闲（BRTV体育休闲）] | 日期: 2026-03-14 | 来源: https://github.com/zzzz0317/beijing-unicom-iptv-playlist/raw/refs/heads/main/epg.xml
频道: [BRTV体育休闲（BRTV体育休闲）] | 日期: 2026-03-15 | 来源: https://github.com/zzzz0317/beijing-unicom-iptv-playlist/raw/refs/heads/main/epg.xml
频道: [BRTV体育休闲（BRTV体育休闲）] | 日期: 2026-03-16 | 来源: https://github.com/zzzz0317/beijing-unicom-iptv-playlist/raw/refs/heads/main/epg.xml
频道: [BRTV体育休闲（BRTV体育休闲）] | 日期: 2026-03-17 | 来源: https://github.com/zzzz0317/beijing-unicom-iptv-playlist/raw/refs/heads/main/epg.xml
频道: [BRTV体育休闲（BRTV体育休闲）] | 日期: 2026-03-18 | 来源: https://github.com/zzzz0317/beijing-unicom-iptv-playlist/raw/refs/heads/main/epg.xml
频道: [BRTV体育休闲（BRTV体育休闲）] | 日期: 2026-03-19 | 来源: https://github.com/zzzz0317/beijing-unicom-iptv-playlist/raw/refs/heads/main/epg.xml
频道: [BRTV体育休闲（BRTV体育休闲）] | 日期: 2026-03-20 | 来源: https://github.com/zzzz0317/beijing-unicom-iptv-playlist/raw/refs/heads/main/epg.xml
频道: [BRTV体育休闲（BRTV体育休闲）] | 日期: 2026-03-21 | 来源: https://github.com/zzzz0317/beijing-unicom-iptv-playlist/raw/refs/heads/main/epg.xml
频道: [BRTV体育休闲（BRTV体育休闲）] | 日期: 2026-03-22 | 来源: https://github.com/zzzz0317/beijing-unicom-iptv-playlist/raw/refs/heads/main/epg.xml
频道: [BRTV北京卫视（BRTV北京卫视）] | 日期: 2026-03-14 | 来源: https://github.com/zzzz0317/beijing-unicom-iptv-playlist/raw/refs/heads/main/epg.xml
频道: [BRTV北京卫视（BRTV北京卫视）] | 日期: 2026-03-15 | 来源: https://github.com/zzzz0317/beijing-unicom-iptv-playlist/raw/refs/heads/main/epg.xml
频道: [BRTV北京卫视（BRTV北京卫视）] | 日期: 2026-03-16 | 来源: https://github.com/zzzz0317/beijing-unicom-iptv-playlist/raw/refs/heads/main/epg.xml
频道: [BRTV北京卫视（BRTV北京卫视）] | 日期: 2026-03-17 | 来源: https://github.com/zzzz0317/beijing-unicom-iptv-playlist/raw/refs/heads/main/epg.xml
频道: [BRTV北京卫视（BRTV北京卫视）] | 日期: 2026-03-18 | 来源: https://github.com/zzzz0317/beijing-unicom-iptv-playlist/raw/refs/heads/main/epg.xml
频道: [BRTV北京卫视（BRTV北京卫视）] | 日期: 2026-03-19 | 来源: https://github.com/zzzz0317/beijing-unicom-iptv-playlist/raw/refs/heads/main/epg.xml
频道: [BRTV北京卫视（BRTV北京卫视）] | 日期: 2026-03-20 | 来源: https://github.com/zzzz0317/beijing-unicom-iptv-playlist/raw/refs/heads/main/epg.xml
频道: [BRTV北京卫视（BRTV北京卫视）] | 日期: 2026-03-21 | 来源: https://github.com/zzzz0317/beijing-unicom-iptv-playlist/raw/refs/heads/main/epg.xml
频道: [BRTV北京卫视（BRTV北京卫视）] | 日期: 2026-03-22 | 来源: https://github.com/zzzz0317/beijing-unicom-iptv-playlist/raw/refs/heads/main/epg.xml
频道: [BRTV卡酷少儿（BRTV卡酷少儿）] | 日期: 2026-03-14 | 来源: https://github.com/zzzz0317/beijing-unicom-iptv-playlist/raw/refs/heads/main/epg.xml
频道: [BRTV卡酷少儿（BRTV卡酷少儿）] | 日期: 2026-03-15 | 来源: https://github.com/zzzz0317/beijing-unicom-iptv-playlist/raw/refs/heads/main/epg.xml
频道: [BRTV卡酷少儿（BRTV卡酷少儿）] | 日期: 2026-03-16 | 来源: https://github.com/zzzz0317/beijing-unicom-iptv-playlist/raw/refs/heads/main/epg.xml
频道: [BRTV卡酷少儿（BRTV卡酷少儿）] | 日期: 2026-03-17 | 来源: https://github.com/zzzz0317/beijing-unicom-iptv-playlist/raw/refs/heads/main/epg.xml
频道: [BRTV卡酷少儿（BRTV卡酷少儿）] | 日期: 2026-03-18 | 来源: https://github.com/zzzz0317/beijing-unicom-iptv-playlist/raw/refs/heads/main/epg.xml
频道: [BRTV卡酷少儿（BRTV卡酷少儿）] | 日期: 2026-03-19 | 来源: https://github.com/zzzz0317/beijing-unicom-iptv-playlist/raw/refs/heads/main/epg.xml
频道: [BRTV卡酷少儿（BRTV卡酷少儿）] | 日期: 2026-03-20 | 来源: https://github.com/zzzz0317/beijing-unicom-iptv-playlist/raw/refs/heads/main/epg.xml
频道: [BRTV卡酷少儿（BRTV卡酷少儿）] | 日期: 2026-03-21 | 来源: https://github.com/zzzz0317/beijing-unicom-iptv-playlist/raw/refs/heads/main/epg.xml
频道: [BRTV卡酷少儿（BRTV卡酷少儿）] | 日期: 2026-03-22 | 来源: https://github.com/zzzz0317/beijing-unicom-iptv-playlist/raw/refs/heads/main/epg.xml
频道: [BRTV影视（BRTV影视）] | 日期: 2026-03-14 | 来源: https://github.com/zzzz0317/beijing-unicom-iptv-playlist/raw/refs/heads/main/epg.xml
频道: [BRTV影视（BRTV影视）] | 日期: 2026-03-15 | 来源: https://github.com/zzzz0317/beijing-unicom-iptv-playlist/raw/refs/heads/main/epg.xml
频道: [BRTV影视（BRTV影视）] | 日期: 2026-03-16 | 来源: https://github.com/zzzz0317/beijing-unicom-iptv-playlist/raw/refs/heads/main/epg.xml
频道: [BRTV影视（BRTV影视）] | 日期: 2026-03-17 | 来源: https://github.com/zzzz0317/beijing-unicom-iptv-playlist/raw/refs/heads/main/epg.xml
频道: [BRTV影视（BRTV影视）] | 日期: 2026-03-18 | 来源: https://github.com/zzzz0317/beijing-unicom-iptv-playlist/raw/refs/heads/main/epg.xml
频道: [BRTV影视（BRTV影视）] | 日期: 2026-03-19 | 来源: https://github.com/zzzz0317/beijing-unicom-iptv-playlist/raw/refs/heads/main/epg.xml
频道: [BRTV文艺（BRTV文艺）] | 日期: 2026-03-14 | 来源: https://github.com/zzzz0317/beijing-unicom-iptv-playlist/raw/refs/heads/main/epg.xml
频道: [BRTV文艺（BRTV文艺）] | 日期: 2026-03-15 | 来源: https://github.com/zzzz0317/beijing-unicom-iptv-playlist/raw/refs/heads/main/epg.xml
频道: [BRTV文艺（BRTV文艺）] | 日期: 2026-03-16 | 来源: https://github.com/zzzz0317/beijing-unicom-iptv-playlist/raw/refs/heads/main/epg.xml
频道: [BRTV文艺（BRTV文艺）] | 日期: 2026-03-17 | 来源: https://github.com/zzzz0317/beijing-unicom-iptv-playlist/raw/refs/heads/main/epg.xml
频道: [BRTV文艺（BRTV文艺）] | 日期: 2026-03-18 | 来源: https://github.com/zzzz0317/beijing-unicom-iptv-playlist/raw/refs/heads/main/epg.xml
频道: [BRTV文艺（BRTV文艺）] | 日期: 2026-03-19 | 来源: https://github.com/zzzz0317/beijing-unicom-iptv-playlist/raw/refs/heads/main/epg.xml
频道: [BRTV文艺（BRTV文艺）] | 日期: 2026-03-20 | 来源: https://github.com/zzzz0317/beijing-unicom-iptv-playlist/raw/refs/heads/main/epg.xml
频道: [BRTV文艺（BRTV文艺）] | 日期: 2026-03-21 | 来源: https://github.com/zzzz0317/beijing-unicom-iptv-playlist/raw/refs/heads/main/epg.xml
频道: [BRTV文艺（BRTV文艺）] | 日期: 2026-03-22 | 来源: https://github.com/zzzz0317/beijing-unicom-iptv-playlist/raw/refs/heads/main/epg.xml
频道: [BRTV新闻（BRTV新闻）] | 日期: 2026-03-14 | 来源: https://github.com/zzzz0317/beijing-unicom-iptv-playlist/raw/refs/heads/main/epg.xml
频道: [BRTV新闻（BRTV新闻）] | 日期: 2026-03-15 | 来源: https://github.com/zzzz0317/beijing-unicom-iptv-playlist/raw/refs/heads/main/epg.xml
频道: [BRTV新闻（BRTV新闻）] | 日期: 2026-03-16 | 来源: https://github.com/zzzz0317/beijing-unicom-iptv-playlist/raw/refs/heads/main/epg.xml
频道: [BRTV新闻（BRTV新闻）] | 日期: 2026-03-17 | 来源: https://github.com/zzzz0317/beijing-unicom-iptv-playlist/raw/refs/heads/main/epg.xml
频道: [BRTV新闻（BRTV新闻）] | 日期: 2026-03-18 | 来源: https://github.com/zzzz0317/beijing-unicom-iptv-playlist/raw/refs/heads/main/epg.xml
频道: [BRTV新闻（BRTV新闻）] | 日期: 2026-03-19 | 来源: https://github.com/zzzz0317/beijing-unicom-iptv-playlist/raw/refs/heads/main/epg.xml
频道: [BRTV新闻（BRTV新闻）] | 日期: 2026-03-20 | 来源: https://github.com/zzzz0317/beijing-unicom-iptv-playlist/raw/refs/heads/main/epg.xml
频道: [BRTV新闻（BRTV新闻）] | 日期: 2026-03-21 | 来源: https://github.com/zzzz0317/beijing-unicom-iptv-playlist/raw/refs/heads/main/epg.xml
频道: [BRTV新闻（BRTV新闻）] | 日期: 2026-03-22 | 来源: https://github.com/zzzz0317/beijing-unicom-iptv-playlist/raw/refs/heads/main/epg.xml
频道: [BRTV生活（BRTV生活）] | 日期: 2026-03-14 | 来源: https://github.com/zzzz0317/beijing-unicom-iptv-playlist/raw/refs/heads/main/epg.xml
频道: [BRTV生活（BRTV生活）] | 日期: 2026-03-15 | 来源: https://github.com/zzzz0317/beijing-unicom-iptv-playlist/raw/refs/heads/main/epg.xml
频道: [BRTV生活（BRTV生活）] | 日期: 2026-03-16 | 来源: https://github.com/zzzz0317/beijing-unicom-iptv-playlist/raw/refs/heads/main/epg.xml
频道: [BRTV生活（BRTV生活）] | 日期: 2026-03-17 | 来源: https://github.com/zzzz0317/beijing-unicom-iptv-playlist/raw/refs/heads/main/epg.xml
频道: [BRTV生活（BRTV生活）] | 日期: 2026-03-18 | 来源: https://github.com/zzzz0317/beijing-unicom-iptv-playlist/raw/refs/heads/main/epg.xml
频道: [BRTV生活（BRTV生活）] | 日期: 2026-03-19 | 来源: https://github.com/zzzz0317/beijing-unicom-iptv-playlist/raw/refs/heads/main/epg.xml
频道: [BRTV生活（BRTV生活）] | 日期: 2026-03-20 | 来源: https://github.com/zzzz0317/beijing-unicom-iptv-playlist/raw/refs/heads/main/epg.xml
频道: [BRTV生活（BRTV生活）] | 日期: 2026-03-21 | 来源: https://github.com/zzzz0317/beijing-unicom-iptv-playlist/raw/refs/heads/main/epg.xml
频道: [BRTV生活（BRTV生活）] | 日期: 2026-03-22 | 来源: https://github.com/zzzz0317/beijing-unicom-iptv-playlist/raw/refs/heads/main/epg.xml
频道: [BRTV纪实科教（BRTV纪实科教）] | 日期: 2026-03-14 | 来源: https://github.com/zzzz0317/beijing-unicom-iptv-playlist/raw/refs/heads/main/epg.xml
频道: [BRTV纪实科教（BRTV纪实科教）] | 日期: 2026-03-15 | 来源: https://github.com/zzzz0317/beijing-unicom-iptv-playlist/raw/refs/heads/main/epg.xml
频道: [BRTV纪实科教（BRTV纪实科教）] | 日期: 2026-03-16 | 来源: https://github.com/zzzz0317/beijing-unicom-iptv-playlist/raw/refs/heads/main/epg.xml
频道: [BRTV纪实科教（BRTV纪实科教）] | 日期: 2026-03-17 | 来源: https://github.com/zzzz0317/beijing-unicom-iptv-playlist/raw/refs/heads/main/epg.xml
频道: [BRTV纪实科教（BRTV纪实科教）] | 日期: 2026-03-18 | 来源: https://github.com/zzzz0317/beijing-unicom-iptv-playlist/raw/refs/heads/main/epg.xml
频道: [BRTV纪实科教（BRTV纪实科教）] | 日期: 2026-03-19 | 来源: https://github.com/zzzz0317/beijing-unicom-iptv-playlist/raw/refs/heads/main/epg.xml
频道: [BRTV纪实科教（BRTV纪实科教）] | 日期: 2026-03-20 | 来源: https://github.com/zzzz0317/beijing-unicom-iptv-playlist/raw/refs/heads/main/epg.xml
频道: [BRTV纪实科教（BRTV纪实科教）] | 日期: 2026-03-21 | 来源: https://github.com/zzzz0317/beijing-unicom-iptv-playlist/raw/refs/heads/main/epg.xml
频道: [BRTV财经（BRTV财经）] | 日期: 2026-03-14 | 来源: https://github.com/zzzz0317/beijing-unicom-iptv-playlist/raw/refs/heads/main/epg.xml
频道: [BRTV财经（BRTV财经）] | 日期: 2026-03-15 | 来源: https://github.com/zzzz0317/beijing-unicom-iptv-playlist/raw/refs/heads/main/epg.xml
频道: [BRTV财经（BRTV财经）] | 日期: 2026-03-16 | 来源: https://github.com/zzzz0317/beijing-unicom-iptv-playlist/raw/refs/heads/main/epg.xml
频道: [BRTV财经（BRTV财经）] | 日期: 2026-03-17 | 来源: https://github.com/zzzz0317/beijing-unicom-iptv-playlist/raw/refs/heads/main/epg.xml
频道: [BRTV财经（BRTV财经）] | 日期: 2026-03-18 | 来源: https://github.com/zzzz0317/beijing-unicom-iptv-playlist/raw/refs/heads/main/epg.xml
频道: [BRTV财经（BRTV财经）] | 日期: 2026-03-19 | 来源: https://github.com/zzzz0317/beijing-unicom-iptv-playlist/raw/refs/heads/main/epg.xml
频道: [BRTV财经（BRTV财经）] | 日期: 2026-03-20 | 来源: https://github.com/zzzz0317/beijing-unicom-iptv-playlist/raw/refs/heads/main/epg.xml
频道: [BRTV财经（BRTV财经）] | 日期: 2026-03-21 | 来源: https://github.com/zzzz0317/beijing-unicom-iptv-playlist/raw/refs/heads/main/epg.xml
频道: [BRTV财经（BRTV财经）] | 日期: 2026-03-22 | 来源: https://github.com/zzzz0317/beijing-unicom-iptv-playlist/raw/refs/heads/main/epg.xml
频道: [BTV体育（BTV体育）] | 日期: 2026-03-15 | 来源: http://epg.51zmt.top:8000/e1.xml.gz
频道: [BTV国际频道（BTV国际频道）] | 日期: 2026-03-14 | 来源: https://github.com/zzzz0317/beijing-unicom-iptv-playlist/raw/refs/heads/main/epg.xml
频道: [BTV国际频道（BTV国际频道）] | 日期: 2026-03-15 | 来源: https://github.com/zzzz0317/beijing-unicom-iptv-playlist/raw/refs/heads/main/epg.xml
频道: [BTV国际频道（BTV国际频道）] | 日期: 2026-03-16 | 来源: https://github.com/zzzz0317/beijing-unicom-iptv-playlist/raw/refs/heads/main/epg.xml
频道: [BTV国际频道（BTV国际频道）] | 日期: 2026-03-17 | 来源: https://github.com/zzzz0317/beijing-unicom-iptv-playlist/raw/refs/heads/main/epg.xml
频道: [BTV国际频道（BTV国际频道）] | 日期: 2026-03-18 | 来源: https://github.com/zzzz0317/beijing-unicom-iptv-playlist/raw/refs/heads/main/epg.xml
频道: [BTV国际频道（BTV国际频道）] | 日期: 2026-03-19 | 来源: https://github.com/zzzz0317/beijing-unicom-iptv-playlist/raw/refs/heads/main/epg.xml
频道: [BTV国际频道（BTV国际频道）] | 日期: 2026-03-20 | 来源: https://github.com/zzzz0317/beijing-unicom-iptv-playlist/raw/refs/heads/main/epg.xml
频道: [BTV国际频道（BTV国际频道）] | 日期: 2026-03-21 | 来源: https://github.com/zzzz0317/beijing-unicom-iptv-playlist/raw/refs/heads/main/epg.xml
频道: [BTV国际频道（BTV国际频道）] | 日期: 2026-03-22 | 来源: https://github.com/zzzz0317/beijing-unicom-iptv-playlist/raw/refs/heads/main/epg.xml
频道: [BTV影视（BTV影视）] | 日期: 2026-03-15 | 来源: http://epg.51zmt.top:8000/e1.xml.gz
频道: [BTV文艺（BTV文艺）] | 日期: 2026-03-15 | 来源: http://epg.51zmt.top:8000/e1.xml.gz
频道: [BTV新闻（BTV新闻）] | 日期: 2026-03-15 | 来源: http://epg.51zmt.top:8000/e1.xml.gz
频道: [BTV生活（BTV生活）] | 日期: 2026-03-15 | 来源: http://epg.51zmt.top:8000/e1.xml.gz
频道: [BTV财经（BTV财经）] | 日期: 2026-03-15 | 来源: http://epg.51zmt.top:8000/e1.xml.gz
频道: [Bernama TV（Bernama TV）] | 日期: 2026-03-15 | 来源: http://epg.cdn.loc.cc/xml
频道: [Bernama TV（Bernama TV）] | 日期: 2026-03-16 | 来源: http://epg.cdn.loc.cc/xml
频道: [Bernama TV（Bernama TV）] | 日期: 2026-03-17 | 来源: http://epg.cdn.loc.cc/xml
频道: [Bernama TV（Bernama TV）] | 日期: 2026-03-18 | 来源: http://epg.cdn.loc.cc/xml
频道: [Bernama TV（Bernama TV）] | 日期: 2026-03-19 | 来源: http://epg.cdn.loc.cc/xml
频道: [Bernama TV（Bernama TV）] | 日期: 2026-03-20 | 来源: http://epg.cdn.loc.cc/xml
频道: [Bernama TV（Bernama TV）] | 日期: 2026-03-21 | 来源: http://epg.cdn.loc.cc/xml
频道: [Blippi & Friends（Blippi & Friends）] | 日期: 2026-03-15 | 来源: http://epg.cdn.loc.cc/xml
频道: [Blippi & Friends（Blippi & Friends）] | 日期: 2026-03-16 | 来源: http://epg.cdn.loc.cc/xml
频道: [Blippi & Friends（Blippi & Friends）] | 日期: 2026-03-17 | 来源: http://epg.cdn.loc.cc/xml
频道: [Blippi & Friends（Blippi & Friends）] | 日期: 2026-03-18 | 来源: http://epg.cdn.loc.cc/xml
频道: [Blippi & Friends（Blippi & Friends）] | 日期: 2026-03-19 | 来源: http://epg.cdn.loc.cc/xml
频道: [Blippi & Friends（Blippi & Friends）] | 日期: 2026-03-20 | 来源: http://epg.cdn.loc.cc/xml
频道: [Blippi & Friends（Blippi & Friends）] | 日期: 2026-03-21 | 来源: http://epg.cdn.loc.cc/xml
频道: [Bloomberg Quicktake（Bloomberg Quicktake）] | 日期: 2026-03-15 | 来源: http://epg.cdn.loc.cc/xml
频道: [Bloomberg Quicktake（Bloomberg Quicktake）] | 日期: 2026-03-16 | 来源: http://epg.cdn.loc.cc/xml
频道: [Bloomberg Quicktake（Bloomberg Quicktake）] | 日期: 2026-03-17 | 来源: http://epg.cdn.loc.cc/xml
频道: [Bloomberg Quicktake（Bloomberg Quicktake）] | 日期: 2026-03-18 | 来源: http://epg.cdn.loc.cc/xml
频道: [Bloomberg Quicktake（Bloomberg Quicktake）] | 日期: 2026-03-19 | 来源: http://epg.cdn.loc.cc/xml
频道: [Bloomberg Quicktake（Bloomberg Quicktake）] | 日期: 2026-03-20 | 来源: http://epg.cdn.loc.cc/xml
频道: [Bloomberg Quicktake（Bloomberg Quicktake）] | 日期: 2026-03-21 | 来源: http://epg.cdn.loc.cc/xml
频道: [Bloomberg TV（Bloomberg TV）] | 日期: 2026-03-15 | 来源: http://epg.cdn.loc.cc/xml
频道: [Bloomberg TV（Bloomberg TV）] | 日期: 2026-03-16 | 来源: http://epg.cdn.loc.cc/xml
频道: [Bloomberg TV（Bloomberg TV）] | 日期: 2026-03-17 | 来源: http://epg.cdn.loc.cc/xml
频道: [Bloomberg TV（Bloomberg TV）] | 日期: 2026-03-18 | 来源: http://epg.cdn.loc.cc/xml
频道: [Bloomberg TV（Bloomberg TV）] | 日期: 2026-03-19 | 来源: http://epg.cdn.loc.cc/xml
频道: [Bloomberg TV（Bloomberg TV）] | 日期: 2026-03-20 | 来源: http://epg.cdn.loc.cc/xml
频道: [Bloomberg TV（Bloomberg TV）] | 日期: 2026-03-21 | 来源: http://epg.cdn.loc.cc/xml
频道: [Bloomberg Television（Bloomberg Television）] | 日期: 2026-03-14 | 来源: https://epg.136605.xyz/9days.xml
频道: [Bloomberg Television（Bloomberg Television）] | 日期: 2026-03-15 | 来源: http://epg.cdn.loc.cc/xml
频道: [Bloomberg Television（Bloomberg Television）] | 日期: 2026-03-16 | 来源: http://epg.cdn.loc.cc/xml
频道: [Bloomberg Television（Bloomberg Television）] | 日期: 2026-03-17 | 来源: http://epg.cdn.loc.cc/xml
频道: [Bloomberg Television（Bloomberg Television）] | 日期: 2026-03-18 | 来源: http://epg.cdn.loc.cc/xml
频道: [Bloomberg Television（Bloomberg Television）] | 日期: 2026-03-19 | 来源: http://epg.cdn.loc.cc/xml
频道: [Bloomberg Television（Bloomberg Television）] | 日期: 2026-03-20 | 来源: http://epg.cdn.loc.cc/xml
频道: [Bloomberg Television HD（Bloomberg Television HD）] | 日期: 2026-03-15 | 来源: http://epg.cdn.loc.cc/xml
频道: [Bloomberg Television HD（Bloomberg Television HD）] | 日期: 2026-03-16 | 来源: http://epg.cdn.loc.cc/xml
频道: [Bloomberg Television HD（Bloomberg Television HD）] | 日期: 2026-03-17 | 来源: http://epg.cdn.loc.cc/xml
频道: [Bloomberg Television HD（Bloomberg Television HD）] | 日期: 2026-03-18 | 来源: http://epg.cdn.loc.cc/xml
频道: [Bloomberg Television HD（Bloomberg Television HD）] | 日期: 2026-03-19 | 来源: http://epg.cdn.loc.cc/xml
频道: [Bloomberg Television HD（Bloomberg Television HD）] | 日期: 2026-03-20 | 来源: http://epg.cdn.loc.cc/xml
频道: [Bloomberg Television HD（Bloomberg Television HD）] | 日期: 2026-03-21 | 来源: http://epg.cdn.loc.cc/xml
频道: [CARTOON NTWK（CARTOON NTWK）] | 日期: 2026-03-15 | 来源: http://epg.cdn.loc.cc/xml
频道: [CARTOON NTWK（CARTOON NTWK）] | 日期: 2026-03-16 | 来源: http://epg.cdn.loc.cc/xml
频道: [CARTOON NTWK（CARTOON NTWK）] | 日期: 2026-03-17 | 来源: http://epg.cdn.loc.cc/xml
频道: [CARTOON NTWK（CARTOON NTWK）] | 日期: 2026-03-18 | 来源: http://epg.cdn.loc.cc/xml
频道: [CARTOON NTWK（CARTOON NTWK）] | 日期: 2026-03-19 | 来源: http://epg.cdn.loc.cc/xml
频道: [CARTOON NTWK（CARTOON NTWK）] | 日期: 2026-03-20 | 来源: http://epg.cdn.loc.cc/xml
频道: [CARTOON NTWK（CARTOON NTWK）] | 日期: 2026-03-21 | 来源: http://epg.cdn.loc.cc/xml
频道: [CARTOONITO（CARTOONITO）] | 日期: 2026-03-15 | 来源: http://epg.cdn.loc.cc/xml
频道: [CARTOONITO（CARTOONITO）] | 日期: 2026-03-16 | 来源: http://epg.cdn.loc.cc/xml
频道: [CARTOONITO（CARTOONITO）] | 日期: 2026-03-17 | 来源: http://epg.cdn.loc.cc/xml
频道: [CARTOONITO（CARTOONITO）] | 日期: 2026-03-18 | 来源: http://epg.cdn.loc.cc/xml
频道: [CARTOONITO（CARTOONITO）] | 日期: 2026-03-19 | 来源: http://epg.cdn.loc.cc/xml
频道: [CARTOONITO（CARTOONITO）] | 日期: 2026-03-20 | 来源: http://epg.cdn.loc.cc/xml
频道: [CARTOONITO（CARTOONITO）] | 日期: 2026-03-21 | 来源: http://epg.cdn.loc.cc/xml
频道: [CATCHPLAY电影台（CATCHPLAY电影台）] | 日期: 2026-03-14 | 来源: http://epg.cdn.loc.cc/xml
频道: [CATCHPLAY电影台（CATCHPLAY电影台）] | 日期: 2026-03-15 | 来源: http://epg.cdn.loc.cc/xml
频道: [CATCHPLAY电影台（CATCHPLAY电影台）] | 日期: 2026-03-16 | 来源: http://epg.cdn.loc.cc/xml
频道: [CATCHPLAY电影台（CATCHPLAY电影台）] | 日期: 2026-03-17 | 来源: http://epg.cdn.loc.cc/xml
频道: [CATCHPLAY电影台（CATCHPLAY电影台）] | 日期: 2026-03-18 | 来源: http://epg.cdn.loc.cc/xml
频道: [CATCHPLAY电影台（CATCHPLAY电影台）] | 日期: 2026-03-19 | 来源: http://epg.cdn.loc.cc/xml
频道: [CATCHPLAY电影台（CATCHPLAY电影台）] | 日期: 2026-03-20 | 来源: http://epg.cdn.loc.cc/xml
频道: [CATCHPLAY电影台（CATCHPLAY电影台）] | 日期: 2026-03-21 | 来源: http://epg.cdn.loc.cc/xml
频道: [CBeebies（CBeebies）] | 日期: 2026-03-15 | 来源: http://epg.cdn.loc.cc/xml
频道: [CBeebies（CBeebies）] | 日期: 2026-03-16 | 来源: http://epg.cdn.loc.cc/xml
频道: [CBeebies（CBeebies）] | 日期: 2026-03-17 | 来源: http://epg.cdn.loc.cc/xml
频道: [CBeebies（CBeebies）] | 日期: 2026-03-18 | 来源: http://epg.cdn.loc.cc/xml
频道: [CBeebies（CBeebies）] | 日期: 2026-03-19 | 来源: http://epg.cdn.loc.cc/xml
频道: [CBeebies（CBeebies）] | 日期: 2026-03-20 | 来源: http://epg.cdn.loc.cc/xml
频道: [CCM（CCM）] | 日期: 2026-03-14 | 来源: http://epg.cdn.loc.cc/xml
频道: [CCM（CCM）] | 日期: 2026-03-15 | 来源: http://epg.cdn.loc.cc/xml
频道: [CCM（CCM）] | 日期: 2026-03-16 | 来源: http://epg.cdn.loc.cc/xml
频道: [CCM（CCM）] | 日期: 2026-03-17 | 来源: http://epg.cdn.loc.cc/xml
频道: [CCM（CCM）] | 日期: 2026-03-18 | 来源: http://epg.cdn.loc.cc/xml
频道: [CCM（CCM）] | 日期: 2026-03-19 | 来源: http://epg.cdn.loc.cc/xml
频道: [CCM（CCM）] | 日期: 2026-03-20 | 来源: http://epg.cdn.loc.cc/xml
频道: [CCM（CCM）] | 日期: 2026-03-21 | 来源: http://epg.cdn.loc.cc/xml
频道: [CCTV-4 中文国际欧洲（CCTV-4 中文国际欧洲）] | 日期: 2026-03-15 | 来源: https://github.com/litiande03/epg/raw/refs/heads/master/pl.xml.gz
频道: [CCTV-4 中文国际欧洲（CCTV-4 中文国际欧洲）] | 日期: 2026-03-16 | 来源: https://github.com/litiande03/epg/raw/refs/heads/master/pl.xml.gz
频道: [CCTV-4 中文国际美洲（CCTV-4 中文国际美洲）] | 日期: 2026-03-15 | 来源: https://github.com/litiande03/epg/raw/refs/heads/master/pl.xml.gz
频道: [CCTV-4 中文国际美洲（CCTV-4 中文国际美洲）] | 日期: 2026-03-16 | 来源: https://github.com/litiande03/epg/raw/refs/heads/master/pl.xml.gz
频道: [CCTV-央视足球（CCTV-央视足球）] | 日期: 2026-03-15 | 来源: https://github.com/litiande03/epg/raw/refs/heads/master/pl.xml.gz
频道: [CCTV-央视足球（CCTV-央视足球）] | 日期: 2026-03-16 | 来源: https://github.com/litiande03/epg/raw/refs/heads/master/pl.xml.gz
频道: [CCTV-央视足球（CCTV-央视足球）] | 日期: 2026-03-17 | 来源: https://github.com/litiande03/epg/raw/refs/heads/master/pl.xml.gz
频道: [CCTV-央视足球（CCTV-央视足球）] | 日期: 2026-03-18 | 来源: https://github.com/litiande03/epg/raw/refs/heads/master/pl.xml.gz
频道: [CCTV-电视指南（CCTV-电视指南）] | 日期: 2026-03-15 | 来源: https://github.com/litiande03/epg/raw/refs/heads/master/pl.xml.gz
频道: [CCTV-电视指南（CCTV-电视指南）] | 日期: 2026-03-16 | 来源: https://github.com/litiande03/epg/raw/refs/heads/master/pl.xml.gz
频道: [CCTV-电视指南（CCTV-电视指南）] | 日期: 2026-03-17 | 来源: https://github.com/litiande03/epg/raw/refs/heads/master/pl.xml.gz
频道: [CCTV-电视指南（CCTV-电视指南）] | 日期: 2026-03-18 | 来源: https://github.com/litiande03/epg/raw/refs/heads/master/pl.xml.gz
频道: [CCTV1（CCTV1）] | 日期: 2026-03-14 | 来源: http://epg.cdn.loc.cc/xml
频道: [CCTV1（CCTV1）] | 日期: 2026-03-15 | 来源: https://github.com/frankwuzp/iptv-cn/raw/refs/heads/main/guide.xml
频道: [CCTV1（CCTV1）] | 日期: 2026-03-16 | 来源: https://github.com/frankwuzp/iptv-cn/raw/refs/heads/main/guide.xml
频道: [CCTV1（CCTV1）] | 日期: 2026-03-17 | 来源: https://github.com/frankwuzp/iptv-cn/raw/refs/heads/main/guide.xml
频道: [CCTV1（CCTV1）] | 日期: 2026-03-18 | 来源: https://github.com/zzzz0317/beijing-unicom-iptv-playlist/raw/refs/heads/main/epg.xml
频道: [CCTV1（CCTV1）] | 日期: 2026-03-19 | 来源: http://epg.cdn.loc.cc/xml
频道: [CCTV1（CCTV1）] | 日期: 2026-03-20 | 来源: http://epg.cdn.loc.cc/xml
频道: [CCTV10（CCTV10）] | 日期: 2026-03-14 | 来源: https://epg.deny.vip/sh/tel-epg.xml
频道: [CCTV10（CCTV10）] | 日期: 2026-03-15 | 来源: http://epg.51zmt.top:8000/e1.xml.gz
频道: [CCTV10（CCTV10）] | 日期: 2026-03-16 | 来源: https://github.com/frankwuzp/iptv-cn/raw/refs/heads/main/guide.xml
频道: [CCTV10（CCTV10）] | 日期: 2026-03-17 | 来源: https://github.com/frankwuzp/iptv-cn/raw/refs/heads/main/guide.xml
频道: [CCTV10（CCTV10）] | 日期: 2026-03-18 | 来源: https://github.com/zzzz0317/beijing-unicom-iptv-playlist/raw/refs/heads/main/epg.xml
频道: [CCTV11（CCTV11）] | 日期: 2026-03-14 | 来源: https://epg.deny.vip/sh/tel-epg.xml
频道: [CCTV11（CCTV11）] | 日期: 2026-03-15 | 来源: http://epg.51zmt.top:8000/e1.xml.gz
频道: [CCTV11（CCTV11）] | 日期: 2026-03-16 | 来源: https://github.com/frankwuzp/iptv-cn/raw/refs/heads/main/guide.xml
频道: [CCTV11（CCTV11）] | 日期: 2026-03-17 | 来源: https://github.com/frankwuzp/iptv-cn/raw/refs/heads/main/guide.xml
频道: [CCTV11（CCTV11）] | 日期: 2026-03-18 | 来源: https://github.com/zzzz0317/beijing-unicom-iptv-playlist/raw/refs/heads/main/epg.xml
频道: [CCTV12（CCTV12）] | 日期: 2026-03-14 | 来源: https://epg.deny.vip/sh/tel-epg.xml
频道: [CCTV12（CCTV12）] | 日期: 2026-03-15 | 来源: http://epg.51zmt.top:8000/e1.xml.gz
频道: [CCTV12（CCTV12）] | 日期: 2026-03-16 | 来源: https://github.com/frankwuzp/iptv-cn/raw/refs/heads/main/guide.xml
频道: [CCTV12（CCTV12）] | 日期: 2026-03-17 | 来源: https://github.com/frankwuzp/iptv-cn/raw/refs/heads/main/guide.xml
频道: [CCTV12（CCTV12）] | 日期: 2026-03-18 | 来源: https://github.com/zzzz0317/beijing-unicom-iptv-playlist/raw/refs/heads/main/epg.xml
频道: [CCTV13（CCTV13）] | 日期: 2026-03-14 | 来源: https://epg.deny.vip/sh/tel-epg.xml
频道: [CCTV13（CCTV13）] | 日期: 2026-03-15 | 来源: http://epg.51zmt.top:8000/e1.xml.gz
频道: [CCTV13（CCTV13）] | 日期: 2026-03-16 | 来源: https://epg.136605.xyz/9days.xml
频道: [CCTV13（CCTV13）] | 日期: 2026-03-17 | 来源: https://epg.136605.xyz/9days.xml
频道: [CCTV13（CCTV13）] | 日期: 2026-03-18 | 来源: https://github.com/zzzz0317/beijing-unicom-iptv-playlist/raw/refs/heads/main/epg.xml
频道: [CCTV14（CCTV14）] | 日期: 2026-03-14 | 来源: https://epg.136605.xyz/9days.xml
频道: [CCTV14（CCTV14）] | 日期: 2026-03-15 | 来源: http://epg.51zmt.top:8000/e1.xml.gz
频道: [CCTV14（CCTV14）] | 日期: 2026-03-16 | 来源: https://github.com/frankwuzp/iptv-cn/raw/refs/heads/main/guide.xml
频道: [CCTV14（CCTV14）] | 日期: 2026-03-17 | 来源: https://github.com/frankwuzp/iptv-cn/raw/refs/heads/main/guide.xml
频道: [CCTV14（CCTV14）] | 日期: 2026-03-18 | 来源: https://github.com/zzzz0317/beijing-unicom-iptv-playlist/raw/refs/heads/main/epg.xml
频道: [CCTV15（CCTV15）] | 日期: 2026-03-14 | 来源: https://epg.deny.vip/sh/tel-epg.xml
频道: [CCTV15（CCTV15）] | 日期: 2026-03-15 | 来源: https://github.com/frankwuzp/iptv-cn/raw/refs/heads/main/guide.xml
频道: [CCTV15（CCTV15）] | 日期: 2026-03-16 | 来源: https://github.com/frankwuzp/iptv-cn/raw/refs/heads/main/guide.xml
频道: [CCTV15（CCTV15）] | 日期: 2026-03-17 | 来源: https://github.com/frankwuzp/iptv-cn/raw/refs/heads/main/guide.xml
频道: [CCTV15（CCTV15）] | 日期: 2026-03-18 | 来源: https://github.com/zzzz0317/beijing-unicom-iptv-playlist/raw/refs/heads/main/epg.xml
频道: [CCTV16（CCTV16）] | 日期: 2026-03-14 | 来源: https://github.com/zzzz0317/beijing-unicom-iptv-playlist/raw/refs/heads/main/epg.xml
频道: [CCTV16（CCTV16）] | 日期: 2026-03-15 | 来源: https://github.com/frankwuzp/iptv-cn/raw/refs/heads/main/guide.xml
频道: [CCTV16（CCTV16）] | 日期: 2026-03-16 | 来源: https://github.com/frankwuzp/iptv-cn/raw/refs/heads/main/guide.xml
频道: [CCTV16（CCTV16）] | 日期: 2026-03-17 | 来源: https://github.com/frankwuzp/iptv-cn/raw/refs/heads/main/guide.xml
频道: [CCTV16（CCTV16）] | 日期: 2026-03-18 | 来源: https://github.com/zzzz0317/beijing-unicom-iptv-playlist/raw/refs/heads/main/epg.xml
频道: [CCTV16（CCTV16）] | 日期: 2026-03-19 | 来源: https://github.com/zzzz0317/beijing-unicom-iptv-playlist/raw/refs/heads/main/epg.xml
频道: [CCTV16（CCTV16）] | 日期: 2026-03-20 | 来源: https://github.com/zzzz0317/beijing-unicom-iptv-playlist/raw/refs/heads/main/epg.xml
频道: [CCTV16（CCTV16）] | 日期: 2026-03-21 | 来源: https://github.com/zzzz0317/beijing-unicom-iptv-playlist/raw/refs/heads/main/epg.xml
频道: [CCTV16（CCTV16）] | 日期: 2026-03-22 | 来源: https://github.com/zzzz0317/beijing-unicom-iptv-playlist/raw/refs/heads/main/epg.xml
频道: [CCTV17（CCTV17）] | 日期: 2026-03-14 | 来源: https://epg.deny.vip/sh/tel-epg.xml
频道: [CCTV17（CCTV17）] | 日期: 2026-03-15 | 来源: http://epg.51zmt.top:8000/e1.xml.gz
频道: [CCTV17（CCTV17）] | 日期: 2026-03-16 | 来源: https://github.com/frankwuzp/iptv-cn/raw/refs/heads/main/guide.xml
频道: [CCTV17（CCTV17）] | 日期: 2026-03-17 | 来源: https://github.com/frankwuzp/iptv-cn/raw/refs/heads/main/guide.xml
频道: [CCTV17（CCTV17）] | 日期: 2026-03-18 | 来源: https://github.com/zzzz0317/beijing-unicom-iptv-playlist/raw/refs/heads/main/epg.xml
频道: [CCTV2（CCTV2）] | 日期: 2026-03-14 | 来源: https://epg.deny.vip/sh/tel-epg.xml
频道: [CCTV2（CCTV2）] | 日期: 2026-03-15 | 来源: http://epg.51zmt.top:8000/e1.xml.gz
频道: [CCTV2（CCTV2）] | 日期: 2026-03-16 | 来源: https://github.com/frankwuzp/iptv-cn/raw/refs/heads/main/guide.xml
频道: [CCTV2（CCTV2）] | 日期: 2026-03-17 | 来源: https://github.com/frankwuzp/iptv-cn/raw/refs/heads/main/guide.xml
频道: [CCTV2（CCTV2）] | 日期: 2026-03-18 | 来源: https://github.com/zzzz0317/beijing-unicom-iptv-playlist/raw/refs/heads/main/epg.xml
频道: [CCTV3（CCTV3）] | 日期: 2026-03-14 | 来源: https://github.com/zzzz0317/beijing-unicom-iptv-playlist/raw/refs/heads/main/epg.xml
频道: [CCTV3（CCTV3）] | 日期: 2026-03-15 | 来源: https://github.com/frankwuzp/iptv-cn/raw/refs/heads/main/guide.xml
频道: [CCTV3（CCTV3）] | 日期: 2026-03-16 | 来源: https://github.com/frankwuzp/iptv-cn/raw/refs/heads/main/guide.xml
频道: [CCTV3（CCTV3）] | 日期: 2026-03-17 | 来源: https://github.com/frankwuzp/iptv-cn/raw/refs/heads/main/guide.xml
频道: [CCTV3（CCTV3）] | 日期: 2026-03-18 | 来源: https://github.com/zzzz0317/beijing-unicom-iptv-playlist/raw/refs/heads/main/epg.xml
频道: [CCTV3（CCTV3）] | 日期: 2026-03-19 | 来源: https://github.com/zzzz0317/beijing-unicom-iptv-playlist/raw/refs/heads/main/epg.xml
频道: [CCTV3（CCTV3）] | 日期: 2026-03-20 | 来源: https://github.com/zzzz0317/beijing-unicom-iptv-playlist/raw/refs/heads/main/epg.xml
频道: [CCTV3（CCTV3）] | 日期: 2026-03-21 | 来源: https://github.com/zzzz0317/beijing-unicom-iptv-playlist/raw/refs/heads/main/epg.xml
频道: [CCTV3（CCTV3）] | 日期: 2026-03-22 | 来源: https://github.com/zzzz0317/beijing-unicom-iptv-playlist/raw/refs/heads/main/epg.xml
频道: [CCTV4（CCTV4）] | 日期: 2026-03-14 | 来源: https://epg.deny.vip/sh/tel-epg.xml
频道: [CCTV4（CCTV4）] | 日期: 2026-03-15 | 来源: http://epg.51zmt.top:8000/e1.xml.gz
频道: [CCTV4（CCTV4）] | 日期: 2026-03-16 | 来源: https://github.com/frankwuzp/iptv-cn/raw/refs/heads/main/guide.xml
频道: [CCTV4（CCTV4）] | 日期: 2026-03-17 | 来源: https://github.com/frankwuzp/iptv-cn/raw/refs/heads/main/guide.xml
频道: [CCTV4（CCTV4）] | 日期: 2026-03-18 | 来源: https://github.com/zzzz0317/beijing-unicom-iptv-playlist/raw/refs/heads/main/epg.xml
频道: [CCTV4（CCTV4）] | 日期: 2026-03-19 | 来源: http://epg.cdn.loc.cc/xml
频道: [CCTV4（CCTV4）] | 日期: 2026-03-20 | 来源: http://epg.cdn.loc.cc/xml
频道: [CCTV4（CCTV4）] | 日期: 2026-03-21 | 来源: http://epg.cdn.loc.cc/xml
频道: [CCTV4K（CCTV4K）] | 日期: 2026-03-14 | 来源: https://epg.136605.xyz/9days.xml
频道: [CCTV4K（CCTV4K）] | 日期: 2026-03-15 | 来源: https://github.com/frankwuzp/iptv-cn/raw/refs/heads/main/guide.xml
频道: [CCTV4K（CCTV4K）] | 日期: 2026-03-16 | 来源: https://github.com/frankwuzp/iptv-cn/raw/refs/heads/main/guide.xml
频道: [CCTV4K（CCTV4K）] | 日期: 2026-03-17 | 来源: https://github.com/frankwuzp/iptv-cn/raw/refs/heads/main/guide.xml
频道: [CCTV4K（CCTV4K）] | 日期: 2026-03-18 | 来源: https://github.com/zzzz0317/beijing-unicom-iptv-playlist/raw/refs/heads/main/epg.xml
频道: [CCTV4欧洲（CCTV4欧洲）] | 日期: 2026-03-14 | 来源: https://github.com/zzzz0317/beijing-unicom-iptv-playlist/raw/refs/heads/main/epg.xml
频道: [CCTV4欧洲（CCTV4欧洲）] | 日期: 2026-03-15 | 来源: http://e.erw.cc/all.xml.gz
频道: [CCTV4欧洲（CCTV4欧洲）] | 日期: 2026-03-16 | 来源: https://github.com/zzzz0317/beijing-unicom-iptv-playlist/raw/refs/heads/main/epg.xml
频道: [CCTV4欧洲（CCTV4欧洲）] | 日期: 2026-03-17 | 来源: https://github.com/zzzz0317/beijing-unicom-iptv-playlist/raw/refs/heads/main/epg.xml
频道: [CCTV4欧洲（CCTV4欧洲）] | 日期: 2026-03-18 | 来源: https://github.com/zzzz0317/beijing-unicom-iptv-playlist/raw/refs/heads/main/epg.xml
频道: [CCTV4美洲（CCTV4美洲）] | 日期: 2026-03-14 | 来源: https://github.com/zzzz0317/beijing-unicom-iptv-playlist/raw/refs/heads/main/epg.xml
频道: [CCTV4美洲（CCTV4美洲）] | 日期: 2026-03-15 | 来源: http://e.erw.cc/all.xml.gz
频道: [CCTV4美洲（CCTV4美洲）] | 日期: 2026-03-16 | 来源: https://github.com/zzzz0317/beijing-unicom-iptv-playlist/raw/refs/heads/main/epg.xml
频道: [CCTV4美洲（CCTV4美洲）] | 日期: 2026-03-17 | 来源: https://github.com/zzzz0317/beijing-unicom-iptv-playlist/raw/refs/heads/main/epg.xml
频道: [CCTV4美洲（CCTV4美洲）] | 日期: 2026-03-18 | 来源: https://github.com/zzzz0317/beijing-unicom-iptv-playlist/raw/refs/heads/main/epg.xml
频道: [CCTV5（CCTV5）] | 日期: 2026-03-14 | 来源: https://github.com/zzzz0317/beijing-unicom-iptv-playlist/raw/refs/heads/main/epg.xml
频道: [CCTV5（CCTV5）] | 日期: 2026-03-15 | 来源: http://epg.51zmt.top:8000/e1.xml.gz
频道: [CCTV5（CCTV5）] | 日期: 2026-03-16 | 来源: https://github.com/frankwuzp/iptv-cn/raw/refs/heads/main/guide.xml
频道: [CCTV5（CCTV5）] | 日期: 2026-03-17 | 来源: https://github.com/frankwuzp/iptv-cn/raw/refs/heads/main/guide.xml
频道: [CCTV5（CCTV5）] | 日期: 2026-03-18 | 来源: https://github.com/zzzz0317/beijing-unicom-iptv-playlist/raw/refs/heads/main/epg.xml
频道: [CCTV5（CCTV5）] | 日期: 2026-03-19 | 来源: https://github.com/zzzz0317/beijing-unicom-iptv-playlist/raw/refs/heads/main/epg.xml
频道: [CCTV5（CCTV5）] | 日期: 2026-03-20 | 来源: https://github.com/zzzz0317/beijing-unicom-iptv-playlist/raw/refs/heads/main/epg.xml
频道: [CCTV5（CCTV5）] | 日期: 2026-03-21 | 来源: https://github.com/zzzz0317/beijing-unicom-iptv-playlist/raw/refs/heads/main/epg.xml
频道: [CCTV5（CCTV5）] | 日期: 2026-03-22 | 来源: https://github.com/zzzz0317/beijing-unicom-iptv-playlist/raw/refs/heads/main/epg.xml
频道: [CCTV5+（CCTV5+）] | 日期: 2026-03-14 | 来源: https://github.com/zzzz0317/beijing-unicom-iptv-playlist/raw/refs/heads/main/epg.xml
频道: [CCTV5+（CCTV5+）] | 日期: 2026-03-15 | 来源: http://epg.51zmt.top:8000/e1.xml.gz
频道: [CCTV5+（CCTV5+）] | 日期: 2026-03-16 | 来源: https://github.com/frankwuzp/iptv-cn/raw/refs/heads/main/guide.xml
频道: [CCTV5+（CCTV5+）] | 日期: 2026-03-17 | 来源: https://github.com/frankwuzp/iptv-cn/raw/refs/heads/main/guide.xml
频道: [CCTV5+（CCTV5+）] | 日期: 2026-03-18 | 来源: https://github.com/litiande03/epg/raw/refs/heads/master/pl.xml.gz
频道: [CCTV6（CCTV6）] | 日期: 2026-03-14 | 来源: https://epg.deny.vip/sh/tel-epg.xml
频道: [CCTV6（CCTV6）] | 日期: 2026-03-15 | 来源: https://epg.deny.vip/sh/tel-epg.xml
频道: [CCTV6（CCTV6）] | 日期: 2026-03-16 | 来源: https://epg.deny.vip/sh/tel-epg.xml
频道: [CCTV6（CCTV6）] | 日期: 2026-03-17 | 来源: https://epg.136605.xyz/9days.xml
频道: [CCTV6（CCTV6）] | 日期: 2026-03-18 | 来源: https://github.com/litiande03/epg/raw/refs/heads/master/pl.xml.gz
频道: [CCTV6（CCTV6）] | 日期: 2026-03-19 | 来源: https://github.com/zzzz0317/beijing-unicom-iptv-playlist/raw/refs/heads/main/epg.xml
频道: [CCTV6（CCTV6）] | 日期: 2026-03-20 | 来源: https://github.com/zzzz0317/beijing-unicom-iptv-playlist/raw/refs/heads/main/epg.xml
频道: [CCTV6（CCTV6）] | 日期: 2026-03-21 | 来源: https://github.com/zzzz0317/beijing-unicom-iptv-playlist/raw/refs/heads/main/epg.xml
频道: [CCTV6（CCTV6）] | 日期: 2026-03-22 | 来源: https://github.com/zzzz0317/beijing-unicom-iptv-playlist/raw/refs/heads/main/epg.xml
频道: [CCTV7（CCTV7）] | 日期: 2026-03-14 | 来源: https://epg.deny.vip/sh/tel-epg.xml
频道: [CCTV7（CCTV7）] | 日期: 2026-03-15 | 来源: https://github.com/frankwuzp/iptv-cn/raw/refs/heads/main/guide.xml
频道: [CCTV7（CCTV7）] | 日期: 2026-03-16 | 来源: https://github.com/frankwuzp/iptv-cn/raw/refs/heads/main/guide.xml
频道: [CCTV7（CCTV7）] | 日期: 2026-03-17 | 来源: https://github.com/frankwuzp/iptv-cn/raw/refs/heads/main/guide.xml
频道: [CCTV7（CCTV7）] | 日期: 2026-03-18 | 来源: https://github.com/zzzz0317/beijing-unicom-iptv-playlist/raw/refs/heads/main/epg.xml
频道: [CCTV8（CCTV8）] | 日期: 2026-03-14 | 来源: https://epg.deny.vip/sh/tel-epg.xml
频道: [CCTV8（CCTV8）] | 日期: 2026-03-15 | 来源: http://epg.51zmt.top:8000/e1.xml.gz
频道: [CCTV8（CCTV8）] | 日期: 2026-03-16 | 来源: https://github.com/frankwuzp/iptv-cn/raw/refs/heads/main/guide.xml
频道: [CCTV8（CCTV8）] | 日期: 2026-03-17 | 来源: https://github.com/frankwuzp/iptv-cn/raw/refs/heads/main/guide.xml
频道: [CCTV8（CCTV8）] | 日期: 2026-03-18 | 来源: https://github.com/zzzz0317/beijing-unicom-iptv-playlist/raw/refs/heads/main/epg.xml
频道: [CCTV8（CCTV8）] | 日期: 2026-03-19 | 来源: https://github.com/zzzz0317/beijing-unicom-iptv-playlist/raw/refs/heads/main/epg.xml
频道: [CCTV8（CCTV8）] | 日期: 2026-03-20 | 来源: https://github.com/zzzz0317/beijing-unicom-iptv-playlist/raw/refs/heads/main/epg.xml
频道: [CCTV8（CCTV8）] | 日期: 2026-03-21 | 来源: https://github.com/zzzz0317/beijing-unicom-iptv-playlist/raw/refs/heads/main/epg.xml
频道: [CCTV8（CCTV8）] | 日期: 2026-03-22 | 来源: https://github.com/zzzz0317/beijing-unicom-iptv-playlist/raw/refs/heads/main/epg.xml
频道: [CCTV8K（CCTV8K）] | 日期: 2026-03-15 | 来源: http://e.erw.cc/all.xml.gz
频道: [CCTV9（CCTV9）] | 日期: 2026-03-14 | 来源: https://github.com/plsy1/epg/raw/refs/heads/main/e/seven-days.xml.gz
频道: [CCTV9（CCTV9）] | 日期: 2026-03-15 | 来源: https://epg.deny.vip/sh/tel-epg.xml
频道: [CCTV9（CCTV9）] | 日期: 2026-03-16 | 来源: https://epg.deny.vip/sh/tel-epg.xml
频道: [CCTV9（CCTV9）] | 日期: 2026-03-17 | 来源: https://github.com/frankwuzp/iptv-cn/raw/refs/heads/main/guide.xml
频道: [CCTV9（CCTV9）] | 日期: 2026-03-18 | 来源: https://github.com/zzzz0317/beijing-unicom-iptv-playlist/raw/refs/heads/main/epg.xml
频道: [CCTVNews（CCTVNews）] | 日期: 2026-03-15 | 来源: http://e.erw.cc/all.xml.gz
频道: [CDTV1（CDTV1）] | 日期: 2026-03-15 | 来源: http://epg.51zmt.top:8000/e1.xml.gz
频道: [CDTV2（CDTV2）] | 日期: 2026-03-15 | 来源: http://epg.51zmt.top:8000/e1.xml.gz
频道: [CDTV3（CDTV3）] | 日期: 2026-03-15 | 来源: http://epg.51zmt.top:8000/e1.xml.gz
频道: [CDTV4（CDTV4）] | 日期: 2026-03-15 | 来源: http://epg.51zmt.top:8000/e1.xml.gz
频道: [CDTV5（CDTV5）] | 日期: 2026-03-15 | 来源: http://epg.51zmt.top:8000/e1.xml.gz
频道: [CDTV6（CDTV6）] | 日期: 2026-03-15 | 来源: http://epg.51zmt.top:8000/e1.xml.gz
频道: [CELESTIAL（CELESTIAL）] | 日期: 2026-03-15 | 来源: http://epg.cdn.loc.cc/xml
频道: [CELESTIAL（CELESTIAL）] | 日期: 2026-03-16 | 来源: http://epg.cdn.loc.cc/xml
频道: [CELESTIAL（CELESTIAL）] | 日期: 2026-03-17 | 来源: http://epg.cdn.loc.cc/xml
频道: [CELESTIAL（CELESTIAL）] | 日期: 2026-03-18 | 来源: http://epg.cdn.loc.cc/xml
频道: [CELESTIAL（CELESTIAL）] | 日期: 2026-03-19 | 来源: http://epg.cdn.loc.cc/xml
频道: [CELESTIAL（CELESTIAL）] | 日期: 2026-03-20 | 来源: http://epg.cdn.loc.cc/xml
频道: [CELESTIAL（CELESTIAL）] | 日期: 2026-03-21 | 来源: http://epg.cdn.loc.cc/xml
频道: [CERIA（CERIA）] | 日期: 2026-03-15 | 来源: http://epg.cdn.loc.cc/xml
频道: [CERIA（CERIA）] | 日期: 2026-03-16 | 来源: http://epg.cdn.loc.cc/xml
频道: [CERIA（CERIA）] | 日期: 2026-03-17 | 来源: http://epg.cdn.loc.cc/xml
频道: [CERIA（CERIA）] | 日期: 2026-03-18 | 来源: http://epg.cdn.loc.cc/xml
频道: [CERIA（CERIA）] | 日期: 2026-03-19 | 来源: http://epg.cdn.loc.cc/xml
频道: [CERIA（CERIA）] | 日期: 2026-03-20 | 来源: http://epg.cdn.loc.cc/xml
频道: [CERIA（CERIA）] | 日期: 2026-03-21 | 来源: http://epg.cdn.loc.cc/xml
频道: [CETV1（CETV1）] | 日期: 2026-03-14 | 来源: https://epg.deny.vip/sh/tel-epg.xml
频道: [CETV1（CETV1）] | 日期: 2026-03-15 | 来源: https://epg.deny.vip/sh/tel-epg.xml
频道: [CETV1（CETV1）] | 日期: 2026-03-16 | 来源: https://epg.deny.vip/sh/tel-epg.xml
频道: [CETV1（CETV1）] | 日期: 2026-03-17 | 来源: https://github.com/zzzz0317/beijing-unicom-iptv-playlist/raw/refs/heads/main/epg.xml
频道: [CETV1（CETV1）] | 日期: 2026-03-18 | 来源: https://github.com/zzzz0317/beijing-unicom-iptv-playlist/raw/refs/heads/main/epg.xml
频道: [CETV2（CETV2）] | 日期: 2026-03-14 | 来源: https://epg.136605.xyz/9days.xml
频道: [CETV2（CETV2）] | 日期: 2026-03-15 | 来源: https://github.com/litiande03/epg/raw/refs/heads/master/pl.xml.gz
频道: [CETV2（CETV2）] | 日期: 2026-03-16 | 来源: https://epg.136605.xyz/9days.xml
频道: [CETV2（CETV2）] | 日期: 2026-03-17 | 来源: https://epg.136605.xyz/9days.xml
频道: [CETV2（CETV2）] | 日期: 2026-03-18 | 来源: https://github.com/zzzz0317/beijing-unicom-iptv-playlist/raw/refs/heads/main/epg.xml
频道: [CETV3（CETV3）] | 日期: 2026-03-15 | 来源: http://e.erw.cc/all.xml.gz
频道: [CETV3（CETV3）] | 日期: 2026-03-16 | 来源: https://github.com/frankwuzp/iptv-cn/raw/refs/heads/main/guide.xml
频道: [CETV3（CETV3）] | 日期: 2026-03-17 | 来源: https://github.com/frankwuzp/iptv-cn/raw/refs/heads/main/guide.xml
频道: [CETV4（CETV4）] | 日期: 2026-03-14 | 来源: https://github.com/plsy1/epg/raw/refs/heads/main/e/seven-days.xml.gz
频道: [CETV4（CETV4）] | 日期: 2026-03-15 | 来源: https://epg.136605.xyz/9days.xml
频道: [CETV4（CETV4）] | 日期: 2026-03-16 | 来源: https://epg.136605.xyz/9days.xml
频道: [CETV4（CETV4）] | 日期: 2026-03-17 | 来源: https://epg.136605.xyz/9days.xml
频道: [CETV4（CETV4）] | 日期: 2026-03-18 | 来源: https://github.com/zzzz0317/beijing-unicom-iptv-playlist/raw/refs/heads/main/epg.xml
频道: [CETV早教（CETV早教）] | 日期: 2026-03-14 | 来源: https://epg.deny.vip/sh/tel-epg.xml
频道: [CETV早教（CETV早教）] | 日期: 2026-03-15 | 来源: http://e.erw.cc/all.xml.gz
频道: [CETV早教（CETV早教）] | 日期: 2026-03-16 | 来源: https://epg.deny.vip/sh/tel-epg.xml
频道: [CETV早教（CETV早教）] | 日期: 2026-03-17 | 来源: https://github.com/litiande03/epg/raw/refs/heads/master/pl.xml.gz
频道: [CETV早教（CETV早教）] | 日期: 2026-03-18 | 来源: https://github.com/litiande03/epg/raw/refs/heads/master/pl.xml.gz
频道: [CGTN（CGTN）] | 日期: 2026-03-14 | 来源: https://epg.deny.vip/sh/tel-epg.xml
频道: [CGTN（CGTN）] | 日期: 2026-03-15 | 来源: http://epg.cdn.loc.cc/xml
频道: [CGTN（CGTN）] | 日期: 2026-03-16 | 来源: http://epg.cdn.loc.cc/xml
频道: [CGTN（CGTN）] | 日期: 2026-03-17 | 来源: http://epg.cdn.loc.cc/xml
频道: [CGTN（CGTN）] | 日期: 2026-03-18 | 来源: http://epg.cdn.loc.cc/xml
频道: [CGTN（CGTN）] | 日期: 2026-03-19 | 来源: http://epg.cdn.loc.cc/xml
频道: [CGTN（CGTN）] | 日期: 2026-03-20 | 来源: http://epg.cdn.loc.cc/xml
频道: [CGTN（CGTN）] | 日期: 2026-03-21 | 来源: http://epg.cdn.loc.cc/xml
频道: [CGTN (中国环球电视网)英语频道（CGTN (中国环球电视网)英语频道）] | 日期: 2026-03-14 | 来源: https://github.com/litiande03/epg/raw/refs/heads/master/pl.xml.gz
频道: [CGTN (中国环球电视网)英语频道（CGTN (中国环球电视网)英语频道）] | 日期: 2026-03-15 | 来源: https://github.com/litiande03/epg/raw/refs/heads/master/pl.xml.gz
频道: [CGTN (中国环球电视网)英语频道（CGTN (中国环球电视网)英语频道）] | 日期: 2026-03-16 | 来源: https://github.com/litiande03/epg/raw/refs/heads/master/pl.xml.gz
频道: [CGTN (中国环球电视网)英语频道（CGTN (中国环球电视网)英语频道）] | 日期: 2026-03-17 | 来源: https://github.com/litiande03/epg/raw/refs/heads/master/pl.xml.gz
频道: [CGTN (中国环球电视网)英语频道（CGTN (中国环球电视网)英语频道）] | 日期: 2026-03-18 | 来源: https://github.com/litiande03/epg/raw/refs/heads/master/pl.xml.gz
频道: [CGTN (中国环球电视网)记录频道（CGTN (中国环球电视网)记录频道）] | 日期: 2026-03-14 | 来源: https://github.com/litiande03/epg/raw/refs/heads/master/pl.xml.gz
频道: [CGTN (中国环球电视网)记录频道（CGTN (中国环球电视网)记录频道）] | 日期: 2026-03-15 | 来源: https://github.com/litiande03/epg/raw/refs/heads/master/pl.xml.gz
频道: [CGTN (中国环球电视网)记录频道（CGTN (中国环球电视网)记录频道）] | 日期: 2026-03-16 | 来源: https://github.com/litiande03/epg/raw/refs/heads/master/pl.xml.gz
频道: [CGTN (中国环球电视网)记录频道（CGTN (中国环球电视网)记录频道）] | 日期: 2026-03-17 | 来源: https://github.com/litiande03/epg/raw/refs/heads/master/pl.xml.gz
频道: [CGTN (中国环球电视网)记录频道（CGTN (中国环球电视网)记录频道）] | 日期: 2026-03-18 | 来源: https://github.com/litiande03/epg/raw/refs/heads/master/pl.xml.gz
频道: [CGTN Documentary（CGTN Documentary）] | 日期: 2026-03-15 | 来源: http://epg.cdn.loc.cc/xml
频道: [CGTN Documentary（CGTN Documentary）] | 日期: 2026-03-16 | 来源: http://epg.cdn.loc.cc/xml
频道: [CGTN Documentary（CGTN Documentary）] | 日期: 2026-03-17 | 来源: http://epg.cdn.loc.cc/xml
频道: [CGTN Documentary（CGTN Documentary）] | 日期: 2026-03-18 | 来源: http://epg.cdn.loc.cc/xml
频道: [CGTN Documentary（CGTN Documentary）] | 日期: 2026-03-19 | 来源: http://epg.cdn.loc.cc/xml
频道: [CGTN Documentary（CGTN Documentary）] | 日期: 2026-03-20 | 来源: http://epg.cdn.loc.cc/xml
频道: [CGTN Documentary（CGTN Documentary）] | 日期: 2026-03-21 | 来源: http://epg.cdn.loc.cc/xml
频道: [CGTN 英文纪录（CGTN 英文纪录）] | 日期: 2026-03-14 | 来源: https://github.com/zzzz0317/beijing-unicom-iptv-playlist/raw/refs/heads/main/epg.xml
频道: [CGTN 英文纪录（CGTN 英文纪录）] | 日期: 2026-03-15 | 来源: https://github.com/zzzz0317/beijing-unicom-iptv-playlist/raw/refs/heads/main/epg.xml
频道: [CGTN 英文纪录（CGTN 英文纪录）] | 日期: 2026-03-16 | 来源: https://github.com/zzzz0317/beijing-unicom-iptv-playlist/raw/refs/heads/main/epg.xml
频道: [CGTN 英文纪录（CGTN 英文纪录）] | 日期: 2026-03-17 | 来源: https://github.com/zzzz0317/beijing-unicom-iptv-playlist/raw/refs/heads/main/epg.xml
频道: [CGTN 英文纪录（CGTN 英文纪录）] | 日期: 2026-03-18 | 来源: https://github.com/zzzz0317/beijing-unicom-iptv-playlist/raw/refs/heads/main/epg.xml
频道: [CGTN 记录频道（CGTN 记录频道）] | 日期: 2026-03-14 | 来源: http://epg.cdn.loc.cc/xml
频道: [CGTN 记录频道（CGTN 记录频道）] | 日期: 2026-03-15 | 来源: http://epg.cdn.loc.cc/xml
频道: [CGTN 记录频道（CGTN 记录频道）] | 日期: 2026-03-16 | 来源: http://epg.cdn.loc.cc/xml
频道: [CGTN 记录频道（CGTN 记录频道）] | 日期: 2026-03-17 | 来源: http://epg.cdn.loc.cc/xml
频道: [CGTN 记录频道（CGTN 记录频道）] | 日期: 2026-03-18 | 来源: http://epg.cdn.loc.cc/xml
频道: [CGTN 记录频道（CGTN 记录频道）] | 日期: 2026-03-19 | 来源: http://epg.cdn.loc.cc/xml
频道: [CGTN 记录频道（CGTN 记录频道）] | 日期: 2026-03-20 | 来源: http://epg.cdn.loc.cc/xml
频道: [CGTN 记录频道（CGTN 记录频道）] | 日期: 2026-03-21 | 来源: http://epg.cdn.loc.cc/xml
频道: [CGTN 记录频道（CGTN 记录频道）] | 日期: 2026-03-22 | 来源: http://epg.cdn.loc.cc/xml
频道: [CGTN 记录频道（CGTN 记录频道）] | 日期: 2026-03-23 | 来源: http://epg.cdn.loc.cc/xml
频道: [CGTN俄语（CGTN俄语）] | 日期: 2026-03-14 | 来源: https://github.com/zzzz0317/beijing-unicom-iptv-playlist/raw/refs/heads/main/epg.xml
频道: [CGTN俄语（CGTN俄语）] | 日期: 2026-03-15 | 来源: http://e.erw.cc/all.xml.gz
频道: [CGTN俄语（CGTN俄语）] | 日期: 2026-03-16 | 来源: https://epg.136605.xyz/9days.xml
频道: [CGTN俄语（CGTN俄语）] | 日期: 2026-03-17 | 来源: https://epg.136605.xyz/9days.xml
频道: [CGTN俄语（CGTN俄语）] | 日期: 2026-03-18 | 来源: https://github.com/zzzz0317/beijing-unicom-iptv-playlist/raw/refs/heads/main/epg.xml
频道: [CGTN法语（CGTN法语）] | 日期: 2026-03-14 | 来源: https://github.com/zzzz0317/beijing-unicom-iptv-playlist/raw/refs/heads/main/epg.xml
频道: [CGTN法语（CGTN法语）] | 日期: 2026-03-15 | 来源: http://e.erw.cc/all.xml.gz
频道: [CGTN法语（CGTN法语）] | 日期: 2026-03-16 | 来源: https://epg.136605.xyz/9days.xml
频道: [CGTN法语（CGTN法语）] | 日期: 2026-03-17 | 来源: https://github.com/zzzz0317/beijing-unicom-iptv-playlist/raw/refs/heads/main/epg.xml
频道: [CGTN法语（CGTN法语）] | 日期: 2026-03-18 | 来源: https://github.com/zzzz0317/beijing-unicom-iptv-playlist/raw/refs/heads/main/epg.xml
频道: [CGTN纪录（CGTN纪录）] | 日期: 2026-03-14 | 来源: https://epg.136605.xyz/9days.xml
频道: [CGTN纪录（CGTN纪录）] | 日期: 2026-03-15 | 来源: http://e.erw.cc/all.xml.gz
频道: [CGTN纪录（CGTN纪录）] | 日期: 2026-03-16 | 来源: https://epg.136605.xyz/9days.xml
频道: [CGTN纪录（CGTN纪录）] | 日期: 2026-03-17 | 来源: https://epg.136605.xyz/9days.xml
频道: [CGTN英文记录（CGTN英文记录）] | 日期: 2026-03-15 | 来源: https://github.com/litiande03/epg/raw/refs/heads/master/pl.xml.gz
频道: [CGTN英文记录（CGTN英文记录）] | 日期: 2026-03-16 | 来源: https://github.com/litiande03/epg/raw/refs/heads/master/pl.xml.gz
频道: [CGTN英语（CGTN英语）] | 日期: 2026-03-14 | 来源: http://epg.cdn.loc.cc/xml
频道: [CGTN英语（CGTN英语）] | 日期: 2026-03-15 | 来源: http://epg.cdn.loc.cc/xml
频道: [CGTN英语（CGTN英语）] | 日期: 2026-03-16 | 来源: http://epg.cdn.loc.cc/xml
频道: [CGTN英语（CGTN英语）] | 日期: 2026-03-17 | 来源: http://epg.cdn.loc.cc/xml
频道: [CGTN英语（CGTN英语）] | 日期: 2026-03-18 | 来源: http://epg.cdn.loc.cc/xml
频道: [CGTN英语（CGTN英语）] | 日期: 2026-03-19 | 来源: http://epg.cdn.loc.cc/xml
频道: [CGTN英语（CGTN英语）] | 日期: 2026-03-20 | 来源: http://epg.cdn.loc.cc/xml
频道: [CGTN英语（CGTN英语）] | 日期: 2026-03-21 | 来源: http://epg.cdn.loc.cc/xml
频道: [CGTN英语（CGTN英语）] | 日期: 2026-03-22 | 来源: http://epg.cdn.loc.cc/xml
频道: [CGTN英语（CGTN英语）] | 日期: 2026-03-23 | 来源: http://epg.cdn.loc.cc/xml
频道: [CGTN西班牙语（CGTN西班牙语）] | 日期: 2026-03-14 | 来源: https://github.com/zzzz0317/beijing-unicom-iptv-playlist/raw/refs/heads/main/epg.xml
频道: [CGTN西班牙语（CGTN西班牙语）] | 日期: 2026-03-15 | 来源: https://github.com/zzzz0317/beijing-unicom-iptv-playlist/raw/refs/heads/main/epg.xml
频道: [CGTN西班牙语（CGTN西班牙语）] | 日期: 2026-03-16 | 来源: https://github.com/litiande03/epg/raw/refs/heads/master/pl.xml.gz
频道: [CGTN西班牙语（CGTN西班牙语）] | 日期: 2026-03-17 | 来源: https://github.com/litiande03/epg/raw/refs/heads/master/pl.xml.gz
频道: [CGTN西班牙语（CGTN西班牙语）] | 日期: 2026-03-18 | 来源: https://github.com/zzzz0317/beijing-unicom-iptv-playlist/raw/refs/heads/main/epg.xml
频道: [CGTN西语（CGTN西语）] | 日期: 2026-03-14 | 来源: https://epg.136605.xyz/9days.xml
频道: [CGTN西语（CGTN西语）] | 日期: 2026-03-15 | 来源: http://e.erw.cc/all.xml.gz
频道: [CGTN西语（CGTN西语）] | 日期: 2026-03-16 | 来源: https://epg.136605.xyz/9days.xml
频道: [CGTN西语（CGTN西语）] | 日期: 2026-03-17 | 来源: https://epg.136605.xyz/9days.xml
频道: [CGTN阿拉伯语（CGTN阿拉伯语）] | 日期: 2026-03-14 | 来源: https://github.com/zzzz0317/beijing-unicom-iptv-playlist/raw/refs/heads/main/epg.xml
频道: [CGTN阿拉伯语（CGTN阿拉伯语）] | 日期: 2026-03-15 | 来源: https://github.com/zzzz0317/beijing-unicom-iptv-playlist/raw/refs/heads/main/epg.xml
频道: [CGTN阿拉伯语（CGTN阿拉伯语）] | 日期: 2026-03-16 | 来源: https://github.com/litiande03/epg/raw/refs/heads/master/pl.xml.gz
频道: [CGTN阿拉伯语（CGTN阿拉伯语）] | 日期: 2026-03-17 | 来源: https://github.com/litiande03/epg/raw/refs/heads/master/pl.xml.gz
频道: [CGTN阿拉伯语（CGTN阿拉伯语）] | 日期: 2026-03-18 | 来源: https://github.com/zzzz0317/beijing-unicom-iptv-playlist/raw/refs/heads/main/epg.xml
频道: [CGTN阿语（CGTN阿语）] | 日期: 2026-03-14 | 来源: https://epg.136605.xyz/9days.xml
频道: [CGTN阿语（CGTN阿语）] | 日期: 2026-03-15 | 来源: http://e.erw.cc/all.xml.gz
频道: [CGTN阿语（CGTN阿语）] | 日期: 2026-03-16 | 来源: https://epg.136605.xyz/9days.xml
频道: [CGTN阿语（CGTN阿语）] | 日期: 2026-03-17 | 来源: https://epg.136605.xyz/9days.xml
频道: [CGTN阿语（CGTN阿语）] | 日期: 2026-03-18 | 来源: https://epg.136605.xyz/9days.xml
频道: [CHC动作电影（CHC动作电影）] | 日期: 2026-03-14 | 来源: https://github.com/plsy1/epg/raw/refs/heads/main/e/seven-days.xml.gz
频道: [CHC动作电影（CHC动作电影）] | 日期: 2026-03-15 | 来源: https://epg.deny.vip/sh/tel-epg.xml
频道: [CHC动作电影（CHC动作电影）] | 日期: 2026-03-16 | 来源: https://epg.deny.vip/sh/tel-epg.xml
频道: [CHC家庭影院（CHC家庭影院）] | 日期: 2026-03-14 | 来源: https://github.com/plsy1/epg/raw/refs/heads/main/e/seven-days.xml.gz
频道: [CHC家庭影院（CHC家庭影院）] | 日期: 2026-03-15 | 来源: https://epg.deny.vip/sh/tel-epg.xml
频道: [CHC家庭影院（CHC家庭影院）] | 日期: 2026-03-16 | 来源: https://epg.deny.vip/sh/tel-epg.xml
频道: [CHC家庭电影（CHC家庭电影）] | 日期: 2026-03-15 | 来源: http://epg.51zmt.top:8000/e1.xml.gz
频道: [CHC影迷电影（CHC影迷电影）] | 日期: 2026-03-14 | 来源: https://github.com/plsy1/epg/raw/refs/heads/main/e/seven-days.xml.gz
频道: [CHC影迷电影（CHC影迷电影）] | 日期: 2026-03-15 | 来源: https://epg.deny.vip/sh/tel-epg.xml
频道: [CHC影迷电影（CHC影迷电影）] | 日期: 2026-03-16 | 来源: https://epg.deny.vip/sh/tel-epg.xml
频道: [CHC高清电影（CHC高清电影）] | 日期: 2026-03-15 | 来源: http://epg.51zmt.top:8000/e1.xml.gz
频道: [CHC高清电影（CHC高清电影）] | 日期: 2026-03-16 | 来源: http://epg.51zmt.top:8000/e1.xml.gz
频道: [CI（CI）] | 日期: 2026-03-15 | 来源: http://epg.cdn.loc.cc/xml
频道: [CI（CI）] | 日期: 2026-03-16 | 来源: http://epg.cdn.loc.cc/xml
频道: [CI（CI）] | 日期: 2026-03-17 | 来源: http://epg.cdn.loc.cc/xml
频道: [CI（CI）] | 日期: 2026-03-18 | 来源: http://epg.cdn.loc.cc/xml
频道: [CI（CI）] | 日期: 2026-03-19 | 来源: http://epg.cdn.loc.cc/xml
频道: [CI（CI）] | 日期: 2026-03-20 | 来源: http://epg.cdn.loc.cc/xml
频道: [CI（CI）] | 日期: 2026-03-21 | 来源: http://epg.cdn.loc.cc/xml
频道: [CI 罪案侦查频道（CI 罪案侦查频道）] | 日期: 2026-03-15 | 来源: https://github.com/litiande03/epg/raw/refs/heads/master/pl.xml.gz
频道: [CI 罪案侦查频道（CI 罪案侦查频道）] | 日期: 2026-03-16 | 来源: https://github.com/litiande03/epg/raw/refs/heads/master/pl.xml.gz
频道: [CI 罪案侦查频道（CI 罪案侦查频道）] | 日期: 2026-03-17 | 来源: https://github.com/litiande03/epg/raw/refs/heads/master/pl.xml.gz
频道: [CINEMAX（CINEMAX）] | 日期: 2026-03-14 | 来源: https://epg.136605.xyz/9days.xml
频道: [CINEMAX（CINEMAX）] | 日期: 2026-03-15 | 来源: https://epg.136605.xyz/9days.xml
频道: [CINEMAX（CINEMAX）] | 日期: 2026-03-16 | 来源: https://epg.136605.xyz/9days.xml
频道: [CINEMAX（CINEMAX）] | 日期: 2026-03-17 | 来源: https://epg.136605.xyz/9days.xml
频道: [CINEMAX（CINEMAX）] | 日期: 2026-03-18 | 来源: http://epg.cdn.loc.cc/xml
频道: [CINEMAX（CINEMAX）] | 日期: 2026-03-19 | 来源: http://epg.cdn.loc.cc/xml
频道: [CINEMAX（CINEMAX）] | 日期: 2026-03-20 | 来源: http://epg.cdn.loc.cc/xml
频道: [CINEMAX热门影院（CINEMAX热门影院）] | 日期: 2026-03-15 | 来源: http://e.erw.cc/all.xml.gz
频道: [CITRA（CITRA）] | 日期: 2026-03-15 | 来源: http://epg.cdn.loc.cc/xml
频道: [CITRA（CITRA）] | 日期: 2026-03-16 | 来源: http://epg.cdn.loc.cc/xml
频道: [CITRA（CITRA）] | 日期: 2026-03-17 | 来源: http://epg.cdn.loc.cc/xml
频道: [CITRA（CITRA）] | 日期: 2026-03-18 | 来源: http://epg.cdn.loc.cc/xml
频道: [CITRA（CITRA）] | 日期: 2026-03-19 | 来源: http://epg.cdn.loc.cc/xml
频道: [CITRA（CITRA）] | 日期: 2026-03-20 | 来源: http://epg.cdn.loc.cc/xml
频道: [CITRA（CITRA）] | 日期: 2026-03-21 | 来源: http://epg.cdn.loc.cc/xml
频道: [CLASSICA（CLASSICA）] | 日期: 2026-03-15 | 来源: https://github.com/litiande03/epg/raw/refs/heads/master/pl.xml.gz
频道: [CLASSICA（CLASSICA）] | 日期: 2026-03-16 | 来源: https://github.com/litiande03/epg/raw/refs/heads/master/pl.xml.gz
频道: [CLASSICA（CLASSICA）] | 日期: 2026-03-17 | 来源: https://github.com/litiande03/epg/raw/refs/heads/master/pl.xml.gz
频道: [CLASSICA（CLASSICA）] | 日期: 2026-03-18 | 来源: https://github.com/litiande03/epg/raw/refs/heads/master/pl.xml.gz
频道: [CLASSICA 古典乐（CLASSICA 古典乐）] | 日期: 2026-03-15 | 来源: https://github.com/litiande03/epg/raw/refs/heads/master/pl.xml.gz
频道: [CLASSICA 古典乐（CLASSICA 古典乐）] | 日期: 2026-03-16 | 来源: https://github.com/litiande03/epg/raw/refs/heads/master/pl.xml.gz
频道: [CLASSICA 古典乐（CLASSICA 古典乐）] | 日期: 2026-03-17 | 来源: https://github.com/litiande03/epg/raw/refs/heads/master/pl.xml.gz
频道: [CLASSICA 古典乐（CLASSICA 古典乐）] | 日期: 2026-03-18 | 来源: https://github.com/litiande03/epg/raw/refs/heads/master/pl.xml.gz
频道: [CMC北美（CMC北美）] | 日期: 2026-03-15 | 来源: http://e.erw.cc/all.xml.gz
频道: [CMC香港（CMC香港）] | 日期: 2026-03-15 | 来源: http://e.erw.cc/all.xml.gz
频道: [CNA（CNA）] | 日期: 2026-03-15 | 来源: http://epg.cdn.loc.cc/xml
频道: [CNA（CNA）] | 日期: 2026-03-16 | 来源: http://epg.cdn.loc.cc/xml
频道: [CNA（CNA）] | 日期: 2026-03-17 | 来源: http://epg.cdn.loc.cc/xml
频道: [CNA（CNA）] | 日期: 2026-03-18 | 来源: http://epg.cdn.loc.cc/xml
频道: [CNA（CNA）] | 日期: 2026-03-19 | 来源: http://epg.cdn.loc.cc/xml
频道: [CNA（CNA）] | 日期: 2026-03-20 | 来源: http://epg.cdn.loc.cc/xml
频道: [CNA（CNA）] | 日期: 2026-03-21 | 来源: http://epg.cdn.loc.cc/xml
频道: [CNBC（CNBC）] | 日期: 2026-03-14 | 来源: https://epg.136605.xyz/9days.xml
频道: [CNBC（CNBC）] | 日期: 2026-03-15 | 来源: http://epg.cdn.loc.cc/xml
频道: [CNBC（CNBC）] | 日期: 2026-03-16 | 来源: https://epg.136605.xyz/9days.xml
频道: [CNBC（CNBC）] | 日期: 2026-03-17 | 来源: https://epg.136605.xyz/9days.xml
频道: [CNBC（CNBC）] | 日期: 2026-03-18 | 来源: http://epg.cdn.loc.cc/xml
频道: [CNBC（CNBC）] | 日期: 2026-03-19 | 来源: http://epg.cdn.loc.cc/xml
频道: [CNBC（CNBC）] | 日期: 2026-03-20 | 来源: http://epg.cdn.loc.cc/xml
频道: [CNBC Asia 财经台（CNBC Asia 财经台）] | 日期: 2026-03-14 | 来源: https://epg.136605.xyz/9days.xml
频道: [CNBC Asia 财经台（CNBC Asia 财经台）] | 日期: 2026-03-15 | 来源: https://epg.136605.xyz/9days.xml
频道: [CNBC Asia 财经台（CNBC Asia 财经台）] | 日期: 2026-03-16 | 来源: https://epg.136605.xyz/9days.xml
频道: [CNBC Asia 财经台（CNBC Asia 财经台）] | 日期: 2026-03-17 | 来源: https://epg.136605.xyz/9days.xml
频道: [CNBC HD（CNBC HD）] | 日期: 2026-03-15 | 来源: http://epg.cdn.loc.cc/xml
频道: [CNBC HD（CNBC HD）] | 日期: 2026-03-16 | 来源: http://epg.cdn.loc.cc/xml
频道: [CNBC HD（CNBC HD）] | 日期: 2026-03-17 | 来源: http://epg.cdn.loc.cc/xml
频道: [CNBC HD（CNBC HD）] | 日期: 2026-03-18 | 来源: http://epg.cdn.loc.cc/xml
频道: [CNBC HD（CNBC HD）] | 日期: 2026-03-19 | 来源: http://epg.cdn.loc.cc/xml
频道: [CNBC HD（CNBC HD）] | 日期: 2026-03-20 | 来源: http://epg.cdn.loc.cc/xml
频道: [CNBC HD（CNBC HD）] | 日期: 2026-03-21 | 来源: http://epg.cdn.loc.cc/xml
频道: [CNC中文（CNC中文）] | 日期: 2026-03-14 | 来源: https://epg.136605.xyz/9days.xml
频道: [CNC中文（CNC中文）] | 日期: 2026-03-15 | 来源: https://epg.136605.xyz/9days.xml
频道: [CNC中文（CNC中文）] | 日期: 2026-03-16 | 来源: https://epg.136605.xyz/9days.xml
频道: [CNC中文（CNC中文）] | 日期: 2026-03-17 | 来源: https://epg.136605.xyz/9days.xml
频道: [CNC英文（CNC英文）] | 日期: 2026-03-14 | 来源: https://epg.136605.xyz/9days.xml
频道: [CNC英文（CNC英文）] | 日期: 2026-03-15 | 来源: https://epg.136605.xyz/9days.xml
频道: [CNC英文（CNC英文）] | 日期: 2026-03-16 | 来源: https://epg.136605.xyz/9days.xml
频道: [CNC英文（CNC英文）] | 日期: 2026-03-17 | 来源: https://epg.136605.xyz/9days.xml
频道: [CNEX Doc（CNEX Doc）] | 日期: 2026-03-15 | 来源: https://github.com/litiande03/epg/raw/refs/heads/master/pl.xml.gz
频道: [CNEX Doc（CNEX Doc）] | 日期: 2026-03-16 | 来源: https://github.com/litiande03/epg/raw/refs/heads/master/pl.xml.gz
频道: [CNEX Doc（CNEX Doc）] | 日期: 2026-03-17 | 来源: https://github.com/litiande03/epg/raw/refs/heads/master/pl.xml.gz
频道: [CNEX纪实频道（CNEX纪实频道）] | 日期: 2026-03-15 | 来源: http://epg.cdn.loc.cc/xml
频道: [CNEX纪实频道（CNEX纪实频道）] | 日期: 2026-03-16 | 来源: http://epg.cdn.loc.cc/xml
频道: [CNEX纪实频道（CNEX纪实频道）] | 日期: 2026-03-17 | 来源: http://epg.cdn.loc.cc/xml
频道: [CNEX纪实频道（CNEX纪实频道）] | 日期: 2026-03-18 | 来源: http://epg.cdn.loc.cc/xml
频道: [CNEX纪实频道（CNEX纪实频道）] | 日期: 2026-03-19 | 来源: http://epg.cdn.loc.cc/xml
频道: [CNEX纪实频道（CNEX纪实频道）] | 日期: 2026-03-20 | 来源: http://epg.cdn.loc.cc/xml
频道: [CNEX纪实频道（CNEX纪实频道）] | 日期: 2026-03-21 | 来源: http://epg.cdn.loc.cc/xml
频道: [CNN（CNN）] | 日期: 2026-03-14 | 来源: https://epg.136605.xyz/9days.xml
频道: [CNN（CNN）] | 日期: 2026-03-15 | 来源: https://epg.136605.xyz/9days.xml
频道: [CNN（CNN）] | 日期: 2026-03-16 | 来源: https://epg.136605.xyz/9days.xml
频道: [CNN（CNN）] | 日期: 2026-03-17 | 来源: https://epg.136605.xyz/9days.xml
频道: [CNN（CNN）] | 日期: 2026-03-18 | 来源: http://epg.cdn.loc.cc/xml
频道: [CNN（CNN）] | 日期: 2026-03-19 | 来源: http://epg.cdn.loc.cc/xml
频道: [CNN（CNN）] | 日期: 2026-03-20 | 来源: http://epg.cdn.loc.cc/xml
频道: [CNN（CNN）] | 日期: 2026-03-21 | 来源: http://epg.cdn.loc.cc/xml
频道: [CNN HD（CNN HD）] | 日期: 2026-03-15 | 来源: http://epg.cdn.loc.cc/xml
频道: [CNN HD（CNN HD）] | 日期: 2026-03-16 | 来源: http://epg.cdn.loc.cc/xml
频道: [CNN HD（CNN HD）] | 日期: 2026-03-17 | 来源: http://epg.cdn.loc.cc/xml
频道: [CNN HD（CNN HD）] | 日期: 2026-03-18 | 来源: http://epg.cdn.loc.cc/xml
频道: [CNN HD（CNN HD）] | 日期: 2026-03-19 | 来源: http://epg.cdn.loc.cc/xml
频道: [CNN HD（CNN HD）] | 日期: 2026-03-20 | 来源: http://epg.cdn.loc.cc/xml
频道: [CNN HD（CNN HD）] | 日期: 2026-03-21 | 来源: http://epg.cdn.loc.cc/xml
频道: [CNN 国际新闻网络（CNN 国际新闻网络）] | 日期: 2026-03-15 | 来源: http://epg.cdn.loc.cc/xml
频道: [CNN 国际新闻网络（CNN 国际新闻网络）] | 日期: 2026-03-16 | 来源: http://epg.cdn.loc.cc/xml
频道: [CNN 国际新闻网络（CNN 国际新闻网络）] | 日期: 2026-03-17 | 来源: http://epg.cdn.loc.cc/xml
频道: [CNN 国际新闻网络（CNN 国际新闻网络）] | 日期: 2026-03-18 | 来源: http://epg.cdn.loc.cc/xml
频道: [CNN 国际新闻网络（CNN 国际新闻网络）] | 日期: 2026-03-19 | 来源: http://epg.cdn.loc.cc/xml
频道: [CNN 国际新闻网络（CNN 国际新闻网络）] | 日期: 2026-03-20 | 来源: http://epg.cdn.loc.cc/xml
频道: [CNN国际新闻台（CNN国际新闻台）] | 日期: 2026-03-15 | 来源: http://epg.cdn.loc.cc/xml
频道: [CNN国际新闻台（CNN国际新闻台）] | 日期: 2026-03-16 | 来源: http://epg.cdn.loc.cc/xml
频道: [CNN国际新闻台（CNN国际新闻台）] | 日期: 2026-03-17 | 来源: http://epg.cdn.loc.cc/xml
频道: [CNN国际新闻台（CNN国际新闻台）] | 日期: 2026-03-18 | 来源: http://epg.cdn.loc.cc/xml
频道: [CNN国际新闻台（CNN国际新闻台）] | 日期: 2026-03-19 | 来源: http://epg.cdn.loc.cc/xml
频道: [CNN国际新闻台（CNN国际新闻台）] | 日期: 2026-03-20 | 来源: http://epg.cdn.loc.cc/xml
频道: [CNN国际新闻台（CNN国际新闻台）] | 日期: 2026-03-21 | 来源: http://epg.cdn.loc.cc/xml
频道: [CNN头条新闻台(HLN)（CNN头条新闻台(HLN)）] | 日期: 2026-03-15 | 来源: http://epg.cdn.loc.cc/xml
频道: [CNN头条新闻台(HLN)（CNN头条新闻台(HLN)）] | 日期: 2026-03-16 | 来源: http://epg.cdn.loc.cc/xml
频道: [CNN头条新闻台(HLN)（CNN头条新闻台(HLN)）] | 日期: 2026-03-17 | 来源: http://epg.cdn.loc.cc/xml
频道: [CNN头条新闻台(HLN)（CNN头条新闻台(HLN)）] | 日期: 2026-03-18 | 来源: http://epg.cdn.loc.cc/xml
频道: [CNN头条新闻台(HLN)（CNN头条新闻台(HLN)）] | 日期: 2026-03-19 | 来源: http://epg.cdn.loc.cc/xml
频道: [CNN头条新闻台(HLN)（CNN头条新闻台(HLN)）] | 日期: 2026-03-20 | 来源: http://epg.cdn.loc.cc/xml
频道: [CNN头条新闻台(HLN)（CNN头条新闻台(HLN)）] | 日期: 2026-03-21 | 来源: http://epg.cdn.loc.cc/xml
频道: [CN卡通频道（CN卡通频道）] | 日期: 2026-03-15 | 来源: http://epg.cdn.loc.cc/xml
频道: [CN卡通频道（CN卡通频道）] | 日期: 2026-03-16 | 来源: http://epg.cdn.loc.cc/xml
频道: [CN卡通频道（CN卡通频道）] | 日期: 2026-03-17 | 来源: http://epg.cdn.loc.cc/xml
频道: [CN卡通频道（CN卡通频道）] | 日期: 2026-03-18 | 来源: http://epg.cdn.loc.cc/xml
频道: [CN卡通频道（CN卡通频道）] | 日期: 2026-03-19 | 来源: http://epg.cdn.loc.cc/xml
频道: [CN卡通频道（CN卡通频道）] | 日期: 2026-03-20 | 来源: http://epg.cdn.loc.cc/xml
频道: [CN卡通频道（CN卡通频道）] | 日期: 2026-03-21 | 来源: http://epg.cdn.loc.cc/xml
频道: [COLORS（COLORS）] | 日期: 2026-03-15 | 来源: http://epg.cdn.loc.cc/xml
频道: [COLORS（COLORS）] | 日期: 2026-03-16 | 来源: http://epg.cdn.loc.cc/xml
频道: [COLORS（COLORS）] | 日期: 2026-03-17 | 来源: http://epg.cdn.loc.cc/xml
频道: [COLORS（COLORS）] | 日期: 2026-03-18 | 来源: http://epg.cdn.loc.cc/xml
频道: [COLORS（COLORS）] | 日期: 2026-03-19 | 来源: http://epg.cdn.loc.cc/xml
频道: [COLORS（COLORS）] | 日期: 2026-03-20 | 来源: http://epg.cdn.loc.cc/xml
频道: [COLORS TAMIL（COLORS TAMIL）] | 日期: 2026-03-14 | 来源: http://epg.cdn.loc.cc/xml
频道: [COLORS TAMIL（COLORS TAMIL）] | 日期: 2026-03-15 | 来源: http://epg.cdn.loc.cc/xml
频道: [COLORS TAMIL（COLORS TAMIL）] | 日期: 2026-03-16 | 来源: http://epg.cdn.loc.cc/xml
频道: [COLORS TAMIL（COLORS TAMIL）] | 日期: 2026-03-17 | 来源: http://epg.cdn.loc.cc/xml
频道: [COLORS TAMIL（COLORS TAMIL）] | 日期: 2026-03-18 | 来源: http://epg.cdn.loc.cc/xml
频道: [COLORS TAMIL（COLORS TAMIL）] | 日期: 2026-03-19 | 来源: http://epg.cdn.loc.cc/xml
频道: [COLORS TAMIL（COLORS TAMIL）] | 日期: 2026-03-20 | 来源: http://epg.cdn.loc.cc/xml
频道: [COLORS TAMIL（COLORS TAMIL）] | 日期: 2026-03-21 | 来源: http://epg.cdn.loc.cc/xml
频道: [COLORS Tamil HD（COLORS Tamil HD）] | 日期: 2026-03-15 | 来源: http://epg.cdn.loc.cc/xml
频道: [COLORS Tamil HD（COLORS Tamil HD）] | 日期: 2026-03-16 | 来源: http://epg.cdn.loc.cc/xml
频道: [COLORS Tamil HD（COLORS Tamil HD）] | 日期: 2026-03-17 | 来源: http://epg.cdn.loc.cc/xml
频道: [COLORS Tamil HD（COLORS Tamil HD）] | 日期: 2026-03-18 | 来源: http://epg.cdn.loc.cc/xml
频道: [COLORS Tamil HD（COLORS Tamil HD）] | 日期: 2026-03-19 | 来源: http://epg.cdn.loc.cc/xml
频道: [COLORS Tamil HD（COLORS Tamil HD）] | 日期: 2026-03-20 | 来源: http://epg.cdn.loc.cc/xml
频道: [COLORS Tamil HD（COLORS Tamil HD）] | 日期: 2026-03-21 | 来源: http://epg.cdn.loc.cc/xml
频道: [CTI ASIA（CTI ASIA）] | 日期: 2026-03-15 | 来源: http://epg.cdn.loc.cc/xml
频道: [CTI ASIA（CTI ASIA）] | 日期: 2026-03-16 | 来源: http://epg.cdn.loc.cc/xml
频道: [CTI ASIA（CTI ASIA）] | 日期: 2026-03-17 | 来源: http://epg.cdn.loc.cc/xml
频道: [CTI ASIA（CTI ASIA）] | 日期: 2026-03-18 | 来源: http://epg.cdn.loc.cc/xml
频道: [CTI ASIA（CTI ASIA）] | 日期: 2026-03-19 | 来源: http://epg.cdn.loc.cc/xml
频道: [CTI ASIA（CTI ASIA）] | 日期: 2026-03-20 | 来源: http://epg.cdn.loc.cc/xml
频道: [CTI ASIA（CTI ASIA）] | 日期: 2026-03-21 | 来源: http://epg.cdn.loc.cc/xml
频道: [CTI Asia HD（CTI Asia HD）] | 日期: 2026-03-14 | 来源: http://epg.cdn.loc.cc/xml
频道: [CTI Asia HD（CTI Asia HD）] | 日期: 2026-03-15 | 来源: http://epg.cdn.loc.cc/xml
频道: [CTI Asia HD（CTI Asia HD）] | 日期: 2026-03-16 | 来源: http://epg.cdn.loc.cc/xml
频道: [CTI Asia HD（CTI Asia HD）] | 日期: 2026-03-17 | 来源: http://epg.cdn.loc.cc/xml
频道: [CTI Asia HD（CTI Asia HD）] | 日期: 2026-03-18 | 来源: http://epg.cdn.loc.cc/xml
频道: [CTI Asia HD（CTI Asia HD）] | 日期: 2026-03-19 | 来源: http://epg.cdn.loc.cc/xml
频道: [CTI Asia HD（CTI Asia HD）] | 日期: 2026-03-20 | 来源: http://epg.cdn.loc.cc/xml
频道: [CTI Asia HD（CTI Asia HD）] | 日期: 2026-03-21 | 来源: http://epg.cdn.loc.cc/xml
频道: [CTI Asia HD（CTI Asia HD）] | 日期: 2026-03-22 | 来源: http://epg.cdn.loc.cc/xml
频道: [CTI TV HD（CTI TV HD）] | 日期: 2026-03-15 | 来源: http://epg.cdn.loc.cc/xml
频道: [CTI TV HD（CTI TV HD）] | 日期: 2026-03-16 | 来源: http://epg.cdn.loc.cc/xml
频道: [CTI TV HD（CTI TV HD）] | 日期: 2026-03-17 | 来源: http://epg.cdn.loc.cc/xml
频道: [CTI TV HD（CTI TV HD）] | 日期: 2026-03-18 | 来源: http://epg.cdn.loc.cc/xml
频道: [CTI TV HD（CTI TV HD）] | 日期: 2026-03-19 | 来源: http://epg.cdn.loc.cc/xml
频道: [CTI TV HD（CTI TV HD）] | 日期: 2026-03-20 | 来源: http://epg.cdn.loc.cc/xml
频道: [CTI TV HD（CTI TV HD）] | 日期: 2026-03-21 | 来源: http://epg.cdn.loc.cc/xml
频道: [Cartoon Network（Cartoon Network）] | 日期: 2026-03-15 | 来源: http://epg.cdn.loc.cc/xml
频道: [Cartoon Network（Cartoon Network）] | 日期: 2026-03-16 | 来源: http://epg.cdn.loc.cc/xml
频道: [Cartoon Network（Cartoon Network）] | 日期: 2026-03-17 | 来源: http://epg.cdn.loc.cc/xml
频道: [Cartoon Network（Cartoon Network）] | 日期: 2026-03-18 | 来源: http://epg.cdn.loc.cc/xml
频道: [Cartoon Network（Cartoon Network）] | 日期: 2026-03-19 | 来源: http://epg.cdn.loc.cc/xml
频道: [Cartoon Network（Cartoon Network）] | 日期: 2026-03-20 | 来源: http://epg.cdn.loc.cc/xml
频道: [Cbeebies HD（Cbeebies HD）] | 日期: 2026-03-14 | 来源: http://epg.cdn.loc.cc/xml
频道: [Cbeebies HD（Cbeebies HD）] | 日期: 2026-03-15 | 来源: http://epg.cdn.loc.cc/xml
频道: [Cbeebies HD（Cbeebies HD）] | 日期: 2026-03-16 | 来源: http://epg.cdn.loc.cc/xml
频道: [Cbeebies HD（Cbeebies HD）] | 日期: 2026-03-17 | 来源: http://epg.cdn.loc.cc/xml
频道: [Cbeebies HD（Cbeebies HD）] | 日期: 2026-03-18 | 来源: http://epg.cdn.loc.cc/xml
频道: [Cbeebies HD（Cbeebies HD）] | 日期: 2026-03-19 | 来源: http://epg.cdn.loc.cc/xml
频道: [Cbeebies HD（Cbeebies HD）] | 日期: 2026-03-20 | 来源: http://epg.cdn.loc.cc/xml
频道: [Cbeebies HD（Cbeebies HD）] | 日期: 2026-03-21 | 来源: http://epg.cdn.loc.cc/xml
频道: [Cbeebies HD（Cbeebies HD）] | 日期: 2026-03-22 | 来源: http://epg.cdn.loc.cc/xml
频道: [Celestial Movies HD（Celestial Movies HD）] | 日期: 2026-03-14 | 来源: http://epg.cdn.loc.cc/xml
频道: [Celestial Movies HD（Celestial Movies HD）] | 日期: 2026-03-15 | 来源: http://epg.cdn.loc.cc/xml
频道: [Celestial Movies HD（Celestial Movies HD）] | 日期: 2026-03-16 | 来源: http://epg.cdn.loc.cc/xml
频道: [Celestial Movies HD（Celestial Movies HD）] | 日期: 2026-03-17 | 来源: http://epg.cdn.loc.cc/xml
频道: [Celestial Movies HD（Celestial Movies HD）] | 日期: 2026-03-18 | 来源: http://epg.cdn.loc.cc/xml
频道: [Celestial Movies HD（Celestial Movies HD）] | 日期: 2026-03-19 | 来源: http://epg.cdn.loc.cc/xml
频道: [Celestial Movies HD（Celestial Movies HD）] | 日期: 2026-03-20 | 来源: http://epg.cdn.loc.cc/xml
频道: [Celestial Movies HD（Celestial Movies HD）] | 日期: 2026-03-21 | 来源: http://epg.cdn.loc.cc/xml
频道: [Channel 5（Channel 5）] | 日期: 2026-03-14 | 来源: http://epg.cdn.loc.cc/xml
频道: [Channel 5（Channel 5）] | 日期: 2026-03-15 | 来源: http://epg.cdn.loc.cc/xml
频道: [Channel 5（Channel 5）] | 日期: 2026-03-16 | 来源: http://epg.cdn.loc.cc/xml
频道: [Channel 5（Channel 5）] | 日期: 2026-03-17 | 来源: http://epg.cdn.loc.cc/xml
频道: [Channel 5（Channel 5）] | 日期: 2026-03-18 | 来源: http://epg.cdn.loc.cc/xml
频道: [Channel 5（Channel 5）] | 日期: 2026-03-19 | 来源: http://epg.cdn.loc.cc/xml
频道: [Channel 5（Channel 5）] | 日期: 2026-03-20 | 来源: http://epg.cdn.loc.cc/xml
频道: [Channel 5（Channel 5）] | 日期: 2026-03-21 | 来源: http://epg.cdn.loc.cc/xml
频道: [Channel 5（Channel 5）] | 日期: 2026-03-22 | 来源: http://epg.cdn.loc.cc/xml
频道: [Channel 8（Channel 8）] | 日期: 2026-03-14 | 来源: http://epg.cdn.loc.cc/xml
频道: [Channel 8（Channel 8）] | 日期: 2026-03-15 | 来源: http://epg.cdn.loc.cc/xml
频道: [Channel 8（Channel 8）] | 日期: 2026-03-16 | 来源: http://epg.cdn.loc.cc/xml
频道: [Channel 8（Channel 8）] | 日期: 2026-03-17 | 来源: http://epg.cdn.loc.cc/xml
频道: [Channel 8（Channel 8）] | 日期: 2026-03-18 | 来源: http://epg.cdn.loc.cc/xml
频道: [Channel 8（Channel 8）] | 日期: 2026-03-19 | 来源: http://epg.cdn.loc.cc/xml
频道: [Channel 8（Channel 8）] | 日期: 2026-03-20 | 来源: http://epg.cdn.loc.cc/xml
频道: [Channel 8（Channel 8）] | 日期: 2026-03-21 | 来源: http://epg.cdn.loc.cc/xml
频道: [Channel 8（Channel 8）] | 日期: 2026-03-22 | 来源: http://epg.cdn.loc.cc/xml
频道: [Channel U（Channel U）] | 日期: 2026-03-14 | 来源: http://epg.cdn.loc.cc/xml
频道: [Channel U（Channel U）] | 日期: 2026-03-15 | 来源: http://epg.cdn.loc.cc/xml
频道: [Channel U（Channel U）] | 日期: 2026-03-16 | 来源: http://epg.cdn.loc.cc/xml
频道: [Channel U（Channel U）] | 日期: 2026-03-17 | 来源: http://epg.cdn.loc.cc/xml
频道: [Channel U（Channel U）] | 日期: 2026-03-18 | 来源: http://epg.cdn.loc.cc/xml
频道: [Channel U（Channel U）] | 日期: 2026-03-19 | 来源: http://epg.cdn.loc.cc/xml
频道: [Channel U（Channel U）] | 日期: 2026-03-20 | 来源: http://epg.cdn.loc.cc/xml
频道: [Channel U（Channel U）] | 日期: 2026-03-21 | 来源: http://epg.cdn.loc.cc/xml
频道: [Channel U（Channel U）] | 日期: 2026-03-22 | 来源: http://epg.cdn.loc.cc/xml
频道: [Cinema One Global（Cinema One Global）] | 日期: 2026-03-14 | 来源: http://epg.cdn.loc.cc/xml
频道: [Cinema One Global（Cinema One Global）] | 日期: 2026-03-15 | 来源: http://epg.cdn.loc.cc/xml
频道: [Cinema One Global（Cinema One Global）] | 日期: 2026-03-16 | 来源: http://epg.cdn.loc.cc/xml
频道: [Cinema One Global（Cinema One Global）] | 日期: 2026-03-17 | 来源: http://epg.cdn.loc.cc/xml
频道: [Cinema One Global（Cinema One Global）] | 日期: 2026-03-18 | 来源: http://epg.cdn.loc.cc/xml
频道: [Cinema One Global（Cinema One Global）] | 日期: 2026-03-19 | 来源: http://epg.cdn.loc.cc/xml
频道: [Cinema One Global（Cinema One Global）] | 日期: 2026-03-20 | 来源: http://epg.cdn.loc.cc/xml
频道: [Cinema One Global（Cinema One Global）] | 日期: 2026-03-21 | 来源: http://epg.cdn.loc.cc/xml
频道: [CinemaWorld（CinemaWorld）] | 日期: 2026-03-14 | 来源: http://epg.cdn.loc.cc/xml
频道: [CinemaWorld（CinemaWorld）] | 日期: 2026-03-15 | 来源: http://epg.cdn.loc.cc/xml
频道: [CinemaWorld（CinemaWorld）] | 日期: 2026-03-16 | 来源: http://epg.cdn.loc.cc/xml
频道: [CinemaWorld（CinemaWorld）] | 日期: 2026-03-17 | 来源: http://epg.cdn.loc.cc/xml
频道: [CinemaWorld（CinemaWorld）] | 日期: 2026-03-18 | 来源: http://epg.cdn.loc.cc/xml
频道: [CinemaWorld（CinemaWorld）] | 日期: 2026-03-19 | 来源: http://epg.cdn.loc.cc/xml
频道: [CinemaWorld（CinemaWorld）] | 日期: 2026-03-20 | 来源: http://epg.cdn.loc.cc/xml
频道: [CinemaWorld（CinemaWorld）] | 日期: 2026-03-21 | 来源: http://epg.cdn.loc.cc/xml
频道: [CinemaWorld（CinemaWorld）] | 日期: 2026-03-22 | 来源: http://epg.cdn.loc.cc/xml
频道: [Cinemax HD（Cinemax HD）] | 日期: 2026-03-14 | 来源: http://epg.cdn.loc.cc/xml
频道: [Cinemax HD（Cinemax HD）] | 日期: 2026-03-15 | 来源: http://epg.cdn.loc.cc/xml
频道: [Cinemax HD（Cinemax HD）] | 日期: 2026-03-16 | 来源: http://epg.cdn.loc.cc/xml
频道: [Cinemax HD（Cinemax HD）] | 日期: 2026-03-17 | 来源: http://epg.cdn.loc.cc/xml
频道: [Cinemax HD（Cinemax HD）] | 日期: 2026-03-18 | 来源: http://epg.cdn.loc.cc/xml
频道: [Cinemax HD（Cinemax HD）] | 日期: 2026-03-19 | 来源: http://epg.cdn.loc.cc/xml
频道: [Cinemax HD（Cinemax HD）] | 日期: 2026-03-20 | 来源: http://epg.cdn.loc.cc/xml
频道: [Cinemax HD（Cinemax HD）] | 日期: 2026-03-21 | 来源: http://epg.cdn.loc.cc/xml
频道: [Citra Entertainment（Citra Entertainment）] | 日期: 2026-03-14 | 来源: http://epg.cdn.loc.cc/xml
频道: [Citra Entertainment（Citra Entertainment）] | 日期: 2026-03-15 | 来源: http://epg.cdn.loc.cc/xml
频道: [Citra Entertainment（Citra Entertainment）] | 日期: 2026-03-16 | 来源: http://epg.cdn.loc.cc/xml
频道: [Citra Entertainment（Citra Entertainment）] | 日期: 2026-03-17 | 来源: http://epg.cdn.loc.cc/xml
频道: [Citra Entertainment（Citra Entertainment）] | 日期: 2026-03-18 | 来源: http://epg.cdn.loc.cc/xml
频道: [Citra Entertainment（Citra Entertainment）] | 日期: 2026-03-19 | 来源: http://epg.cdn.loc.cc/xml
频道: [Citra Entertainment（Citra Entertainment）] | 日期: 2026-03-20 | 来源: http://epg.cdn.loc.cc/xml
频道: [Citra Entertainment（Citra Entertainment）] | 日期: 2026-03-21 | 来源: http://epg.cdn.loc.cc/xml
频道: [Concerto（Concerto）] | 日期: 2026-03-14 | 来源: http://epg.cdn.loc.cc/xml
频道: [Concerto（Concerto）] | 日期: 2026-03-15 | 来源: http://epg.cdn.loc.cc/xml
频道: [Concerto（Concerto）] | 日期: 2026-03-16 | 来源: http://epg.cdn.loc.cc/xml
频道: [Concerto（Concerto）] | 日期: 2026-03-17 | 来源: http://epg.cdn.loc.cc/xml
频道: [Concerto（Concerto）] | 日期: 2026-03-18 | 来源: http://epg.cdn.loc.cc/xml
频道: [Concerto（Concerto）] | 日期: 2026-03-19 | 来源: http://epg.cdn.loc.cc/xml
频道: [Concerto（Concerto）] | 日期: 2026-03-20 | 来源: http://epg.cdn.loc.cc/xml
频道: [Concerto（Concerto）] | 日期: 2026-03-21 | 来源: http://epg.cdn.loc.cc/xml
频道: [Concerto（Concerto）] | 日期: 2026-03-22 | 来源: http://epg.cdn.loc.cc/xml
频道: [Concerto（Concerto）] | 日期: 2026-03-23 | 来源: http://epg.cdn.loc.cc/xml
频道: [Cricbuzz（Cricbuzz）] | 日期: 2026-03-15 | 来源: http://epg.cdn.loc.cc/xml
频道: [Cricbuzz（Cricbuzz）] | 日期: 2026-03-16 | 来源: http://epg.cdn.loc.cc/xml
频道: [Cricbuzz（Cricbuzz）] | 日期: 2026-03-17 | 来源: http://epg.cdn.loc.cc/xml
频道: [Cricbuzz（Cricbuzz）] | 日期: 2026-03-18 | 来源: http://epg.cdn.loc.cc/xml
频道: [Cricbuzz（Cricbuzz）] | 日期: 2026-03-19 | 来源: http://epg.cdn.loc.cc/xml
频道: [Cricbuzz（Cricbuzz）] | 日期: 2026-03-20 | 来源: http://epg.cdn.loc.cc/xml
频道: [Cricbuzz 2（Cricbuzz 2）] | 日期: 2026-03-15 | 来源: http://epg.cdn.loc.cc/xml
频道: [Cricbuzz 2（Cricbuzz 2）] | 日期: 2026-03-16 | 来源: http://epg.cdn.loc.cc/xml
频道: [Cricbuzz 2（Cricbuzz 2）] | 日期: 2026-03-17 | 来源: http://epg.cdn.loc.cc/xml
频道: [Cricbuzz 2（Cricbuzz 2）] | 日期: 2026-03-18 | 来源: http://epg.cdn.loc.cc/xml
频道: [Cricbuzz 2（Cricbuzz 2）] | 日期: 2026-03-19 | 来源: http://epg.cdn.loc.cc/xml
频道: [Cricbuzz 2（Cricbuzz 2）] | 日期: 2026-03-20 | 来源: http://epg.cdn.loc.cc/xml
频道: [Cricbuzz 2（Cricbuzz 2）] | 日期: 2026-03-21 | 来源: http://epg.cdn.loc.cc/xml
频道: [Crime + Investigation HD（Crime + Investigation HD）] | 日期: 2026-03-14 | 来源: http://epg.cdn.loc.cc/xml
频道: [Crime + Investigation HD（Crime + Investigation HD）] | 日期: 2026-03-15 | 来源: http://epg.cdn.loc.cc/xml
频道: [Crime + Investigation HD（Crime + Investigation HD）] | 日期: 2026-03-16 | 来源: http://epg.cdn.loc.cc/xml
频道: [Crime + Investigation HD（Crime + Investigation HD）] | 日期: 2026-03-17 | 来源: http://epg.cdn.loc.cc/xml
频道: [Crime + Investigation HD（Crime + Investigation HD）] | 日期: 2026-03-18 | 来源: http://epg.cdn.loc.cc/xml
频道: [Crime + Investigation HD（Crime + Investigation HD）] | 日期: 2026-03-19 | 来源: http://epg.cdn.loc.cc/xml
频道: [Crime + Investigation HD（Crime + Investigation HD）] | 日期: 2026-03-20 | 来源: http://epg.cdn.loc.cc/xml
频道: [Crime + Investigation HD（Crime + Investigation HD）] | 日期: 2026-03-21 | 来源: http://epg.cdn.loc.cc/xml
频道: [DISCOVERY（DISCOVERY）] | 日期: 2026-03-15 | 来源: http://epg.cdn.loc.cc/xml
频道: [DISCOVERY（DISCOVERY）] | 日期: 2026-03-16 | 来源: http://epg.cdn.loc.cc/xml
频道: [DISCOVERY（DISCOVERY）] | 日期: 2026-03-17 | 来源: http://epg.cdn.loc.cc/xml
频道: [DISCOVERY（DISCOVERY）] | 日期: 2026-03-18 | 来源: http://epg.cdn.loc.cc/xml
频道: [DISCOVERY（DISCOVERY）] | 日期: 2026-03-19 | 来源: http://epg.cdn.loc.cc/xml
频道: [DISCOVERY（DISCOVERY）] | 日期: 2026-03-20 | 来源: http://epg.cdn.loc.cc/xml
频道: [DISCOVERY（DISCOVERY）] | 日期: 2026-03-21 | 来源: http://epg.cdn.loc.cc/xml
频道: [DMAX（DMAX）] | 日期: 2026-03-15 | 来源: http://epg.cdn.loc.cc/xml
频道: [DMAX（DMAX）] | 日期: 2026-03-16 | 来源: http://epg.cdn.loc.cc/xml
频道: [DMAX（DMAX）] | 日期: 2026-03-17 | 来源: http://epg.cdn.loc.cc/xml
频道: [DMAX（DMAX）] | 日期: 2026-03-18 | 来源: http://epg.cdn.loc.cc/xml
频道: [DMAX（DMAX）] | 日期: 2026-03-19 | 来源: http://epg.cdn.loc.cc/xml
频道: [DMAX（DMAX）] | 日期: 2026-03-20 | 来源: http://epg.cdn.loc.cc/xml
频道: [DMAX（DMAX）] | 日期: 2026-03-21 | 来源: http://epg.cdn.loc.cc/xml
频道: [DW（DW）] | 日期: 2026-03-14 | 来源: http://epg.cdn.loc.cc/xml
频道: [DW（DW）] | 日期: 2026-03-15 | 来源: https://epg.136605.xyz/9days.xml
频道: [DW（DW）] | 日期: 2026-03-16 | 来源: https://epg.136605.xyz/9days.xml
频道: [DW（DW）] | 日期: 2026-03-17 | 来源: https://epg.136605.xyz/9days.xml
频道: [DW（DW）] | 日期: 2026-03-18 | 来源: http://epg.cdn.loc.cc/xml
频道: [DW（DW）] | 日期: 2026-03-19 | 来源: http://epg.cdn.loc.cc/xml
频道: [DW（DW）] | 日期: 2026-03-20 | 来源: http://epg.cdn.loc.cc/xml
频道: [DW（DW）] | 日期: 2026-03-21 | 来源: http://epg.cdn.loc.cc/xml
频道: [DW（DW）] | 日期: 2026-03-22 | 来源: http://epg.cdn.loc.cc/xml
频道: [DW（DW）] | 日期: 2026-03-23 | 来源: http://epg.cdn.loc.cc/xml
频道: [DW (Deutsch)（DW (Deutsch)）] | 日期: 2026-03-15 | 来源: http://epg.cdn.loc.cc/xml
频道: [DW (Deutsch)（DW (Deutsch)）] | 日期: 2026-03-16 | 来源: http://epg.cdn.loc.cc/xml
频道: [DW (Deutsch)（DW (Deutsch)）] | 日期: 2026-03-17 | 来源: http://epg.cdn.loc.cc/xml
频道: [DW (Deutsch)（DW (Deutsch)）] | 日期: 2026-03-18 | 来源: http://epg.cdn.loc.cc/xml
频道: [DW (Deutsch)（DW (Deutsch)）] | 日期: 2026-03-19 | 来源: http://epg.cdn.loc.cc/xml
频道: [DW (Deutsch)（DW (Deutsch)）] | 日期: 2026-03-20 | 来源: http://epg.cdn.loc.cc/xml
频道: [DW (Deutsch)（DW (Deutsch)）] | 日期: 2026-03-21 | 来源: http://epg.cdn.loc.cc/xml
频道: [DW (English)（DW (English)）] | 日期: 2026-03-14 | 来源: https://epg.136605.xyz/9days.xml
频道: [DW (English)（DW (English)）] | 日期: 2026-03-15 | 来源: http://epg.cdn.loc.cc/xml
频道: [DW (English)（DW (English)）] | 日期: 2026-03-16 | 来源: http://epg.cdn.loc.cc/xml
频道: [DW (English)（DW (English)）] | 日期: 2026-03-17 | 来源: http://epg.cdn.loc.cc/xml
频道: [DW (English)（DW (English)）] | 日期: 2026-03-18 | 来源: http://epg.cdn.loc.cc/xml
频道: [DW (English)（DW (English)）] | 日期: 2026-03-19 | 来源: http://epg.cdn.loc.cc/xml
频道: [DW (English)（DW (English)）] | 日期: 2026-03-20 | 来源: http://epg.cdn.loc.cc/xml
频道: [DW德国之声（DW德国之声）] | 日期: 2026-03-14 | 来源: https://epg.136605.xyz/9days.xml
频道: [DW德国之声（DW德国之声）] | 日期: 2026-03-15 | 来源: https://epg.136605.xyz/9days.xml
频道: [DW德国之声（DW德国之声）] | 日期: 2026-03-16 | 来源: https://epg.136605.xyz/9days.xml
频道: [DW德国之声（DW德国之声）] | 日期: 2026-03-17 | 来源: https://epg.136605.xyz/9days.xml
频道: [DaVinCi（DaVinCi）] | 日期: 2026-03-14 | 来源: https://epg.136605.xyz/9days.xml
频道: [DaVinCi（DaVinCi）] | 日期: 2026-03-15 | 来源: http://epg.cdn.loc.cc/xml
频道: [DaVinCi（DaVinCi）] | 日期: 2026-03-16 | 来源: http://epg.cdn.loc.cc/xml
频道: [DaVinCi（DaVinCi）] | 日期: 2026-03-17 | 来源: http://epg.cdn.loc.cc/xml
频道: [DaVinCi（DaVinCi）] | 日期: 2026-03-18 | 来源: http://epg.cdn.loc.cc/xml
频道: [DaVinCi（DaVinCi）] | 日期: 2026-03-19 | 来源: http://epg.cdn.loc.cc/xml
频道: [DaVinCi（DaVinCi）] | 日期: 2026-03-20 | 来源: http://epg.cdn.loc.cc/xml
频道: [DayStar（DayStar）] | 日期: 2026-03-15 | 来源: https://github.com/litiande03/epg/raw/refs/heads/master/pl.xml.gz
频道: [DayStar（DayStar）] | 日期: 2026-03-16 | 来源: https://github.com/litiande03/epg/raw/refs/heads/master/pl.xml.gz
频道: [DayStar（DayStar）] | 日期: 2026-03-17 | 来源: https://github.com/litiande03/epg/raw/refs/heads/master/pl.xml.gz
频道: [Deal or No Deal（Deal or No Deal）] | 日期: 2026-03-14 | 来源: http://epg.cdn.loc.cc/xml
频道: [Deal or No Deal（Deal or No Deal）] | 日期: 2026-03-15 | 来源: http://epg.cdn.loc.cc/xml
频道: [Deal or No Deal（Deal or No Deal）] | 日期: 2026-03-16 | 来源: http://epg.cdn.loc.cc/xml
频道: [Deal or No Deal（Deal or No Deal）] | 日期: 2026-03-17 | 来源: http://epg.cdn.loc.cc/xml
频道: [Deal or No Deal（Deal or No Deal）] | 日期: 2026-03-18 | 来源: http://epg.cdn.loc.cc/xml
频道: [Deal or No Deal（Deal or No Deal）] | 日期: 2026-03-19 | 来源: http://epg.cdn.loc.cc/xml
频道: [Deal or No Deal（Deal or No Deal）] | 日期: 2026-03-20 | 来源: http://epg.cdn.loc.cc/xml
频道: [Deal or No Deal（Deal or No Deal）] | 日期: 2026-03-21 | 来源: http://epg.cdn.loc.cc/xml
频道: [Deal or No Deal（Deal or No Deal）] | 日期: 2026-03-22 | 来源: http://epg.cdn.loc.cc/xml
频道: [Discovery Asia（Discovery Asia）] | 日期: 2026-03-14 | 来源: https://epg.136605.xyz/9days.xml
频道: [Discovery Asia（Discovery Asia）] | 日期: 2026-03-15 | 来源: http://epg.cdn.loc.cc/xml
频道: [Discovery Asia（Discovery Asia）] | 日期: 2026-03-16 | 来源: http://epg.cdn.loc.cc/xml
频道: [Discovery Asia（Discovery Asia）] | 日期: 2026-03-17 | 来源: http://epg.cdn.loc.cc/xml
频道: [Discovery Asia（Discovery Asia）] | 日期: 2026-03-18 | 来源: http://epg.cdn.loc.cc/xml
频道: [Discovery Asia（Discovery Asia）] | 日期: 2026-03-19 | 来源: http://epg.cdn.loc.cc/xml
频道: [Discovery Asia（Discovery Asia）] | 日期: 2026-03-20 | 来源: http://epg.cdn.loc.cc/xml
频道: [Discovery Asia（Discovery Asia）] | 日期: 2026-03-21 | 来源: http://epg.cdn.loc.cc/xml
频道: [Discovery Channel（Discovery Channel）] | 日期: 2026-03-14 | 来源: https://epg.136605.xyz/9days.xml
频道: [Discovery Channel（Discovery Channel）] | 日期: 2026-03-15 | 来源: http://epg.cdn.loc.cc/xml
频道: [Discovery Channel（Discovery Channel）] | 日期: 2026-03-16 | 来源: http://epg.cdn.loc.cc/xml
频道: [Discovery Channel（Discovery Channel）] | 日期: 2026-03-17 | 来源: http://epg.cdn.loc.cc/xml
频道: [Discovery Channel（Discovery Channel）] | 日期: 2026-03-18 | 来源: http://epg.cdn.loc.cc/xml
频道: [Discovery Channel（Discovery Channel）] | 日期: 2026-03-19 | 来源: http://epg.cdn.loc.cc/xml
频道: [Discovery Channel（Discovery Channel）] | 日期: 2026-03-20 | 来源: http://epg.cdn.loc.cc/xml
频道: [Discovery DMAX（Discovery DMAX）] | 日期: 2026-03-14 | 来源: http://epg.cdn.loc.cc/xml
频道: [Discovery DMAX（Discovery DMAX）] | 日期: 2026-03-15 | 来源: http://epg.cdn.loc.cc/xml
频道: [Discovery DMAX（Discovery DMAX）] | 日期: 2026-03-16 | 来源: http://epg.cdn.loc.cc/xml
频道: [Discovery DMAX（Discovery DMAX）] | 日期: 2026-03-17 | 来源: http://epg.cdn.loc.cc/xml
频道: [Discovery DMAX（Discovery DMAX）] | 日期: 2026-03-18 | 来源: http://epg.cdn.loc.cc/xml
频道: [Discovery DMAX（Discovery DMAX）] | 日期: 2026-03-19 | 来源: http://epg.cdn.loc.cc/xml
频道: [Discovery DMAX（Discovery DMAX）] | 日期: 2026-03-20 | 来源: http://epg.cdn.loc.cc/xml
频道: [Discovery DMAX（Discovery DMAX）] | 日期: 2026-03-21 | 来源: http://epg.cdn.loc.cc/xml
频道: [Discovery EVE（Discovery EVE）] | 日期: 2026-03-14 | 来源: http://epg.cdn.loc.cc/xml
频道: [Discovery EVE（Discovery EVE）] | 日期: 2026-03-15 | 来源: http://epg.cdn.loc.cc/xml
频道: [Discovery EVE（Discovery EVE）] | 日期: 2026-03-16 | 来源: http://epg.cdn.loc.cc/xml
频道: [Discovery EVE（Discovery EVE）] | 日期: 2026-03-17 | 来源: http://epg.cdn.loc.cc/xml
频道: [Discovery EVE（Discovery EVE）] | 日期: 2026-03-18 | 来源: http://epg.cdn.loc.cc/xml
频道: [Discovery EVE（Discovery EVE）] | 日期: 2026-03-19 | 来源: http://epg.cdn.loc.cc/xml
频道: [Discovery EVE（Discovery EVE）] | 日期: 2026-03-20 | 来源: http://epg.cdn.loc.cc/xml
频道: [Discovery EVE（Discovery EVE）] | 日期: 2026-03-21 | 来源: http://epg.cdn.loc.cc/xml
频道: [Discovery HD（Discovery HD）] | 日期: 2026-03-14 | 来源: http://epg.cdn.loc.cc/xml
频道: [Discovery HD（Discovery HD）] | 日期: 2026-03-15 | 来源: http://epg.cdn.loc.cc/xml
频道: [Discovery HD（Discovery HD）] | 日期: 2026-03-16 | 来源: http://epg.cdn.loc.cc/xml
频道: [Discovery HD（Discovery HD）] | 日期: 2026-03-17 | 来源: http://epg.cdn.loc.cc/xml
频道: [Discovery HD（Discovery HD）] | 日期: 2026-03-18 | 来源: http://epg.cdn.loc.cc/xml
频道: [Discovery HD（Discovery HD）] | 日期: 2026-03-19 | 来源: http://epg.cdn.loc.cc/xml
频道: [Discovery HD（Discovery HD）] | 日期: 2026-03-20 | 来源: http://epg.cdn.loc.cc/xml
频道: [Discovery HD（Discovery HD）] | 日期: 2026-03-21 | 来源: http://epg.cdn.loc.cc/xml
频道: [Discovery科学台(Science)（Discovery科学台(Science)）] | 日期: 2026-03-14 | 来源: http://epg.cdn.loc.cc/xml
频道: [Discovery科学台(Science)（Discovery科学台(Science)）] | 日期: 2026-03-15 | 来源: http://epg.cdn.loc.cc/xml
频道: [Discovery科学台(Science)（Discovery科学台(Science)）] | 日期: 2026-03-16 | 来源: http://epg.cdn.loc.cc/xml
频道: [Discovery科学台(Science)（Discovery科学台(Science)）] | 日期: 2026-03-17 | 来源: http://epg.cdn.loc.cc/xml
频道: [Discovery科学台(Science)（Discovery科学台(Science)）] | 日期: 2026-03-18 | 来源: http://epg.cdn.loc.cc/xml
频道: [Discovery科学台(Science)（Discovery科学台(Science)）] | 日期: 2026-03-19 | 来源: http://epg.cdn.loc.cc/xml
频道: [Discovery科学台(Science)（Discovery科学台(Science)）] | 日期: 2026-03-20 | 来源: http://epg.cdn.loc.cc/xml
频道: [Discovery科学台(Science)（Discovery科学台(Science)）] | 日期: 2026-03-21 | 来源: http://epg.cdn.loc.cc/xml
频道: [Discovery科学频道（Discovery科学频道）] | 日期: 2026-03-14 | 来源: https://epg.136605.xyz/9days.xml
频道: [Discovery科学频道（Discovery科学频道）] | 日期: 2026-03-15 | 来源: http://epg.cdn.loc.cc/xml
频道: [Discovery科学频道（Discovery科学频道）] | 日期: 2026-03-16 | 来源: http://epg.cdn.loc.cc/xml
频道: [Discovery科学频道（Discovery科学频道）] | 日期: 2026-03-17 | 来源: http://epg.cdn.loc.cc/xml
频道: [Discovery科学频道（Discovery科学频道）] | 日期: 2026-03-18 | 来源: http://epg.cdn.loc.cc/xml
频道: [Discovery科学频道（Discovery科学频道）] | 日期: 2026-03-19 | 来源: http://epg.cdn.loc.cc/xml
频道: [Discovery科学频道（Discovery科学频道）] | 日期: 2026-03-20 | 来源: http://epg.cdn.loc.cc/xml
频道: [Discovery科学频道（Discovery科学频道）] | 日期: 2026-03-21 | 来源: http://epg.cdn.loc.cc/xml
频道: [Docsville（Docsville）] | 日期: 2026-03-14 | 来源: http://epg.cdn.loc.cc/xml
频道: [Docsville（Docsville）] | 日期: 2026-03-15 | 来源: http://epg.cdn.loc.cc/xml
频道: [Docsville（Docsville）] | 日期: 2026-03-16 | 来源: http://epg.cdn.loc.cc/xml
频道: [Docsville（Docsville）] | 日期: 2026-03-17 | 来源: http://epg.cdn.loc.cc/xml
频道: [Docsville（Docsville）] | 日期: 2026-03-18 | 来源: http://epg.cdn.loc.cc/xml
频道: [Docsville（Docsville）] | 日期: 2026-03-19 | 来源: http://epg.cdn.loc.cc/xml
频道: [Docsville（Docsville）] | 日期: 2026-03-20 | 来源: http://epg.cdn.loc.cc/xml
频道: [Docsville（Docsville）] | 日期: 2026-03-21 | 来源: http://epg.cdn.loc.cc/xml
频道: [Docsville（Docsville）] | 日期: 2026-03-22 | 来源: http://epg.cdn.loc.cc/xml
频道: [Docsville（Docsville）] | 日期: 2026-03-23 | 来源: http://epg.cdn.loc.cc/xml
频道: [Dragon TV（Dragon TV）] | 日期: 2026-03-15 | 来源: http://epg.cdn.loc.cc/xml
频道: [Dragon TV（Dragon TV）] | 日期: 2026-03-16 | 来源: http://epg.cdn.loc.cc/xml
频道: [Dragon TV（Dragon TV）] | 日期: 2026-03-17 | 来源: http://epg.cdn.loc.cc/xml
频道: [Dragon TV（Dragon TV）] | 日期: 2026-03-18 | 来源: http://epg.cdn.loc.cc/xml
频道: [Dragon TV（Dragon TV）] | 日期: 2026-03-19 | 来源: http://epg.cdn.loc.cc/xml
频道: [Dragon TV（Dragon TV）] | 日期: 2026-03-20 | 来源: http://epg.cdn.loc.cc/xml
频道: [Dragon TV（Dragon TV）] | 日期: 2026-03-21 | 来源: http://epg.cdn.loc.cc/xml
频道: [DreamWorks（DreamWorks）] | 日期: 2026-03-14 | 来源: http://epg.cdn.loc.cc/xml
频道: [DreamWorks（DreamWorks）] | 日期: 2026-03-15 | 来源: http://epg.cdn.loc.cc/xml
频道: [DreamWorks（DreamWorks）] | 日期: 2026-03-16 | 来源: http://epg.cdn.loc.cc/xml
频道: [DreamWorks（DreamWorks）] | 日期: 2026-03-17 | 来源: http://epg.cdn.loc.cc/xml
频道: [DreamWorks（DreamWorks）] | 日期: 2026-03-18 | 来源: http://epg.cdn.loc.cc/xml
频道: [DreamWorks（DreamWorks）] | 日期: 2026-03-19 | 来源: http://epg.cdn.loc.cc/xml
频道: [DreamWorks（DreamWorks）] | 日期: 2026-03-20 | 来源: http://epg.cdn.loc.cc/xml
频道: [DreamWorks（DreamWorks）] | 日期: 2026-03-21 | 来源: http://epg.cdn.loc.cc/xml
频道: [DreamWorks Channel HD（DreamWorks Channel HD）] | 日期: 2026-03-14 | 来源: http://epg.cdn.loc.cc/xml
频道: [DreamWorks Channel HD（DreamWorks Channel HD）] | 日期: 2026-03-15 | 来源: http://epg.cdn.loc.cc/xml
频道: [DreamWorks Channel HD（DreamWorks Channel HD）] | 日期: 2026-03-16 | 来源: http://epg.cdn.loc.cc/xml
频道: [DreamWorks Channel HD（DreamWorks Channel HD）] | 日期: 2026-03-17 | 来源: http://epg.cdn.loc.cc/xml
频道: [DreamWorks Channel HD（DreamWorks Channel HD）] | 日期: 2026-03-18 | 来源: http://epg.cdn.loc.cc/xml
频道: [DreamWorks Channel HD（DreamWorks Channel HD）] | 日期: 2026-03-19 | 来源: http://epg.cdn.loc.cc/xml
频道: [DreamWorks Channel HD（DreamWorks Channel HD）] | 日期: 2026-03-20 | 来源: http://epg.cdn.loc.cc/xml
频道: [DreamWorks Channel HD（DreamWorks Channel HD）] | 日期: 2026-03-21 | 来源: http://epg.cdn.loc.cc/xml
频道: [DreamWorks HD（DreamWorks HD）] | 日期: 2026-03-14 | 来源: http://epg.cdn.loc.cc/xml
频道: [DreamWorks HD（DreamWorks HD）] | 日期: 2026-03-15 | 来源: http://epg.cdn.loc.cc/xml
频道: [DreamWorks HD（DreamWorks HD）] | 日期: 2026-03-16 | 来源: http://epg.cdn.loc.cc/xml
频道: [DreamWorks HD（DreamWorks HD）] | 日期: 2026-03-17 | 来源: http://epg.cdn.loc.cc/xml
频道: [DreamWorks HD（DreamWorks HD）] | 日期: 2026-03-18 | 来源: http://epg.cdn.loc.cc/xml
频道: [DreamWorks HD（DreamWorks HD）] | 日期: 2026-03-19 | 来源: http://epg.cdn.loc.cc/xml
频道: [DreamWorks HD（DreamWorks HD）] | 日期: 2026-03-20 | 来源: http://epg.cdn.loc.cc/xml
频道: [DreamWorks HD（DreamWorks HD）] | 日期: 2026-03-21 | 来源: http://epg.cdn.loc.cc/xml
频道: [DreamWorks HD（DreamWorks HD）] | 日期: 2026-03-22 | 来源: http://epg.cdn.loc.cc/xml
频道: [DreamWorks 梦工厂动画（DreamWorks 梦工厂动画）] | 日期: 2026-03-15 | 来源: https://github.com/litiande03/epg/raw/refs/heads/master/pl.xml.gz
频道: [DreamWorks 梦工厂动画（DreamWorks 梦工厂动画）] | 日期: 2026-03-16 | 来源: https://github.com/litiande03/epg/raw/refs/heads/master/pl.xml.gz
频道: [DreamWorks 梦工厂动画（DreamWorks 梦工厂动画）] | 日期: 2026-03-17 | 来源: https://github.com/litiande03/epg/raw/refs/heads/master/pl.xml.gz
频道: [DreamWorks 梦工厂动画（DreamWorks 梦工厂动画）] | 日期: 2026-03-18 | 来源: https://github.com/litiande03/epg/raw/refs/heads/master/pl.xml.gz
频道: [EDGE sport（EDGE sport）] | 日期: 2026-03-15 | 来源: https://github.com/litiande03/epg/raw/refs/heads/master/pl.xml.gz
频道: [EDGE sport（EDGE sport）] | 日期: 2026-03-16 | 来源: https://github.com/litiande03/epg/raw/refs/heads/master/pl.xml.gz
频道: [EDGE sport（EDGE sport）] | 日期: 2026-03-17 | 来源: https://github.com/litiande03/epg/raw/refs/heads/master/pl.xml.gz
频道: [ELTV生活英语台（ELTV生活英语台）] | 日期: 2026-03-15 | 来源: https://github.com/litiande03/epg/raw/refs/heads/master/pl.xml.gz
频道: [ELTV生活英语台（ELTV生活英语台）] | 日期: 2026-03-16 | 来源: https://github.com/litiande03/epg/raw/refs/heads/master/pl.xml.gz
频道: [ELTV生活英语台（ELTV生活英语台）] | 日期: 2026-03-17 | 来源: https://github.com/litiande03/epg/raw/refs/heads/master/pl.xml.gz
频道: [ELTV英语学习台（ELTV英语学习台）] | 日期: 2026-03-15 | 来源: https://github.com/litiande03/epg/raw/refs/heads/master/pl.xml.gz
频道: [ELTV英语学习台（ELTV英语学习台）] | 日期: 2026-03-16 | 来源: https://github.com/litiande03/epg/raw/refs/heads/master/pl.xml.gz
频道: [ELTV英语学习台（ELTV英语学习台）] | 日期: 2026-03-17 | 来源: https://github.com/litiande03/epg/raw/refs/heads/master/pl.xml.gz
频道: [ETTV ASIA HD（ETTV ASIA HD）] | 日期: 2026-03-14 | 来源: http://epg.cdn.loc.cc/xml
频道: [ETTV ASIA HD（ETTV ASIA HD）] | 日期: 2026-03-15 | 来源: http://epg.cdn.loc.cc/xml
频道: [ETTV ASIA HD（ETTV ASIA HD）] | 日期: 2026-03-16 | 来源: http://epg.cdn.loc.cc/xml
频道: [ETTV ASIA HD（ETTV ASIA HD）] | 日期: 2026-03-17 | 来源: http://epg.cdn.loc.cc/xml
频道: [ETTV ASIA HD（ETTV ASIA HD）] | 日期: 2026-03-18 | 来源: http://epg.cdn.loc.cc/xml
频道: [ETTV ASIA HD（ETTV ASIA HD）] | 日期: 2026-03-19 | 来源: http://epg.cdn.loc.cc/xml
频道: [ETTV ASIA HD（ETTV ASIA HD）] | 日期: 2026-03-20 | 来源: http://epg.cdn.loc.cc/xml
频道: [ETTV ASIA HD（ETTV ASIA HD）] | 日期: 2026-03-21 | 来源: http://epg.cdn.loc.cc/xml
频道: [ETTV ASIA HD（ETTV ASIA HD）] | 日期: 2026-03-22 | 来源: http://epg.cdn.loc.cc/xml
频道: [EUROSPORT（EUROSPORT）] | 日期: 2026-03-14 | 来源: http://epg.cdn.loc.cc/xml
频道: [EUROSPORT（EUROSPORT）] | 日期: 2026-03-15 | 来源: http://epg.cdn.loc.cc/xml
频道: [EUROSPORT（EUROSPORT）] | 日期: 2026-03-16 | 来源: http://epg.cdn.loc.cc/xml
频道: [EUROSPORT（EUROSPORT）] | 日期: 2026-03-17 | 来源: http://epg.cdn.loc.cc/xml
频道: [EUROSPORT（EUROSPORT）] | 日期: 2026-03-18 | 来源: http://epg.cdn.loc.cc/xml
频道: [EUROSPORT（EUROSPORT）] | 日期: 2026-03-19 | 来源: http://epg.cdn.loc.cc/xml
频道: [EUROSPORT（EUROSPORT）] | 日期: 2026-03-20 | 来源: http://epg.cdn.loc.cc/xml
频道: [EUROSPORT（EUROSPORT）] | 日期: 2026-03-21 | 来源: http://epg.cdn.loc.cc/xml
频道: [Euronews HD（Euronews HD）] | 日期: 2026-03-15 | 来源: http://epg.cdn.loc.cc/xml
频道: [Euronews HD（Euronews HD）] | 日期: 2026-03-16 | 来源: http://epg.cdn.loc.cc/xml
频道: [Euronews HD（Euronews HD）] | 日期: 2026-03-17 | 来源: http://epg.cdn.loc.cc/xml
频道: [Euronews HD（Euronews HD）] | 日期: 2026-03-18 | 来源: http://epg.cdn.loc.cc/xml
频道: [Euronews HD（Euronews HD）] | 日期: 2026-03-19 | 来源: http://epg.cdn.loc.cc/xml
频道: [Euronews HD（Euronews HD）] | 日期: 2026-03-20 | 来源: http://epg.cdn.loc.cc/xml
频道: [Euronews HD（Euronews HD）] | 日期: 2026-03-21 | 来源: http://epg.cdn.loc.cc/xml
频道: [FIFA+（FIFA+）] | 日期: 2026-03-14 | 来源: http://epg.cdn.loc.cc/xml
频道: [FIFA+（FIFA+）] | 日期: 2026-03-15 | 来源: http://epg.cdn.loc.cc/xml
频道: [FIFA+（FIFA+）] | 日期: 2026-03-16 | 来源: http://epg.cdn.loc.cc/xml
频道: [FIFA+（FIFA+）] | 日期: 2026-03-17 | 来源: http://epg.cdn.loc.cc/xml
频道: [FIFA+（FIFA+）] | 日期: 2026-03-18 | 来源: http://epg.cdn.loc.cc/xml
频道: [FIFA+（FIFA+）] | 日期: 2026-03-19 | 来源: http://epg.cdn.loc.cc/xml
频道: [FIFA+（FIFA+）] | 日期: 2026-03-20 | 来源: http://epg.cdn.loc.cc/xml
频道: [FIFA+（FIFA+）] | 日期: 2026-03-21 | 来源: http://epg.cdn.loc.cc/xml
频道: [FIFA+（FIFA+）] | 日期: 2026-03-22 | 来源: http://epg.cdn.loc.cc/xml
频道: [FIGHT SPORTS HD（FIGHT SPORTS HD）] | 日期: 2026-03-15 | 来源: http://epg.cdn.loc.cc/xml
频道: [FIGHT SPORTS HD（FIGHT SPORTS HD）] | 日期: 2026-03-16 | 来源: http://epg.cdn.loc.cc/xml
频道: [FIGHT SPORTS HD（FIGHT SPORTS HD）] | 日期: 2026-03-17 | 来源: http://epg.cdn.loc.cc/xml
频道: [FIGHT SPORTS HD（FIGHT SPORTS HD）] | 日期: 2026-03-18 | 来源: http://epg.cdn.loc.cc/xml
频道: [FIGHT SPORTS HD（FIGHT SPORTS HD）] | 日期: 2026-03-19 | 来源: http://epg.cdn.loc.cc/xml
频道: [FIGHT SPORTS HD（FIGHT SPORTS HD）] | 日期: 2026-03-20 | 来源: http://epg.cdn.loc.cc/xml
频道: [FIGHT SPORTS HD（FIGHT SPORTS HD）] | 日期: 2026-03-21 | 来源: http://epg.cdn.loc.cc/xml
频道: [FRANCE24（FRANCE24）] | 日期: 2026-03-14 | 来源: http://epg.cdn.loc.cc/xml
频道: [FRANCE24（FRANCE24）] | 日期: 2026-03-15 | 来源: http://epg.cdn.loc.cc/xml
频道: [FRANCE24（FRANCE24）] | 日期: 2026-03-16 | 来源: http://epg.cdn.loc.cc/xml
频道: [FRANCE24（FRANCE24）] | 日期: 2026-03-17 | 来源: http://epg.cdn.loc.cc/xml
频道: [FRANCE24（FRANCE24）] | 日期: 2026-03-18 | 来源: http://epg.cdn.loc.cc/xml
频道: [FRANCE24（FRANCE24）] | 日期: 2026-03-19 | 来源: http://epg.cdn.loc.cc/xml
频道: [FRANCE24（FRANCE24）] | 日期: 2026-03-20 | 来源: http://epg.cdn.loc.cc/xml
频道: [FRANCE24（FRANCE24）] | 日期: 2026-03-21 | 来源: http://epg.cdn.loc.cc/xml
频道: [FRANCE24（FRANCE24）] | 日期: 2026-03-22 | 来源: http://epg.cdn.loc.cc/xml
频道: [FRANCE24（FRANCE24）] | 日期: 2026-03-23 | 来源: http://epg.cdn.loc.cc/xml
频道: [FTV戏剧（FTV戏剧）] | 日期: 2026-03-15 | 来源: https://github.com/litiande03/epg/raw/refs/heads/master/pl.xml.gz
频道: [FTV戏剧（FTV戏剧）] | 日期: 2026-03-16 | 来源: https://github.com/litiande03/epg/raw/refs/heads/master/pl.xml.gz
频道: [FTV戏剧（FTV戏剧）] | 日期: 2026-03-17 | 来源: https://github.com/litiande03/epg/raw/refs/heads/master/pl.xml.gz
频道: [FTV戏剧（FTV戏剧）] | 日期: 2026-03-18 | 来源: https://github.com/litiande03/epg/raw/refs/heads/master/pl.xml.gz
频道: [FTV旅游（FTV旅游）] | 日期: 2026-03-15 | 来源: https://github.com/litiande03/epg/raw/refs/heads/master/pl.xml.gz
频道: [FTV旅游（FTV旅游）] | 日期: 2026-03-16 | 来源: https://github.com/litiande03/epg/raw/refs/heads/master/pl.xml.gz
频道: [FTV旅游（FTV旅游）] | 日期: 2026-03-17 | 来源: https://github.com/litiande03/epg/raw/refs/heads/master/pl.xml.gz
频道: [FTV综艺（FTV综艺）] | 日期: 2026-03-15 | 来源: https://github.com/litiande03/epg/raw/refs/heads/master/pl.xml.gz
频道: [FTV综艺（FTV综艺）] | 日期: 2026-03-16 | 来源: https://github.com/litiande03/epg/raw/refs/heads/master/pl.xml.gz
频道: [FTV综艺（FTV综艺）] | 日期: 2026-03-17 | 来源: https://github.com/litiande03/epg/raw/refs/heads/master/pl.xml.gz
频道: [FTV综艺（FTV综艺）] | 日期: 2026-03-18 | 来源: https://github.com/litiande03/epg/raw/refs/heads/master/pl.xml.gz
频道: [FashionBox（FashionBox）] | 日期: 2026-03-14 | 来源: http://epg.cdn.loc.cc/xml
频道: [FashionBox（FashionBox）] | 日期: 2026-03-15 | 来源: http://epg.cdn.loc.cc/xml
频道: [FashionBox（FashionBox）] | 日期: 2026-03-16 | 来源: http://epg.cdn.loc.cc/xml
频道: [FashionBox（FashionBox）] | 日期: 2026-03-17 | 来源: http://epg.cdn.loc.cc/xml
频道: [FashionBox（FashionBox）] | 日期: 2026-03-18 | 来源: http://epg.cdn.loc.cc/xml
频道: [FashionBox（FashionBox）] | 日期: 2026-03-19 | 来源: http://epg.cdn.loc.cc/xml
频道: [FashionBox（FashionBox）] | 日期: 2026-03-20 | 来源: http://epg.cdn.loc.cc/xml
频道: [FashionBox（FashionBox）] | 日期: 2026-03-21 | 来源: http://epg.cdn.loc.cc/xml
频道: [FashionBox（FashionBox）] | 日期: 2026-03-22 | 来源: http://epg.cdn.loc.cc/xml
频道: [FashionBox（FashionBox）] | 日期: 2026-03-23 | 来源: http://epg.cdn.loc.cc/xml
频道: [FashionTV HD（FashionTV HD）] | 日期: 2026-03-15 | 来源: http://epg.cdn.loc.cc/xml
频道: [FashionTV HD（FashionTV HD）] | 日期: 2026-03-16 | 来源: http://epg.cdn.loc.cc/xml
频道: [FashionTV HD（FashionTV HD）] | 日期: 2026-03-17 | 来源: http://epg.cdn.loc.cc/xml
频道: [FashionTV HD（FashionTV HD）] | 日期: 2026-03-18 | 来源: http://epg.cdn.loc.cc/xml
频道: [FashionTV HD（FashionTV HD）] | 日期: 2026-03-19 | 来源: http://epg.cdn.loc.cc/xml
频道: [FashionTV HD（FashionTV HD）] | 日期: 2026-03-20 | 来源: http://epg.cdn.loc.cc/xml
频道: [FashionTV HD（FashionTV HD）] | 日期: 2026-03-21 | 来源: http://epg.cdn.loc.cc/xml
频道: [FashionTV 时尚频道（FashionTV 时尚频道）] | 日期: 2026-03-15 | 来源: https://github.com/litiande03/epg/raw/refs/heads/master/pl.xml.gz
频道: [FashionTV 时尚频道（FashionTV 时尚频道）] | 日期: 2026-03-16 | 来源: https://github.com/litiande03/epg/raw/refs/heads/master/pl.xml.gz
频道: [FashionTV 时尚频道（FashionTV 时尚频道）] | 日期: 2026-03-17 | 来源: https://github.com/litiande03/epg/raw/refs/heads/master/pl.xml.gz
频道: [Fear Factor（Fear Factor）] | 日期: 2026-03-14 | 来源: http://epg.cdn.loc.cc/xml
频道: [Fear Factor（Fear Factor）] | 日期: 2026-03-15 | 来源: http://epg.cdn.loc.cc/xml
频道: [Fear Factor（Fear Factor）] | 日期: 2026-03-16 | 来源: http://epg.cdn.loc.cc/xml
频道: [Fear Factor（Fear Factor）] | 日期: 2026-03-17 | 来源: http://epg.cdn.loc.cc/xml
频道: [Fear Factor（Fear Factor）] | 日期: 2026-03-18 | 来源: http://epg.cdn.loc.cc/xml
频道: [Fear Factor（Fear Factor）] | 日期: 2026-03-19 | 来源: http://epg.cdn.loc.cc/xml
频道: [Fear Factor（Fear Factor）] | 日期: 2026-03-20 | 来源: http://epg.cdn.loc.cc/xml
频道: [Fear Factor（Fear Factor）] | 日期: 2026-03-21 | 来源: http://epg.cdn.loc.cc/xml
频道: [Fear Factor（Fear Factor）] | 日期: 2026-03-22 | 来源: http://epg.cdn.loc.cc/xml
频道: [Focus欢乐综合台（Focus欢乐综合台）] | 日期: 2026-03-15 | 来源: https://github.com/litiande03/epg/raw/refs/heads/master/pl.xml.gz
频道: [Focus欢乐综合台（Focus欢乐综合台）] | 日期: 2026-03-16 | 来源: https://github.com/litiande03/epg/raw/refs/heads/master/pl.xml.gz
频道: [Focus欢乐综合台（Focus欢乐综合台）] | 日期: 2026-03-17 | 来源: https://github.com/litiande03/epg/raw/refs/heads/master/pl.xml.gz
频道: [Focus风采戏剧台（Focus风采戏剧台）] | 日期: 2026-03-15 | 来源: https://github.com/litiande03/epg/raw/refs/heads/master/pl.xml.gz
频道: [Focus风采戏剧台（Focus风采戏剧台）] | 日期: 2026-03-16 | 来源: https://github.com/litiande03/epg/raw/refs/heads/master/pl.xml.gz
频道: [Focus风采戏剧台（Focus风采戏剧台）] | 日期: 2026-03-17 | 来源: https://github.com/litiande03/epg/raw/refs/heads/master/pl.xml.gz
频道: [Food Network（Food Network）] | 日期: 2026-03-14 | 来源: http://epg.cdn.loc.cc/xml
频道: [Food Network（Food Network）] | 日期: 2026-03-15 | 来源: http://epg.cdn.loc.cc/xml
频道: [Food Network（Food Network）] | 日期: 2026-03-16 | 来源: http://epg.cdn.loc.cc/xml
频道: [Food Network（Food Network）] | 日期: 2026-03-17 | 来源: http://epg.cdn.loc.cc/xml
频道: [Food Network（Food Network）] | 日期: 2026-03-18 | 来源: http://epg.cdn.loc.cc/xml
频道: [Food Network（Food Network）] | 日期: 2026-03-19 | 来源: http://epg.cdn.loc.cc/xml
频道: [Food Network（Food Network）] | 日期: 2026-03-20 | 来源: http://epg.cdn.loc.cc/xml
频道: [FoodON（FoodON）] | 日期: 2026-03-14 | 来源: http://epg.cdn.loc.cc/xml
频道: [FoodON（FoodON）] | 日期: 2026-03-15 | 来源: http://epg.cdn.loc.cc/xml
频道: [FoodON（FoodON）] | 日期: 2026-03-16 | 来源: http://epg.cdn.loc.cc/xml
频道: [FoodON（FoodON）] | 日期: 2026-03-17 | 来源: http://epg.cdn.loc.cc/xml
频道: [FoodON（FoodON）] | 日期: 2026-03-18 | 来源: http://epg.cdn.loc.cc/xml
频道: [FoodON（FoodON）] | 日期: 2026-03-19 | 来源: http://epg.cdn.loc.cc/xml
频道: [FoodON（FoodON）] | 日期: 2026-03-20 | 来源: http://epg.cdn.loc.cc/xml
频道: [FoodON（FoodON）] | 日期: 2026-03-21 | 来源: http://epg.cdn.loc.cc/xml
频道: [FoodON（FoodON）] | 日期: 2026-03-22 | 来源: http://epg.cdn.loc.cc/xml
频道: [Fox News Channel（Fox News Channel）] | 日期: 2026-03-15 | 来源: http://epg.cdn.loc.cc/xml
频道: [Fox News Channel（Fox News Channel）] | 日期: 2026-03-16 | 来源: http://epg.cdn.loc.cc/xml
频道: [Fox News Channel（Fox News Channel）] | 日期: 2026-03-17 | 来源: http://epg.cdn.loc.cc/xml
频道: [Fox News Channel（Fox News Channel）] | 日期: 2026-03-18 | 来源: http://epg.cdn.loc.cc/xml
频道: [Fox News Channel（Fox News Channel）] | 日期: 2026-03-19 | 来源: http://epg.cdn.loc.cc/xml
频道: [Fox News Channel（Fox News Channel）] | 日期: 2026-03-20 | 来源: http://epg.cdn.loc.cc/xml
频道: [Fox News Channel（Fox News Channel）] | 日期: 2026-03-21 | 来源: http://epg.cdn.loc.cc/xml
频道: [Fox News Channel HD（Fox News Channel HD）] | 日期: 2026-03-14 | 来源: http://epg.cdn.loc.cc/xml
频道: [Fox News Channel HD（Fox News Channel HD）] | 日期: 2026-03-15 | 来源: http://epg.cdn.loc.cc/xml
频道: [Fox News Channel HD（Fox News Channel HD）] | 日期: 2026-03-16 | 来源: http://epg.cdn.loc.cc/xml
频道: [Fox News Channel HD（Fox News Channel HD）] | 日期: 2026-03-17 | 来源: http://epg.cdn.loc.cc/xml
频道: [Fox News Channel HD（Fox News Channel HD）] | 日期: 2026-03-18 | 来源: http://epg.cdn.loc.cc/xml
频道: [Fox News Channel HD（Fox News Channel HD）] | 日期: 2026-03-19 | 来源: http://epg.cdn.loc.cc/xml
频道: [Fox News Channel HD（Fox News Channel HD）] | 日期: 2026-03-20 | 来源: http://epg.cdn.loc.cc/xml
频道: [Fox News Channel HD（Fox News Channel HD）] | 日期: 2026-03-21 | 来源: http://epg.cdn.loc.cc/xml
频道: [Fox News Channel HD（Fox News Channel HD）] | 日期: 2026-03-22 | 来源: http://epg.cdn.loc.cc/xml
频道: [France 24 (French)（France 24 (French)）] | 日期: 2026-03-15 | 来源: http://epg.cdn.loc.cc/xml
频道: [France 24 (French)（France 24 (French)）] | 日期: 2026-03-16 | 来源: http://epg.cdn.loc.cc/xml
频道: [France 24 (French)（France 24 (French)）] | 日期: 2026-03-17 | 来源: http://epg.cdn.loc.cc/xml
频道: [France 24 (French)（France 24 (French)）] | 日期: 2026-03-18 | 来源: http://epg.cdn.loc.cc/xml
频道: [France 24 (French)（France 24 (French)）] | 日期: 2026-03-19 | 来源: http://epg.cdn.loc.cc/xml
频道: [France 24 (French)（France 24 (French)）] | 日期: 2026-03-20 | 来源: http://epg.cdn.loc.cc/xml
频道: [GINX（GINX）] | 日期: 2026-03-15 | 来源: https://github.com/litiande03/epg/raw/refs/heads/master/pl.xml.gz
频道: [GINX（GINX）] | 日期: 2026-03-16 | 来源: https://github.com/litiande03/epg/raw/refs/heads/master/pl.xml.gz
频道: [GINX（GINX）] | 日期: 2026-03-17 | 来源: https://github.com/litiande03/epg/raw/refs/heads/master/pl.xml.gz
频道: [GINX Esports TV（GINX Esports TV）] | 日期: 2026-03-15 | 来源: https://github.com/litiande03/epg/raw/refs/heads/master/pl.xml.gz
频道: [GINX Esports TV（GINX Esports TV）] | 日期: 2026-03-16 | 来源: https://github.com/litiande03/epg/raw/refs/heads/master/pl.xml.gz
频道: [GINX Esports TV（GINX Esports TV）] | 日期: 2026-03-17 | 来源: https://github.com/litiande03/epg/raw/refs/heads/master/pl.xml.gz
频道: [GMA Life TV（GMA Life TV）] | 日期: 2026-03-15 | 来源: http://epg.cdn.loc.cc/xml
频道: [GMA Life TV（GMA Life TV）] | 日期: 2026-03-16 | 来源: http://epg.cdn.loc.cc/xml
频道: [GMA Life TV（GMA Life TV）] | 日期: 2026-03-17 | 来源: http://epg.cdn.loc.cc/xml
频道: [GMA Life TV（GMA Life TV）] | 日期: 2026-03-18 | 来源: http://epg.cdn.loc.cc/xml
频道: [GMA Life TV（GMA Life TV）] | 日期: 2026-03-19 | 来源: http://epg.cdn.loc.cc/xml
频道: [GMA Life TV（GMA Life TV）] | 日期: 2026-03-20 | 来源: http://epg.cdn.loc.cc/xml
频道: [GMA News TV（GMA News TV）] | 日期: 2026-03-15 | 来源: http://epg.cdn.loc.cc/xml
频道: [GMA News TV（GMA News TV）] | 日期: 2026-03-16 | 来源: http://epg.cdn.loc.cc/xml
频道: [GMA News TV（GMA News TV）] | 日期: 2026-03-17 | 来源: http://epg.cdn.loc.cc/xml
频道: [GMA News TV（GMA News TV）] | 日期: 2026-03-18 | 来源: http://epg.cdn.loc.cc/xml
频道: [GMA News TV（GMA News TV）] | 日期: 2026-03-19 | 来源: http://epg.cdn.loc.cc/xml
频道: [GMA News TV（GMA News TV）] | 日期: 2026-03-20 | 来源: http://epg.cdn.loc.cc/xml
频道: [GMA Pinoy TV（GMA Pinoy TV）] | 日期: 2026-03-14 | 来源: http://epg.cdn.loc.cc/xml
频道: [GMA Pinoy TV（GMA Pinoy TV）] | 日期: 2026-03-15 | 来源: http://epg.cdn.loc.cc/xml
频道: [GMA Pinoy TV（GMA Pinoy TV）] | 日期: 2026-03-16 | 来源: http://epg.cdn.loc.cc/xml
频道: [GMA Pinoy TV（GMA Pinoy TV）] | 日期: 2026-03-17 | 来源: http://epg.cdn.loc.cc/xml
频道: [GMA Pinoy TV（GMA Pinoy TV）] | 日期: 2026-03-18 | 来源: http://epg.cdn.loc.cc/xml
频道: [GMA Pinoy TV（GMA Pinoy TV）] | 日期: 2026-03-19 | 来源: http://epg.cdn.loc.cc/xml
频道: [GMA Pinoy TV（GMA Pinoy TV）] | 日期: 2026-03-20 | 来源: http://epg.cdn.loc.cc/xml
频道: [GOLF CHANNEL（GOLF CHANNEL）] | 日期: 2026-03-14 | 来源: http://epg.cdn.loc.cc/xml
频道: [GOLF CHANNEL（GOLF CHANNEL）] | 日期: 2026-03-15 | 来源: http://epg.cdn.loc.cc/xml
频道: [GOLF CHANNEL（GOLF CHANNEL）] | 日期: 2026-03-16 | 来源: http://epg.cdn.loc.cc/xml
频道: [GOLF CHANNEL（GOLF CHANNEL）] | 日期: 2026-03-17 | 来源: http://epg.cdn.loc.cc/xml
频道: [GOLF CHANNEL（GOLF CHANNEL）] | 日期: 2026-03-18 | 来源: http://epg.cdn.loc.cc/xml
频道: [GOLF CHANNEL（GOLF CHANNEL）] | 日期: 2026-03-19 | 来源: http://epg.cdn.loc.cc/xml
频道: [GOLF CHANNEL（GOLF CHANNEL）] | 日期: 2026-03-20 | 来源: http://epg.cdn.loc.cc/xml
频道: [GOLF CHANNEL（GOLF CHANNEL）] | 日期: 2026-03-21 | 来源: http://epg.cdn.loc.cc/xml
频道: [GOOD TV（GOOD TV）] | 日期: 2026-03-15 | 来源: https://github.com/litiande03/epg/raw/refs/heads/master/pl.xml.gz
频道: [GOOD TV（GOOD TV）] | 日期: 2026-03-16 | 来源: https://github.com/litiande03/epg/raw/refs/heads/master/pl.xml.gz
频道: [GOOD TV（GOOD TV）] | 日期: 2026-03-17 | 来源: https://github.com/litiande03/epg/raw/refs/heads/master/pl.xml.gz
频道: [GOOD TV 2台（GOOD TV 2台）] | 日期: 2026-03-15 | 来源: https://github.com/litiande03/epg/raw/refs/heads/master/pl.xml.gz
频道: [GOOD TV 2台（GOOD TV 2台）] | 日期: 2026-03-16 | 来源: https://github.com/litiande03/epg/raw/refs/heads/master/pl.xml.gz
频道: [GOOD TV 2台（GOOD TV 2台）] | 日期: 2026-03-17 | 来源: https://github.com/litiande03/epg/raw/refs/heads/master/pl.xml.gz
频道: [Ginx TV电竞频道（Ginx TV电竞频道）] | 日期: 2026-03-15 | 来源: http://epg.cdn.loc.cc/xml
频道: [Ginx TV电竞频道（Ginx TV电竞频道）] | 日期: 2026-03-16 | 来源: http://epg.cdn.loc.cc/xml
频道: [Ginx TV电竞频道（Ginx TV电竞频道）] | 日期: 2026-03-17 | 来源: http://epg.cdn.loc.cc/xml
频道: [Ginx TV电竞频道（Ginx TV电竞频道）] | 日期: 2026-03-18 | 来源: http://epg.cdn.loc.cc/xml
频道: [Ginx TV电竞频道（Ginx TV电竞频道）] | 日期: 2026-03-19 | 来源: http://epg.cdn.loc.cc/xml
频道: [Ginx TV电竞频道（Ginx TV电竞频道）] | 日期: 2026-03-20 | 来源: http://epg.cdn.loc.cc/xml
频道: [Ginx TV电竞频道（Ginx TV电竞频道）] | 日期: 2026-03-21 | 来源: http://epg.cdn.loc.cc/xml
频道: [Global Trekker（Global Trekker）] | 日期: 2026-03-14 | 来源: http://epg.cdn.loc.cc/xml
频道: [Global Trekker（Global Trekker）] | 日期: 2026-03-15 | 来源: https://github.com/litiande03/epg/raw/refs/heads/master/pl.xml.gz
频道: [Global Trekker（Global Trekker）] | 日期: 2026-03-16 | 来源: https://github.com/litiande03/epg/raw/refs/heads/master/pl.xml.gz
频道: [Global Trekker（Global Trekker）] | 日期: 2026-03-17 | 来源: https://github.com/litiande03/epg/raw/refs/heads/master/pl.xml.gz
频道: [Global Trekker（Global Trekker）] | 日期: 2026-03-18 | 来源: http://epg.cdn.loc.cc/xml
频道: [Global Trekker（Global Trekker）] | 日期: 2026-03-19 | 来源: http://epg.cdn.loc.cc/xml
频道: [Global Trekker（Global Trekker）] | 日期: 2026-03-20 | 来源: http://epg.cdn.loc.cc/xml
频道: [Global Trekker（Global Trekker）] | 日期: 2026-03-21 | 来源: http://epg.cdn.loc.cc/xml
频道: [Global Trekker（Global Trekker）] | 日期: 2026-03-22 | 来源: http://epg.cdn.loc.cc/xml
频道: [Global Trekker（Global Trekker）] | 日期: 2026-03-23 | 来源: http://epg.cdn.loc.cc/xml
频道: [Globetrotter（Globetrotter）] | 日期: 2026-03-14 | 来源: http://epg.cdn.loc.cc/xml
频道: [Globetrotter（Globetrotter）] | 日期: 2026-03-15 | 来源: http://epg.cdn.loc.cc/xml
频道: [Globetrotter（Globetrotter）] | 日期: 2026-03-16 | 来源: http://epg.cdn.loc.cc/xml
频道: [Globetrotter（Globetrotter）] | 日期: 2026-03-17 | 来源: http://epg.cdn.loc.cc/xml
频道: [Globetrotter（Globetrotter）] | 日期: 2026-03-18 | 来源: http://epg.cdn.loc.cc/xml
频道: [Globetrotter（Globetrotter）] | 日期: 2026-03-19 | 来源: http://epg.cdn.loc.cc/xml
频道: [Globetrotter（Globetrotter）] | 日期: 2026-03-20 | 来源: http://epg.cdn.loc.cc/xml
频道: [Globetrotter（Globetrotter）] | 日期: 2026-03-21 | 来源: http://epg.cdn.loc.cc/xml
频道: [Globetrotter（Globetrotter）] | 日期: 2026-03-22 | 来源: http://epg.cdn.loc.cc/xml
频道: [Globetrotter（Globetrotter）] | 日期: 2026-03-23 | 来源: http://epg.cdn.loc.cc/xml
频道: [HBLTV1台（HBLTV1台）] | 日期: 2026-03-15 | 来源: http://epg.cdn.loc.cc/xml
频道: [HBLTV1台（HBLTV1台）] | 日期: 2026-03-16 | 来源: http://epg.cdn.loc.cc/xml
频道: [HBLTV1台（HBLTV1台）] | 日期: 2026-03-17 | 来源: http://epg.cdn.loc.cc/xml
频道: [HBLTV1台（HBLTV1台）] | 日期: 2026-03-18 | 来源: http://epg.cdn.loc.cc/xml
频道: [HBLTV1台（HBLTV1台）] | 日期: 2026-03-19 | 来源: http://epg.cdn.loc.cc/xml
频道: [HBLTV1台（HBLTV1台）] | 日期: 2026-03-20 | 来源: http://epg.cdn.loc.cc/xml
频道: [HBLTV1台(免费)（HBLTV1台(免费)）] | 日期: 2026-03-15 | 来源: http://epg.cdn.loc.cc/xml
频道: [HBLTV1台(免费)（HBLTV1台(免费)）] | 日期: 2026-03-16 | 来源: http://epg.cdn.loc.cc/xml
频道: [HBLTV1台(免费)（HBLTV1台(免费)）] | 日期: 2026-03-17 | 来源: http://epg.cdn.loc.cc/xml
频道: [HBLTV1台(免费)（HBLTV1台(免费)）] | 日期: 2026-03-18 | 来源: http://epg.cdn.loc.cc/xml
频道: [HBLTV1台(免费)（HBLTV1台(免费)）] | 日期: 2026-03-19 | 来源: http://epg.cdn.loc.cc/xml
频道: [HBLTV1台(免费)（HBLTV1台(免费)）] | 日期: 2026-03-20 | 来源: http://epg.cdn.loc.cc/xml
频道: [HBLTV2台（HBLTV2台）] | 日期: 2026-03-15 | 来源: http://epg.cdn.loc.cc/xml
频道: [HBLTV2台（HBLTV2台）] | 日期: 2026-03-16 | 来源: http://epg.cdn.loc.cc/xml
频道: [HBLTV2台（HBLTV2台）] | 日期: 2026-03-17 | 来源: http://epg.cdn.loc.cc/xml
频道: [HBLTV2台（HBLTV2台）] | 日期: 2026-03-18 | 来源: http://epg.cdn.loc.cc/xml
频道: [HBLTV2台（HBLTV2台）] | 日期: 2026-03-19 | 来源: http://epg.cdn.loc.cc/xml
频道: [HBLTV2台（HBLTV2台）] | 日期: 2026-03-20 | 来源: http://epg.cdn.loc.cc/xml
频道: [HBLTV2台(免费)（HBLTV2台(免费)）] | 日期: 2026-03-15 | 来源: http://epg.cdn.loc.cc/xml
频道: [HBLTV2台(免费)（HBLTV2台(免费)）] | 日期: 2026-03-16 | 来源: http://epg.cdn.loc.cc/xml
频道: [HBLTV2台(免费)（HBLTV2台(免费)）] | 日期: 2026-03-17 | 来源: http://epg.cdn.loc.cc/xml
频道: [HBLTV2台(免费)（HBLTV2台(免费)）] | 日期: 2026-03-18 | 来源: http://epg.cdn.loc.cc/xml
频道: [HBLTV2台(免费)（HBLTV2台(免费)）] | 日期: 2026-03-19 | 来源: http://epg.cdn.loc.cc/xml
频道: [HBLTV2台(免费)（HBLTV2台(免费)）] | 日期: 2026-03-20 | 来源: http://epg.cdn.loc.cc/xml
频道: [HBO（HBO）] | 日期: 2026-03-14 | 来源: http://epg.cdn.loc.cc/xml
频道: [HBO（HBO）] | 日期: 2026-03-15 | 来源: http://e.erw.cc/all.xml.gz
频道: [HBO（HBO）] | 日期: 2026-03-16 | 来源: https://epg.136605.xyz/9days.xml
频道: [HBO（HBO）] | 日期: 2026-03-17 | 来源: https://epg.136605.xyz/9days.xml
频道: [HBO（HBO）] | 日期: 2026-03-18 | 来源: http://epg.cdn.loc.cc/xml
频道: [HBO（HBO）] | 日期: 2026-03-19 | 来源: http://epg.cdn.loc.cc/xml
频道: [HBO（HBO）] | 日期: 2026-03-20 | 来源: http://epg.cdn.loc.cc/xml
频道: [HBO Family（HBO Family）] | 日期: 2026-03-14 | 来源: https://epg.136605.xyz/9days.xml
频道: [HBO Family（HBO Family）] | 日期: 2026-03-15 | 来源: http://epg.cdn.loc.cc/xml
频道: [HBO Family（HBO Family）] | 日期: 2026-03-16 | 来源: http://epg.cdn.loc.cc/xml
频道: [HBO Family（HBO Family）] | 日期: 2026-03-17 | 来源: http://epg.cdn.loc.cc/xml
频道: [HBO Family（HBO Family）] | 日期: 2026-03-18 | 来源: http://epg.cdn.loc.cc/xml
频道: [HBO Family（HBO Family）] | 日期: 2026-03-19 | 来源: http://epg.cdn.loc.cc/xml
频道: [HBO Family（HBO Family）] | 日期: 2026-03-20 | 来源: http://epg.cdn.loc.cc/xml
频道: [HBO Family（HBO Family）] | 日期: 2026-03-21 | 来源: http://epg.cdn.loc.cc/xml
频道: [HBO Family HD（HBO Family HD）] | 日期: 2026-03-14 | 来源: http://epg.cdn.loc.cc/xml
频道: [HBO Family HD（HBO Family HD）] | 日期: 2026-03-15 | 来源: http://epg.cdn.loc.cc/xml
频道: [HBO Family HD（HBO Family HD）] | 日期: 2026-03-16 | 来源: http://epg.cdn.loc.cc/xml
频道: [HBO Family HD（HBO Family HD）] | 日期: 2026-03-17 | 来源: http://epg.cdn.loc.cc/xml
频道: [HBO Family HD（HBO Family HD）] | 日期: 2026-03-18 | 来源: http://epg.cdn.loc.cc/xml
频道: [HBO Family HD（HBO Family HD）] | 日期: 2026-03-19 | 来源: http://epg.cdn.loc.cc/xml
频道: [HBO Family HD（HBO Family HD）] | 日期: 2026-03-20 | 来源: http://epg.cdn.loc.cc/xml
频道: [HBO Family HD（HBO Family HD）] | 日期: 2026-03-21 | 来源: http://epg.cdn.loc.cc/xml
频道: [HBO HD（HBO HD）] | 日期: 2026-03-14 | 来源: http://epg.cdn.loc.cc/xml
频道: [HBO HD（HBO HD）] | 日期: 2026-03-15 | 来源: http://epg.cdn.loc.cc/xml
频道: [HBO HD（HBO HD）] | 日期: 2026-03-16 | 来源: http://epg.cdn.loc.cc/xml
频道: [HBO HD（HBO HD）] | 日期: 2026-03-17 | 来源: http://epg.cdn.loc.cc/xml
频道: [HBO HD（HBO HD）] | 日期: 2026-03-18 | 来源: http://epg.cdn.loc.cc/xml
频道: [HBO HD（HBO HD）] | 日期: 2026-03-19 | 来源: http://epg.cdn.loc.cc/xml
频道: [HBO HD（HBO HD）] | 日期: 2026-03-20 | 来源: http://epg.cdn.loc.cc/xml
频道: [HBO HD（HBO HD）] | 日期: 2026-03-21 | 来源: http://epg.cdn.loc.cc/xml
频道: [HBO Hits（HBO Hits）] | 日期: 2026-03-14 | 来源: http://epg.cdn.loc.cc/xml
频道: [HBO Hits（HBO Hits）] | 日期: 2026-03-15 | 来源: https://epg.136605.xyz/9days.xml
频道: [HBO Hits（HBO Hits）] | 日期: 2026-03-16 | 来源: https://epg.136605.xyz/9days.xml
频道: [HBO Hits（HBO Hits）] | 日期: 2026-03-17 | 来源: https://epg.136605.xyz/9days.xml
频道: [HBO Hits（HBO Hits）] | 日期: 2026-03-18 | 来源: http://epg.cdn.loc.cc/xml
频道: [HBO Hits（HBO Hits）] | 日期: 2026-03-19 | 来源: http://epg.cdn.loc.cc/xml
频道: [HBO Hits（HBO Hits）] | 日期: 2026-03-20 | 来源: http://epg.cdn.loc.cc/xml
频道: [HBO Hits HD（HBO Hits HD）] | 日期: 2026-03-14 | 来源: http://epg.cdn.loc.cc/xml
频道: [HBO Hits HD（HBO Hits HD）] | 日期: 2026-03-15 | 来源: http://epg.cdn.loc.cc/xml
频道: [HBO Hits HD（HBO Hits HD）] | 日期: 2026-03-16 | 来源: http://epg.cdn.loc.cc/xml
频道: [HBO Hits HD（HBO Hits HD）] | 日期: 2026-03-17 | 来源: http://epg.cdn.loc.cc/xml
频道: [HBO Hits HD（HBO Hits HD）] | 日期: 2026-03-18 | 来源: http://epg.cdn.loc.cc/xml
频道: [HBO Hits HD（HBO Hits HD）] | 日期: 2026-03-19 | 来源: http://epg.cdn.loc.cc/xml
频道: [HBO Hits HD（HBO Hits HD）] | 日期: 2026-03-20 | 来源: http://epg.cdn.loc.cc/xml
频道: [HBO Hits HD（HBO Hits HD）] | 日期: 2026-03-21 | 来源: http://epg.cdn.loc.cc/xml
频道: [HBO Signature（HBO Signature）] | 日期: 2026-03-14 | 来源: https://epg.136605.xyz/9days.xml
频道: [HBO Signature（HBO Signature）] | 日期: 2026-03-15 | 来源: http://epg.cdn.loc.cc/xml
频道: [HBO Signature（HBO Signature）] | 日期: 2026-03-16 | 来源: http://epg.cdn.loc.cc/xml
频道: [HBO Signature（HBO Signature）] | 日期: 2026-03-17 | 来源: http://epg.cdn.loc.cc/xml
频道: [HBO Signature（HBO Signature）] | 日期: 2026-03-18 | 来源: http://epg.cdn.loc.cc/xml
频道: [HBO Signature（HBO Signature）] | 日期: 2026-03-19 | 来源: http://epg.cdn.loc.cc/xml
频道: [HBO Signature（HBO Signature）] | 日期: 2026-03-20 | 来源: http://epg.cdn.loc.cc/xml
频道: [HBO Signature（HBO Signature）] | 日期: 2026-03-21 | 来源: http://epg.cdn.loc.cc/xml
频道: [HBO Signature HD（HBO Signature HD）] | 日期: 2026-03-15 | 来源: http://epg.cdn.loc.cc/xml
频道: [HBO Signature HD（HBO Signature HD）] | 日期: 2026-03-16 | 来源: http://epg.cdn.loc.cc/xml
频道: [HBO Signature HD（HBO Signature HD）] | 日期: 2026-03-17 | 来源: http://epg.cdn.loc.cc/xml
频道: [HBO Signature HD（HBO Signature HD）] | 日期: 2026-03-18 | 来源: http://epg.cdn.loc.cc/xml
频道: [HBO Signature HD（HBO Signature HD）] | 日期: 2026-03-19 | 来源: http://epg.cdn.loc.cc/xml
频道: [HBO Signature HD（HBO Signature HD）] | 日期: 2026-03-20 | 来源: http://epg.cdn.loc.cc/xml
频道: [HBO Signature HD（HBO Signature HD）] | 日期: 2026-03-21 | 来源: http://epg.cdn.loc.cc/xml
频道: [HBO原创巨献（HBO原创巨献）] | 日期: 2026-03-15 | 来源: http://e.erw.cc/all.xml.gz
频道: [HBO强档巨献（HBO强档巨献）] | 日期: 2026-03-15 | 来源: http://e.erw.cc/all.xml.gz
频道: [HBO温馨家庭（HBO温馨家庭）] | 日期: 2026-03-15 | 来源: http://e.erw.cc/all.xml.gz
频道: [HGTV（HGTV）] | 日期: 2026-03-15 | 来源: http://epg.cdn.loc.cc/xml
频道: [HGTV（HGTV）] | 日期: 2026-03-16 | 来源: http://epg.cdn.loc.cc/xml
频道: [HGTV（HGTV）] | 日期: 2026-03-17 | 来源: http://epg.cdn.loc.cc/xml
频道: [HGTV（HGTV）] | 日期: 2026-03-18 | 来源: http://epg.cdn.loc.cc/xml
频道: [HGTV（HGTV）] | 日期: 2026-03-19 | 来源: http://epg.cdn.loc.cc/xml
频道: [HGTV（HGTV）] | 日期: 2026-03-20 | 来源: http://epg.cdn.loc.cc/xml
频道: [HGTV（HGTV）] | 日期: 2026-03-21 | 来源: http://epg.cdn.loc.cc/xml
频道: [HGTV HD（HGTV HD）] | 日期: 2026-03-14 | 来源: http://epg.cdn.loc.cc/xml
频道: [HGTV HD（HGTV HD）] | 日期: 2026-03-15 | 来源: http://epg.cdn.loc.cc/xml
频道: [HGTV HD（HGTV HD）] | 日期: 2026-03-16 | 来源: http://epg.cdn.loc.cc/xml
频道: [HGTV HD（HGTV HD）] | 日期: 2026-03-17 | 来源: http://epg.cdn.loc.cc/xml
频道: [HGTV HD（HGTV HD）] | 日期: 2026-03-18 | 来源: http://epg.cdn.loc.cc/xml
频道: [HGTV HD（HGTV HD）] | 日期: 2026-03-19 | 来源: http://epg.cdn.loc.cc/xml
频道: [HGTV HD（HGTV HD）] | 日期: 2026-03-20 | 来源: http://epg.cdn.loc.cc/xml
频道: [HGTV HD（HGTV HD）] | 日期: 2026-03-21 | 来源: http://epg.cdn.loc.cc/xml
频道: [HGTV HD（HGTV HD）] | 日期: 2026-03-22 | 来源: http://epg.cdn.loc.cc/xml
频道: [HGTV居家乐活频道（HGTV居家乐活频道）] | 日期: 2026-03-14 | 来源: http://epg.cdn.loc.cc/xml
频道: [HGTV居家乐活频道（HGTV居家乐活频道）] | 日期: 2026-03-15 | 来源: http://epg.cdn.loc.cc/xml
频道: [HGTV居家乐活频道（HGTV居家乐活频道）] | 日期: 2026-03-16 | 来源: http://epg.cdn.loc.cc/xml
频道: [HGTV居家乐活频道（HGTV居家乐活频道）] | 日期: 2026-03-17 | 来源: http://epg.cdn.loc.cc/xml
频道: [HGTV居家乐活频道（HGTV居家乐活频道）] | 日期: 2026-03-18 | 来源: http://epg.cdn.loc.cc/xml
频道: [HGTV居家乐活频道（HGTV居家乐活频道）] | 日期: 2026-03-19 | 来源: http://epg.cdn.loc.cc/xml
频道: [HGTV居家乐活频道（HGTV居家乐活频道）] | 日期: 2026-03-20 | 来源: http://epg.cdn.loc.cc/xml
频道: [HGTV居家乐活频道（HGTV居家乐活频道）] | 日期: 2026-03-21 | 来源: http://epg.cdn.loc.cc/xml
频道: [HISTORY（HISTORY）] | 日期: 2026-03-14 | 来源: http://epg.cdn.loc.cc/xml
频道: [HISTORY（HISTORY）] | 日期: 2026-03-15 | 来源: http://epg.cdn.loc.cc/xml
频道: [HISTORY（HISTORY）] | 日期: 2026-03-16 | 来源: http://epg.cdn.loc.cc/xml
频道: [HISTORY（HISTORY）] | 日期: 2026-03-17 | 来源: http://epg.cdn.loc.cc/xml
频道: [HISTORY（HISTORY）] | 日期: 2026-03-18 | 来源: http://epg.cdn.loc.cc/xml
频道: [HISTORY（HISTORY）] | 日期: 2026-03-19 | 来源: http://epg.cdn.loc.cc/xml
频道: [HISTORY（HISTORY）] | 日期: 2026-03-20 | 来源: http://epg.cdn.loc.cc/xml
频道: [HISTORY（HISTORY）] | 日期: 2026-03-21 | 来源: http://epg.cdn.loc.cc/xml
频道: [HISTORY HD（HISTORY HD）] | 日期: 2026-03-14 | 来源: http://epg.cdn.loc.cc/xml
频道: [HISTORY HD（HISTORY HD）] | 日期: 2026-03-15 | 来源: http://epg.cdn.loc.cc/xml
频道: [HISTORY HD（HISTORY HD）] | 日期: 2026-03-16 | 来源: http://epg.cdn.loc.cc/xml
频道: [HISTORY HD（HISTORY HD）] | 日期: 2026-03-17 | 来源: http://epg.cdn.loc.cc/xml
频道: [HISTORY HD（HISTORY HD）] | 日期: 2026-03-18 | 来源: http://epg.cdn.loc.cc/xml
频道: [HISTORY HD（HISTORY HD）] | 日期: 2026-03-19 | 来源: http://epg.cdn.loc.cc/xml
频道: [HISTORY HD（HISTORY HD）] | 日期: 2026-03-20 | 来源: http://epg.cdn.loc.cc/xml
频道: [HISTORY HD（HISTORY HD）] | 日期: 2026-03-21 | 来源: http://epg.cdn.loc.cc/xml
频道: [HITS（HITS）] | 日期: 2026-03-14 | 来源: https://epg.136605.xyz/9days.xml
频道: [HITS（HITS）] | 日期: 2026-03-15 | 来源: http://epg.cdn.loc.cc/xml
频道: [HITS（HITS）] | 日期: 2026-03-16 | 来源: http://epg.cdn.loc.cc/xml
频道: [HITS（HITS）] | 日期: 2026-03-17 | 来源: http://epg.cdn.loc.cc/xml
频道: [HITS（HITS）] | 日期: 2026-03-18 | 来源: http://epg.cdn.loc.cc/xml
频道: [HITS（HITS）] | 日期: 2026-03-19 | 来源: http://epg.cdn.loc.cc/xml
频道: [HITS（HITS）] | 日期: 2026-03-20 | 来源: http://epg.cdn.loc.cc/xml
频道: [HITS MOVIES（HITS MOVIES）] | 日期: 2026-03-14 | 来源: https://epg.136605.xyz/9days.xml
频道: [HITS MOVIES（HITS MOVIES）] | 日期: 2026-03-15 | 来源: https://epg.136605.xyz/9days.xml
频道: [HITS MOVIES（HITS MOVIES）] | 日期: 2026-03-16 | 来源: https://epg.136605.xyz/9days.xml
频道: [HITS MOVIES（HITS MOVIES）] | 日期: 2026-03-17 | 来源: https://epg.136605.xyz/9days.xml
频道: [HITS MOVIES（HITS MOVIES）] | 日期: 2026-03-18 | 来源: http://epg.cdn.loc.cc/xml
频道: [HITS MOVIES（HITS MOVIES）] | 日期: 2026-03-19 | 来源: http://epg.cdn.loc.cc/xml
频道: [HITS MOVIES（HITS MOVIES）] | 日期: 2026-03-20 | 来源: http://epg.cdn.loc.cc/xml
频道: [HITS MOVIES（HITS MOVIES）] | 日期: 2026-03-21 | 来源: http://epg.cdn.loc.cc/xml
频道: [HITS MOVIES HD（HITS MOVIES HD）] | 日期: 2026-03-14 | 来源: http://epg.cdn.loc.cc/xml
频道: [HITS MOVIES HD（HITS MOVIES HD）] | 日期: 2026-03-15 | 来源: http://epg.cdn.loc.cc/xml
频道: [HITS MOVIES HD（HITS MOVIES HD）] | 日期: 2026-03-16 | 来源: http://epg.cdn.loc.cc/xml
频道: [HITS MOVIES HD（HITS MOVIES HD）] | 日期: 2026-03-17 | 来源: http://epg.cdn.loc.cc/xml
频道: [HITS MOVIES HD（HITS MOVIES HD）] | 日期: 2026-03-18 | 来源: http://epg.cdn.loc.cc/xml
频道: [HITS MOVIES HD（HITS MOVIES HD）] | 日期: 2026-03-19 | 来源: http://epg.cdn.loc.cc/xml
频道: [HITS MOVIES HD（HITS MOVIES HD）] | 日期: 2026-03-20 | 来源: http://epg.cdn.loc.cc/xml
频道: [HITS MOVIES HD（HITS MOVIES HD）] | 日期: 2026-03-21 | 来源: http://epg.cdn.loc.cc/xml
频道: [HITSNOW（HITSNOW）] | 日期: 2026-03-15 | 来源: http://epg.cdn.loc.cc/xml
频道: [HITSNOW（HITSNOW）] | 日期: 2026-03-16 | 来源: http://epg.cdn.loc.cc/xml
频道: [HITSNOW（HITSNOW）] | 日期: 2026-03-17 | 来源: http://epg.cdn.loc.cc/xml
频道: [HITSNOW（HITSNOW）] | 日期: 2026-03-18 | 来源: http://epg.cdn.loc.cc/xml
频道: [HITSNOW（HITSNOW）] | 日期: 2026-03-19 | 来源: http://epg.cdn.loc.cc/xml
频道: [HITSNOW（HITSNOW）] | 日期: 2026-03-20 | 来源: http://epg.cdn.loc.cc/xml
频道: [HITSNOW（HITSNOW）] | 日期: 2026-03-21 | 来源: http://epg.cdn.loc.cc/xml
频道: [HOY TV（HOY TV）] | 日期: 2026-03-15 | 来源: http://epg.cdn.loc.cc/xml
频道: [HOY TV（HOY TV）] | 日期: 2026-03-16 | 来源: http://epg.cdn.loc.cc/xml
频道: [HOY TV（HOY TV）] | 日期: 2026-03-17 | 来源: https://github.com/litiande03/epg/raw/refs/heads/master/pl.xml.gz
频道: [HOY TV（HOY TV）] | 日期: 2026-03-18 | 来源: http://epg.cdn.loc.cc/xml
频道: [HOY TV（HOY TV）] | 日期: 2026-03-19 | 来源: http://epg.cdn.loc.cc/xml
频道: [HOY TV（HOY TV）] | 日期: 2026-03-20 | 来源: http://epg.cdn.loc.cc/xml
频道: [HOY TV（HOY TV）] | 日期: 2026-03-21 | 来源: http://epg.cdn.loc.cc/xml
频道: [HOY TV（HOY TV）] | 日期: 2026-03-22 | 来源: http://epg.cdn.loc.cc/xml
频道: [HOY 国际财经台（HOY 国际财经台）] | 日期: 2026-03-15 | 来源: http://epg.cdn.loc.cc/xml
频道: [HOY 国际财经台（HOY 国际财经台）] | 日期: 2026-03-16 | 来源: https://github.com/litiande03/epg/raw/refs/heads/master/pl.xml.gz
频道: [HOY 国际财经台（HOY 国际财经台）] | 日期: 2026-03-17 | 来源: https://github.com/litiande03/epg/raw/refs/heads/master/pl.xml.gz
频道: [HOY 国际财经台（HOY 国际财经台）] | 日期: 2026-03-18 | 来源: http://epg.cdn.loc.cc/xml
频道: [HOY 国际财经台（HOY 国际财经台）] | 日期: 2026-03-19 | 来源: http://epg.cdn.loc.cc/xml
频道: [HOY 国际财经台（HOY 国际财经台）] | 日期: 2026-03-20 | 来源: http://epg.cdn.loc.cc/xml
频道: [HOY 国际财经台（HOY 国际财经台）] | 日期: 2026-03-21 | 来源: http://epg.cdn.loc.cc/xml
频道: [HOY 国际财经台（HOY 国际财经台）] | 日期: 2026-03-22 | 来源: http://epg.cdn.loc.cc/xml
频道: [HOY 资讯台（HOY 资讯台）] | 日期: 2026-03-15 | 来源: http://epg.cdn.loc.cc/xml
频道: [HOY 资讯台（HOY 资讯台）] | 日期: 2026-03-16 | 来源: http://epg.cdn.loc.cc/xml
频道: [HOY 资讯台（HOY 资讯台）] | 日期: 2026-03-17 | 来源: http://epg.cdn.loc.cc/xml
频道: [HOY 资讯台（HOY 资讯台）] | 日期: 2026-03-18 | 来源: http://epg.cdn.loc.cc/xml
频道: [HOY 资讯台（HOY 资讯台）] | 日期: 2026-03-19 | 来源: http://epg.cdn.loc.cc/xml
频道: [HOY 资讯台（HOY 资讯台）] | 日期: 2026-03-20 | 来源: http://epg.cdn.loc.cc/xml
频道: [HOY 资讯台（HOY 资讯台）] | 日期: 2026-03-21 | 来源: http://epg.cdn.loc.cc/xml
频道: [HOY 资讯台（HOY 资讯台）] | 日期: 2026-03-22 | 来源: http://epg.cdn.loc.cc/xml
频道: [HOY76（HOY76）] | 日期: 2026-03-15 | 来源: http://e.erw.cc/all.xml.gz
频道: [HOY77（HOY77）] | 日期: 2026-03-15 | 来源: http://e.erw.cc/all.xml.gz
频道: [HOY78（HOY78）] | 日期: 2026-03-15 | 来源: http://e.erw.cc/all.xml.gz
频道: [HOY体育台（HOY体育台）] | 日期: 2026-03-15 | 来源: http://epg.cdn.loc.cc/xml
频道: [HOY体育台（HOY体育台）] | 日期: 2026-03-16 | 来源: http://epg.cdn.loc.cc/xml
频道: [HOY体育台（HOY体育台）] | 日期: 2026-03-17 | 来源: http://epg.cdn.loc.cc/xml
频道: [HOY体育台（HOY体育台）] | 日期: 2026-03-18 | 来源: http://epg.cdn.loc.cc/xml
频道: [HOY体育台（HOY体育台）] | 日期: 2026-03-19 | 来源: http://epg.cdn.loc.cc/xml
频道: [HOY体育台（HOY体育台）] | 日期: 2026-03-20 | 来源: http://epg.cdn.loc.cc/xml
频道: [HOY剧集台（HOY剧集台）] | 日期: 2026-03-15 | 来源: https://github.com/litiande03/epg/raw/refs/heads/master/pl.xml.gz
频道: [HOY剧集台（HOY剧集台）] | 日期: 2026-03-16 | 来源: https://github.com/litiande03/epg/raw/refs/heads/master/pl.xml.gz
频道: [HOY剧集台（HOY剧集台）] | 日期: 2026-03-17 | 来源: https://github.com/litiande03/epg/raw/refs/heads/master/pl.xml.gz
频道: [HOY剧集台（HOY剧集台）] | 日期: 2026-03-18 | 来源: http://epg.cdn.loc.cc/xml
频道: [HOY剧集台（HOY剧集台）] | 日期: 2026-03-19 | 来源: http://epg.cdn.loc.cc/xml
频道: [HOY剧集台（HOY剧集台）] | 日期: 2026-03-20 | 来源: http://epg.cdn.loc.cc/xml
频道: [HOY剧集台（HOY剧集台）] | 日期: 2026-03-21 | 来源: http://epg.cdn.loc.cc/xml
频道: [HOY怪谈台（HOY怪谈台）] | 日期: 2026-03-15 | 来源: https://github.com/litiande03/epg/raw/refs/heads/master/pl.xml.gz
频道: [HOY怪谈台（HOY怪谈台）] | 日期: 2026-03-16 | 来源: https://github.com/litiande03/epg/raw/refs/heads/master/pl.xml.gz
频道: [HOY怪谈台（HOY怪谈台）] | 日期: 2026-03-17 | 来源: https://github.com/litiande03/epg/raw/refs/heads/master/pl.xml.gz
频道: [HOY怪谈台（HOY怪谈台）] | 日期: 2026-03-18 | 来源: http://epg.cdn.loc.cc/xml
频道: [HOY怪谈台（HOY怪谈台）] | 日期: 2026-03-19 | 来源: http://epg.cdn.loc.cc/xml
频道: [HOY怪谈台（HOY怪谈台）] | 日期: 2026-03-20 | 来源: http://epg.cdn.loc.cc/xml
频道: [HOY怪谈台（HOY怪谈台）] | 日期: 2026-03-21 | 来源: http://epg.cdn.loc.cc/xml
频道: [HOY生活台（HOY生活台）] | 日期: 2026-03-15 | 来源: http://epg.cdn.loc.cc/xml
频道: [HOY生活台（HOY生活台）] | 日期: 2026-03-16 | 来源: http://epg.cdn.loc.cc/xml
频道: [HOY生活台（HOY生活台）] | 日期: 2026-03-17 | 来源: http://epg.cdn.loc.cc/xml
频道: [HOY生活台（HOY生活台）] | 日期: 2026-03-18 | 来源: http://epg.cdn.loc.cc/xml
频道: [HOY生活台（HOY生活台）] | 日期: 2026-03-19 | 来源: http://epg.cdn.loc.cc/xml
频道: [HOY生活台（HOY生活台）] | 日期: 2026-03-20 | 来源: http://epg.cdn.loc.cc/xml
频道: [HOY生活台（HOY生活台）] | 日期: 2026-03-21 | 来源: http://epg.cdn.loc.cc/xml
频道: [HUA HEE DAI（HUA HEE DAI）] | 日期: 2026-03-15 | 来源: http://epg.cdn.loc.cc/xml
频道: [HUA HEE DAI（HUA HEE DAI）] | 日期: 2026-03-16 | 来源: http://epg.cdn.loc.cc/xml
频道: [HUA HEE DAI（HUA HEE DAI）] | 日期: 2026-03-17 | 来源: http://epg.cdn.loc.cc/xml
频道: [HUA HEE DAI（HUA HEE DAI）] | 日期: 2026-03-18 | 来源: http://epg.cdn.loc.cc/xml
频道: [HUA HEE DAI（HUA HEE DAI）] | 日期: 2026-03-19 | 来源: http://epg.cdn.loc.cc/xml
频道: [HUA HEE DAI（HUA HEE DAI）] | 日期: 2026-03-20 | 来源: http://epg.cdn.loc.cc/xml
频道: [HUA HEE DAI（HUA HEE DAI）] | 日期: 2026-03-21 | 来源: http://epg.cdn.loc.cc/xml
频道: [HakkaTV（HakkaTV）] | 日期: 2026-03-15 | 来源: https://github.com/litiande03/epg/raw/refs/heads/master/pl.xml.gz
频道: [HakkaTV（HakkaTV）] | 日期: 2026-03-16 | 来源: https://github.com/litiande03/epg/raw/refs/heads/master/pl.xml.gz
频道: [HakkaTV（HakkaTV）] | 日期: 2026-03-17 | 来源: https://github.com/litiande03/epg/raw/refs/heads/master/pl.xml.gz
频道: [Hami WBC1台（Hami WBC1台）] | 日期: 2026-03-15 | 来源: http://epg.cdn.loc.cc/xml
频道: [Hami WBC1台（Hami WBC1台）] | 日期: 2026-03-16 | 来源: http://epg.cdn.loc.cc/xml
频道: [Hami WBC1台（Hami WBC1台）] | 日期: 2026-03-17 | 来源: http://epg.cdn.loc.cc/xml
频道: [Hami WBC1台（Hami WBC1台）] | 日期: 2026-03-18 | 来源: http://epg.cdn.loc.cc/xml
频道: [Hami WBC1台（Hami WBC1台）] | 日期: 2026-03-19 | 来源: http://epg.cdn.loc.cc/xml
频道: [Hami WBC1台（Hami WBC1台）] | 日期: 2026-03-20 | 来源: http://epg.cdn.loc.cc/xml
频道: [Hami WBC1台（Hami WBC1台）] | 日期: 2026-03-21 | 来源: http://epg.cdn.loc.cc/xml
频道: [Hami WBC2台（Hami WBC2台）] | 日期: 2026-03-15 | 来源: http://epg.cdn.loc.cc/xml
频道: [Hami WBC2台（Hami WBC2台）] | 日期: 2026-03-16 | 来源: http://epg.cdn.loc.cc/xml
频道: [Hami WBC2台（Hami WBC2台）] | 日期: 2026-03-17 | 来源: http://epg.cdn.loc.cc/xml
频道: [Hami WBC2台（Hami WBC2台）] | 日期: 2026-03-18 | 来源: http://epg.cdn.loc.cc/xml
频道: [Hami WBC2台（Hami WBC2台）] | 日期: 2026-03-19 | 来源: http://epg.cdn.loc.cc/xml
频道: [Hami WBC2台（Hami WBC2台）] | 日期: 2026-03-20 | 来源: http://epg.cdn.loc.cc/xml
频道: [Hami WBC2台（Hami WBC2台）] | 日期: 2026-03-21 | 来源: http://epg.cdn.loc.cc/xml
频道: [Hami WBC3台（Hami WBC3台）] | 日期: 2026-03-15 | 来源: http://epg.cdn.loc.cc/xml
频道: [Hami WBC3台（Hami WBC3台）] | 日期: 2026-03-16 | 来源: http://epg.cdn.loc.cc/xml
频道: [Hami WBC3台（Hami WBC3台）] | 日期: 2026-03-17 | 来源: http://epg.cdn.loc.cc/xml
频道: [Hami WBC3台（Hami WBC3台）] | 日期: 2026-03-18 | 来源: http://epg.cdn.loc.cc/xml
频道: [Hami WBC3台（Hami WBC3台）] | 日期: 2026-03-19 | 来源: http://epg.cdn.loc.cc/xml
频道: [Hami WBC3台（Hami WBC3台）] | 日期: 2026-03-20 | 来源: http://epg.cdn.loc.cc/xml
频道: [Hami WBC3台（Hami WBC3台）] | 日期: 2026-03-21 | 来源: http://epg.cdn.loc.cc/xml
频道: [Hami WBC4台（Hami WBC4台）] | 日期: 2026-03-15 | 来源: http://epg.cdn.loc.cc/xml
频道: [Hami WBC4台（Hami WBC4台）] | 日期: 2026-03-16 | 来源: http://epg.cdn.loc.cc/xml
频道: [Hami WBC4台（Hami WBC4台）] | 日期: 2026-03-17 | 来源: http://epg.cdn.loc.cc/xml
频道: [Hami WBC4台（Hami WBC4台）] | 日期: 2026-03-18 | 来源: http://epg.cdn.loc.cc/xml
频道: [Hami WBC4台（Hami WBC4台）] | 日期: 2026-03-19 | 来源: http://epg.cdn.loc.cc/xml
频道: [Hami WBC4台（Hami WBC4台）] | 日期: 2026-03-20 | 来源: http://epg.cdn.loc.cc/xml
频道: [Hami WBC4台（Hami WBC4台）] | 日期: 2026-03-21 | 来源: http://epg.cdn.loc.cc/xml
频道: [Hami体育1台（Hami体育1台）] | 日期: 2026-03-15 | 来源: http://epg.cdn.loc.cc/xml
频道: [Hami体育1台（Hami体育1台）] | 日期: 2026-03-16 | 来源: http://epg.cdn.loc.cc/xml
频道: [Hami体育1台（Hami体育1台）] | 日期: 2026-03-17 | 来源: http://epg.cdn.loc.cc/xml
频道: [Hami体育1台（Hami体育1台）] | 日期: 2026-03-18 | 来源: http://epg.cdn.loc.cc/xml
频道: [Hami体育1台（Hami体育1台）] | 日期: 2026-03-19 | 来源: http://epg.cdn.loc.cc/xml
频道: [Hami体育1台（Hami体育1台）] | 日期: 2026-03-20 | 来源: http://epg.cdn.loc.cc/xml
频道: [Hami体育1台（Hami体育1台）] | 日期: 2026-03-21 | 来源: http://epg.cdn.loc.cc/xml
频道: [Hami体育1台(免费)（Hami体育1台(免费)）] | 日期: 2026-03-15 | 来源: http://epg.cdn.loc.cc/xml
频道: [Hami体育1台(免费)（Hami体育1台(免费)）] | 日期: 2026-03-16 | 来源: http://epg.cdn.loc.cc/xml
频道: [Hami体育1台(免费)（Hami体育1台(免费)）] | 日期: 2026-03-17 | 来源: http://epg.cdn.loc.cc/xml
频道: [Hami体育1台(免费)（Hami体育1台(免费)）] | 日期: 2026-03-18 | 来源: http://epg.cdn.loc.cc/xml
频道: [Hami体育1台(免费)（Hami体育1台(免费)）] | 日期: 2026-03-19 | 来源: http://epg.cdn.loc.cc/xml
频道: [Hami体育1台(免费)（Hami体育1台(免费)）] | 日期: 2026-03-20 | 来源: http://epg.cdn.loc.cc/xml
频道: [Hami体育1台(免费)（Hami体育1台(免费)）] | 日期: 2026-03-21 | 来源: http://epg.cdn.loc.cc/xml
频道: [Hami体育2台（Hami体育2台）] | 日期: 2026-03-15 | 来源: http://epg.cdn.loc.cc/xml
频道: [Hami体育2台（Hami体育2台）] | 日期: 2026-03-16 | 来源: http://epg.cdn.loc.cc/xml
频道: [Hami体育3台（Hami体育3台）] | 日期: 2026-03-15 | 来源: http://epg.cdn.loc.cc/xml
频道: [Hami体育3台（Hami体育3台）] | 日期: 2026-03-16 | 来源: http://epg.cdn.loc.cc/xml
频道: [Hami体育3台（Hami体育3台）] | 日期: 2026-03-17 | 来源: http://epg.cdn.loc.cc/xml
频道: [Hami体育3台（Hami体育3台）] | 日期: 2026-03-18 | 来源: http://epg.cdn.loc.cc/xml
频道: [Hami体育3台（Hami体育3台）] | 日期: 2026-03-19 | 来源: http://epg.cdn.loc.cc/xml
频道: [Hami体育3台（Hami体育3台）] | 日期: 2026-03-20 | 来源: http://epg.cdn.loc.cc/xml
频道: [Hami体育3台（Hami体育3台）] | 日期: 2026-03-21 | 来源: http://epg.cdn.loc.cc/xml
频道: [Hami体育3台(免费)（Hami体育3台(免费)）] | 日期: 2026-03-15 | 来源: http://epg.cdn.loc.cc/xml
频道: [Hami体育3台(免费)（Hami体育3台(免费)）] | 日期: 2026-03-16 | 来源: http://epg.cdn.loc.cc/xml
频道: [Hami体育3台(免费)（Hami体育3台(免费)）] | 日期: 2026-03-17 | 来源: http://epg.cdn.loc.cc/xml
频道: [Hami体育3台(免费)（Hami体育3台(免费)）] | 日期: 2026-03-18 | 来源: http://epg.cdn.loc.cc/xml
频道: [Hami体育3台(免费)（Hami体育3台(免费)）] | 日期: 2026-03-19 | 来源: http://epg.cdn.loc.cc/xml
频道: [Hami体育3台(免费)（Hami体育3台(免费)）] | 日期: 2026-03-20 | 来源: http://epg.cdn.loc.cc/xml
频道: [Hami体育3台(免费)（Hami体育3台(免费)）] | 日期: 2026-03-21 | 来源: http://epg.cdn.loc.cc/xml
频道: [History 历史频道（History 历史频道）] | 日期: 2026-03-15 | 来源: https://github.com/litiande03/epg/raw/refs/heads/master/pl.xml.gz
频道: [History 历史频道（History 历史频道）] | 日期: 2026-03-16 | 来源: https://github.com/litiande03/epg/raw/refs/heads/master/pl.xml.gz
频道: [History 历史频道（History 历史频道）] | 日期: 2026-03-17 | 来源: https://github.com/litiande03/epg/raw/refs/heads/master/pl.xml.gz
频道: [History 历史频道（History 历史频道）] | 日期: 2026-03-18 | 来源: https://github.com/litiande03/epg/raw/refs/heads/master/pl.xml.gz
频道: [Hits HD（Hits HD）] | 日期: 2026-03-14 | 来源: http://epg.cdn.loc.cc/xml
频道: [Hits HD（Hits HD）] | 日期: 2026-03-15 | 来源: http://epg.cdn.loc.cc/xml
频道: [Hits HD（Hits HD）] | 日期: 2026-03-16 | 来源: http://epg.cdn.loc.cc/xml
频道: [Hits HD（Hits HD）] | 日期: 2026-03-17 | 来源: http://epg.cdn.loc.cc/xml
频道: [Hits HD（Hits HD）] | 日期: 2026-03-18 | 来源: http://epg.cdn.loc.cc/xml
频道: [Hits HD（Hits HD）] | 日期: 2026-03-19 | 来源: http://epg.cdn.loc.cc/xml
频道: [Hits HD（Hits HD）] | 日期: 2026-03-20 | 来源: http://epg.cdn.loc.cc/xml
频道: [Hits HD（Hits HD）] | 日期: 2026-03-21 | 来源: http://epg.cdn.loc.cc/xml
频道: [Hits HD（Hits HD）] | 日期: 2026-03-22 | 来源: http://epg.cdn.loc.cc/xml
频道: [Hub E City HD（Hub E City HD）] | 日期: 2026-03-14 | 来源: http://epg.cdn.loc.cc/xml
频道: [Hub E City HD（Hub E City HD）] | 日期: 2026-03-15 | 来源: http://epg.cdn.loc.cc/xml
频道: [Hub E City HD（Hub E City HD）] | 日期: 2026-03-16 | 来源: http://epg.cdn.loc.cc/xml
频道: [Hub E City HD（Hub E City HD）] | 日期: 2026-03-17 | 来源: http://epg.cdn.loc.cc/xml
频道: [Hub E City HD（Hub E City HD）] | 日期: 2026-03-18 | 来源: http://epg.cdn.loc.cc/xml
频道: [Hub E City HD（Hub E City HD）] | 日期: 2026-03-19 | 来源: http://epg.cdn.loc.cc/xml
频道: [Hub E City HD（Hub E City HD）] | 日期: 2026-03-20 | 来源: http://epg.cdn.loc.cc/xml
频道: [Hub E City HD（Hub E City HD）] | 日期: 2026-03-21 | 来源: http://epg.cdn.loc.cc/xml
频道: [Hub Premier 1（Hub Premier 1）] | 日期: 2026-03-14 | 来源: http://epg.cdn.loc.cc/xml
频道: [Hub Premier 1（Hub Premier 1）] | 日期: 2026-03-15 | 来源: http://epg.cdn.loc.cc/xml
频道: [Hub Premier 1（Hub Premier 1）] | 日期: 2026-03-16 | 来源: http://epg.cdn.loc.cc/xml
频道: [Hub Premier 1（Hub Premier 1）] | 日期: 2026-03-17 | 来源: http://epg.cdn.loc.cc/xml
频道: [Hub Premier 1（Hub Premier 1）] | 日期: 2026-03-18 | 来源: http://epg.cdn.loc.cc/xml
频道: [Hub Premier 1（Hub Premier 1）] | 日期: 2026-03-19 | 来源: http://epg.cdn.loc.cc/xml
频道: [Hub Premier 1（Hub Premier 1）] | 日期: 2026-03-20 | 来源: http://epg.cdn.loc.cc/xml
频道: [Hub Premier 1（Hub Premier 1）] | 日期: 2026-03-21 | 来源: http://epg.cdn.loc.cc/xml
频道: [Hub Premier 10（Hub Premier 10）] | 日期: 2026-03-14 | 来源: http://epg.cdn.loc.cc/xml
频道: [Hub Premier 10（Hub Premier 10）] | 日期: 2026-03-15 | 来源: http://epg.cdn.loc.cc/xml
频道: [Hub Premier 10（Hub Premier 10）] | 日期: 2026-03-16 | 来源: http://epg.cdn.loc.cc/xml
频道: [Hub Premier 10（Hub Premier 10）] | 日期: 2026-03-17 | 来源: http://epg.cdn.loc.cc/xml
频道: [Hub Premier 10（Hub Premier 10）] | 日期: 2026-03-18 | 来源: http://epg.cdn.loc.cc/xml
频道: [Hub Premier 10（Hub Premier 10）] | 日期: 2026-03-19 | 来源: http://epg.cdn.loc.cc/xml
频道: [Hub Premier 10（Hub Premier 10）] | 日期: 2026-03-20 | 来源: http://epg.cdn.loc.cc/xml
频道: [Hub Premier 10（Hub Premier 10）] | 日期: 2026-03-21 | 来源: http://epg.cdn.loc.cc/xml
频道: [Hub Premier 10（Hub Premier 10）] | 日期: 2026-03-22 | 来源: http://epg.cdn.loc.cc/xml
频道: [Hub Premier 11（Hub Premier 11）] | 日期: 2026-03-14 | 来源: http://epg.cdn.loc.cc/xml
频道: [Hub Premier 11（Hub Premier 11）] | 日期: 2026-03-15 | 来源: http://epg.cdn.loc.cc/xml
频道: [Hub Premier 11（Hub Premier 11）] | 日期: 2026-03-16 | 来源: http://epg.cdn.loc.cc/xml
频道: [Hub Premier 11（Hub Premier 11）] | 日期: 2026-03-17 | 来源: http://epg.cdn.loc.cc/xml
频道: [Hub Premier 11（Hub Premier 11）] | 日期: 2026-03-18 | 来源: http://epg.cdn.loc.cc/xml
频道: [Hub Premier 11（Hub Premier 11）] | 日期: 2026-03-19 | 来源: http://epg.cdn.loc.cc/xml
频道: [Hub Premier 11（Hub Premier 11）] | 日期: 2026-03-20 | 来源: http://epg.cdn.loc.cc/xml
频道: [Hub Premier 11（Hub Premier 11）] | 日期: 2026-03-21 | 来源: http://epg.cdn.loc.cc/xml
频道: [Hub Premier 11（Hub Premier 11）] | 日期: 2026-03-22 | 来源: http://epg.cdn.loc.cc/xml
频道: [Hub Premier 2（Hub Premier 2）] | 日期: 2026-03-14 | 来源: http://epg.cdn.loc.cc/xml
频道: [Hub Premier 2（Hub Premier 2）] | 日期: 2026-03-15 | 来源: http://epg.cdn.loc.cc/xml
频道: [Hub Premier 2（Hub Premier 2）] | 日期: 2026-03-16 | 来源: http://epg.cdn.loc.cc/xml
频道: [Hub Premier 2（Hub Premier 2）] | 日期: 2026-03-17 | 来源: http://epg.cdn.loc.cc/xml
频道: [Hub Premier 2（Hub Premier 2）] | 日期: 2026-03-18 | 来源: http://epg.cdn.loc.cc/xml
频道: [Hub Premier 2（Hub Premier 2）] | 日期: 2026-03-19 | 来源: http://epg.cdn.loc.cc/xml
频道: [Hub Premier 2（Hub Premier 2）] | 日期: 2026-03-20 | 来源: http://epg.cdn.loc.cc/xml
频道: [Hub Premier 2（Hub Premier 2）] | 日期: 2026-03-21 | 来源: http://epg.cdn.loc.cc/xml
频道: [Hub Premier 2（Hub Premier 2）] | 日期: 2026-03-22 | 来源: http://epg.cdn.loc.cc/xml
频道: [Hub Premier 2 (HD)（Hub Premier 2 (HD)）] | 日期: 2026-03-14 | 来源: http://epg.cdn.loc.cc/xml
频道: [Hub Premier 2 (HD)（Hub Premier 2 (HD)）] | 日期: 2026-03-15 | 来源: http://epg.cdn.loc.cc/xml
频道: [Hub Premier 2 (HD)（Hub Premier 2 (HD)）] | 日期: 2026-03-16 | 来源: http://epg.cdn.loc.cc/xml
频道: [Hub Premier 2 (HD)（Hub Premier 2 (HD)）] | 日期: 2026-03-17 | 来源: http://epg.cdn.loc.cc/xml
频道: [Hub Premier 2 (HD)（Hub Premier 2 (HD)）] | 日期: 2026-03-18 | 来源: http://epg.cdn.loc.cc/xml
频道: [Hub Premier 2 (HD)（Hub Premier 2 (HD)）] | 日期: 2026-03-19 | 来源: http://epg.cdn.loc.cc/xml
频道: [Hub Premier 2 (HD)（Hub Premier 2 (HD)）] | 日期: 2026-03-20 | 来源: http://epg.cdn.loc.cc/xml
频道: [Hub Premier 2 (HD)（Hub Premier 2 (HD)）] | 日期: 2026-03-21 | 来源: http://epg.cdn.loc.cc/xml
频道: [Hub Premier 3（Hub Premier 3）] | 日期: 2026-03-14 | 来源: http://epg.cdn.loc.cc/xml
频道: [Hub Premier 3（Hub Premier 3）] | 日期: 2026-03-15 | 来源: http://epg.cdn.loc.cc/xml
频道: [Hub Premier 3（Hub Premier 3）] | 日期: 2026-03-16 | 来源: http://epg.cdn.loc.cc/xml
频道: [Hub Premier 3（Hub Premier 3）] | 日期: 2026-03-17 | 来源: http://epg.cdn.loc.cc/xml
频道: [Hub Premier 3（Hub Premier 3）] | 日期: 2026-03-18 | 来源: http://epg.cdn.loc.cc/xml
频道: [Hub Premier 3（Hub Premier 3）] | 日期: 2026-03-19 | 来源: http://epg.cdn.loc.cc/xml
频道: [Hub Premier 3（Hub Premier 3）] | 日期: 2026-03-20 | 来源: http://epg.cdn.loc.cc/xml
频道: [Hub Premier 3（Hub Premier 3）] | 日期: 2026-03-21 | 来源: http://epg.cdn.loc.cc/xml
频道: [Hub Premier 4（Hub Premier 4）] | 日期: 2026-03-15 | 来源: http://epg.cdn.loc.cc/xml
频道: [Hub Premier 4（Hub Premier 4）] | 日期: 2026-03-16 | 来源: http://epg.cdn.loc.cc/xml
频道: [Hub Premier 4（Hub Premier 4）] | 日期: 2026-03-17 | 来源: http://epg.cdn.loc.cc/xml
频道: [Hub Premier 4（Hub Premier 4）] | 日期: 2026-03-18 | 来源: http://epg.cdn.loc.cc/xml
频道: [Hub Premier 4（Hub Premier 4）] | 日期: 2026-03-19 | 来源: http://epg.cdn.loc.cc/xml
频道: [Hub Premier 4（Hub Premier 4）] | 日期: 2026-03-20 | 来源: http://epg.cdn.loc.cc/xml
频道: [Hub Premier 4（Hub Premier 4）] | 日期: 2026-03-21 | 来源: http://epg.cdn.loc.cc/xml
频道: [Hub Premier 5（Hub Premier 5）] | 日期: 2026-03-15 | 来源: http://epg.cdn.loc.cc/xml
频道: [Hub Premier 5（Hub Premier 5）] | 日期: 2026-03-16 | 来源: http://epg.cdn.loc.cc/xml
频道: [Hub Premier 5（Hub Premier 5）] | 日期: 2026-03-17 | 来源: http://epg.cdn.loc.cc/xml
频道: [Hub Premier 5（Hub Premier 5）] | 日期: 2026-03-18 | 来源: http://epg.cdn.loc.cc/xml
频道: [Hub Premier 5（Hub Premier 5）] | 日期: 2026-03-19 | 来源: http://epg.cdn.loc.cc/xml
频道: [Hub Premier 5（Hub Premier 5）] | 日期: 2026-03-20 | 来源: http://epg.cdn.loc.cc/xml
频道: [Hub Premier 5（Hub Premier 5）] | 日期: 2026-03-21 | 来源: http://epg.cdn.loc.cc/xml
频道: [Hub Premier 6（Hub Premier 6）] | 日期: 2026-03-15 | 来源: http://epg.cdn.loc.cc/xml
频道: [Hub Premier 6（Hub Premier 6）] | 日期: 2026-03-16 | 来源: http://epg.cdn.loc.cc/xml
频道: [Hub Premier 6（Hub Premier 6）] | 日期: 2026-03-17 | 来源: http://epg.cdn.loc.cc/xml
频道: [Hub Premier 6（Hub Premier 6）] | 日期: 2026-03-18 | 来源: http://epg.cdn.loc.cc/xml
频道: [Hub Premier 6（Hub Premier 6）] | 日期: 2026-03-19 | 来源: http://epg.cdn.loc.cc/xml
频道: [Hub Premier 6（Hub Premier 6）] | 日期: 2026-03-20 | 来源: http://epg.cdn.loc.cc/xml
频道: [Hub Premier 6（Hub Premier 6）] | 日期: 2026-03-21 | 来源: http://epg.cdn.loc.cc/xml
频道: [Hub Premier 7（Hub Premier 7）] | 日期: 2026-03-15 | 来源: http://epg.cdn.loc.cc/xml
频道: [Hub Premier 7（Hub Premier 7）] | 日期: 2026-03-16 | 来源: http://epg.cdn.loc.cc/xml
频道: [Hub Premier 7（Hub Premier 7）] | 日期: 2026-03-17 | 来源: http://epg.cdn.loc.cc/xml
频道: [Hub Premier 7（Hub Premier 7）] | 日期: 2026-03-18 | 来源: http://epg.cdn.loc.cc/xml
频道: [Hub Premier 7（Hub Premier 7）] | 日期: 2026-03-19 | 来源: http://epg.cdn.loc.cc/xml
频道: [Hub Premier 7（Hub Premier 7）] | 日期: 2026-03-20 | 来源: http://epg.cdn.loc.cc/xml
频道: [Hub Premier 7（Hub Premier 7）] | 日期: 2026-03-21 | 来源: http://epg.cdn.loc.cc/xml
频道: [Hub Premier 8（Hub Premier 8）] | 日期: 2026-03-15 | 来源: http://epg.cdn.loc.cc/xml
频道: [Hub Premier 8（Hub Premier 8）] | 日期: 2026-03-16 | 来源: http://epg.cdn.loc.cc/xml
频道: [Hub Premier 8（Hub Premier 8）] | 日期: 2026-03-17 | 来源: http://epg.cdn.loc.cc/xml
频道: [Hub Premier 8（Hub Premier 8）] | 日期: 2026-03-18 | 来源: http://epg.cdn.loc.cc/xml
频道: [Hub Premier 8（Hub Premier 8）] | 日期: 2026-03-19 | 来源: http://epg.cdn.loc.cc/xml
频道: [Hub Premier 8（Hub Premier 8）] | 日期: 2026-03-20 | 来源: http://epg.cdn.loc.cc/xml
频道: [Hub Premier 8（Hub Premier 8）] | 日期: 2026-03-21 | 来源: http://epg.cdn.loc.cc/xml
频道: [Hub Premier 9（Hub Premier 9）] | 日期: 2026-03-14 | 来源: http://epg.cdn.loc.cc/xml
频道: [Hub Premier 9（Hub Premier 9）] | 日期: 2026-03-15 | 来源: http://epg.cdn.loc.cc/xml
频道: [Hub Premier 9（Hub Premier 9）] | 日期: 2026-03-16 | 来源: http://epg.cdn.loc.cc/xml
频道: [Hub Premier 9（Hub Premier 9）] | 日期: 2026-03-17 | 来源: http://epg.cdn.loc.cc/xml
频道: [Hub Premier 9（Hub Premier 9）] | 日期: 2026-03-18 | 来源: http://epg.cdn.loc.cc/xml
频道: [Hub Premier 9（Hub Premier 9）] | 日期: 2026-03-19 | 来源: http://epg.cdn.loc.cc/xml
频道: [Hub Premier 9（Hub Premier 9）] | 日期: 2026-03-20 | 来源: http://epg.cdn.loc.cc/xml
频道: [Hub Premier 9（Hub Premier 9）] | 日期: 2026-03-21 | 来源: http://epg.cdn.loc.cc/xml
频道: [Hub Premier 9（Hub Premier 9）] | 日期: 2026-03-22 | 来源: http://epg.cdn.loc.cc/xml
频道: [Hub Ruyi（Hub Ruyi）] | 日期: 2026-03-15 | 来源: http://epg.cdn.loc.cc/xml
频道: [Hub Ruyi（Hub Ruyi）] | 日期: 2026-03-16 | 来源: http://epg.cdn.loc.cc/xml
频道: [Hub Ruyi（Hub Ruyi）] | 日期: 2026-03-17 | 来源: http://epg.cdn.loc.cc/xml
频道: [Hub Ruyi（Hub Ruyi）] | 日期: 2026-03-18 | 来源: http://epg.cdn.loc.cc/xml
频道: [Hub Ruyi（Hub Ruyi）] | 日期: 2026-03-19 | 来源: http://epg.cdn.loc.cc/xml
频道: [Hub Ruyi（Hub Ruyi）] | 日期: 2026-03-20 | 来源: http://epg.cdn.loc.cc/xml
频道: [Hub Ruyi（Hub Ruyi）] | 日期: 2026-03-21 | 来源: http://epg.cdn.loc.cc/xml
频道: [Hub Sensasi（Hub Sensasi）] | 日期: 2026-03-15 | 来源: http://epg.cdn.loc.cc/xml
频道: [Hub Sensasi（Hub Sensasi）] | 日期: 2026-03-16 | 来源: http://epg.cdn.loc.cc/xml
频道: [Hub Sensasi（Hub Sensasi）] | 日期: 2026-03-17 | 来源: http://epg.cdn.loc.cc/xml
频道: [Hub Sensasi（Hub Sensasi）] | 日期: 2026-03-18 | 来源: http://epg.cdn.loc.cc/xml
频道: [Hub Sensasi（Hub Sensasi）] | 日期: 2026-03-19 | 来源: http://epg.cdn.loc.cc/xml
频道: [Hub Sensasi（Hub Sensasi）] | 日期: 2026-03-20 | 来源: http://epg.cdn.loc.cc/xml
频道: [Hub Sensasi（Hub Sensasi）] | 日期: 2026-03-21 | 来源: http://epg.cdn.loc.cc/xml
频道: [Hub Sports 1 HD（Hub Sports 1 HD）] | 日期: 2026-03-14 | 来源: http://epg.cdn.loc.cc/xml
频道: [Hub Sports 1 HD（Hub Sports 1 HD）] | 日期: 2026-03-15 | 来源: http://epg.cdn.loc.cc/xml
频道: [Hub Sports 1 HD（Hub Sports 1 HD）] | 日期: 2026-03-16 | 来源: http://epg.cdn.loc.cc/xml
频道: [Hub Sports 1 HD（Hub Sports 1 HD）] | 日期: 2026-03-17 | 来源: http://epg.cdn.loc.cc/xml
频道: [Hub Sports 1 HD（Hub Sports 1 HD）] | 日期: 2026-03-18 | 来源: http://epg.cdn.loc.cc/xml
频道: [Hub Sports 1 HD（Hub Sports 1 HD）] | 日期: 2026-03-19 | 来源: http://epg.cdn.loc.cc/xml
频道: [Hub Sports 1 HD（Hub Sports 1 HD）] | 日期: 2026-03-20 | 来源: http://epg.cdn.loc.cc/xml
频道: [Hub Sports 1 HD（Hub Sports 1 HD）] | 日期: 2026-03-21 | 来源: http://epg.cdn.loc.cc/xml
频道: [Hub Sports 1 HD（Hub Sports 1 HD）] | 日期: 2026-03-22 | 来源: http://epg.cdn.loc.cc/xml
频道: [Hub Sports 2 HD（Hub Sports 2 HD）] | 日期: 2026-03-15 | 来源: http://epg.cdn.loc.cc/xml
频道: [Hub Sports 2 HD（Hub Sports 2 HD）] | 日期: 2026-03-16 | 来源: http://epg.cdn.loc.cc/xml
频道: [Hub Sports 2 HD（Hub Sports 2 HD）] | 日期: 2026-03-17 | 来源: http://epg.cdn.loc.cc/xml
频道: [Hub Sports 2 HD（Hub Sports 2 HD）] | 日期: 2026-03-18 | 来源: http://epg.cdn.loc.cc/xml
频道: [Hub Sports 2 HD（Hub Sports 2 HD）] | 日期: 2026-03-19 | 来源: http://epg.cdn.loc.cc/xml
频道: [Hub Sports 2 HD（Hub Sports 2 HD）] | 日期: 2026-03-20 | 来源: http://epg.cdn.loc.cc/xml
频道: [Hub Sports 2 HD（Hub Sports 2 HD）] | 日期: 2026-03-21 | 来源: http://epg.cdn.loc.cc/xml
频道: [Hub Sports 3 HD（Hub Sports 3 HD）] | 日期: 2026-03-15 | 来源: http://epg.cdn.loc.cc/xml
频道: [Hub Sports 3 HD（Hub Sports 3 HD）] | 日期: 2026-03-16 | 来源: http://epg.cdn.loc.cc/xml
频道: [Hub Sports 3 HD（Hub Sports 3 HD）] | 日期: 2026-03-17 | 来源: http://epg.cdn.loc.cc/xml
频道: [Hub Sports 3 HD（Hub Sports 3 HD）] | 日期: 2026-03-18 | 来源: http://epg.cdn.loc.cc/xml
频道: [Hub Sports 3 HD（Hub Sports 3 HD）] | 日期: 2026-03-19 | 来源: http://epg.cdn.loc.cc/xml
频道: [Hub Sports 3 HD（Hub Sports 3 HD）] | 日期: 2026-03-20 | 来源: http://epg.cdn.loc.cc/xml
频道: [Hub Sports 3 HD（Hub Sports 3 HD）] | 日期: 2026-03-21 | 来源: http://epg.cdn.loc.cc/xml
频道: [Hub Sports 4 HD（Hub Sports 4 HD）] | 日期: 2026-03-15 | 来源: http://epg.cdn.loc.cc/xml
频道: [Hub Sports 4 HD（Hub Sports 4 HD）] | 日期: 2026-03-16 | 来源: http://epg.cdn.loc.cc/xml
频道: [Hub Sports 4 HD（Hub Sports 4 HD）] | 日期: 2026-03-17 | 来源: http://epg.cdn.loc.cc/xml
频道: [Hub Sports 4 HD（Hub Sports 4 HD）] | 日期: 2026-03-18 | 来源: http://epg.cdn.loc.cc/xml
频道: [Hub Sports 4 HD（Hub Sports 4 HD）] | 日期: 2026-03-19 | 来源: http://epg.cdn.loc.cc/xml
频道: [Hub Sports 4 HD（Hub Sports 4 HD）] | 日期: 2026-03-20 | 来源: http://epg.cdn.loc.cc/xml
频道: [Hub Sports 4 HD（Hub Sports 4 HD）] | 日期: 2026-03-21 | 来源: http://epg.cdn.loc.cc/xml
频道: [Hub Sports 5 HD（Hub Sports 5 HD）] | 日期: 2026-03-15 | 来源: http://epg.cdn.loc.cc/xml
频道: [Hub Sports 5 HD（Hub Sports 5 HD）] | 日期: 2026-03-16 | 来源: http://epg.cdn.loc.cc/xml
频道: [Hub Sports 5 HD（Hub Sports 5 HD）] | 日期: 2026-03-17 | 来源: http://epg.cdn.loc.cc/xml
频道: [Hub Sports 5 HD（Hub Sports 5 HD）] | 日期: 2026-03-18 | 来源: http://epg.cdn.loc.cc/xml
频道: [Hub Sports 5 HD（Hub Sports 5 HD）] | 日期: 2026-03-19 | 来源: http://epg.cdn.loc.cc/xml
频道: [Hub Sports 5 HD（Hub Sports 5 HD）] | 日期: 2026-03-20 | 来源: http://epg.cdn.loc.cc/xml
频道: [Hub Sports 5 HD（Hub Sports 5 HD）] | 日期: 2026-03-21 | 来源: http://epg.cdn.loc.cc/xml
频道: [Hub Sports 6（Hub Sports 6）] | 日期: 2026-03-15 | 来源: http://epg.cdn.loc.cc/xml
频道: [Hub Sports 6（Hub Sports 6）] | 日期: 2026-03-16 | 来源: http://epg.cdn.loc.cc/xml
频道: [Hub Sports 6（Hub Sports 6）] | 日期: 2026-03-17 | 来源: http://epg.cdn.loc.cc/xml
频道: [Hub Sports 6（Hub Sports 6）] | 日期: 2026-03-18 | 来源: http://epg.cdn.loc.cc/xml
频道: [Hub Sports 6（Hub Sports 6）] | 日期: 2026-03-19 | 来源: http://epg.cdn.loc.cc/xml
频道: [Hub Sports 6（Hub Sports 6）] | 日期: 2026-03-20 | 来源: http://epg.cdn.loc.cc/xml
频道: [Hub Sports 6（Hub Sports 6）] | 日期: 2026-03-21 | 来源: http://epg.cdn.loc.cc/xml
频道: [Hub Sports 6 HD（Hub Sports 6 HD）] | 日期: 2026-03-14 | 来源: http://epg.cdn.loc.cc/xml
频道: [Hub Sports 6 HD（Hub Sports 6 HD）] | 日期: 2026-03-15 | 来源: http://epg.cdn.loc.cc/xml
频道: [Hub Sports 6 HD（Hub Sports 6 HD）] | 日期: 2026-03-16 | 来源: http://epg.cdn.loc.cc/xml
频道: [Hub Sports 6 HD（Hub Sports 6 HD）] | 日期: 2026-03-17 | 来源: http://epg.cdn.loc.cc/xml
频道: [Hub Sports 6 HD（Hub Sports 6 HD）] | 日期: 2026-03-18 | 来源: http://epg.cdn.loc.cc/xml
频道: [Hub Sports 6 HD（Hub Sports 6 HD）] | 日期: 2026-03-19 | 来源: http://epg.cdn.loc.cc/xml
频道: [Hub Sports 6 HD（Hub Sports 6 HD）] | 日期: 2026-03-20 | 来源: http://epg.cdn.loc.cc/xml
频道: [Hub Sports 6 HD（Hub Sports 6 HD）] | 日期: 2026-03-21 | 来源: http://epg.cdn.loc.cc/xml
频道: [Hub Sports 6 HD（Hub Sports 6 HD）] | 日期: 2026-03-22 | 来源: http://epg.cdn.loc.cc/xml
频道: [Hub Sports 7（Hub Sports 7）] | 日期: 2026-03-15 | 来源: http://epg.cdn.loc.cc/xml
频道: [Hub Sports 7（Hub Sports 7）] | 日期: 2026-03-16 | 来源: http://epg.cdn.loc.cc/xml
频道: [Hub Sports 7（Hub Sports 7）] | 日期: 2026-03-17 | 来源: http://epg.cdn.loc.cc/xml
频道: [Hub Sports 7（Hub Sports 7）] | 日期: 2026-03-18 | 来源: http://epg.cdn.loc.cc/xml
频道: [Hub Sports 7（Hub Sports 7）] | 日期: 2026-03-19 | 来源: http://epg.cdn.loc.cc/xml
频道: [Hub Sports 7（Hub Sports 7）] | 日期: 2026-03-20 | 来源: http://epg.cdn.loc.cc/xml
频道: [Hub Sports 7（Hub Sports 7）] | 日期: 2026-03-21 | 来源: http://epg.cdn.loc.cc/xml
频道: [Hub Sports 7 HD（Hub Sports 7 HD）] | 日期: 2026-03-14 | 来源: http://epg.cdn.loc.cc/xml
频道: [Hub Sports 7 HD（Hub Sports 7 HD）] | 日期: 2026-03-15 | 来源: http://epg.cdn.loc.cc/xml
频道: [Hub Sports 7 HD（Hub Sports 7 HD）] | 日期: 2026-03-16 | 来源: http://epg.cdn.loc.cc/xml
频道: [Hub Sports 7 HD（Hub Sports 7 HD）] | 日期: 2026-03-17 | 来源: http://epg.cdn.loc.cc/xml
频道: [Hub Sports 7 HD（Hub Sports 7 HD）] | 日期: 2026-03-18 | 来源: http://epg.cdn.loc.cc/xml
频道: [Hub Sports 7 HD（Hub Sports 7 HD）] | 日期: 2026-03-19 | 来源: http://epg.cdn.loc.cc/xml
频道: [Hub Sports 7 HD（Hub Sports 7 HD）] | 日期: 2026-03-20 | 来源: http://epg.cdn.loc.cc/xml
频道: [Hub Sports 7 HD（Hub Sports 7 HD）] | 日期: 2026-03-21 | 来源: http://epg.cdn.loc.cc/xml
频道: [Hub Sports 7 HD（Hub Sports 7 HD）] | 日期: 2026-03-22 | 来源: http://epg.cdn.loc.cc/xml
频道: [Hub Sports 8（Hub Sports 8）] | 日期: 2026-03-15 | 来源: http://epg.cdn.loc.cc/xml
频道: [Hub Sports 8（Hub Sports 8）] | 日期: 2026-03-16 | 来源: http://epg.cdn.loc.cc/xml
频道: [Hub Sports 8（Hub Sports 8）] | 日期: 2026-03-17 | 来源: http://epg.cdn.loc.cc/xml
频道: [Hub Sports 8（Hub Sports 8）] | 日期: 2026-03-18 | 来源: http://epg.cdn.loc.cc/xml
频道: [Hub Sports 8（Hub Sports 8）] | 日期: 2026-03-19 | 来源: http://epg.cdn.loc.cc/xml
频道: [Hub Sports 8（Hub Sports 8）] | 日期: 2026-03-20 | 来源: http://epg.cdn.loc.cc/xml
频道: [Hub Sports 8（Hub Sports 8）] | 日期: 2026-03-21 | 来源: http://epg.cdn.loc.cc/xml
频道: [Hub Sports 8 HD（Hub Sports 8 HD）] | 日期: 2026-03-14 | 来源: http://epg.cdn.loc.cc/xml
频道: [Hub Sports 8 HD（Hub Sports 8 HD）] | 日期: 2026-03-15 | 来源: http://epg.cdn.loc.cc/xml
频道: [Hub Sports 8 HD（Hub Sports 8 HD）] | 日期: 2026-03-16 | 来源: http://epg.cdn.loc.cc/xml
频道: [Hub Sports 8 HD（Hub Sports 8 HD）] | 日期: 2026-03-17 | 来源: http://epg.cdn.loc.cc/xml
频道: [Hub Sports 8 HD（Hub Sports 8 HD）] | 日期: 2026-03-18 | 来源: http://epg.cdn.loc.cc/xml
频道: [Hub Sports 8 HD（Hub Sports 8 HD）] | 日期: 2026-03-19 | 来源: http://epg.cdn.loc.cc/xml
频道: [Hub Sports 8 HD（Hub Sports 8 HD）] | 日期: 2026-03-20 | 来源: http://epg.cdn.loc.cc/xml
频道: [Hub Sports 8 HD（Hub Sports 8 HD）] | 日期: 2026-03-21 | 来源: http://epg.cdn.loc.cc/xml
频道: [Hub Sports 8 HD（Hub Sports 8 HD）] | 日期: 2026-03-22 | 来源: http://epg.cdn.loc.cc/xml
频道: [Hub VV Drama HD（Hub VV Drama HD）] | 日期: 2026-03-14 | 来源: http://epg.cdn.loc.cc/xml
频道: [Hub VV Drama HD（Hub VV Drama HD）] | 日期: 2026-03-15 | 来源: http://epg.cdn.loc.cc/xml
频道: [Hub VV Drama HD（Hub VV Drama HD）] | 日期: 2026-03-16 | 来源: http://epg.cdn.loc.cc/xml
频道: [Hub VV Drama HD（Hub VV Drama HD）] | 日期: 2026-03-17 | 来源: http://epg.cdn.loc.cc/xml
频道: [Hub VV Drama HD（Hub VV Drama HD）] | 日期: 2026-03-18 | 来源: http://epg.cdn.loc.cc/xml
频道: [Hub VV Drama HD（Hub VV Drama HD）] | 日期: 2026-03-19 | 来源: http://epg.cdn.loc.cc/xml
频道: [Hub VV Drama HD（Hub VV Drama HD）] | 日期: 2026-03-20 | 来源: http://epg.cdn.loc.cc/xml
频道: [Hub VV Drama HD（Hub VV Drama HD）] | 日期: 2026-03-21 | 来源: http://epg.cdn.loc.cc/xml
频道: [Hub VV Drama HD（Hub VV Drama HD）] | 日期: 2026-03-22 | 来源: http://epg.cdn.loc.cc/xml
频道: [Hub VVDrama（Hub VVDrama）] | 日期: 2026-03-14 | 来源: http://epg.cdn.loc.cc/xml
频道: [Hub VVDrama（Hub VVDrama）] | 日期: 2026-03-15 | 来源: http://epg.cdn.loc.cc/xml
频道: [Hub VVDrama（Hub VVDrama）] | 日期: 2026-03-16 | 来源: http://epg.cdn.loc.cc/xml
频道: [Hub VVDrama（Hub VVDrama）] | 日期: 2026-03-17 | 来源: http://epg.cdn.loc.cc/xml
频道: [Hub VVDrama（Hub VVDrama）] | 日期: 2026-03-18 | 来源: http://epg.cdn.loc.cc/xml
频道: [Hub VVDrama（Hub VVDrama）] | 日期: 2026-03-19 | 来源: http://epg.cdn.loc.cc/xml
频道: [Hub VVDrama（Hub VVDrama）] | 日期: 2026-03-20 | 来源: http://epg.cdn.loc.cc/xml
频道: [Hub VVDrama（Hub VVDrama）] | 日期: 2026-03-21 | 来源: http://epg.cdn.loc.cc/xml
频道: [INULTRA（INULTRA）] | 日期: 2026-03-14 | 来源: http://epg.cdn.loc.cc/xml
频道: [INULTRA（INULTRA）] | 日期: 2026-03-15 | 来源: http://epg.cdn.loc.cc/xml
频道: [INULTRA（INULTRA）] | 日期: 2026-03-16 | 来源: http://epg.cdn.loc.cc/xml
频道: [INULTRA（INULTRA）] | 日期: 2026-03-17 | 来源: http://epg.cdn.loc.cc/xml
频道: [INULTRA（INULTRA）] | 日期: 2026-03-18 | 来源: http://epg.cdn.loc.cc/xml
频道: [INULTRA（INULTRA）] | 日期: 2026-03-19 | 来源: http://epg.cdn.loc.cc/xml
频道: [INULTRA（INULTRA）] | 日期: 2026-03-20 | 来源: http://epg.cdn.loc.cc/xml
频道: [INULTRA（INULTRA）] | 日期: 2026-03-21 | 来源: http://epg.cdn.loc.cc/xml
频道: [IPTV3+（IPTV3+）] | 日期: 2026-03-15 | 来源: https://github.com/zzzz0317/beijing-unicom-iptv-playlist/raw/refs/heads/main/epg.xml
频道: [IPTV3+（IPTV3+）] | 日期: 2026-03-16 | 来源: https://github.com/zzzz0317/beijing-unicom-iptv-playlist/raw/refs/heads/main/epg.xml
频道: [IPTV3+（IPTV3+）] | 日期: 2026-03-17 | 来源: https://github.com/zzzz0317/beijing-unicom-iptv-playlist/raw/refs/heads/main/epg.xml
频道: [IPTV5+（IPTV5+）] | 日期: 2026-03-15 | 来源: https://github.com/zzzz0317/beijing-unicom-iptv-playlist/raw/refs/heads/main/epg.xml
频道: [IPTV5+（IPTV5+）] | 日期: 2026-03-16 | 来源: https://github.com/zzzz0317/beijing-unicom-iptv-playlist/raw/refs/heads/main/epg.xml
频道: [IPTV5+（IPTV5+）] | 日期: 2026-03-17 | 来源: https://github.com/zzzz0317/beijing-unicom-iptv-playlist/raw/refs/heads/main/epg.xml
频道: [IPTV6+（IPTV6+）] | 日期: 2026-03-15 | 来源: https://github.com/zzzz0317/beijing-unicom-iptv-playlist/raw/refs/heads/main/epg.xml
频道: [IPTV6+（IPTV6+）] | 日期: 2026-03-16 | 来源: https://github.com/zzzz0317/beijing-unicom-iptv-playlist/raw/refs/heads/main/epg.xml
频道: [IPTV6+（IPTV6+）] | 日期: 2026-03-17 | 来源: https://github.com/zzzz0317/beijing-unicom-iptv-playlist/raw/refs/heads/main/epg.xml
频道: [IPTV8+（IPTV8+）] | 日期: 2026-03-15 | 来源: https://github.com/zzzz0317/beijing-unicom-iptv-playlist/raw/refs/heads/main/epg.xml
频道: [IPTV8+（IPTV8+）] | 日期: 2026-03-16 | 来源: https://github.com/zzzz0317/beijing-unicom-iptv-playlist/raw/refs/heads/main/epg.xml
频道: [IPTV8+（IPTV8+）] | 日期: 2026-03-17 | 来源: https://github.com/zzzz0317/beijing-unicom-iptv-playlist/raw/refs/heads/main/epg.xml
频道: [IPTV法治（IPTV法治）] | 日期: 2026-03-15 | 来源: https://liliu.serv00.net/epg/download.php?type=xml
频道: [IPTV法治（IPTV法治）] | 日期: 2026-03-16 | 来源: https://liliu.serv00.net/epg/download.php?type=xml
频道: [IPTV足球（IPTV足球）] | 日期: 2026-03-15 | 来源: https://liliu.serv00.net/epg/download.php?type=xml
频道: [IPTV足球（IPTV足球）] | 日期: 2026-03-16 | 来源: https://liliu.serv00.net/epg/download.php?type=xml
频道: [IPTV野外（IPTV野外）] | 日期: 2026-03-15 | 来源: https://liliu.serv00.net/epg/download.php?type=xml
频道: [IPTV野外（IPTV野外）] | 日期: 2026-03-16 | 来源: https://liliu.serv00.net/epg/download.php?type=xml
频道: [KBS World（KBS World）] | 日期: 2026-03-15 | 来源: http://epg.cdn.loc.cc/xml
频道: [KBS World（KBS World）] | 日期: 2026-03-16 | 来源: http://epg.cdn.loc.cc/xml
频道: [KBS World（KBS World）] | 日期: 2026-03-17 | 来源: http://epg.cdn.loc.cc/xml
频道: [KBS World（KBS World）] | 日期: 2026-03-18 | 来源: http://epg.cdn.loc.cc/xml
频道: [KBS World（KBS World）] | 日期: 2026-03-19 | 来源: http://epg.cdn.loc.cc/xml
频道: [KBS World（KBS World）] | 日期: 2026-03-20 | 来源: http://epg.cdn.loc.cc/xml
频道: [KBS World HD（KBS World HD）] | 日期: 2026-03-15 | 来源: http://epg.cdn.loc.cc/xml
频道: [KBS World HD（KBS World HD）] | 日期: 2026-03-16 | 来源: http://epg.cdn.loc.cc/xml
频道: [KBS World HD（KBS World HD）] | 日期: 2026-03-17 | 来源: http://epg.cdn.loc.cc/xml
频道: [KBS World HD（KBS World HD）] | 日期: 2026-03-18 | 来源: http://epg.cdn.loc.cc/xml
频道: [KBS World HD（KBS World HD）] | 日期: 2026-03-19 | 来源: http://epg.cdn.loc.cc/xml
频道: [KBS World HD（KBS World HD）] | 日期: 2026-03-20 | 来源: http://epg.cdn.loc.cc/xml
频道: [KBS World HD（KBS World HD）] | 日期: 2026-03-21 | 来源: http://epg.cdn.loc.cc/xml
频道: [KBSW（KBSW）] | 日期: 2026-03-15 | 来源: http://epg.cdn.loc.cc/xml
频道: [KBSW（KBSW）] | 日期: 2026-03-16 | 来源: http://epg.cdn.loc.cc/xml
频道: [KBSW（KBSW）] | 日期: 2026-03-17 | 来源: http://epg.cdn.loc.cc/xml
频道: [KBSW（KBSW）] | 日期: 2026-03-18 | 来源: http://epg.cdn.loc.cc/xml
频道: [KBSW（KBSW）] | 日期: 2026-03-19 | 来源: http://epg.cdn.loc.cc/xml
频道: [KBSW（KBSW）] | 日期: 2026-03-20 | 来源: http://epg.cdn.loc.cc/xml
频道: [KBSW（KBSW）] | 日期: 2026-03-21 | 来源: http://epg.cdn.loc.cc/xml
频道: [KIX（KIX）] | 日期: 2026-03-14 | 来源: http://epg.cdn.loc.cc/xml
频道: [KIX（KIX）] | 日期: 2026-03-15 | 来源: http://epg.cdn.loc.cc/xml
频道: [KIX（KIX）] | 日期: 2026-03-16 | 来源: http://epg.cdn.loc.cc/xml
频道: [KIX（KIX）] | 日期: 2026-03-17 | 来源: http://epg.cdn.loc.cc/xml
频道: [KIX（KIX）] | 日期: 2026-03-18 | 来源: http://epg.cdn.loc.cc/xml
频道: [KIX（KIX）] | 日期: 2026-03-19 | 来源: http://epg.cdn.loc.cc/xml
频道: [KIX（KIX）] | 日期: 2026-03-20 | 来源: http://epg.cdn.loc.cc/xml
频道: [KIX（KIX）] | 日期: 2026-03-21 | 来源: http://epg.cdn.loc.cc/xml
频道: [KIX（KIX）] | 日期: 2026-03-22 | 来源: http://epg.cdn.loc.cc/xml
频道: [KIX（KIX）] | 日期: 2026-03-23 | 来源: http://epg.cdn.loc.cc/xml
频道: [KLT-靖天国际台（KLT-靖天国际台）] | 日期: 2026-03-14 | 来源: https://epg.136605.xyz/9days.xml
频道: [KLT-靖天国际台（KLT-靖天国际台）] | 日期: 2026-03-15 | 来源: https://epg.136605.xyz/9days.xml
频道: [KLT-靖天国际台（KLT-靖天国际台）] | 日期: 2026-03-16 | 来源: https://epg.136605.xyz/9days.xml
频道: [KLT-靖天国际台（KLT-靖天国际台）] | 日期: 2026-03-17 | 来源: https://epg.136605.xyz/9days.xml
频道: [KMTV HD（KMTV HD）] | 日期: 2026-03-15 | 来源: https://github.com/litiande03/epg/raw/refs/heads/master/pl.xml.gz
频道: [KMTV HD（KMTV HD）] | 日期: 2026-03-16 | 来源: https://github.com/litiande03/epg/raw/refs/heads/master/pl.xml.gz
频道: [KMTV HD（KMTV HD）] | 日期: 2026-03-17 | 来源: https://github.com/litiande03/epg/raw/refs/heads/master/pl.xml.gz
频道: [KPLUS（KPLUS）] | 日期: 2026-03-15 | 来源: http://epg.cdn.loc.cc/xml
频道: [KPLUS（KPLUS）] | 日期: 2026-03-16 | 来源: http://epg.cdn.loc.cc/xml
频道: [KPLUS（KPLUS）] | 日期: 2026-03-17 | 来源: http://epg.cdn.loc.cc/xml
频道: [KPLUS（KPLUS）] | 日期: 2026-03-18 | 来源: http://epg.cdn.loc.cc/xml
频道: [KPLUS（KPLUS）] | 日期: 2026-03-19 | 来源: http://epg.cdn.loc.cc/xml
频道: [KPLUS（KPLUS）] | 日期: 2026-03-20 | 来源: http://epg.cdn.loc.cc/xml
频道: [KPLUS（KPLUS）] | 日期: 2026-03-21 | 来源: http://epg.cdn.loc.cc/xml
频道: [KTV（KTV）] | 日期: 2026-03-14 | 来源: http://epg.cdn.loc.cc/xml
频道: [KTV（KTV）] | 日期: 2026-03-15 | 来源: http://epg.cdn.loc.cc/xml
频道: [KTV（KTV）] | 日期: 2026-03-16 | 来源: http://epg.cdn.loc.cc/xml
频道: [KTV（KTV）] | 日期: 2026-03-17 | 来源: http://epg.cdn.loc.cc/xml
频道: [KTV（KTV）] | 日期: 2026-03-18 | 来源: http://epg.cdn.loc.cc/xml
频道: [KTV（KTV）] | 日期: 2026-03-19 | 来源: http://epg.cdn.loc.cc/xml
频道: [KTV（KTV）] | 日期: 2026-03-20 | 来源: http://epg.cdn.loc.cc/xml
频道: [KTV（KTV）] | 日期: 2026-03-21 | 来源: http://epg.cdn.loc.cc/xml
频道: [KTV HD（KTV HD）] | 日期: 2026-03-14 | 来源: http://epg.cdn.loc.cc/xml
频道: [KTV HD（KTV HD）] | 日期: 2026-03-15 | 来源: http://epg.cdn.loc.cc/xml
频道: [KTV HD（KTV HD）] | 日期: 2026-03-16 | 来源: http://epg.cdn.loc.cc/xml
频道: [KTV HD（KTV HD）] | 日期: 2026-03-17 | 来源: http://epg.cdn.loc.cc/xml
频道: [KTV HD（KTV HD）] | 日期: 2026-03-18 | 来源: http://epg.cdn.loc.cc/xml
频道: [KTV HD（KTV HD）] | 日期: 2026-03-19 | 来源: http://epg.cdn.loc.cc/xml
频道: [KTV HD（KTV HD）] | 日期: 2026-03-20 | 来源: http://epg.cdn.loc.cc/xml
频道: [KTV HD（KTV HD）] | 日期: 2026-03-21 | 来源: http://epg.cdn.loc.cc/xml
频道: [Kalaignar TV（Kalaignar TV）] | 日期: 2026-03-15 | 来源: http://epg.cdn.loc.cc/xml
频道: [Kalaignar TV（Kalaignar TV）] | 日期: 2026-03-16 | 来源: http://epg.cdn.loc.cc/xml
频道: [Kalaignar TV（Kalaignar TV）] | 日期: 2026-03-17 | 来源: http://epg.cdn.loc.cc/xml
频道: [Kalaignar TV（Kalaignar TV）] | 日期: 2026-03-18 | 来源: http://epg.cdn.loc.cc/xml
频道: [Kalaignar TV（Kalaignar TV）] | 日期: 2026-03-19 | 来源: http://epg.cdn.loc.cc/xml
频道: [Kalaignar TV（Kalaignar TV）] | 日期: 2026-03-20 | 来源: http://epg.cdn.loc.cc/xml
频道: [Kalaignar TV（Kalaignar TV）] | 日期: 2026-03-21 | 来源: http://epg.cdn.loc.cc/xml
频道: [Karisma（Karisma）] | 日期: 2026-03-14 | 来源: http://epg.cdn.loc.cc/xml
频道: [Karisma（Karisma）] | 日期: 2026-03-15 | 来源: http://epg.cdn.loc.cc/xml
频道: [Karisma（Karisma）] | 日期: 2026-03-16 | 来源: http://epg.cdn.loc.cc/xml
频道: [Karisma（Karisma）] | 日期: 2026-03-17 | 来源: http://epg.cdn.loc.cc/xml
频道: [Karisma（Karisma）] | 日期: 2026-03-18 | 来源: http://epg.cdn.loc.cc/xml
频道: [Karisma（Karisma）] | 日期: 2026-03-19 | 来源: http://epg.cdn.loc.cc/xml
频道: [Karisma（Karisma）] | 日期: 2026-03-20 | 来源: http://epg.cdn.loc.cc/xml
频道: [Karisma（Karisma）] | 日期: 2026-03-21 | 来源: http://epg.cdn.loc.cc/xml
频道: [Kartoon Channel!（Kartoon Channel!）] | 日期: 2026-03-14 | 来源: http://epg.cdn.loc.cc/xml
频道: [Kartoon Channel!（Kartoon Channel!）] | 日期: 2026-03-15 | 来源: http://epg.cdn.loc.cc/xml
频道: [Kartoon Channel!（Kartoon Channel!）] | 日期: 2026-03-16 | 来源: http://epg.cdn.loc.cc/xml
频道: [Kartoon Channel!（Kartoon Channel!）] | 日期: 2026-03-17 | 来源: http://epg.cdn.loc.cc/xml
频道: [Kartoon Channel!（Kartoon Channel!）] | 日期: 2026-03-18 | 来源: http://epg.cdn.loc.cc/xml
频道: [Kartoon Channel!（Kartoon Channel!）] | 日期: 2026-03-19 | 来源: http://epg.cdn.loc.cc/xml
频道: [Kartoon Channel!（Kartoon Channel!）] | 日期: 2026-03-20 | 来源: http://epg.cdn.loc.cc/xml
频道: [Kartoon Channel!（Kartoon Channel!）] | 日期: 2026-03-21 | 来源: http://epg.cdn.loc.cc/xml
频道: [Kartoon Channel!（Kartoon Channel!）] | 日期: 2026-03-22 | 来源: http://epg.cdn.loc.cc/xml
频道: [LIVE 1（LIVE 1）] | 日期: 2026-03-14 | 来源: http://epg.cdn.loc.cc/xml
频道: [LIVE 1（LIVE 1）] | 日期: 2026-03-15 | 来源: http://epg.cdn.loc.cc/xml
频道: [LIVE 1（LIVE 1）] | 日期: 2026-03-16 | 来源: http://epg.cdn.loc.cc/xml
频道: [LIVE 1（LIVE 1）] | 日期: 2026-03-17 | 来源: http://epg.cdn.loc.cc/xml
频道: [LIVE 1（LIVE 1）] | 日期: 2026-03-18 | 来源: http://epg.cdn.loc.cc/xml
频道: [LIVE 1（LIVE 1）] | 日期: 2026-03-19 | 来源: http://epg.cdn.loc.cc/xml
频道: [LIVE 1（LIVE 1）] | 日期: 2026-03-20 | 来源: http://epg.cdn.loc.cc/xml
频道: [LIVE 1（LIVE 1）] | 日期: 2026-03-21 | 来源: http://epg.cdn.loc.cc/xml
频道: [LIVE 1（LIVE 1）] | 日期: 2026-03-22 | 来源: http://epg.cdn.loc.cc/xml
频道: [LUXE TV Channel（LUXE TV Channel）] | 日期: 2026-03-14 | 来源: https://epg.136605.xyz/9days.xml
频道: [LUXE TV Channel（LUXE TV Channel）] | 日期: 2026-03-15 | 来源: https://epg.136605.xyz/9days.xml
频道: [LUXE TV Channel（LUXE TV Channel）] | 日期: 2026-03-16 | 来源: https://epg.136605.xyz/9days.xml
频道: [LUXE TV Channel（LUXE TV Channel）] | 日期: 2026-03-17 | 来源: https://epg.136605.xyz/9days.xml
频道: [LiTV 华视（LiTV 华视）] | 日期: 2026-03-15 | 来源: https://github.com/litiande03/epg/raw/refs/heads/master/pl.xml.gz
频道: [LiTV 华视（LiTV 华视）] | 日期: 2026-03-16 | 来源: https://github.com/litiande03/epg/raw/refs/heads/master/pl.xml.gz
频道: [LiTV 华视（LiTV 华视）] | 日期: 2026-03-17 | 来源: https://github.com/litiande03/epg/raw/refs/heads/master/pl.xml.gz
频道: [LiTV 民视台湾台（LiTV 民视台湾台）] | 日期: 2026-03-15 | 来源: https://github.com/litiande03/epg/raw/refs/heads/master/pl.xml.gz
频道: [LiTV 民视台湾台（LiTV 民视台湾台）] | 日期: 2026-03-16 | 来源: https://github.com/litiande03/epg/raw/refs/heads/master/pl.xml.gz
频道: [LiTV 民视台湾台（LiTV 民视台湾台）] | 日期: 2026-03-17 | 来源: https://github.com/litiande03/epg/raw/refs/heads/master/pl.xml.gz
频道: [LiTV中视（LiTV中视）] | 日期: 2026-03-15 | 来源: https://github.com/litiande03/epg/raw/refs/heads/master/pl.xml.gz
频道: [LiTV中视（LiTV中视）] | 日期: 2026-03-16 | 来源: https://github.com/litiande03/epg/raw/refs/heads/master/pl.xml.gz
频道: [LiTV中视（LiTV中视）] | 日期: 2026-03-17 | 来源: https://github.com/litiande03/epg/raw/refs/heads/master/pl.xml.gz
频道: [LiTV华视新闻（LiTV华视新闻）] | 日期: 2026-03-15 | 来源: https://github.com/litiande03/epg/raw/refs/heads/master/pl.xml.gz
频道: [LiTV华视新闻（LiTV华视新闻）] | 日期: 2026-03-16 | 来源: https://github.com/litiande03/epg/raw/refs/heads/master/pl.xml.gz
频道: [LiTV华视新闻（LiTV华视新闻）] | 日期: 2026-03-17 | 来源: https://github.com/litiande03/epg/raw/refs/heads/master/pl.xml.gz
频道: [LiTV华视新闻（LiTV华视新闻）] | 日期: 2026-03-18 | 来源: https://github.com/litiande03/epg/raw/refs/heads/master/pl.xml.gz
频道: [LiTV台视（LiTV台视）] | 日期: 2026-03-15 | 来源: https://github.com/litiande03/epg/raw/refs/heads/master/pl.xml.gz
频道: [LiTV台视（LiTV台视）] | 日期: 2026-03-16 | 来源: https://github.com/litiande03/epg/raw/refs/heads/master/pl.xml.gz
频道: [LiTV台视（LiTV台视）] | 日期: 2026-03-17 | 来源: https://github.com/litiande03/epg/raw/refs/heads/master/pl.xml.gz
频道: [LiTV民视（LiTV民视）] | 日期: 2026-03-15 | 来源: https://github.com/litiande03/epg/raw/refs/heads/master/pl.xml.gz
频道: [LiTV民视（LiTV民视）] | 日期: 2026-03-16 | 来源: https://github.com/litiande03/epg/raw/refs/heads/master/pl.xml.gz
频道: [LiTV民视（LiTV民视）] | 日期: 2026-03-17 | 来源: https://github.com/litiande03/epg/raw/refs/heads/master/pl.xml.gz
频道: [LiTV民视（LiTV民视）] | 日期: 2026-03-18 | 来源: https://github.com/litiande03/epg/raw/refs/heads/master/pl.xml.gz
频道: [LiTV民视第一台（LiTV民视第一台）] | 日期: 2026-03-15 | 来源: https://github.com/litiande03/epg/raw/refs/heads/master/pl.xml.gz
频道: [LiTV民视第一台（LiTV民视第一台）] | 日期: 2026-03-16 | 来源: https://github.com/litiande03/epg/raw/refs/heads/master/pl.xml.gz
频道: [LiTV民视第一台（LiTV民视第一台）] | 日期: 2026-03-17 | 来源: https://github.com/litiande03/epg/raw/refs/heads/master/pl.xml.gz
频道: [Lifetime（Lifetime）] | 日期: 2026-03-14 | 来源: http://epg.cdn.loc.cc/xml
频道: [Lifetime（Lifetime）] | 日期: 2026-03-15 | 来源: http://epg.cdn.loc.cc/xml
频道: [Lifetime（Lifetime）] | 日期: 2026-03-16 | 来源: http://epg.cdn.loc.cc/xml
频道: [Lifetime（Lifetime）] | 日期: 2026-03-17 | 来源: http://epg.cdn.loc.cc/xml
频道: [Lifetime（Lifetime）] | 日期: 2026-03-18 | 来源: http://epg.cdn.loc.cc/xml
频道: [Lifetime（Lifetime）] | 日期: 2026-03-19 | 来源: http://epg.cdn.loc.cc/xml
频道: [Lifetime（Lifetime）] | 日期: 2026-03-20 | 来源: http://epg.cdn.loc.cc/xml
频道: [Lifetime HD（Lifetime HD）] | 日期: 2026-03-14 | 来源: http://epg.cdn.loc.cc/xml
频道: [Lifetime HD（Lifetime HD）] | 日期: 2026-03-15 | 来源: http://epg.cdn.loc.cc/xml
频道: [Lifetime HD（Lifetime HD）] | 日期: 2026-03-16 | 来源: http://epg.cdn.loc.cc/xml
频道: [Lifetime HD（Lifetime HD）] | 日期: 2026-03-17 | 来源: http://epg.cdn.loc.cc/xml
频道: [Lifetime HD（Lifetime HD）] | 日期: 2026-03-18 | 来源: http://epg.cdn.loc.cc/xml
频道: [Lifetime HD（Lifetime HD）] | 日期: 2026-03-19 | 来源: http://epg.cdn.loc.cc/xml
频道: [Lifetime HD（Lifetime HD）] | 日期: 2026-03-20 | 来源: http://epg.cdn.loc.cc/xml
频道: [Lifetime HD（Lifetime HD）] | 日期: 2026-03-21 | 来源: http://epg.cdn.loc.cc/xml
频道: [Lifetime 娱乐频道（Lifetime 娱乐频道）] | 日期: 2026-03-14 | 来源: https://epg.136605.xyz/9days.xml
频道: [Lifetime 娱乐频道（Lifetime 娱乐频道）] | 日期: 2026-03-15 | 来源: https://epg.136605.xyz/9days.xml
频道: [Lifetime 娱乐频道（Lifetime 娱乐频道）] | 日期: 2026-03-16 | 来源: https://epg.136605.xyz/9days.xml
频道: [Lifetime 娱乐频道（Lifetime 娱乐频道）] | 日期: 2026-03-17 | 来源: https://epg.136605.xyz/9days.xml
频道: [Lifetime 娱乐频道（Lifetime 娱乐频道）] | 日期: 2026-03-18 | 来源: https://github.com/litiande03/epg/raw/refs/heads/master/pl.xml.gz
频道: [LiveABC互动英语频道（LiveABC互动英语频道）] | 日期: 2026-03-14 | 来源: https://epg.136605.xyz/9days.xml
频道: [LiveABC互动英语频道（LiveABC互动英语频道）] | 日期: 2026-03-15 | 来源: https://epg.136605.xyz/9days.xml
频道: [LiveABC互动英语频道（LiveABC互动英语频道）] | 日期: 2026-03-16 | 来源: https://epg.136605.xyz/9days.xml
频道: [LiveABC互动英语频道（LiveABC互动英语频道）] | 日期: 2026-03-17 | 来源: https://epg.136605.xyz/9days.xml
频道: [LiveABC互动英语频道（LiveABC互动英语频道）] | 日期: 2026-03-18 | 来源: http://epg.cdn.loc.cc/xml
频道: [LiveABC互动英语频道（LiveABC互动英语频道）] | 日期: 2026-03-19 | 来源: http://epg.cdn.loc.cc/xml
频道: [LiveABC互动英语频道（LiveABC互动英语频道）] | 日期: 2026-03-20 | 来源: http://epg.cdn.loc.cc/xml
频道: [LiveABC互动英语频道（LiveABC互动英语频道）] | 日期: 2026-03-21 | 来源: http://epg.cdn.loc.cc/xml
频道: [Love Nature（Love Nature）] | 日期: 2026-03-14 | 来源: http://epg.cdn.loc.cc/xml
频道: [Love Nature（Love Nature）] | 日期: 2026-03-15 | 来源: http://epg.cdn.loc.cc/xml
频道: [Love Nature（Love Nature）] | 日期: 2026-03-16 | 来源: http://epg.cdn.loc.cc/xml
频道: [Love Nature（Love Nature）] | 日期: 2026-03-17 | 来源: http://epg.cdn.loc.cc/xml
频道: [Love Nature（Love Nature）] | 日期: 2026-03-18 | 来源: http://epg.cdn.loc.cc/xml
频道: [Love Nature（Love Nature）] | 日期: 2026-03-19 | 来源: http://epg.cdn.loc.cc/xml
频道: [Love Nature（Love Nature）] | 日期: 2026-03-20 | 来源: http://epg.cdn.loc.cc/xml
频道: [Love Nature（Love Nature）] | 日期: 2026-03-21 | 来源: http://epg.cdn.loc.cc/xml
频道: [Love Nature 4K（Love Nature 4K）] | 日期: 2026-03-14 | 来源: http://epg.cdn.loc.cc/xml
频道: [Love Nature 4K（Love Nature 4K）] | 日期: 2026-03-15 | 来源: https://epg.136605.xyz/9days.xml
频道: [Love Nature 4K（Love Nature 4K）] | 日期: 2026-03-16 | 来源: https://epg.136605.xyz/9days.xml
频道: [Love Nature 4K（Love Nature 4K）] | 日期: 2026-03-17 | 来源: https://epg.136605.xyz/9days.xml
频道: [Love Nature 4K（Love Nature 4K）] | 日期: 2026-03-18 | 来源: http://epg.cdn.loc.cc/xml
频道: [Love Nature 4K（Love Nature 4K）] | 日期: 2026-03-19 | 来源: http://epg.cdn.loc.cc/xml
频道: [Love Nature 4K（Love Nature 4K）] | 日期: 2026-03-20 | 来源: http://epg.cdn.loc.cc/xml
频道: [Love Nature 4K（Love Nature 4K）] | 日期: 2026-03-21 | 来源: http://epg.cdn.loc.cc/xml
频道: [Love Nature 4K（Love Nature 4K）] | 日期: 2026-03-22 | 来源: http://epg.cdn.loc.cc/xml
频道: [Love Nature 4K（Love Nature 4K）] | 日期: 2026-03-23 | 来源: http://epg.cdn.loc.cc/xml
频道: [Love Nature HD（Love Nature HD）] | 日期: 2026-03-14 | 来源: http://epg.cdn.loc.cc/xml
频道: [Love Nature HD（Love Nature HD）] | 日期: 2026-03-15 | 来源: http://epg.cdn.loc.cc/xml
频道: [Love Nature HD（Love Nature HD）] | 日期: 2026-03-16 | 来源: http://epg.cdn.loc.cc/xml
频道: [Love Nature HD（Love Nature HD）] | 日期: 2026-03-17 | 来源: http://epg.cdn.loc.cc/xml
频道: [Love Nature HD（Love Nature HD）] | 日期: 2026-03-18 | 来源: http://epg.cdn.loc.cc/xml
频道: [Love Nature HD（Love Nature HD）] | 日期: 2026-03-19 | 来源: http://epg.cdn.loc.cc/xml
频道: [Love Nature HD（Love Nature HD）] | 日期: 2026-03-20 | 来源: http://epg.cdn.loc.cc/xml
频道: [Love Nature HD（Love Nature HD）] | 日期: 2026-03-21 | 来源: http://epg.cdn.loc.cc/xml
频道: [Love Nature HD（Love Nature HD）] | 日期: 2026-03-22 | 来源: http://epg.cdn.loc.cc/xml
频道: [Love Nature HD（Love Nature HD）] | 日期: 2026-03-23 | 来源: http://epg.cdn.loc.cc/xml
频道: [MCE 我的欧洲电影（MCE 我的欧洲电影）] | 日期: 2026-03-15 | 来源: https://github.com/litiande03/epg/raw/refs/heads/master/pl.xml.gz
频道: [MCE 我的欧洲电影（MCE 我的欧洲电影）] | 日期: 2026-03-16 | 来源: https://github.com/litiande03/epg/raw/refs/heads/master/pl.xml.gz
频道: [MCE 我的欧洲电影（MCE 我的欧洲电影）] | 日期: 2026-03-17 | 来源: https://github.com/litiande03/epg/raw/refs/heads/master/pl.xml.gz
频道: [MCE 我的欧洲电影（MCE 我的欧洲电影）] | 日期: 2026-03-18 | 来源: https://github.com/litiande03/epg/raw/refs/heads/master/pl.xml.gz
频道: [MOOV 演唱会/MV台（MOOV 演唱会/MV台）] | 日期: 2026-03-15 | 来源: http://epg.cdn.loc.cc/xml
频道: [MOOV 演唱会/MV台（MOOV 演唱会/MV台）] | 日期: 2026-03-16 | 来源: http://epg.cdn.loc.cc/xml
频道: [MOOV 演唱会/MV台（MOOV 演唱会/MV台）] | 日期: 2026-03-17 | 来源: http://epg.cdn.loc.cc/xml
频道: [MOOV 演唱会/MV台（MOOV 演唱会/MV台）] | 日期: 2026-03-18 | 来源: http://epg.cdn.loc.cc/xml
频道: [MOOV 演唱会/MV台（MOOV 演唱会/MV台）] | 日期: 2026-03-19 | 来源: http://epg.cdn.loc.cc/xml
频道: [MOOV 演唱会/MV台（MOOV 演唱会/MV台）] | 日期: 2026-03-20 | 来源: http://epg.cdn.loc.cc/xml
频道: [MOOV 演唱会/MV台（MOOV 演唱会/MV台）] | 日期: 2026-03-21 | 来源: http://epg.cdn.loc.cc/xml
频道: [MOVIE MOVIE（MOVIE MOVIE）] | 日期: 2026-03-14 | 来源: http://epg.cdn.loc.cc/xml
频道: [MOVIE MOVIE（MOVIE MOVIE）] | 日期: 2026-03-15 | 来源: http://epg.cdn.loc.cc/xml
频道: [MOVIE MOVIE（MOVIE MOVIE）] | 日期: 2026-03-16 | 来源: http://epg.cdn.loc.cc/xml
频道: [MOVIE MOVIE（MOVIE MOVIE）] | 日期: 2026-03-17 | 来源: http://epg.cdn.loc.cc/xml
频道: [MOVIE MOVIE（MOVIE MOVIE）] | 日期: 2026-03-18 | 来源: http://epg.cdn.loc.cc/xml
频道: [MOVIE MOVIE（MOVIE MOVIE）] | 日期: 2026-03-19 | 来源: http://epg.cdn.loc.cc/xml
频道: [MOVIE MOVIE（MOVIE MOVIE）] | 日期: 2026-03-20 | 来源: http://epg.cdn.loc.cc/xml
频道: [MTV India（MTV India）] | 日期: 2026-03-15 | 来源: http://epg.cdn.loc.cc/xml
频道: [MTV India（MTV India）] | 日期: 2026-03-16 | 来源: http://epg.cdn.loc.cc/xml
频道: [MTV India（MTV India）] | 日期: 2026-03-17 | 来源: http://epg.cdn.loc.cc/xml
频道: [MTV India（MTV India）] | 日期: 2026-03-18 | 来源: http://epg.cdn.loc.cc/xml
频道: [MTV India（MTV India）] | 日期: 2026-03-19 | 来源: http://epg.cdn.loc.cc/xml
频道: [MTV India（MTV India）] | 日期: 2026-03-20 | 来源: http://epg.cdn.loc.cc/xml
频道: [MagellanTV频道 (麦哲伦频道)（MagellanTV频道 (麦哲伦频道)）] | 日期: 2026-03-14 | 来源: https://epg.136605.xyz/9days.xml
频道: [MagellanTV频道 (麦哲伦频道)（MagellanTV频道 (麦哲伦频道)）] | 日期: 2026-03-15 | 来源: https://epg.136605.xyz/9days.xml
频道: [MagellanTV频道 (麦哲伦频道)（MagellanTV频道 (麦哲伦频道)）] | 日期: 2026-03-16 | 来源: https://epg.136605.xyz/9days.xml
频道: [MagellanTV频道 (麦哲伦频道)（MagellanTV频道 (麦哲伦频道)）] | 日期: 2026-03-17 | 来源: https://epg.136605.xyz/9days.xml
频道: [MasterChef（MasterChef）] | 日期: 2026-03-14 | 来源: http://epg.cdn.loc.cc/xml
频道: [MasterChef（MasterChef）] | 日期: 2026-03-15 | 来源: http://epg.cdn.loc.cc/xml
频道: [MasterChef（MasterChef）] | 日期: 2026-03-16 | 来源: http://epg.cdn.loc.cc/xml
频道: [MasterChef（MasterChef）] | 日期: 2026-03-17 | 来源: http://epg.cdn.loc.cc/xml
频道: [MasterChef（MasterChef）] | 日期: 2026-03-18 | 来源: http://epg.cdn.loc.cc/xml
频道: [MasterChef（MasterChef）] | 日期: 2026-03-19 | 来源: http://epg.cdn.loc.cc/xml
频道: [MasterChef（MasterChef）] | 日期: 2026-03-20 | 来源: http://epg.cdn.loc.cc/xml
频道: [MasterChef（MasterChef）] | 日期: 2026-03-21 | 来源: http://epg.cdn.loc.cc/xml
频道: [MasterChef（MasterChef）] | 日期: 2026-03-22 | 来源: http://epg.cdn.loc.cc/xml
频道: [Mezzo Live（Mezzo Live）] | 日期: 2026-03-14 | 来源: http://epg.cdn.loc.cc/xml
频道: [Mezzo Live（Mezzo Live）] | 日期: 2026-03-15 | 来源: http://epg.cdn.loc.cc/xml
频道: [Mezzo Live（Mezzo Live）] | 日期: 2026-03-16 | 来源: http://epg.cdn.loc.cc/xml
频道: [Mezzo Live（Mezzo Live）] | 日期: 2026-03-17 | 来源: http://epg.cdn.loc.cc/xml
频道: [Mezzo Live（Mezzo Live）] | 日期: 2026-03-18 | 来源: http://epg.cdn.loc.cc/xml
频道: [Mezzo Live（Mezzo Live）] | 日期: 2026-03-19 | 来源: http://epg.cdn.loc.cc/xml
频道: [Mezzo Live（Mezzo Live）] | 日期: 2026-03-20 | 来源: http://epg.cdn.loc.cc/xml
频道: [Mezzo Live（Mezzo Live）] | 日期: 2026-03-21 | 来源: http://epg.cdn.loc.cc/xml
频道: [Mezzo Live HD（Mezzo Live HD）] | 日期: 2026-03-14 | 来源: http://epg.cdn.loc.cc/xml
频道: [Mezzo Live HD（Mezzo Live HD）] | 日期: 2026-03-15 | 来源: https://github.com/litiande03/epg/raw/refs/heads/master/pl.xml.gz
频道: [Mezzo Live HD（Mezzo Live HD）] | 日期: 2026-03-16 | 来源: https://github.com/litiande03/epg/raw/refs/heads/master/pl.xml.gz
频道: [Mezzo Live HD（Mezzo Live HD）] | 日期: 2026-03-17 | 来源: https://github.com/litiande03/epg/raw/refs/heads/master/pl.xml.gz
频道: [Mezzo Live HD（Mezzo Live HD）] | 日期: 2026-03-18 | 来源: http://epg.cdn.loc.cc/xml
频道: [Mezzo Live HD（Mezzo Live HD）] | 日期: 2026-03-19 | 来源: http://epg.cdn.loc.cc/xml
频道: [Mezzo Live HD（Mezzo Live HD）] | 日期: 2026-03-20 | 来源: http://epg.cdn.loc.cc/xml
频道: [Mezzo Live HD（Mezzo Live HD）] | 日期: 2026-03-21 | 来源: http://epg.cdn.loc.cc/xml
频道: [Mezzo Live HD（Mezzo Live HD）] | 日期: 2026-03-22 | 来源: http://epg.cdn.loc.cc/xml
频道: [Mezzo Live HD（Mezzo Live HD）] | 日期: 2026-03-23 | 来源: http://epg.cdn.loc.cc/xml
频道: [Moonbug（Moonbug）] | 日期: 2026-03-15 | 来源: http://epg.cdn.loc.cc/xml
频道: [Moonbug（Moonbug）] | 日期: 2026-03-16 | 来源: http://epg.cdn.loc.cc/xml
频道: [Moonbug（Moonbug）] | 日期: 2026-03-17 | 来源: http://epg.cdn.loc.cc/xml
频道: [Moonbug（Moonbug）] | 日期: 2026-03-18 | 来源: http://epg.cdn.loc.cc/xml
频道: [Moonbug（Moonbug）] | 日期: 2026-03-19 | 来源: http://epg.cdn.loc.cc/xml
频道: [Moonbug（Moonbug）] | 日期: 2026-03-20 | 来源: http://epg.cdn.loc.cc/xml
频道: [Moonbug Kids（Moonbug Kids）] | 日期: 2026-03-15 | 来源: http://epg.cdn.loc.cc/xml
频道: [Moonbug Kids（Moonbug Kids）] | 日期: 2026-03-16 | 来源: http://epg.cdn.loc.cc/xml
频道: [Moonbug Kids（Moonbug Kids）] | 日期: 2026-03-17 | 来源: http://epg.cdn.loc.cc/xml
频道: [Moonbug Kids（Moonbug Kids）] | 日期: 2026-03-18 | 来源: http://epg.cdn.loc.cc/xml
频道: [Moonbug Kids（Moonbug Kids）] | 日期: 2026-03-19 | 来源: http://epg.cdn.loc.cc/xml
频道: [Moonbug Kids（Moonbug Kids）] | 日期: 2026-03-20 | 来源: http://epg.cdn.loc.cc/xml
频道: [Moonbug Kids（Moonbug Kids）] | 日期: 2026-03-21 | 来源: http://epg.cdn.loc.cc/xml
频道: [MotorVision（MotorVision）] | 日期: 2026-03-15 | 来源: http://epg.cdn.loc.cc/xml
频道: [MotorVision（MotorVision）] | 日期: 2026-03-16 | 来源: http://epg.cdn.loc.cc/xml
频道: [MotorVision（MotorVision）] | 日期: 2026-03-17 | 来源: http://epg.cdn.loc.cc/xml
频道: [MotorVision（MotorVision）] | 日期: 2026-03-18 | 来源: http://epg.cdn.loc.cc/xml
频道: [MotorVision（MotorVision）] | 日期: 2026-03-19 | 来源: http://epg.cdn.loc.cc/xml
频道: [MotorVision（MotorVision）] | 日期: 2026-03-20 | 来源: http://epg.cdn.loc.cc/xml
频道: [MotorVision（MotorVision）] | 日期: 2026-03-21 | 来源: http://epg.cdn.loc.cc/xml
频道: [My Cinema Europe HD 我的欧洲电影（My Cinema Europe HD 我的欧洲电影）] | 日期: 2026-03-15 | 来源: https://github.com/litiande03/epg/raw/refs/heads/master/pl.xml.gz
频道: [My Cinema Europe HD 我的欧洲电影（My Cinema Europe HD 我的欧洲电影）] | 日期: 2026-03-16 | 来源: https://github.com/litiande03/epg/raw/refs/heads/master/pl.xml.gz
频道: [My Cinema Europe HD 我的欧洲电影（My Cinema Europe HD 我的欧洲电影）] | 日期: 2026-03-17 | 来源: https://github.com/litiande03/epg/raw/refs/heads/master/pl.xml.gz
频道: [My Cinema Europe HD 我的欧洲电影（My Cinema Europe HD 我的欧洲电影）] | 日期: 2026-03-18 | 来源: https://github.com/litiande03/epg/raw/refs/heads/master/pl.xml.gz
频道: [NBA TV（NBA TV）] | 日期: 2026-03-14 | 来源: https://epg.136605.xyz/9days.xml
频道: [NBA TV（NBA TV）] | 日期: 2026-03-15 | 来源: http://epg.cdn.loc.cc/xml
频道: [NBA TV（NBA TV）] | 日期: 2026-03-16 | 来源: http://epg.cdn.loc.cc/xml
频道: [NBA TV（NBA TV）] | 日期: 2026-03-17 | 来源: http://epg.cdn.loc.cc/xml
频道: [NBA TV（NBA TV）] | 日期: 2026-03-18 | 来源: http://epg.cdn.loc.cc/xml
频道: [NBA TV（NBA TV）] | 日期: 2026-03-19 | 来源: http://epg.cdn.loc.cc/xml
频道: [NBA TV（NBA TV）] | 日期: 2026-03-20 | 来源: http://epg.cdn.loc.cc/xml
频道: [NHK World（NHK World）] | 日期: 2026-03-14 | 来源: https://epg.136605.xyz/9days.xml
频道: [NHK World（NHK World）] | 日期: 2026-03-15 | 来源: https://epg.136605.xyz/9days.xml
频道: [NHK World（NHK World）] | 日期: 2026-03-16 | 来源: https://epg.136605.xyz/9days.xml
频道: [NHK World（NHK World）] | 日期: 2026-03-17 | 来源: https://epg.136605.xyz/9days.xml
频道: [NHK World Premium（NHK World Premium）] | 日期: 2026-03-14 | 来源: https://epg.136605.xyz/9days.xml
频道: [NHK World Premium（NHK World Premium）] | 日期: 2026-03-15 | 来源: http://epg.cdn.loc.cc/xml
频道: [NHK World Premium（NHK World Premium）] | 日期: 2026-03-16 | 来源: http://epg.cdn.loc.cc/xml
频道: [NHK World Premium（NHK World Premium）] | 日期: 2026-03-17 | 来源: http://epg.cdn.loc.cc/xml
频道: [NHK World Premium（NHK World Premium）] | 日期: 2026-03-18 | 来源: http://epg.cdn.loc.cc/xml
频道: [NHK World Premium（NHK World Premium）] | 日期: 2026-03-19 | 来源: http://epg.cdn.loc.cc/xml
频道: [NHK World Premium（NHK World Premium）] | 日期: 2026-03-20 | 来源: http://epg.cdn.loc.cc/xml
频道: [NHK World Premium HD（NHK World Premium HD）] | 日期: 2026-03-14 | 来源: http://epg.cdn.loc.cc/xml
频道: [NHK World Premium HD（NHK World Premium HD）] | 日期: 2026-03-15 | 来源: http://epg.cdn.loc.cc/xml
频道: [NHK World Premium HD（NHK World Premium HD）] | 日期: 2026-03-16 | 来源: http://epg.cdn.loc.cc/xml
频道: [NHK World Premium HD（NHK World Premium HD）] | 日期: 2026-03-17 | 来源: http://epg.cdn.loc.cc/xml
频道: [NHK World Premium HD（NHK World Premium HD）] | 日期: 2026-03-18 | 来源: http://epg.cdn.loc.cc/xml
频道: [NHK World Premium HD（NHK World Premium HD）] | 日期: 2026-03-19 | 来源: http://epg.cdn.loc.cc/xml
频道: [NHK World Premium HD（NHK World Premium HD）] | 日期: 2026-03-20 | 来源: http://epg.cdn.loc.cc/xml
频道: [NHK World Premium HD（NHK World Premium HD）] | 日期: 2026-03-21 | 来源: http://epg.cdn.loc.cc/xml
频道: [NHK World-Japan（NHK World-Japan）] | 日期: 2026-03-14 | 来源: https://epg.136605.xyz/9days.xml
频道: [NHK World-Japan（NHK World-Japan）] | 日期: 2026-03-15 | 来源: http://epg.cdn.loc.cc/xml
频道: [NHK World-Japan（NHK World-Japan）] | 日期: 2026-03-16 | 来源: http://epg.cdn.loc.cc/xml
频道: [NHK World-Japan（NHK World-Japan）] | 日期: 2026-03-17 | 来源: http://epg.cdn.loc.cc/xml
频道: [NHK World-Japan（NHK World-Japan）] | 日期: 2026-03-18 | 来源: http://epg.cdn.loc.cc/xml
频道: [NHK World-Japan（NHK World-Japan）] | 日期: 2026-03-19 | 来源: http://epg.cdn.loc.cc/xml
频道: [NHK World-Japan（NHK World-Japan）] | 日期: 2026-03-20 | 来源: http://epg.cdn.loc.cc/xml
频道: [NHK World-Japan（NHK World-Japan）] | 日期: 2026-03-21 | 来源: http://epg.cdn.loc.cc/xml
频道: [NHK World-Japan（NHK World-Japan）] | 日期: 2026-03-22 | 来源: http://epg.cdn.loc.cc/xml
频道: [NHK World-Japan（NHK World-Japan）] | 日期: 2026-03-23 | 来源: http://epg.cdn.loc.cc/xml
频道: [NHK新闻资讯台（NHK新闻资讯台）] | 日期: 2026-03-15 | 来源: http://epg.cdn.loc.cc/xml
频道: [NHK新闻资讯台（NHK新闻资讯台）] | 日期: 2026-03-16 | 来源: http://epg.cdn.loc.cc/xml
频道: [NHK新闻资讯台（NHK新闻资讯台）] | 日期: 2026-03-17 | 来源: http://epg.cdn.loc.cc/xml
频道: [NHK新闻资讯台（NHK新闻资讯台）] | 日期: 2026-03-18 | 来源: http://epg.cdn.loc.cc/xml
频道: [NHK新闻资讯台（NHK新闻资讯台）] | 日期: 2026-03-19 | 来源: http://epg.cdn.loc.cc/xml
频道: [NHK新闻资讯台（NHK新闻资讯台）] | 日期: 2026-03-20 | 来源: http://epg.cdn.loc.cc/xml
频道: [NHK新闻资讯台（NHK新闻资讯台）] | 日期: 2026-03-21 | 来源: http://epg.cdn.loc.cc/xml
频道: [NOW 70s（NOW 70s）] | 日期: 2026-03-14 | 来源: http://epg.cdn.loc.cc/xml
频道: [NOW 70s（NOW 70s）] | 日期: 2026-03-15 | 来源: http://epg.cdn.loc.cc/xml
频道: [NOW 70s（NOW 70s）] | 日期: 2026-03-16 | 来源: http://epg.cdn.loc.cc/xml
频道: [NOW 70s（NOW 70s）] | 日期: 2026-03-17 | 来源: http://epg.cdn.loc.cc/xml
频道: [NOW 70s（NOW 70s）] | 日期: 2026-03-18 | 来源: http://epg.cdn.loc.cc/xml
频道: [NOW 70s（NOW 70s）] | 日期: 2026-03-19 | 来源: http://epg.cdn.loc.cc/xml
频道: [NOW 70s（NOW 70s）] | 日期: 2026-03-20 | 来源: http://epg.cdn.loc.cc/xml
频道: [NOW 70s（NOW 70s）] | 日期: 2026-03-21 | 来源: http://epg.cdn.loc.cc/xml
频道: [NOW 70s（NOW 70s）] | 日期: 2026-03-22 | 来源: http://epg.cdn.loc.cc/xml
频道: [NOW 80s（NOW 80s）] | 日期: 2026-03-14 | 来源: http://epg.cdn.loc.cc/xml
频道: [NOW 80s（NOW 80s）] | 日期: 2026-03-15 | 来源: http://epg.cdn.loc.cc/xml
频道: [NOW 80s（NOW 80s）] | 日期: 2026-03-16 | 来源: http://epg.cdn.loc.cc/xml
频道: [NOW 80s（NOW 80s）] | 日期: 2026-03-17 | 来源: http://epg.cdn.loc.cc/xml
频道: [NOW 80s（NOW 80s）] | 日期: 2026-03-18 | 来源: http://epg.cdn.loc.cc/xml
频道: [NOW 80s（NOW 80s）] | 日期: 2026-03-19 | 来源: http://epg.cdn.loc.cc/xml
频道: [NOW 80s（NOW 80s）] | 日期: 2026-03-20 | 来源: http://epg.cdn.loc.cc/xml
频道: [NOW 80s（NOW 80s）] | 日期: 2026-03-21 | 来源: http://epg.cdn.loc.cc/xml
频道: [NOW 80s（NOW 80s）] | 日期: 2026-03-22 | 来源: http://epg.cdn.loc.cc/xml
频道: [NOW Rock（NOW Rock）] | 日期: 2026-03-14 | 来源: http://epg.cdn.loc.cc/xml
频道: [NOW Rock（NOW Rock）] | 日期: 2026-03-15 | 来源: http://epg.cdn.loc.cc/xml
频道: [NOW Rock（NOW Rock）] | 日期: 2026-03-16 | 来源: http://epg.cdn.loc.cc/xml
频道: [NOW Rock（NOW Rock）] | 日期: 2026-03-17 | 来源: http://epg.cdn.loc.cc/xml
频道: [NOW Rock（NOW Rock）] | 日期: 2026-03-18 | 来源: http://epg.cdn.loc.cc/xml
频道: [NOW Rock（NOW Rock）] | 日期: 2026-03-19 | 来源: http://epg.cdn.loc.cc/xml
频道: [NOW Rock（NOW Rock）] | 日期: 2026-03-20 | 来源: http://epg.cdn.loc.cc/xml
频道: [NOW Rock（NOW Rock）] | 日期: 2026-03-21 | 来源: http://epg.cdn.loc.cc/xml
频道: [NOW Rock（NOW Rock）] | 日期: 2026-03-22 | 来源: http://epg.cdn.loc.cc/xml
频道: [Netflix（Netflix）] | 日期: 2026-03-15 | 来源: http://epg.cdn.loc.cc/xml
频道: [Netflix（Netflix）] | 日期: 2026-03-16 | 来源: http://epg.cdn.loc.cc/xml
频道: [Netflix（Netflix）] | 日期: 2026-03-17 | 来源: http://epg.cdn.loc.cc/xml
频道: [Netflix（Netflix）] | 日期: 2026-03-18 | 来源: http://epg.cdn.loc.cc/xml
频道: [Netflix（Netflix）] | 日期: 2026-03-19 | 来源: http://epg.cdn.loc.cc/xml
频道: [Netflix（Netflix）] | 日期: 2026-03-20 | 来源: http://epg.cdn.loc.cc/xml
频道: [NewsWorld（NewsWorld）] | 日期: 2026-03-14 | 来源: http://epg.cdn.loc.cc/xml
频道: [NewsWorld（NewsWorld）] | 日期: 2026-03-15 | 来源: http://epg.cdn.loc.cc/xml
频道: [NewsWorld（NewsWorld）] | 日期: 2026-03-16 | 来源: http://epg.cdn.loc.cc/xml
频道: [NewsWorld（NewsWorld）] | 日期: 2026-03-17 | 来源: http://epg.cdn.loc.cc/xml
频道: [NewsWorld（NewsWorld）] | 日期: 2026-03-18 | 来源: http://epg.cdn.loc.cc/xml
频道: [NewsWorld（NewsWorld）] | 日期: 2026-03-19 | 来源: http://epg.cdn.loc.cc/xml
频道: [NewsWorld（NewsWorld）] | 日期: 2026-03-20 | 来源: http://epg.cdn.loc.cc/xml
频道: [NewsWorld（NewsWorld）] | 日期: 2026-03-21 | 来源: http://epg.cdn.loc.cc/xml
频道: [NewsWorld（NewsWorld）] | 日期: 2026-03-22 | 来源: http://epg.cdn.loc.cc/xml
频道: [NewsWorld（NewsWorld）] | 日期: 2026-03-23 | 来源: http://epg.cdn.loc.cc/xml
频道: [Nice Bingo（Nice Bingo）] | 日期: 2026-03-15 | 来源: https://github.com/litiande03/epg/raw/refs/heads/master/pl.xml.gz
频道: [Nice Bingo（Nice Bingo）] | 日期: 2026-03-16 | 来源: https://github.com/litiande03/epg/raw/refs/heads/master/pl.xml.gz
频道: [Nice Bingo（Nice Bingo）] | 日期: 2026-03-17 | 来源: https://github.com/litiande03/epg/raw/refs/heads/master/pl.xml.gz
频道: [Nice TV（Nice TV）] | 日期: 2026-03-15 | 来源: https://github.com/litiande03/epg/raw/refs/heads/master/pl.xml.gz
频道: [Nice TV（Nice TV）] | 日期: 2026-03-16 | 来源: https://github.com/litiande03/epg/raw/refs/heads/master/pl.xml.gz
频道: [Nice TV（Nice TV）] | 日期: 2026-03-17 | 来源: https://github.com/litiande03/epg/raw/refs/heads/master/pl.xml.gz
频道: [Nice TV 靖天欢乐台（Nice TV 靖天欢乐台）] | 日期: 2026-03-15 | 来源: https://github.com/litiande03/epg/raw/refs/heads/master/pl.xml.gz
频道: [Nice TV 靖天欢乐台（Nice TV 靖天欢乐台）] | 日期: 2026-03-16 | 来源: https://github.com/litiande03/epg/raw/refs/heads/master/pl.xml.gz
频道: [Nice TV 靖天欢乐台（Nice TV 靖天欢乐台）] | 日期: 2026-03-17 | 来源: https://github.com/litiande03/epg/raw/refs/heads/master/pl.xml.gz
频道: [Nick Jr（Nick Jr）] | 日期: 2026-03-14 | 来源: http://epg.cdn.loc.cc/xml
频道: [Nick Jr（Nick Jr）] | 日期: 2026-03-15 | 来源: http://epg.cdn.loc.cc/xml
频道: [Nick Jr（Nick Jr）] | 日期: 2026-03-16 | 来源: http://epg.cdn.loc.cc/xml
频道: [Nick Jr（Nick Jr）] | 日期: 2026-03-17 | 来源: http://epg.cdn.loc.cc/xml
频道: [Nick Jr（Nick Jr）] | 日期: 2026-03-18 | 来源: http://epg.cdn.loc.cc/xml
频道: [Nick Jr（Nick Jr）] | 日期: 2026-03-19 | 来源: http://epg.cdn.loc.cc/xml
频道: [Nick Jr（Nick Jr）] | 日期: 2026-03-20 | 来源: http://epg.cdn.loc.cc/xml
频道: [Nick Jr（Nick Jr）] | 日期: 2026-03-21 | 来源: http://epg.cdn.loc.cc/xml
频道: [Nick Jr（Nick Jr）] | 日期: 2026-03-22 | 来源: http://epg.cdn.loc.cc/xml
频道: [Nick Jr（Nick Jr）] | 日期: 2026-03-23 | 来源: http://epg.cdn.loc.cc/xml
频道: [Nick Jr.（Nick Jr.）] | 日期: 2026-03-15 | 来源: http://epg.cdn.loc.cc/xml
频道: [Nick Jr.（Nick Jr.）] | 日期: 2026-03-16 | 来源: http://epg.cdn.loc.cc/xml
频道: [Nick Jr.（Nick Jr.）] | 日期: 2026-03-17 | 来源: http://epg.cdn.loc.cc/xml
频道: [Nick Jr.（Nick Jr.）] | 日期: 2026-03-18 | 来源: http://epg.cdn.loc.cc/xml
频道: [Nick Jr.（Nick Jr.）] | 日期: 2026-03-19 | 来源: http://epg.cdn.loc.cc/xml
频道: [Nick Jr.（Nick Jr.）] | 日期: 2026-03-20 | 来源: http://epg.cdn.loc.cc/xml
频道: [Nick Jr. HD（Nick Jr. HD）] | 日期: 2026-03-14 | 来源: http://epg.cdn.loc.cc/xml
频道: [Nick Jr. HD（Nick Jr. HD）] | 日期: 2026-03-15 | 来源: http://epg.cdn.loc.cc/xml
频道: [Nick Jr. HD（Nick Jr. HD）] | 日期: 2026-03-16 | 来源: http://epg.cdn.loc.cc/xml
频道: [Nick Jr. HD（Nick Jr. HD）] | 日期: 2026-03-17 | 来源: http://epg.cdn.loc.cc/xml
频道: [Nick Jr. HD（Nick Jr. HD）] | 日期: 2026-03-18 | 来源: http://epg.cdn.loc.cc/xml
频道: [Nick Jr. HD（Nick Jr. HD）] | 日期: 2026-03-19 | 来源: http://epg.cdn.loc.cc/xml
频道: [Nick Jr. HD（Nick Jr. HD）] | 日期: 2026-03-20 | 来源: http://epg.cdn.loc.cc/xml
频道: [Nick Jr. HD（Nick Jr. HD）] | 日期: 2026-03-21 | 来源: http://epg.cdn.loc.cc/xml
频道: [Nick Jr. HD（Nick Jr. HD）] | 日期: 2026-03-22 | 来源: http://epg.cdn.loc.cc/xml
频道: [Nick Jr. 儿童频道（Nick Jr. 儿童频道）] | 日期: 2026-03-15 | 来源: https://github.com/litiande03/epg/raw/refs/heads/master/pl.xml.gz
频道: [Nick Jr. 儿童频道（Nick Jr. 儿童频道）] | 日期: 2026-03-16 | 来源: https://github.com/litiande03/epg/raw/refs/heads/master/pl.xml.gz
频道: [Nick Jr. 儿童频道（Nick Jr. 儿童频道）] | 日期: 2026-03-17 | 来源: https://github.com/litiande03/epg/raw/refs/heads/master/pl.xml.gz
频道: [Nickelodeon（Nickelodeon）] | 日期: 2026-03-14 | 来源: http://epg.cdn.loc.cc/xml
频道: [Nickelodeon（Nickelodeon）] | 日期: 2026-03-15 | 来源: http://epg.cdn.loc.cc/xml
频道: [Nickelodeon（Nickelodeon）] | 日期: 2026-03-16 | 来源: http://epg.cdn.loc.cc/xml
频道: [Nickelodeon（Nickelodeon）] | 日期: 2026-03-17 | 来源: http://epg.cdn.loc.cc/xml
频道: [Nickelodeon（Nickelodeon）] | 日期: 2026-03-18 | 来源: http://epg.cdn.loc.cc/xml
频道: [Nickelodeon（Nickelodeon）] | 日期: 2026-03-19 | 来源: http://epg.cdn.loc.cc/xml
频道: [Nickelodeon（Nickelodeon）] | 日期: 2026-03-20 | 来源: http://epg.cdn.loc.cc/xml
频道: [Nickelodeon（Nickelodeon）] | 日期: 2026-03-21 | 来源: http://epg.cdn.loc.cc/xml
频道: [Nickelodeon（Nickelodeon）] | 日期: 2026-03-22 | 来源: http://epg.cdn.loc.cc/xml
频道: [Nickelodeon（Nickelodeon）] | 日期: 2026-03-23 | 来源: http://epg.cdn.loc.cc/xml
频道: [Nickelodeon Asia HD（Nickelodeon Asia HD）] | 日期: 2026-03-15 | 来源: http://epg.cdn.loc.cc/xml
频道: [Nickelodeon Asia HD（Nickelodeon Asia HD）] | 日期: 2026-03-16 | 来源: http://epg.cdn.loc.cc/xml
频道: [Nickelodeon Asia HD（Nickelodeon Asia HD）] | 日期: 2026-03-17 | 来源: http://epg.cdn.loc.cc/xml
频道: [Nickelodeon Asia HD（Nickelodeon Asia HD）] | 日期: 2026-03-18 | 来源: http://epg.cdn.loc.cc/xml
频道: [Nickelodeon Asia HD（Nickelodeon Asia HD）] | 日期: 2026-03-19 | 来源: http://epg.cdn.loc.cc/xml
频道: [Nickelodeon Asia HD（Nickelodeon Asia HD）] | 日期: 2026-03-20 | 来源: http://epg.cdn.loc.cc/xml
频道: [Nickelodeon Asia HD（Nickelodeon Asia HD）] | 日期: 2026-03-21 | 来源: http://epg.cdn.loc.cc/xml
频道: [Now Golf 2（Now Golf 2）] | 日期: 2026-03-15 | 来源: http://epg.cdn.loc.cc/xml
频道: [Now Golf 2（Now Golf 2）] | 日期: 2026-03-16 | 来源: http://epg.cdn.loc.cc/xml
频道: [Now Golf 2（Now Golf 2）] | 日期: 2026-03-17 | 来源: http://epg.cdn.loc.cc/xml
频道: [Now Golf 2（Now Golf 2）] | 日期: 2026-03-18 | 来源: http://epg.cdn.loc.cc/xml
频道: [Now Golf 2（Now Golf 2）] | 日期: 2026-03-19 | 来源: http://epg.cdn.loc.cc/xml
频道: [Now Golf 2（Now Golf 2）] | 日期: 2026-03-20 | 来源: http://epg.cdn.loc.cc/xml
频道: [Now Golf 3（Now Golf 3）] | 日期: 2026-03-15 | 来源: http://epg.cdn.loc.cc/xml
频道: [Now Golf 3（Now Golf 3）] | 日期: 2026-03-16 | 来源: http://epg.cdn.loc.cc/xml
频道: [Now Golf 3（Now Golf 3）] | 日期: 2026-03-17 | 来源: http://epg.cdn.loc.cc/xml
频道: [Now Golf 3（Now Golf 3）] | 日期: 2026-03-18 | 来源: http://epg.cdn.loc.cc/xml
频道: [Now Golf 3（Now Golf 3）] | 日期: 2026-03-19 | 来源: http://epg.cdn.loc.cc/xml
频道: [Now Golf 3（Now Golf 3）] | 日期: 2026-03-20 | 来源: http://epg.cdn.loc.cc/xml
频道: [Now Sports 1（Now Sports 1）] | 日期: 2026-03-15 | 来源: http://epg.cdn.loc.cc/xml
频道: [Now Sports 1（Now Sports 1）] | 日期: 2026-03-16 | 来源: http://epg.cdn.loc.cc/xml
频道: [Now Sports 1（Now Sports 1）] | 日期: 2026-03-17 | 来源: http://epg.cdn.loc.cc/xml
频道: [Now Sports 1（Now Sports 1）] | 日期: 2026-03-18 | 来源: http://epg.cdn.loc.cc/xml
频道: [Now Sports 1（Now Sports 1）] | 日期: 2026-03-19 | 来源: http://epg.cdn.loc.cc/xml
频道: [Now Sports 1（Now Sports 1）] | 日期: 2026-03-20 | 来源: http://epg.cdn.loc.cc/xml
频道: [Now Sports 2（Now Sports 2）] | 日期: 2026-03-14 | 来源: http://epg.cdn.loc.cc/xml
频道: [Now Sports 2（Now Sports 2）] | 日期: 2026-03-15 | 来源: http://epg.cdn.loc.cc/xml
频道: [Now Sports 2（Now Sports 2）] | 日期: 2026-03-16 | 来源: http://epg.cdn.loc.cc/xml
频道: [Now Sports 2（Now Sports 2）] | 日期: 2026-03-17 | 来源: http://epg.cdn.loc.cc/xml
频道: [Now Sports 2（Now Sports 2）] | 日期: 2026-03-18 | 来源: http://epg.cdn.loc.cc/xml
频道: [Now Sports 2（Now Sports 2）] | 日期: 2026-03-19 | 来源: http://epg.cdn.loc.cc/xml
频道: [Now Sports 2（Now Sports 2）] | 日期: 2026-03-20 | 来源: http://epg.cdn.loc.cc/xml
频道: [Now Sports 3（Now Sports 3）] | 日期: 2026-03-15 | 来源: http://epg.cdn.loc.cc/xml
频道: [Now Sports 3（Now Sports 3）] | 日期: 2026-03-16 | 来源: http://epg.cdn.loc.cc/xml
频道: [Now Sports 3（Now Sports 3）] | 日期: 2026-03-17 | 来源: http://epg.cdn.loc.cc/xml
频道: [Now Sports 3（Now Sports 3）] | 日期: 2026-03-18 | 来源: http://epg.cdn.loc.cc/xml
频道: [Now Sports 3（Now Sports 3）] | 日期: 2026-03-19 | 来源: http://epg.cdn.loc.cc/xml
频道: [Now Sports 3（Now Sports 3）] | 日期: 2026-03-20 | 来源: http://epg.cdn.loc.cc/xml
频道: [Now Sports 4（Now Sports 4）] | 日期: 2026-03-15 | 来源: http://epg.cdn.loc.cc/xml
频道: [Now Sports 4（Now Sports 4）] | 日期: 2026-03-16 | 来源: http://epg.cdn.loc.cc/xml
频道: [Now Sports 4（Now Sports 4）] | 日期: 2026-03-17 | 来源: http://epg.cdn.loc.cc/xml
频道: [Now Sports 4（Now Sports 4）] | 日期: 2026-03-18 | 来源: http://epg.cdn.loc.cc/xml
频道: [Now Sports 4（Now Sports 4）] | 日期: 2026-03-19 | 来源: http://epg.cdn.loc.cc/xml
频道: [Now Sports 4（Now Sports 4）] | 日期: 2026-03-20 | 来源: http://epg.cdn.loc.cc/xml
频道: [Now Sports 4K 1（Now Sports 4K 1）] | 日期: 2026-03-15 | 来源: http://epg.cdn.loc.cc/xml
频道: [Now Sports 4K 1（Now Sports 4K 1）] | 日期: 2026-03-16 | 来源: http://epg.cdn.loc.cc/xml
频道: [Now Sports 4K 1（Now Sports 4K 1）] | 日期: 2026-03-17 | 来源: http://epg.cdn.loc.cc/xml
频道: [Now Sports 4K 1（Now Sports 4K 1）] | 日期: 2026-03-18 | 来源: http://epg.cdn.loc.cc/xml
频道: [Now Sports 4K 1（Now Sports 4K 1）] | 日期: 2026-03-19 | 来源: http://epg.cdn.loc.cc/xml
频道: [Now Sports 4K 1（Now Sports 4K 1）] | 日期: 2026-03-20 | 来源: http://epg.cdn.loc.cc/xml
频道: [Now Sports 4K 2（Now Sports 4K 2）] | 日期: 2026-03-15 | 来源: http://epg.cdn.loc.cc/xml
频道: [Now Sports 4K 2（Now Sports 4K 2）] | 日期: 2026-03-16 | 来源: http://epg.cdn.loc.cc/xml
频道: [Now Sports 4K 2（Now Sports 4K 2）] | 日期: 2026-03-17 | 来源: http://epg.cdn.loc.cc/xml
频道: [Now Sports 4K 2（Now Sports 4K 2）] | 日期: 2026-03-18 | 来源: http://epg.cdn.loc.cc/xml
频道: [Now Sports 4K 2（Now Sports 4K 2）] | 日期: 2026-03-19 | 来源: http://epg.cdn.loc.cc/xml
频道: [Now Sports 4K 2（Now Sports 4K 2）] | 日期: 2026-03-20 | 来源: http://epg.cdn.loc.cc/xml
频道: [Now Sports 4K 3（Now Sports 4K 3）] | 日期: 2026-03-15 | 来源: http://epg.cdn.loc.cc/xml
频道: [Now Sports 4K 3（Now Sports 4K 3）] | 日期: 2026-03-16 | 来源: http://epg.cdn.loc.cc/xml
频道: [Now Sports 4K 3（Now Sports 4K 3）] | 日期: 2026-03-17 | 来源: http://epg.cdn.loc.cc/xml
频道: [Now Sports 4K 3（Now Sports 4K 3）] | 日期: 2026-03-18 | 来源: http://epg.cdn.loc.cc/xml
频道: [Now Sports 4K 3（Now Sports 4K 3）] | 日期: 2026-03-19 | 来源: http://epg.cdn.loc.cc/xml
频道: [Now Sports 4K 3（Now Sports 4K 3）] | 日期: 2026-03-20 | 来源: http://epg.cdn.loc.cc/xml
频道: [Now Sports 5（Now Sports 5）] | 日期: 2026-03-15 | 来源: http://epg.cdn.loc.cc/xml
频道: [Now Sports 5（Now Sports 5）] | 日期: 2026-03-16 | 来源: http://epg.cdn.loc.cc/xml
频道: [Now Sports 5（Now Sports 5）] | 日期: 2026-03-17 | 来源: http://epg.cdn.loc.cc/xml
频道: [Now Sports 5（Now Sports 5）] | 日期: 2026-03-18 | 来源: http://epg.cdn.loc.cc/xml
频道: [Now Sports 5（Now Sports 5）] | 日期: 2026-03-19 | 来源: http://epg.cdn.loc.cc/xml
频道: [Now Sports 5（Now Sports 5）] | 日期: 2026-03-20 | 来源: http://epg.cdn.loc.cc/xml
频道: [Now Sports 6（Now Sports 6）] | 日期: 2026-03-15 | 来源: http://epg.cdn.loc.cc/xml
频道: [Now Sports 6（Now Sports 6）] | 日期: 2026-03-16 | 来源: http://epg.cdn.loc.cc/xml
频道: [Now Sports 6（Now Sports 6）] | 日期: 2026-03-17 | 来源: http://epg.cdn.loc.cc/xml
频道: [Now Sports 6（Now Sports 6）] | 日期: 2026-03-18 | 来源: http://epg.cdn.loc.cc/xml
频道: [Now Sports 6（Now Sports 6）] | 日期: 2026-03-19 | 来源: http://epg.cdn.loc.cc/xml
频道: [Now Sports 6（Now Sports 6）] | 日期: 2026-03-20 | 来源: http://epg.cdn.loc.cc/xml
频道: [Now Sports 641（Now Sports 641）] | 日期: 2026-03-15 | 来源: http://epg.cdn.loc.cc/xml
频道: [Now Sports 641（Now Sports 641）] | 日期: 2026-03-16 | 来源: http://epg.cdn.loc.cc/xml
频道: [Now Sports 641（Now Sports 641）] | 日期: 2026-03-17 | 来源: http://epg.cdn.loc.cc/xml
频道: [Now Sports 641（Now Sports 641）] | 日期: 2026-03-18 | 来源: http://epg.cdn.loc.cc/xml
频道: [Now Sports 641（Now Sports 641）] | 日期: 2026-03-19 | 来源: http://epg.cdn.loc.cc/xml
频道: [Now Sports 641（Now Sports 641）] | 日期: 2026-03-20 | 来源: http://epg.cdn.loc.cc/xml
频道: [Now Sports 647（Now Sports 647）] | 日期: 2026-03-15 | 来源: http://epg.cdn.loc.cc/xml
频道: [Now Sports 647（Now Sports 647）] | 日期: 2026-03-16 | 来源: http://epg.cdn.loc.cc/xml
频道: [Now Sports 647（Now Sports 647）] | 日期: 2026-03-17 | 来源: http://epg.cdn.loc.cc/xml
频道: [Now Sports 647（Now Sports 647）] | 日期: 2026-03-18 | 来源: http://epg.cdn.loc.cc/xml
频道: [Now Sports 647（Now Sports 647）] | 日期: 2026-03-19 | 来源: http://epg.cdn.loc.cc/xml
频道: [Now Sports 647（Now Sports 647）] | 日期: 2026-03-20 | 来源: http://epg.cdn.loc.cc/xml
频道: [Now Sports 651（Now Sports 651）] | 日期: 2026-03-15 | 来源: http://epg.cdn.loc.cc/xml
频道: [Now Sports 651（Now Sports 651）] | 日期: 2026-03-16 | 来源: http://epg.cdn.loc.cc/xml
频道: [Now Sports 651（Now Sports 651）] | 日期: 2026-03-17 | 来源: http://epg.cdn.loc.cc/xml
频道: [Now Sports 651（Now Sports 651）] | 日期: 2026-03-18 | 来源: http://epg.cdn.loc.cc/xml
频道: [Now Sports 651（Now Sports 651）] | 日期: 2026-03-19 | 来源: http://epg.cdn.loc.cc/xml
频道: [Now Sports 651（Now Sports 651）] | 日期: 2026-03-20 | 来源: http://epg.cdn.loc.cc/xml
频道: [Now Sports 652（Now Sports 652）] | 日期: 2026-03-15 | 来源: http://epg.cdn.loc.cc/xml
频道: [Now Sports 652（Now Sports 652）] | 日期: 2026-03-16 | 来源: http://epg.cdn.loc.cc/xml
频道: [Now Sports 652（Now Sports 652）] | 日期: 2026-03-17 | 来源: http://epg.cdn.loc.cc/xml
频道: [Now Sports 652（Now Sports 652）] | 日期: 2026-03-18 | 来源: http://epg.cdn.loc.cc/xml
频道: [Now Sports 652（Now Sports 652）] | 日期: 2026-03-19 | 来源: http://epg.cdn.loc.cc/xml
频道: [Now Sports 652（Now Sports 652）] | 日期: 2026-03-20 | 来源: http://epg.cdn.loc.cc/xml
频道: [Now Sports 7（Now Sports 7）] | 日期: 2026-03-15 | 来源: http://epg.cdn.loc.cc/xml
频道: [Now Sports 7（Now Sports 7）] | 日期: 2026-03-16 | 来源: http://epg.cdn.loc.cc/xml
频道: [Now Sports 7（Now Sports 7）] | 日期: 2026-03-17 | 来源: http://epg.cdn.loc.cc/xml
频道: [Now Sports 7（Now Sports 7）] | 日期: 2026-03-18 | 来源: http://epg.cdn.loc.cc/xml
频道: [Now Sports 7（Now Sports 7）] | 日期: 2026-03-19 | 来源: http://epg.cdn.loc.cc/xml
频道: [Now Sports 7（Now Sports 7）] | 日期: 2026-03-20 | 来源: http://epg.cdn.loc.cc/xml
频道: [Now Sports Plus（Now Sports Plus）] | 日期: 2026-03-15 | 来源: http://epg.cdn.loc.cc/xml
频道: [Now Sports Plus（Now Sports Plus）] | 日期: 2026-03-16 | 来源: http://epg.cdn.loc.cc/xml
频道: [Now Sports Plus（Now Sports Plus）] | 日期: 2026-03-17 | 来源: http://epg.cdn.loc.cc/xml
频道: [Now Sports Plus（Now Sports Plus）] | 日期: 2026-03-18 | 来源: http://epg.cdn.loc.cc/xml
频道: [Now Sports Plus（Now Sports Plus）] | 日期: 2026-03-19 | 来源: http://epg.cdn.loc.cc/xml
频道: [Now Sports Plus（Now Sports Plus）] | 日期: 2026-03-20 | 来源: http://epg.cdn.loc.cc/xml
频道: [Now Sports Premier League TV（Now Sports Premier League TV）] | 日期: 2026-03-14 | 来源: http://epg.cdn.loc.cc/xml
频道: [Now Sports Premier League TV（Now Sports Premier League TV）] | 日期: 2026-03-15 | 来源: http://epg.cdn.loc.cc/xml
频道: [Now Sports Premier League TV（Now Sports Premier League TV）] | 日期: 2026-03-16 | 来源: http://epg.cdn.loc.cc/xml
频道: [Now Sports Premier League TV（Now Sports Premier League TV）] | 日期: 2026-03-17 | 来源: http://epg.cdn.loc.cc/xml
频道: [Now Sports Premier League TV（Now Sports Premier League TV）] | 日期: 2026-03-18 | 来源: http://epg.cdn.loc.cc/xml
频道: [Now Sports Premier League TV（Now Sports Premier League TV）] | 日期: 2026-03-19 | 来源: http://epg.cdn.loc.cc/xml
频道: [Now Sports Premier League TV（Now Sports Premier League TV）] | 日期: 2026-03-20 | 来源: http://epg.cdn.loc.cc/xml
频道: [Now Sports 精选（Now Sports 精选）] | 日期: 2026-03-15 | 来源: http://epg.cdn.loc.cc/xml
频道: [Now Sports 精选（Now Sports 精选）] | 日期: 2026-03-16 | 来源: http://epg.cdn.loc.cc/xml
频道: [Now Sports 精选（Now Sports 精选）] | 日期: 2026-03-17 | 来源: http://epg.cdn.loc.cc/xml
频道: [Now Sports 精选（Now Sports 精选）] | 日期: 2026-03-18 | 来源: http://epg.cdn.loc.cc/xml
频道: [Now Sports 精选（Now Sports 精选）] | 日期: 2026-03-19 | 来源: http://epg.cdn.loc.cc/xml
频道: [Now Sports 精选（Now Sports 精选）] | 日期: 2026-03-20 | 来源: http://epg.cdn.loc.cc/xml
频道: [Now Sports 英超1台（Now Sports 英超1台）] | 日期: 2026-03-14 | 来源: http://epg.cdn.loc.cc/xml
频道: [Now Sports 英超1台（Now Sports 英超1台）] | 日期: 2026-03-15 | 来源: http://epg.cdn.loc.cc/xml
频道: [Now Sports 英超1台（Now Sports 英超1台）] | 日期: 2026-03-16 | 来源: http://epg.cdn.loc.cc/xml
频道: [Now Sports 英超1台（Now Sports 英超1台）] | 日期: 2026-03-17 | 来源: http://epg.cdn.loc.cc/xml
频道: [Now Sports 英超1台（Now Sports 英超1台）] | 日期: 2026-03-18 | 来源: http://epg.cdn.loc.cc/xml
频道: [Now Sports 英超1台（Now Sports 英超1台）] | 日期: 2026-03-19 | 来源: http://epg.cdn.loc.cc/xml
频道: [Now Sports 英超1台（Now Sports 英超1台）] | 日期: 2026-03-20 | 来源: http://epg.cdn.loc.cc/xml
频道: [Now Sports 英超2台（Now Sports 英超2台）] | 日期: 2026-03-14 | 来源: http://epg.cdn.loc.cc/xml
频道: [Now Sports 英超2台（Now Sports 英超2台）] | 日期: 2026-03-15 | 来源: http://epg.cdn.loc.cc/xml
频道: [Now Sports 英超2台（Now Sports 英超2台）] | 日期: 2026-03-16 | 来源: http://epg.cdn.loc.cc/xml
频道: [Now Sports 英超2台（Now Sports 英超2台）] | 日期: 2026-03-17 | 来源: http://epg.cdn.loc.cc/xml
频道: [Now Sports 英超2台（Now Sports 英超2台）] | 日期: 2026-03-18 | 来源: http://epg.cdn.loc.cc/xml
频道: [Now Sports 英超2台（Now Sports 英超2台）] | 日期: 2026-03-19 | 来源: http://epg.cdn.loc.cc/xml
频道: [Now Sports 英超2台（Now Sports 英超2台）] | 日期: 2026-03-20 | 来源: http://epg.cdn.loc.cc/xml
频道: [Now Sports 英超3台（Now Sports 英超3台）] | 日期: 2026-03-15 | 来源: http://epg.cdn.loc.cc/xml
频道: [Now Sports 英超3台（Now Sports 英超3台）] | 日期: 2026-03-16 | 来源: http://epg.cdn.loc.cc/xml
频道: [Now Sports 英超3台（Now Sports 英超3台）] | 日期: 2026-03-17 | 来源: http://epg.cdn.loc.cc/xml
频道: [Now Sports 英超3台（Now Sports 英超3台）] | 日期: 2026-03-18 | 来源: http://epg.cdn.loc.cc/xml
频道: [Now Sports 英超3台（Now Sports 英超3台）] | 日期: 2026-03-19 | 来源: http://epg.cdn.loc.cc/xml
频道: [Now Sports 英超3台（Now Sports 英超3台）] | 日期: 2026-03-20 | 来源: http://epg.cdn.loc.cc/xml
频道: [Now Sports 英超4台（Now Sports 英超4台）] | 日期: 2026-03-15 | 来源: http://epg.cdn.loc.cc/xml
频道: [Now Sports 英超4台（Now Sports 英超4台）] | 日期: 2026-03-16 | 来源: http://epg.cdn.loc.cc/xml
频道: [Now Sports 英超4台（Now Sports 英超4台）] | 日期: 2026-03-17 | 来源: http://epg.cdn.loc.cc/xml
频道: [Now Sports 英超4台（Now Sports 英超4台）] | 日期: 2026-03-18 | 来源: http://epg.cdn.loc.cc/xml
频道: [Now Sports 英超4台（Now Sports 英超4台）] | 日期: 2026-03-19 | 来源: http://epg.cdn.loc.cc/xml
频道: [Now Sports 英超4台（Now Sports 英超4台）] | 日期: 2026-03-20 | 来源: http://epg.cdn.loc.cc/xml
频道: [Now Sports 英超5台（Now Sports 英超5台）] | 日期: 2026-03-15 | 来源: http://epg.cdn.loc.cc/xml
频道: [Now Sports 英超5台（Now Sports 英超5台）] | 日期: 2026-03-16 | 来源: http://epg.cdn.loc.cc/xml
频道: [Now Sports 英超5台（Now Sports 英超5台）] | 日期: 2026-03-17 | 来源: http://epg.cdn.loc.cc/xml
频道: [Now Sports 英超5台（Now Sports 英超5台）] | 日期: 2026-03-18 | 来源: http://epg.cdn.loc.cc/xml
频道: [Now Sports 英超5台（Now Sports 英超5台）] | 日期: 2026-03-19 | 来源: http://epg.cdn.loc.cc/xml
频道: [Now Sports 英超5台（Now Sports 英超5台）] | 日期: 2026-03-20 | 来源: http://epg.cdn.loc.cc/xml
频道: [Now Sports 英超6台（Now Sports 英超6台）] | 日期: 2026-03-15 | 来源: http://epg.cdn.loc.cc/xml
频道: [Now Sports 英超6台（Now Sports 英超6台）] | 日期: 2026-03-16 | 来源: http://epg.cdn.loc.cc/xml
频道: [Now Sports 英超6台（Now Sports 英超6台）] | 日期: 2026-03-17 | 来源: http://epg.cdn.loc.cc/xml
频道: [Now Sports 英超6台（Now Sports 英超6台）] | 日期: 2026-03-18 | 来源: http://epg.cdn.loc.cc/xml
频道: [Now Sports 英超6台（Now Sports 英超6台）] | 日期: 2026-03-19 | 来源: http://epg.cdn.loc.cc/xml
频道: [Now Sports 英超6台（Now Sports 英超6台）] | 日期: 2026-03-20 | 来源: http://epg.cdn.loc.cc/xml
频道: [Now Sports 英超7台（Now Sports 英超7台）] | 日期: 2026-03-15 | 来源: http://epg.cdn.loc.cc/xml
频道: [Now Sports 英超7台（Now Sports 英超7台）] | 日期: 2026-03-16 | 来源: http://epg.cdn.loc.cc/xml
频道: [Now Sports 英超7台（Now Sports 英超7台）] | 日期: 2026-03-17 | 来源: http://epg.cdn.loc.cc/xml
频道: [Now Sports 英超7台（Now Sports 英超7台）] | 日期: 2026-03-18 | 来源: http://epg.cdn.loc.cc/xml
频道: [Now Sports 英超7台（Now Sports 英超7台）] | 日期: 2026-03-19 | 来源: http://epg.cdn.loc.cc/xml
频道: [Now Sports 英超7台（Now Sports 英超7台）] | 日期: 2026-03-20 | 来源: http://epg.cdn.loc.cc/xml
频道: [Now 影视点播站（Now 影视点播站）] | 日期: 2026-03-15 | 来源: http://epg.cdn.loc.cc/xml
频道: [Now 影视点播站（Now 影视点播站）] | 日期: 2026-03-16 | 来源: http://epg.cdn.loc.cc/xml
频道: [Now 影视点播站（Now 影视点播站）] | 日期: 2026-03-17 | 来源: http://epg.cdn.loc.cc/xml
频道: [Now 影视点播站（Now 影视点播站）] | 日期: 2026-03-18 | 来源: http://epg.cdn.loc.cc/xml
频道: [Now 影视点播站（Now 影视点播站）] | 日期: 2026-03-19 | 来源: http://epg.cdn.loc.cc/xml
频道: [Now 影视点播站（Now 影视点播站）] | 日期: 2026-03-20 | 来源: http://epg.cdn.loc.cc/xml
频道: [Now 影视点播站（Now 影视点播站）] | 日期: 2026-03-21 | 来源: http://epg.cdn.loc.cc/xml
频道: [Now 爆谷台（Now 爆谷台）] | 日期: 2026-03-15 | 来源: http://epg.cdn.loc.cc/xml
频道: [Now 爆谷台（Now 爆谷台）] | 日期: 2026-03-16 | 来源: http://epg.cdn.loc.cc/xml
频道: [Now 爆谷台（Now 爆谷台）] | 日期: 2026-03-17 | 来源: http://epg.cdn.loc.cc/xml
频道: [Now 爆谷台（Now 爆谷台）] | 日期: 2026-03-18 | 来源: http://epg.cdn.loc.cc/xml
频道: [Now 爆谷台（Now 爆谷台）] | 日期: 2026-03-19 | 来源: http://epg.cdn.loc.cc/xml
频道: [Now 爆谷台（Now 爆谷台）] | 日期: 2026-03-20 | 来源: http://epg.cdn.loc.cc/xml
频道: [Now 爆谷台（Now 爆谷台）] | 日期: 2026-03-21 | 来源: http://epg.cdn.loc.cc/xml
频道: [Now668（Now668）] | 日期: 2026-03-15 | 来源: http://epg.cdn.loc.cc/xml
频道: [Now668（Now668）] | 日期: 2026-03-16 | 来源: http://epg.cdn.loc.cc/xml
频道: [Now668（Now668）] | 日期: 2026-03-17 | 来源: http://epg.cdn.loc.cc/xml
频道: [Now668（Now668）] | 日期: 2026-03-18 | 来源: http://epg.cdn.loc.cc/xml
频道: [Now668（Now668）] | 日期: 2026-03-19 | 来源: http://epg.cdn.loc.cc/xml
频道: [Now668（Now668）] | 日期: 2026-03-20 | 来源: http://epg.cdn.loc.cc/xml
频道: [NowJelli（NowJelli）] | 日期: 2026-03-15 | 来源: http://epg.cdn.loc.cc/xml
频道: [NowJelli（NowJelli）] | 日期: 2026-03-16 | 来源: http://epg.cdn.loc.cc/xml
频道: [NowJelli（NowJelli）] | 日期: 2026-03-17 | 来源: http://epg.cdn.loc.cc/xml
频道: [NowJelli（NowJelli）] | 日期: 2026-03-18 | 来源: http://epg.cdn.loc.cc/xml
频道: [NowJelli（NowJelli）] | 日期: 2026-03-19 | 来源: http://epg.cdn.loc.cc/xml
频道: [NowJelli（NowJelli）] | 日期: 2026-03-20 | 来源: http://epg.cdn.loc.cc/xml
频道: [NowJelli（NowJelli）] | 日期: 2026-03-21 | 来源: http://epg.cdn.loc.cc/xml
频道: [Now华剧台（Now华剧台）] | 日期: 2026-03-15 | 来源: http://epg.cdn.loc.cc/xml
频道: [Now华剧台（Now华剧台）] | 日期: 2026-03-16 | 来源: http://epg.cdn.loc.cc/xml
频道: [Now华剧台（Now华剧台）] | 日期: 2026-03-17 | 来源: http://epg.cdn.loc.cc/xml
频道: [Now华剧台（Now华剧台）] | 日期: 2026-03-18 | 来源: http://epg.cdn.loc.cc/xml
频道: [Now华剧台（Now华剧台）] | 日期: 2026-03-19 | 来源: http://epg.cdn.loc.cc/xml
频道: [Now华剧台（Now华剧台）] | 日期: 2026-03-20 | 来源: http://epg.cdn.loc.cc/xml
频道: [Now报价台（Now报价台）] | 日期: 2026-03-15 | 来源: http://epg.cdn.loc.cc/xml
频道: [Now报价台（Now报价台）] | 日期: 2026-03-16 | 来源: http://epg.cdn.loc.cc/xml
频道: [Now报价台（Now报价台）] | 日期: 2026-03-17 | 来源: http://epg.cdn.loc.cc/xml
频道: [Now报价台（Now报价台）] | 日期: 2026-03-18 | 来源: http://epg.cdn.loc.cc/xml
频道: [Now报价台（Now报价台）] | 日期: 2026-03-19 | 来源: http://epg.cdn.loc.cc/xml
频道: [Now报价台（Now报价台）] | 日期: 2026-03-20 | 来源: http://epg.cdn.loc.cc/xml
频道: [Now新闻台（Now新闻台）] | 日期: 2026-03-15 | 来源: http://epg.cdn.loc.cc/xml
频道: [Now新闻台（Now新闻台）] | 日期: 2026-03-16 | 来源: http://epg.cdn.loc.cc/xml
频道: [Now新闻台（Now新闻台）] | 日期: 2026-03-17 | 来源: http://epg.cdn.loc.cc/xml
频道: [Now新闻台（Now新闻台）] | 日期: 2026-03-18 | 来源: http://epg.cdn.loc.cc/xml
频道: [Now新闻台（Now新闻台）] | 日期: 2026-03-19 | 来源: http://epg.cdn.loc.cc/xml
频道: [Now新闻台（Now新闻台）] | 日期: 2026-03-20 | 来源: http://epg.cdn.loc.cc/xml
频道: [Now爆谷星影台（Now爆谷星影台）] | 日期: 2026-03-14 | 来源: http://epg.cdn.loc.cc/xml
频道: [Now爆谷星影台（Now爆谷星影台）] | 日期: 2026-03-15 | 来源: http://epg.cdn.loc.cc/xml
频道: [Now爆谷星影台（Now爆谷星影台）] | 日期: 2026-03-16 | 来源: http://epg.cdn.loc.cc/xml
频道: [Now爆谷星影台（Now爆谷星影台）] | 日期: 2026-03-17 | 来源: http://epg.cdn.loc.cc/xml
频道: [Now爆谷星影台（Now爆谷星影台）] | 日期: 2026-03-18 | 来源: http://epg.cdn.loc.cc/xml
频道: [Now爆谷星影台（Now爆谷星影台）] | 日期: 2026-03-19 | 来源: http://epg.cdn.loc.cc/xml
频道: [Now爆谷星影台（Now爆谷星影台）] | 日期: 2026-03-20 | 来源: http://epg.cdn.loc.cc/xml
频道: [Now爆谷星影台（Now爆谷星影台）] | 日期: 2026-03-21 | 来源: http://epg.cdn.loc.cc/xml
频道: [Now直播台（Now直播台）] | 日期: 2026-03-15 | 来源: http://epg.cdn.loc.cc/xml
频道: [Now直播台（Now直播台）] | 日期: 2026-03-16 | 来源: http://epg.cdn.loc.cc/xml
频道: [Now直播台（Now直播台）] | 日期: 2026-03-17 | 来源: http://epg.cdn.loc.cc/xml
频道: [Now直播台（Now直播台）] | 日期: 2026-03-18 | 来源: http://epg.cdn.loc.cc/xml
频道: [Now直播台（Now直播台）] | 日期: 2026-03-19 | 来源: http://epg.cdn.loc.cc/xml
频道: [Now直播台（Now直播台）] | 日期: 2026-03-20 | 来源: http://epg.cdn.loc.cc/xml
频道: [Now财经台（Now财经台）] | 日期: 2026-03-15 | 来源: http://epg.cdn.loc.cc/xml
频道: [Now财经台（Now财经台）] | 日期: 2026-03-16 | 来源: http://epg.cdn.loc.cc/xml
频道: [Now财经台（Now财经台）] | 日期: 2026-03-17 | 来源: http://epg.cdn.loc.cc/xml
频道: [Now财经台（Now财经台）] | 日期: 2026-03-18 | 来源: http://epg.cdn.loc.cc/xml
频道: [Now财经台（Now财经台）] | 日期: 2026-03-19 | 来源: http://epg.cdn.loc.cc/xml
频道: [Now财经台（Now财经台）] | 日期: 2026-03-20 | 来源: http://epg.cdn.loc.cc/xml
频道: [OASIS（OASIS）] | 日期: 2026-03-15 | 来源: http://epg.cdn.loc.cc/xml
频道: [OASIS（OASIS）] | 日期: 2026-03-16 | 来源: http://epg.cdn.loc.cc/xml
频道: [OASIS（OASIS）] | 日期: 2026-03-17 | 来源: http://epg.cdn.loc.cc/xml
频道: [OASIS（OASIS）] | 日期: 2026-03-18 | 来源: http://epg.cdn.loc.cc/xml
频道: [OASIS（OASIS）] | 日期: 2026-03-19 | 来源: http://epg.cdn.loc.cc/xml
频道: [OASIS（OASIS）] | 日期: 2026-03-20 | 来源: http://epg.cdn.loc.cc/xml
频道: [OASIS（OASIS）] | 日期: 2026-03-21 | 来源: http://epg.cdn.loc.cc/xml
频道: [ONE（ONE）] | 日期: 2026-03-14 | 来源: http://epg.cdn.loc.cc/xml
频道: [ONE（ONE）] | 日期: 2026-03-15 | 来源: http://epg.cdn.loc.cc/xml
频道: [ONE（ONE）] | 日期: 2026-03-16 | 来源: http://epg.cdn.loc.cc/xml
频道: [ONE（ONE）] | 日期: 2026-03-17 | 来源: http://epg.cdn.loc.cc/xml
频道: [ONE（ONE）] | 日期: 2026-03-18 | 来源: http://epg.cdn.loc.cc/xml
频道: [ONE（ONE）] | 日期: 2026-03-19 | 来源: http://epg.cdn.loc.cc/xml
频道: [ONE（ONE）] | 日期: 2026-03-20 | 来源: http://epg.cdn.loc.cc/xml
频道: [ONE（ONE）] | 日期: 2026-03-21 | 来源: http://epg.cdn.loc.cc/xml
频道: [ONE (Malay)（ONE (Malay)）] | 日期: 2026-03-14 | 来源: http://epg.cdn.loc.cc/xml
频道: [ONE (Malay)（ONE (Malay)）] | 日期: 2026-03-15 | 来源: http://epg.cdn.loc.cc/xml
频道: [ONE (Malay)（ONE (Malay)）] | 日期: 2026-03-16 | 来源: http://epg.cdn.loc.cc/xml
频道: [ONE (Malay)（ONE (Malay)）] | 日期: 2026-03-17 | 来源: http://epg.cdn.loc.cc/xml
频道: [ONE (Malay)（ONE (Malay)）] | 日期: 2026-03-18 | 来源: http://epg.cdn.loc.cc/xml
频道: [ONE (Malay)（ONE (Malay)）] | 日期: 2026-03-19 | 来源: http://epg.cdn.loc.cc/xml
频道: [ONE (Malay)（ONE (Malay)）] | 日期: 2026-03-20 | 来源: http://epg.cdn.loc.cc/xml
频道: [ONE (Malay)（ONE (Malay)）] | 日期: 2026-03-21 | 来源: http://epg.cdn.loc.cc/xml
频道: [ONE HD（ONE HD）] | 日期: 2026-03-14 | 来源: http://epg.cdn.loc.cc/xml
频道: [ONE HD（ONE HD）] | 日期: 2026-03-15 | 来源: http://epg.cdn.loc.cc/xml
频道: [ONE HD（ONE HD）] | 日期: 2026-03-16 | 来源: http://epg.cdn.loc.cc/xml
频道: [ONE HD（ONE HD）] | 日期: 2026-03-17 | 来源: http://epg.cdn.loc.cc/xml
频道: [ONE HD（ONE HD）] | 日期: 2026-03-18 | 来源: http://epg.cdn.loc.cc/xml
频道: [ONE HD（ONE HD）] | 日期: 2026-03-19 | 来源: http://epg.cdn.loc.cc/xml
频道: [ONE HD（ONE HD）] | 日期: 2026-03-20 | 来源: http://epg.cdn.loc.cc/xml
频道: [ONE HD（ONE HD）] | 日期: 2026-03-21 | 来源: http://epg.cdn.loc.cc/xml
频道: [Oktolidays（Oktolidays）] | 日期: 2026-03-14 | 来源: http://epg.cdn.loc.cc/xml
频道: [Oktolidays（Oktolidays）] | 日期: 2026-03-15 | 来源: http://epg.cdn.loc.cc/xml
频道: [Oktolidays（Oktolidays）] | 日期: 2026-03-16 | 来源: http://epg.cdn.loc.cc/xml
频道: [Oktolidays（Oktolidays）] | 日期: 2026-03-17 | 来源: http://epg.cdn.loc.cc/xml
频道: [Oktolidays（Oktolidays）] | 日期: 2026-03-18 | 来源: http://epg.cdn.loc.cc/xml
频道: [Oktolidays（Oktolidays）] | 日期: 2026-03-19 | 来源: http://epg.cdn.loc.cc/xml
频道: [Oktolidays（Oktolidays）] | 日期: 2026-03-20 | 来源: http://epg.cdn.loc.cc/xml
频道: [Oktolidays（Oktolidays）] | 日期: 2026-03-21 | 来源: http://epg.cdn.loc.cc/xml
频道: [Oktolidays（Oktolidays）] | 日期: 2026-03-22 | 来源: http://epg.cdn.loc.cc/xml
频道: [PHOENIX（PHOENIX）] | 日期: 2026-03-15 | 来源: http://epg.cdn.loc.cc/xml
频道: [PHOENIX（PHOENIX）] | 日期: 2026-03-16 | 来源: http://epg.cdn.loc.cc/xml
频道: [PHOENIX（PHOENIX）] | 日期: 2026-03-17 | 来源: http://epg.cdn.loc.cc/xml
频道: [PHOENIX（PHOENIX）] | 日期: 2026-03-18 | 来源: http://epg.cdn.loc.cc/xml
频道: [PHOENIX（PHOENIX）] | 日期: 2026-03-19 | 来源: http://epg.cdn.loc.cc/xml
频道: [PHOENIX（PHOENIX）] | 日期: 2026-03-20 | 来源: http://epg.cdn.loc.cc/xml
频道: [PHOENIX（PHOENIX）] | 日期: 2026-03-21 | 来源: http://epg.cdn.loc.cc/xml
频道: [PHOENIX NEWS（PHOENIX NEWS）] | 日期: 2026-03-15 | 来源: http://epg.cdn.loc.cc/xml
频道: [PHOENIX NEWS（PHOENIX NEWS）] | 日期: 2026-03-16 | 来源: http://epg.cdn.loc.cc/xml
频道: [PHOENIX NEWS（PHOENIX NEWS）] | 日期: 2026-03-17 | 来源: http://epg.cdn.loc.cc/xml
频道: [PHOENIX NEWS（PHOENIX NEWS）] | 日期: 2026-03-18 | 来源: http://epg.cdn.loc.cc/xml
频道: [PHOENIX NEWS（PHOENIX NEWS）] | 日期: 2026-03-19 | 来源: http://epg.cdn.loc.cc/xml
频道: [PHOENIX NEWS（PHOENIX NEWS）] | 日期: 2026-03-20 | 来源: http://epg.cdn.loc.cc/xml
频道: [PHOENIX NEWS（PHOENIX NEWS）] | 日期: 2026-03-21 | 来源: http://epg.cdn.loc.cc/xml
频道: [PRIMA（PRIMA）] | 日期: 2026-03-14 | 来源: http://epg.cdn.loc.cc/xml
频道: [PRIMA（PRIMA）] | 日期: 2026-03-15 | 来源: http://epg.cdn.loc.cc/xml
频道: [PRIMA（PRIMA）] | 日期: 2026-03-16 | 来源: http://epg.cdn.loc.cc/xml
频道: [PRIMA（PRIMA）] | 日期: 2026-03-17 | 来源: http://epg.cdn.loc.cc/xml
频道: [PRIMA（PRIMA）] | 日期: 2026-03-18 | 来源: http://epg.cdn.loc.cc/xml
频道: [PRIMA（PRIMA）] | 日期: 2026-03-19 | 来源: http://epg.cdn.loc.cc/xml
频道: [PRIMA（PRIMA）] | 日期: 2026-03-20 | 来源: http://epg.cdn.loc.cc/xml
频道: [PRIMA（PRIMA）] | 日期: 2026-03-21 | 来源: http://epg.cdn.loc.cc/xml
频道: [Pet Club TV（Pet Club TV）] | 日期: 2026-03-14 | 来源: http://epg.cdn.loc.cc/xml
频道: [Pet Club TV（Pet Club TV）] | 日期: 2026-03-15 | 来源: https://github.com/litiande03/epg/raw/refs/heads/master/pl.xml.gz
频道: [Pet Club TV（Pet Club TV）] | 日期: 2026-03-16 | 来源: https://github.com/litiande03/epg/raw/refs/heads/master/pl.xml.gz
频道: [Pet Club TV（Pet Club TV）] | 日期: 2026-03-17 | 来源: https://github.com/litiande03/epg/raw/refs/heads/master/pl.xml.gz
频道: [Pet Club TV（Pet Club TV）] | 日期: 2026-03-18 | 来源: http://epg.cdn.loc.cc/xml
频道: [Pet Club TV（Pet Club TV）] | 日期: 2026-03-19 | 来源: http://epg.cdn.loc.cc/xml
频道: [Pet Club TV（Pet Club TV）] | 日期: 2026-03-20 | 来源: http://epg.cdn.loc.cc/xml
频道: [Pet Club TV（Pet Club TV）] | 日期: 2026-03-21 | 来源: http://epg.cdn.loc.cc/xml
频道: [Pet Club TV（Pet Club TV）] | 日期: 2026-03-22 | 来源: http://epg.cdn.loc.cc/xml
频道: [Pet Club TV（Pet Club TV）] | 日期: 2026-03-23 | 来源: http://epg.cdn.loc.cc/xml
频道: [Phoenix Chinese Channel HD（Phoenix Chinese Channel HD）] | 日期: 2026-03-15 | 来源: http://epg.cdn.loc.cc/xml
频道: [Phoenix Chinese Channel HD（Phoenix Chinese Channel HD）] | 日期: 2026-03-16 | 来源: http://epg.cdn.loc.cc/xml
频道: [Phoenix Chinese Channel HD（Phoenix Chinese Channel HD）] | 日期: 2026-03-17 | 来源: http://epg.cdn.loc.cc/xml
频道: [Phoenix Chinese Channel HD（Phoenix Chinese Channel HD）] | 日期: 2026-03-18 | 来源: http://epg.cdn.loc.cc/xml
频道: [Phoenix Chinese Channel HD（Phoenix Chinese Channel HD）] | 日期: 2026-03-19 | 来源: http://epg.cdn.loc.cc/xml
频道: [Phoenix Chinese Channel HD（Phoenix Chinese Channel HD）] | 日期: 2026-03-20 | 来源: http://epg.cdn.loc.cc/xml
频道: [Phoenix Chinese Channel HD（Phoenix Chinese Channel HD）] | 日期: 2026-03-21 | 来源: http://epg.cdn.loc.cc/xml
频道: [Phoenix InfoNews Channel HD（Phoenix InfoNews Channel HD）] | 日期: 2026-03-15 | 来源: http://epg.cdn.loc.cc/xml
频道: [Phoenix InfoNews Channel HD（Phoenix InfoNews Channel HD）] | 日期: 2026-03-16 | 来源: http://epg.cdn.loc.cc/xml
频道: [Phoenix InfoNews Channel HD（Phoenix InfoNews Channel HD）] | 日期: 2026-03-17 | 来源: http://epg.cdn.loc.cc/xml
频道: [Phoenix InfoNews Channel HD（Phoenix InfoNews Channel HD）] | 日期: 2026-03-18 | 来源: http://epg.cdn.loc.cc/xml
频道: [Phoenix InfoNews Channel HD（Phoenix InfoNews Channel HD）] | 日期: 2026-03-19 | 来源: http://epg.cdn.loc.cc/xml
频道: [Phoenix InfoNews Channel HD（Phoenix InfoNews Channel HD）] | 日期: 2026-03-20 | 来源: http://epg.cdn.loc.cc/xml
频道: [Phoenix InfoNews Channel HD（Phoenix InfoNews Channel HD）] | 日期: 2026-03-21 | 来源: http://epg.cdn.loc.cc/xml
频道: [PopC（PopC）] | 日期: 2026-03-14 | 来源: http://e.erw.cc/all.xml.gz
频道: [PopC（PopC）] | 日期: 2026-03-15 | 来源: https://epg.136605.xyz/9days.xml
频道: [PopC（PopC）] | 日期: 2026-03-16 | 来源: https://epg.136605.xyz/9days.xml
频道: [PopC（PopC）] | 日期: 2026-03-17 | 来源: https://epg.136605.xyz/9days.xml
频道: [PopC（PopC）] | 日期: 2026-03-18 | 来源: http://epg.cdn.loc.cc/xml
频道: [PopC（PopC）] | 日期: 2026-03-19 | 来源: http://epg.cdn.loc.cc/xml
频道: [PopC（PopC）] | 日期: 2026-03-20 | 来源: http://epg.cdn.loc.cc/xml
频道: [PopC（PopC）] | 日期: 2026-03-21 | 来源: http://epg.cdn.loc.cc/xml
频道: [PopC（PopC）] | 日期: 2026-03-22 | 来源: http://epg.cdn.loc.cc/xml
频道: [PopC（PopC）] | 日期: 2026-03-23 | 来源: http://epg.cdn.loc.cc/xml
频道: [Premier Sports（Premier Sports）] | 日期: 2026-03-15 | 来源: http://epg.cdn.loc.cc/xml
频道: [Premier Sports（Premier Sports）] | 日期: 2026-03-16 | 来源: http://epg.cdn.loc.cc/xml
频道: [Premier Sports（Premier Sports）] | 日期: 2026-03-17 | 来源: http://epg.cdn.loc.cc/xml
频道: [Premier Sports（Premier Sports）] | 日期: 2026-03-18 | 来源: http://epg.cdn.loc.cc/xml
频道: [Premier Sports（Premier Sports）] | 日期: 2026-03-19 | 来源: http://epg.cdn.loc.cc/xml
频道: [Premier Sports（Premier Sports）] | 日期: 2026-03-20 | 来源: http://epg.cdn.loc.cc/xml
频道: [Preview Channel（Preview Channel）] | 日期: 2026-03-15 | 来源: http://epg.cdn.loc.cc/xml
频道: [Preview Channel（Preview Channel）] | 日期: 2026-03-16 | 来源: http://epg.cdn.loc.cc/xml
频道: [Preview Channel（Preview Channel）] | 日期: 2026-03-17 | 来源: http://epg.cdn.loc.cc/xml
频道: [Preview Channel（Preview Channel）] | 日期: 2026-03-18 | 来源: http://epg.cdn.loc.cc/xml
频道: [Preview Channel（Preview Channel）] | 日期: 2026-03-19 | 来源: http://epg.cdn.loc.cc/xml
频道: [Preview Channel（Preview Channel）] | 日期: 2026-03-20 | 来源: http://epg.cdn.loc.cc/xml
频道: [Preview Channel（Preview Channel）] | 日期: 2026-03-21 | 来源: http://epg.cdn.loc.cc/xml
频道: [QJ（QJ）] | 日期: 2026-03-15 | 来源: http://epg.cdn.loc.cc/xml
频道: [QJ（QJ）] | 日期: 2026-03-16 | 来源: http://epg.cdn.loc.cc/xml
频道: [QJ（QJ）] | 日期: 2026-03-17 | 来源: http://epg.cdn.loc.cc/xml
频道: [QJ（QJ）] | 日期: 2026-03-18 | 来源: http://epg.cdn.loc.cc/xml
频道: [QJ（QJ）] | 日期: 2026-03-19 | 来源: http://epg.cdn.loc.cc/xml
频道: [QJ（QJ）] | 日期: 2026-03-20 | 来源: http://epg.cdn.loc.cc/xml
频道: [QJ（QJ）] | 日期: 2026-03-21 | 来源: http://epg.cdn.loc.cc/xml
频道: [RANIA（RANIA）] | 日期: 2026-03-15 | 来源: http://epg.cdn.loc.cc/xml
频道: [RANIA（RANIA）] | 日期: 2026-03-16 | 来源: http://epg.cdn.loc.cc/xml
频道: [RANIA（RANIA）] | 日期: 2026-03-17 | 来源: http://epg.cdn.loc.cc/xml
频道: [RANIA（RANIA）] | 日期: 2026-03-18 | 来源: http://epg.cdn.loc.cc/xml
频道: [RANIA（RANIA）] | 日期: 2026-03-19 | 来源: http://epg.cdn.loc.cc/xml
频道: [RANIA（RANIA）] | 日期: 2026-03-20 | 来源: http://epg.cdn.loc.cc/xml
频道: [RANIA（RANIA）] | 日期: 2026-03-21 | 来源: http://epg.cdn.loc.cc/xml
频道: [RIA（RIA）] | 日期: 2026-03-14 | 来源: http://epg.cdn.loc.cc/xml
频道: [RIA（RIA）] | 日期: 2026-03-15 | 来源: http://epg.cdn.loc.cc/xml
频道: [RIA（RIA）] | 日期: 2026-03-16 | 来源: http://epg.cdn.loc.cc/xml
频道: [RIA（RIA）] | 日期: 2026-03-17 | 来源: http://epg.cdn.loc.cc/xml
频道: [RIA（RIA）] | 日期: 2026-03-18 | 来源: http://epg.cdn.loc.cc/xml
频道: [RIA（RIA）] | 日期: 2026-03-19 | 来源: http://epg.cdn.loc.cc/xml
频道: [RIA（RIA）] | 日期: 2026-03-20 | 来源: http://epg.cdn.loc.cc/xml
频道: [RIA（RIA）] | 日期: 2026-03-21 | 来源: http://epg.cdn.loc.cc/xml
频道: [ROCK Action（ROCK Action）] | 日期: 2026-03-14 | 来源: http://epg.cdn.loc.cc/xml
频道: [ROCK Action（ROCK Action）] | 日期: 2026-03-15 | 来源: http://epg.cdn.loc.cc/xml
频道: [ROCK Action（ROCK Action）] | 日期: 2026-03-16 | 来源: http://epg.cdn.loc.cc/xml
频道: [ROCK Action（ROCK Action）] | 日期: 2026-03-17 | 来源: http://epg.cdn.loc.cc/xml
频道: [ROCK Action（ROCK Action）] | 日期: 2026-03-18 | 来源: http://epg.cdn.loc.cc/xml
频道: [ROCK Action（ROCK Action）] | 日期: 2026-03-19 | 来源: http://epg.cdn.loc.cc/xml
频道: [ROCK Action（ROCK Action）] | 日期: 2026-03-20 | 来源: http://epg.cdn.loc.cc/xml
频道: [ROCK Action（ROCK Action）] | 日期: 2026-03-21 | 来源: http://epg.cdn.loc.cc/xml
频道: [ROCK Action（ROCK Action）] | 日期: 2026-03-22 | 来源: http://epg.cdn.loc.cc/xml
频道: [ROCK Action（ROCK Action）] | 日期: 2026-03-23 | 来源: http://epg.cdn.loc.cc/xml
频道: [ROCK Entertainment（ROCK Entertainment）] | 日期: 2026-03-15 | 来源: http://epg.cdn.loc.cc/xml
频道: [ROCK Entertainment（ROCK Entertainment）] | 日期: 2026-03-16 | 来源: http://epg.cdn.loc.cc/xml
频道: [ROCK Entertainment（ROCK Entertainment）] | 日期: 2026-03-17 | 来源: http://epg.cdn.loc.cc/xml
频道: [ROCK Entertainment（ROCK Entertainment）] | 日期: 2026-03-18 | 来源: http://epg.cdn.loc.cc/xml
频道: [ROCK Entertainment（ROCK Entertainment）] | 日期: 2026-03-19 | 来源: http://epg.cdn.loc.cc/xml
频道: [ROCK Entertainment（ROCK Entertainment）] | 日期: 2026-03-20 | 来源: http://epg.cdn.loc.cc/xml
频道: [ROCK X Stream（ROCK X Stream）] | 日期: 2026-03-14 | 来源: http://epg.cdn.loc.cc/xml
频道: [ROCK X Stream（ROCK X Stream）] | 日期: 2026-03-15 | 来源: http://epg.cdn.loc.cc/xml
频道: [ROCK X Stream（ROCK X Stream）] | 日期: 2026-03-16 | 来源: http://epg.cdn.loc.cc/xml
频道: [ROCK X Stream（ROCK X Stream）] | 日期: 2026-03-17 | 来源: http://epg.cdn.loc.cc/xml
频道: [ROCK X Stream（ROCK X Stream）] | 日期: 2026-03-18 | 来源: http://epg.cdn.loc.cc/xml
频道: [ROCK X Stream（ROCK X Stream）] | 日期: 2026-03-19 | 来源: http://epg.cdn.loc.cc/xml
频道: [ROCK X Stream（ROCK X Stream）] | 日期: 2026-03-20 | 来源: http://epg.cdn.loc.cc/xml
频道: [ROCK X Stream（ROCK X Stream）] | 日期: 2026-03-21 | 来源: http://epg.cdn.loc.cc/xml
频道: [ROCK X Stream（ROCK X Stream）] | 日期: 2026-03-22 | 来源: http://epg.cdn.loc.cc/xml
频道: [ROCK X Stream（ROCK X Stream）] | 日期: 2026-03-23 | 来源: http://epg.cdn.loc.cc/xml
频道: [ROCK X Stream(免费)（ROCK X Stream(免费)）] | 日期: 2026-03-14 | 来源: http://epg.cdn.loc.cc/xml
频道: [ROCK X Stream(免费)（ROCK X Stream(免费)）] | 日期: 2026-03-15 | 来源: http://epg.cdn.loc.cc/xml
频道: [ROCK X Stream(免费)（ROCK X Stream(免费)）] | 日期: 2026-03-16 | 来源: http://epg.cdn.loc.cc/xml
频道: [ROCK X Stream(免费)（ROCK X Stream(免费)）] | 日期: 2026-03-17 | 来源: http://epg.cdn.loc.cc/xml
频道: [ROCK X Stream(免费)（ROCK X Stream(免费)）] | 日期: 2026-03-18 | 来源: http://epg.cdn.loc.cc/xml
频道: [ROCK X Stream(免费)（ROCK X Stream(免费)）] | 日期: 2026-03-19 | 来源: http://epg.cdn.loc.cc/xml
频道: [ROCK X Stream(免费)（ROCK X Stream(免费)）] | 日期: 2026-03-20 | 来源: http://epg.cdn.loc.cc/xml
频道: [ROCK X Stream(免费)（ROCK X Stream(免费)）] | 日期: 2026-03-21 | 来源: http://epg.cdn.loc.cc/xml
频道: [ROCK Xstream摇滚极限频道（ROCK Xstream摇滚极限频道）] | 日期: 2026-03-15 | 来源: https://github.com/litiande03/epg/raw/refs/heads/master/pl.xml.gz
频道: [ROCK Xstream摇滚极限频道（ROCK Xstream摇滚极限频道）] | 日期: 2026-03-16 | 来源: https://github.com/litiande03/epg/raw/refs/heads/master/pl.xml.gz
频道: [ROCK Xstream摇滚极限频道（ROCK Xstream摇滚极限频道）] | 日期: 2026-03-17 | 来源: https://github.com/litiande03/epg/raw/refs/heads/master/pl.xml.gz
频道: [ROCK Xstream摇滚极限频道（ROCK Xstream摇滚极限频道）] | 日期: 2026-03-18 | 来源: https://github.com/litiande03/epg/raw/refs/heads/master/pl.xml.gz
频道: [ROCK综艺娱乐（ROCK综艺娱乐）] | 日期: 2026-03-14 | 来源: http://epg.cdn.loc.cc/xml
频道: [ROCK综艺娱乐（ROCK综艺娱乐）] | 日期: 2026-03-15 | 来源: http://epg.cdn.loc.cc/xml
频道: [ROCK综艺娱乐（ROCK综艺娱乐）] | 日期: 2026-03-16 | 来源: http://epg.cdn.loc.cc/xml
频道: [ROCK综艺娱乐（ROCK综艺娱乐）] | 日期: 2026-03-17 | 来源: http://epg.cdn.loc.cc/xml
频道: [ROCK综艺娱乐（ROCK综艺娱乐）] | 日期: 2026-03-18 | 来源: http://epg.cdn.loc.cc/xml
频道: [ROCK综艺娱乐（ROCK综艺娱乐）] | 日期: 2026-03-19 | 来源: http://epg.cdn.loc.cc/xml
频道: [ROCK综艺娱乐（ROCK综艺娱乐）] | 日期: 2026-03-20 | 来源: http://epg.cdn.loc.cc/xml
频道: [ROCK综艺娱乐（ROCK综艺娱乐）] | 日期: 2026-03-21 | 来源: http://epg.cdn.loc.cc/xml
频道: [ROCK综艺娱乐（ROCK综艺娱乐）] | 日期: 2026-03-22 | 来源: http://epg.cdn.loc.cc/xml
频道: [ROCK综艺娱乐（ROCK综艺娱乐）] | 日期: 2026-03-23 | 来源: http://epg.cdn.loc.cc/xml
频道: [RT（RT）] | 日期: 2026-03-15 | 来源: http://epg.cdn.loc.cc/xml
频道: [RT（RT）] | 日期: 2026-03-16 | 来源: http://epg.cdn.loc.cc/xml
频道: [RT（RT）] | 日期: 2026-03-17 | 来源: http://epg.cdn.loc.cc/xml
频道: [RT（RT）] | 日期: 2026-03-18 | 来源: http://epg.cdn.loc.cc/xml
频道: [RT（RT）] | 日期: 2026-03-19 | 来源: http://epg.cdn.loc.cc/xml
频道: [RT（RT）] | 日期: 2026-03-20 | 来源: http://epg.cdn.loc.cc/xml
频道: [RTHK31（RTHK31）] | 日期: 2026-03-15 | 来源: http://e.erw.cc/all.xml.gz
频道: [RTHK31（RTHK31）] | 日期: 2026-03-16 | 来源: http://epg.cdn.loc.cc/xml
频道: [RTHK31（RTHK31）] | 日期: 2026-03-17 | 来源: http://epg.cdn.loc.cc/xml
频道: [RTHK31（RTHK31）] | 日期: 2026-03-18 | 来源: http://epg.cdn.loc.cc/xml
频道: [RTHK31（RTHK31）] | 日期: 2026-03-19 | 来源: http://epg.cdn.loc.cc/xml
频道: [RTHK31（RTHK31）] | 日期: 2026-03-20 | 来源: http://epg.cdn.loc.cc/xml
频道: [RTHK31（RTHK31）] | 日期: 2026-03-21 | 来源: http://epg.cdn.loc.cc/xml
频道: [RTHK31（RTHK31）] | 日期: 2026-03-22 | 来源: http://epg.cdn.loc.cc/xml
频道: [RTHK32（RTHK32）] | 日期: 2026-03-15 | 来源: http://epg.cdn.loc.cc/xml
频道: [RTHK32（RTHK32）] | 日期: 2026-03-16 | 来源: http://epg.cdn.loc.cc/xml
频道: [RTHK32（RTHK32）] | 日期: 2026-03-17 | 来源: http://epg.cdn.loc.cc/xml
频道: [RTHK32（RTHK32）] | 日期: 2026-03-18 | 来源: http://epg.cdn.loc.cc/xml
频道: [RTHK32（RTHK32）] | 日期: 2026-03-19 | 来源: http://epg.cdn.loc.cc/xml
频道: [RTHK32（RTHK32）] | 日期: 2026-03-20 | 来源: http://epg.cdn.loc.cc/xml
频道: [RTHK32（RTHK32）] | 日期: 2026-03-21 | 来源: http://epg.cdn.loc.cc/xml
频道: [RTHK32（RTHK32）] | 日期: 2026-03-22 | 来源: http://epg.cdn.loc.cc/xml
频道: [RTHK33（RTHK33）] | 日期: 2026-03-15 | 来源: http://epg.cdn.loc.cc/xml
频道: [RTHK33（RTHK33）] | 日期: 2026-03-16 | 来源: http://epg.cdn.loc.cc/xml
频道: [RTHK33（RTHK33）] | 日期: 2026-03-17 | 来源: http://epg.cdn.loc.cc/xml
频道: [RTHK33（RTHK33）] | 日期: 2026-03-18 | 来源: http://epg.cdn.loc.cc/xml
频道: [RTHK33（RTHK33）] | 日期: 2026-03-19 | 来源: http://epg.cdn.loc.cc/xml
频道: [RTHK33（RTHK33）] | 日期: 2026-03-20 | 来源: http://epg.cdn.loc.cc/xml
频道: [RTHK33（RTHK33）] | 日期: 2026-03-21 | 来源: http://epg.cdn.loc.cc/xml
频道: [RTHK33（RTHK33）] | 日期: 2026-03-22 | 来源: http://epg.cdn.loc.cc/xml
频道: [RTHK34（RTHK34）] | 日期: 2026-03-15 | 来源: http://epg.cdn.loc.cc/xml
频道: [RTHK34（RTHK34）] | 日期: 2026-03-16 | 来源: http://epg.cdn.loc.cc/xml
频道: [RTHK34（RTHK34）] | 日期: 2026-03-17 | 来源: http://epg.cdn.loc.cc/xml
频道: [RTHK34（RTHK34）] | 日期: 2026-03-18 | 来源: http://epg.cdn.loc.cc/xml
频道: [RTHK34（RTHK34）] | 日期: 2026-03-19 | 来源: http://epg.cdn.loc.cc/xml
频道: [RTHK34（RTHK34）] | 日期: 2026-03-20 | 来源: http://epg.cdn.loc.cc/xml
频道: [RTHK34（RTHK34）] | 日期: 2026-03-21 | 来源: http://epg.cdn.loc.cc/xml
频道: [RTHK34（RTHK34）] | 日期: 2026-03-22 | 来源: http://epg.cdn.loc.cc/xml
频道: [RTHK35（RTHK35）] | 日期: 2026-03-15 | 来源: http://epg.cdn.loc.cc/xml
频道: [RTHK35（RTHK35）] | 日期: 2026-03-16 | 来源: http://epg.cdn.loc.cc/xml
频道: [RTHK35（RTHK35）] | 日期: 2026-03-17 | 来源: http://epg.cdn.loc.cc/xml
频道: [RTHK35（RTHK35）] | 日期: 2026-03-18 | 来源: http://epg.cdn.loc.cc/xml
频道: [RTHK35（RTHK35）] | 日期: 2026-03-19 | 来源: http://epg.cdn.loc.cc/xml
频道: [RTHK35（RTHK35）] | 日期: 2026-03-20 | 来源: http://epg.cdn.loc.cc/xml
频道: [RTHK35（RTHK35）] | 日期: 2026-03-21 | 来源: http://epg.cdn.loc.cc/xml
频道: [RTHK35（RTHK35）] | 日期: 2026-03-22 | 来源: http://epg.cdn.loc.cc/xml
频道: [Rialto Classic Movies（Rialto Classic Movies）] | 日期: 2026-03-14 | 来源: http://epg.cdn.loc.cc/xml
频道: [Rialto Classic Movies（Rialto Classic Movies）] | 日期: 2026-03-15 | 来源: http://epg.cdn.loc.cc/xml
频道: [Rialto Classic Movies（Rialto Classic Movies）] | 日期: 2026-03-16 | 来源: http://epg.cdn.loc.cc/xml
频道: [Rialto Classic Movies（Rialto Classic Movies）] | 日期: 2026-03-17 | 来源: http://epg.cdn.loc.cc/xml
频道: [Rialto Classic Movies（Rialto Classic Movies）] | 日期: 2026-03-18 | 来源: http://epg.cdn.loc.cc/xml
频道: [Rialto Classic Movies（Rialto Classic Movies）] | 日期: 2026-03-19 | 来源: http://epg.cdn.loc.cc/xml
频道: [Rialto Classic Movies（Rialto Classic Movies）] | 日期: 2026-03-20 | 来源: http://epg.cdn.loc.cc/xml
频道: [Rialto Classic Movies（Rialto Classic Movies）] | 日期: 2026-03-21 | 来源: http://epg.cdn.loc.cc/xml
频道: [Rialto Classic Movies（Rialto Classic Movies）] | 日期: 2026-03-22 | 来源: http://epg.cdn.loc.cc/xml
频道: [Rialto Classic Movies（Rialto Classic Movies）] | 日期: 2026-03-23 | 来源: http://epg.cdn.loc.cc/xml
频道: [Rialto Classic Movies (RCM)（Rialto Classic Movies (RCM)）] | 日期: 2026-03-14 | 来源: https://github.com/litiande03/epg/raw/refs/heads/master/pl.xml.gz
频道: [Rialto Classic Movies (RCM)（Rialto Classic Movies (RCM)）] | 日期: 2026-03-15 | 来源: https://github.com/litiande03/epg/raw/refs/heads/master/pl.xml.gz
频道: [Rialto Classic Movies (RCM)（Rialto Classic Movies (RCM)）] | 日期: 2026-03-16 | 来源: https://github.com/litiande03/epg/raw/refs/heads/master/pl.xml.gz
频道: [Rialto Classic Movies (RCM)（Rialto Classic Movies (RCM)）] | 日期: 2026-03-17 | 来源: https://github.com/litiande03/epg/raw/refs/heads/master/pl.xml.gz
频道: [Rialto Classic Movies (RCM)（Rialto Classic Movies (RCM)）] | 日期: 2026-03-18 | 来源: https://github.com/litiande03/epg/raw/refs/heads/master/pl.xml.gz
频道: [River Monsters（River Monsters）] | 日期: 2026-03-14 | 来源: http://epg.cdn.loc.cc/xml
频道: [River Monsters（River Monsters）] | 日期: 2026-03-15 | 来源: http://epg.cdn.loc.cc/xml
频道: [River Monsters（River Monsters）] | 日期: 2026-03-16 | 来源: http://epg.cdn.loc.cc/xml
频道: [River Monsters（River Monsters）] | 日期: 2026-03-17 | 来源: http://epg.cdn.loc.cc/xml
频道: [River Monsters（River Monsters）] | 日期: 2026-03-18 | 来源: http://epg.cdn.loc.cc/xml
频道: [River Monsters（River Monsters）] | 日期: 2026-03-19 | 来源: http://epg.cdn.loc.cc/xml
频道: [River Monsters（River Monsters）] | 日期: 2026-03-20 | 来源: http://epg.cdn.loc.cc/xml
频道: [River Monsters（River Monsters）] | 日期: 2026-03-21 | 来源: http://epg.cdn.loc.cc/xml
频道: [River Monsters（River Monsters）] | 日期: 2026-03-22 | 来源: http://epg.cdn.loc.cc/xml
频道: [SBN全球财经台（SBN全球财经台）] | 日期: 2026-03-15 | 来源: https://github.com/litiande03/epg/raw/refs/heads/master/pl.xml.gz
频道: [SBN全球财经台（SBN全球财经台）] | 日期: 2026-03-16 | 来源: https://github.com/litiande03/epg/raw/refs/heads/master/pl.xml.gz
频道: [SBN全球财经台（SBN全球财经台）] | 日期: 2026-03-17 | 来源: https://github.com/litiande03/epg/raw/refs/heads/master/pl.xml.gz
频道: [SCTV-科教（SCTV-科教）] | 日期: 2026-03-15 | 来源: https://github.com/mytv-android/SCTV_EPG/raw/refs/heads/main/epg.xml
频道: [SCTV-科教（SCTV-科教）] | 日期: 2026-03-16 | 来源: https://github.com/mytv-android/SCTV_EPG/raw/refs/heads/main/epg.xml
频道: [SCTV2（SCTV2）] | 日期: 2026-03-15 | 来源: https://github.com/mytv-android/SCTV_EPG/raw/refs/heads/main/epg.xml
频道: [SCTV2（SCTV2）] | 日期: 2026-03-16 | 来源: https://github.com/mytv-android/SCTV_EPG/raw/refs/heads/main/epg.xml
频道: [SCTV3（SCTV3）] | 日期: 2026-03-15 | 来源: https://github.com/mytv-android/SCTV_EPG/raw/refs/heads/main/epg.xml
频道: [SCTV3（SCTV3）] | 日期: 2026-03-16 | 来源: https://github.com/mytv-android/SCTV_EPG/raw/refs/heads/main/epg.xml
频道: [SCTV4（SCTV4）] | 日期: 2026-03-15 | 来源: https://github.com/mytv-android/SCTV_EPG/raw/refs/heads/main/epg.xml
频道: [SCTV4（SCTV4）] | 日期: 2026-03-16 | 来源: https://github.com/mytv-android/SCTV_EPG/raw/refs/heads/main/epg.xml
频道: [SCTV5（SCTV5）] | 日期: 2026-03-15 | 来源: https://github.com/mytv-android/SCTV_EPG/raw/refs/heads/main/epg.xml
频道: [SCTV5（SCTV5）] | 日期: 2026-03-16 | 来源: https://github.com/mytv-android/SCTV_EPG/raw/refs/heads/main/epg.xml
频道: [SCTV7（SCTV7）] | 日期: 2026-03-15 | 来源: https://github.com/mytv-android/SCTV_EPG/raw/refs/heads/main/epg.xml
频道: [SCTV7（SCTV7）] | 日期: 2026-03-16 | 来源: https://github.com/mytv-android/SCTV_EPG/raw/refs/heads/main/epg.xml
频道: [SCTV8（SCTV8）] | 日期: 2026-03-15 | 来源: http://epg.51zmt.top:8000/e1.xml.gz
频道: [SETiNEWS（SETiNEWS）] | 日期: 2026-03-15 | 来源: https://github.com/litiande03/epg/raw/refs/heads/master/pl.xml.gz
频道: [SETiNEWS（SETiNEWS）] | 日期: 2026-03-16 | 来源: https://github.com/litiande03/epg/raw/refs/heads/master/pl.xml.gz
频道: [SETiNEWS（SETiNEWS）] | 日期: 2026-03-17 | 来源: https://github.com/litiande03/epg/raw/refs/heads/master/pl.xml.gz
频道: [SHOWCASE（SHOWCASE）] | 日期: 2026-03-14 | 来源: http://epg.cdn.loc.cc/xml
频道: [SHOWCASE（SHOWCASE）] | 日期: 2026-03-15 | 来源: http://epg.cdn.loc.cc/xml
频道: [SHOWCASE（SHOWCASE）] | 日期: 2026-03-16 | 来源: http://epg.cdn.loc.cc/xml
频道: [SHOWCASE（SHOWCASE）] | 日期: 2026-03-17 | 来源: http://epg.cdn.loc.cc/xml
频道: [SHOWCASE（SHOWCASE）] | 日期: 2026-03-18 | 来源: http://epg.cdn.loc.cc/xml
频道: [SHOWCASE（SHOWCASE）] | 日期: 2026-03-19 | 来源: http://epg.cdn.loc.cc/xml
频道: [SHOWCASE（SHOWCASE）] | 日期: 2026-03-20 | 来源: http://epg.cdn.loc.cc/xml
频道: [SHOWCASE（SHOWCASE）] | 日期: 2026-03-21 | 来源: http://epg.cdn.loc.cc/xml
频道: [SPL CH01（SPL CH01）] | 日期: 2026-03-14 | 来源: http://epg.cdn.loc.cc/xml
频道: [SPL CH01（SPL CH01）] | 日期: 2026-03-15 | 来源: http://epg.cdn.loc.cc/xml
频道: [SPL CH01（SPL CH01）] | 日期: 2026-03-16 | 来源: http://epg.cdn.loc.cc/xml
频道: [SPL CH01（SPL CH01）] | 日期: 2026-03-17 | 来源: http://epg.cdn.loc.cc/xml
频道: [SPL CH01（SPL CH01）] | 日期: 2026-03-18 | 来源: http://epg.cdn.loc.cc/xml
频道: [SPL CH01（SPL CH01）] | 日期: 2026-03-19 | 来源: http://epg.cdn.loc.cc/xml
频道: [SPL CH01（SPL CH01）] | 日期: 2026-03-20 | 来源: http://epg.cdn.loc.cc/xml
频道: [SPL CH01（SPL CH01）] | 日期: 2026-03-21 | 来源: http://epg.cdn.loc.cc/xml
频道: [SPL CH01（SPL CH01）] | 日期: 2026-03-22 | 来源: http://epg.cdn.loc.cc/xml
频道: [SPL CH02（SPL CH02）] | 日期: 2026-03-14 | 来源: http://epg.cdn.loc.cc/xml
频道: [SPL CH02（SPL CH02）] | 日期: 2026-03-15 | 来源: http://epg.cdn.loc.cc/xml
频道: [SPL CH02（SPL CH02）] | 日期: 2026-03-16 | 来源: http://epg.cdn.loc.cc/xml
频道: [SPL CH02（SPL CH02）] | 日期: 2026-03-17 | 来源: http://epg.cdn.loc.cc/xml
频道: [SPL CH02（SPL CH02）] | 日期: 2026-03-18 | 来源: http://epg.cdn.loc.cc/xml
频道: [SPL CH02（SPL CH02）] | 日期: 2026-03-19 | 来源: http://epg.cdn.loc.cc/xml
频道: [SPL CH02（SPL CH02）] | 日期: 2026-03-20 | 来源: http://epg.cdn.loc.cc/xml
频道: [SPL CH02（SPL CH02）] | 日期: 2026-03-21 | 来源: http://epg.cdn.loc.cc/xml
频道: [SPL CH02（SPL CH02）] | 日期: 2026-03-22 | 来源: http://epg.cdn.loc.cc/xml
频道: [SPOTV（SPOTV）] | 日期: 2026-03-14 | 来源: http://epg.cdn.loc.cc/xml
频道: [SPOTV（SPOTV）] | 日期: 2026-03-15 | 来源: http://epg.cdn.loc.cc/xml
频道: [SPOTV（SPOTV）] | 日期: 2026-03-16 | 来源: http://epg.cdn.loc.cc/xml
频道: [SPOTV（SPOTV）] | 日期: 2026-03-17 | 来源: http://epg.cdn.loc.cc/xml
频道: [SPOTV（SPOTV）] | 日期: 2026-03-18 | 来源: http://epg.cdn.loc.cc/xml
频道: [SPOTV（SPOTV）] | 日期: 2026-03-19 | 来源: http://epg.cdn.loc.cc/xml
频道: [SPOTV（SPOTV）] | 日期: 2026-03-20 | 来源: http://epg.cdn.loc.cc/xml
频道: [SPOTV（SPOTV）] | 日期: 2026-03-21 | 来源: http://epg.cdn.loc.cc/xml
频道: [SPOTV2（SPOTV2）] | 日期: 2026-03-14 | 来源: http://epg.cdn.loc.cc/xml
频道: [SPOTV2（SPOTV2）] | 日期: 2026-03-15 | 来源: http://epg.cdn.loc.cc/xml
频道: [SPOTV2（SPOTV2）] | 日期: 2026-03-16 | 来源: http://epg.cdn.loc.cc/xml
频道: [SPOTV2（SPOTV2）] | 日期: 2026-03-17 | 来源: http://epg.cdn.loc.cc/xml
频道: [SPOTV2（SPOTV2）] | 日期: 2026-03-18 | 来源: http://epg.cdn.loc.cc/xml
频道: [SPOTV2（SPOTV2）] | 日期: 2026-03-19 | 来源: http://epg.cdn.loc.cc/xml
频道: [SPOTV2（SPOTV2）] | 日期: 2026-03-20 | 来源: http://epg.cdn.loc.cc/xml
频道: [SPOTV2（SPOTV2）] | 日期: 2026-03-21 | 来源: http://epg.cdn.loc.cc/xml
频道: [STAR PLUS（STAR PLUS）] | 日期: 2026-03-14 | 来源: https://epg.136605.xyz/9days.xml
频道: [STAR PLUS（STAR PLUS）] | 日期: 2026-03-15 | 来源: https://epg.136605.xyz/9days.xml
频道: [STAR PLUS（STAR PLUS）] | 日期: 2026-03-16 | 来源: https://epg.136605.xyz/9days.xml
频道: [STAR PLUS（STAR PLUS）] | 日期: 2026-03-17 | 来源: https://epg.136605.xyz/9days.xml
频道: [STAR PLUS（STAR PLUS）] | 日期: 2026-03-18 | 来源: http://epg.cdn.loc.cc/xml
频道: [STAR PLUS（STAR PLUS）] | 日期: 2026-03-19 | 来源: http://epg.cdn.loc.cc/xml
频道: [STAR PLUS（STAR PLUS）] | 日期: 2026-03-20 | 来源: http://epg.cdn.loc.cc/xml
频道: [STAR VIJAY（STAR VIJAY）] | 日期: 2026-03-15 | 来源: http://epg.cdn.loc.cc/xml
频道: [STAR VIJAY（STAR VIJAY）] | 日期: 2026-03-16 | 来源: http://epg.cdn.loc.cc/xml
频道: [STAR VIJAY（STAR VIJAY）] | 日期: 2026-03-17 | 来源: http://epg.cdn.loc.cc/xml
频道: [STAR VIJAY（STAR VIJAY）] | 日期: 2026-03-18 | 来源: http://epg.cdn.loc.cc/xml
频道: [STAR VIJAY（STAR VIJAY）] | 日期: 2026-03-19 | 来源: http://epg.cdn.loc.cc/xml
频道: [STAR VIJAY（STAR VIJAY）] | 日期: 2026-03-20 | 来源: http://epg.cdn.loc.cc/xml
频道: [STAR VIJAY（STAR VIJAY）] | 日期: 2026-03-21 | 来源: http://epg.cdn.loc.cc/xml
频道: [SUN MUSIC（SUN MUSIC）] | 日期: 2026-03-15 | 来源: http://epg.cdn.loc.cc/xml
频道: [SUN MUSIC（SUN MUSIC）] | 日期: 2026-03-16 | 来源: http://epg.cdn.loc.cc/xml
频道: [SUN MUSIC（SUN MUSIC）] | 日期: 2026-03-17 | 来源: http://epg.cdn.loc.cc/xml
频道: [SUN MUSIC（SUN MUSIC）] | 日期: 2026-03-18 | 来源: http://epg.cdn.loc.cc/xml
频道: [SUN MUSIC（SUN MUSIC）] | 日期: 2026-03-19 | 来源: http://epg.cdn.loc.cc/xml
频道: [SUN MUSIC（SUN MUSIC）] | 日期: 2026-03-20 | 来源: http://epg.cdn.loc.cc/xml
频道: [SUN MUSIC（SUN MUSIC）] | 日期: 2026-03-21 | 来源: http://epg.cdn.loc.cc/xml
频道: [SUN TV（SUN TV）] | 日期: 2026-03-15 | 来源: http://epg.cdn.loc.cc/xml
频道: [SUN TV（SUN TV）] | 日期: 2026-03-16 | 来源: http://epg.cdn.loc.cc/xml
频道: [SUN TV（SUN TV）] | 日期: 2026-03-17 | 来源: http://epg.cdn.loc.cc/xml
频道: [SUN TV（SUN TV）] | 日期: 2026-03-18 | 来源: http://epg.cdn.loc.cc/xml
频道: [SUN TV（SUN TV）] | 日期: 2026-03-19 | 来源: http://epg.cdn.loc.cc/xml
频道: [SUN TV（SUN TV）] | 日期: 2026-03-20 | 来源: http://epg.cdn.loc.cc/xml
频道: [SUN TV（SUN TV）] | 日期: 2026-03-21 | 来源: http://epg.cdn.loc.cc/xml
频道: [SUPER FREE（SUPER FREE）] | 日期: 2026-03-14 | 来源: http://epg.cdn.loc.cc/xml
频道: [SUPER FREE（SUPER FREE）] | 日期: 2026-03-15 | 来源: http://epg.cdn.loc.cc/xml
频道: [SUPER FREE（SUPER FREE）] | 日期: 2026-03-16 | 来源: http://epg.cdn.loc.cc/xml
频道: [SUPER FREE（SUPER FREE）] | 日期: 2026-03-17 | 来源: http://epg.cdn.loc.cc/xml
频道: [SUPER FREE（SUPER FREE）] | 日期: 2026-03-18 | 来源: http://epg.cdn.loc.cc/xml
频道: [SUPER FREE（SUPER FREE）] | 日期: 2026-03-19 | 来源: http://epg.cdn.loc.cc/xml
频道: [SUPER FREE（SUPER FREE）] | 日期: 2026-03-20 | 来源: http://epg.cdn.loc.cc/xml
频道: [SUPER FREE（SUPER FREE）] | 日期: 2026-03-21 | 来源: http://epg.cdn.loc.cc/xml
频道: [SUPER FREE（SUPER FREE）] | 日期: 2026-03-22 | 来源: http://epg.cdn.loc.cc/xml
频道: [SUPER FREE（SUPER FREE）] | 日期: 2026-03-23 | 来源: http://epg.cdn.loc.cc/xml
频道: [SUPER Kids Channel（SUPER Kids Channel）] | 日期: 2026-03-14 | 来源: http://epg.cdn.loc.cc/xml
频道: [SUPER Kids Channel（SUPER Kids Channel）] | 日期: 2026-03-15 | 来源: http://epg.cdn.loc.cc/xml
频道: [SUPER Kids Channel（SUPER Kids Channel）] | 日期: 2026-03-16 | 来源: http://epg.cdn.loc.cc/xml
频道: [SUPER Kids Channel（SUPER Kids Channel）] | 日期: 2026-03-17 | 来源: http://epg.cdn.loc.cc/xml
频道: [SUPER Kids Channel（SUPER Kids Channel）] | 日期: 2026-03-18 | 来源: http://epg.cdn.loc.cc/xml
频道: [SUPER Kids Channel（SUPER Kids Channel）] | 日期: 2026-03-19 | 来源: http://epg.cdn.loc.cc/xml
频道: [SUPER Kids Channel（SUPER Kids Channel）] | 日期: 2026-03-20 | 来源: http://epg.cdn.loc.cc/xml
频道: [SUPER Kids Channel（SUPER Kids Channel）] | 日期: 2026-03-21 | 来源: http://epg.cdn.loc.cc/xml
频道: [SUPER Kids Channel（SUPER Kids Channel）] | 日期: 2026-03-22 | 来源: http://epg.cdn.loc.cc/xml
频道: [SUPER Kids Channel（SUPER Kids Channel）] | 日期: 2026-03-23 | 来源: http://epg.cdn.loc.cc/xml
频道: [SUPER Music（SUPER Music）] | 日期: 2026-03-14 | 来源: http://epg.cdn.loc.cc/xml
频道: [SUPER Music（SUPER Music）] | 日期: 2026-03-15 | 来源: http://epg.cdn.loc.cc/xml
频道: [SUPER Music（SUPER Music）] | 日期: 2026-03-16 | 来源: http://epg.cdn.loc.cc/xml
频道: [SUPER Music（SUPER Music）] | 日期: 2026-03-17 | 来源: http://epg.cdn.loc.cc/xml
频道: [SUPER Music（SUPER Music）] | 日期: 2026-03-18 | 来源: http://epg.cdn.loc.cc/xml
频道: [SUPER Music（SUPER Music）] | 日期: 2026-03-19 | 来源: http://epg.cdn.loc.cc/xml
频道: [SUPER Music（SUPER Music）] | 日期: 2026-03-20 | 来源: http://epg.cdn.loc.cc/xml
频道: [SUPER Music（SUPER Music）] | 日期: 2026-03-21 | 来源: http://epg.cdn.loc.cc/xml
频道: [SUPER Music（SUPER Music）] | 日期: 2026-03-22 | 来源: http://epg.cdn.loc.cc/xml
频道: [SUPER Music（SUPER Music）] | 日期: 2026-03-23 | 来源: http://epg.cdn.loc.cc/xml
频道: [SUPER Sports（SUPER Sports）] | 日期: 2026-03-14 | 来源: http://epg.cdn.loc.cc/xml
频道: [SUPER Sports（SUPER Sports）] | 日期: 2026-03-15 | 来源: http://epg.cdn.loc.cc/xml
频道: [SUPER Sports（SUPER Sports）] | 日期: 2026-03-16 | 来源: http://epg.cdn.loc.cc/xml
频道: [SUPER Sports（SUPER Sports）] | 日期: 2026-03-17 | 来源: http://epg.cdn.loc.cc/xml
频道: [SUPER Sports（SUPER Sports）] | 日期: 2026-03-18 | 来源: http://epg.cdn.loc.cc/xml
频道: [SUPER Sports（SUPER Sports）] | 日期: 2026-03-19 | 来源: http://epg.cdn.loc.cc/xml
频道: [SUPER Sports（SUPER Sports）] | 日期: 2026-03-20 | 来源: http://epg.cdn.loc.cc/xml
频道: [SUPER Sports（SUPER Sports）] | 日期: 2026-03-21 | 来源: http://epg.cdn.loc.cc/xml
频道: [SUPER Sports（SUPER Sports）] | 日期: 2026-03-22 | 来源: http://epg.cdn.loc.cc/xml
频道: [SUPER Sports（SUPER Sports）] | 日期: 2026-03-23 | 来源: http://epg.cdn.loc.cc/xml
频道: [SUPER单元剧（SUPER单元剧）] | 日期: 2026-03-14 | 来源: http://epg.cdn.loc.cc/xml
频道: [SUPER单元剧（SUPER单元剧）] | 日期: 2026-03-15 | 来源: http://epg.cdn.loc.cc/xml
频道: [SUPER单元剧（SUPER单元剧）] | 日期: 2026-03-16 | 来源: http://epg.cdn.loc.cc/xml
频道: [SUPER单元剧（SUPER单元剧）] | 日期: 2026-03-17 | 来源: http://epg.cdn.loc.cc/xml
频道: [SUPER单元剧（SUPER单元剧）] | 日期: 2026-03-18 | 来源: http://epg.cdn.loc.cc/xml
频道: [SUPER单元剧（SUPER单元剧）] | 日期: 2026-03-19 | 来源: http://epg.cdn.loc.cc/xml
频道: [SUPER单元剧（SUPER单元剧）] | 日期: 2026-03-20 | 来源: http://epg.cdn.loc.cc/xml
频道: [SUPER单元剧（SUPER单元剧）] | 日期: 2026-03-21 | 来源: http://epg.cdn.loc.cc/xml
频道: [SUPER单元剧（SUPER单元剧）] | 日期: 2026-03-22 | 来源: http://epg.cdn.loc.cc/xml
频道: [SUPER单元剧（SUPER单元剧）] | 日期: 2026-03-23 | 来源: http://epg.cdn.loc.cc/xml
频道: [SUPER奖门人（SUPER奖门人）] | 日期: 2026-03-14 | 来源: http://epg.cdn.loc.cc/xml
频道: [SUPER奖门人（SUPER奖门人）] | 日期: 2026-03-15 | 来源: http://epg.cdn.loc.cc/xml
频道: [SUPER奖门人（SUPER奖门人）] | 日期: 2026-03-16 | 来源: http://epg.cdn.loc.cc/xml
频道: [SUPER奖门人（SUPER奖门人）] | 日期: 2026-03-17 | 来源: http://epg.cdn.loc.cc/xml
频道: [SUPER奖门人（SUPER奖门人）] | 日期: 2026-03-18 | 来源: http://epg.cdn.loc.cc/xml
频道: [SUPER奖门人（SUPER奖门人）] | 日期: 2026-03-19 | 来源: http://epg.cdn.loc.cc/xml
频道: [SUPER奖门人（SUPER奖门人）] | 日期: 2026-03-20 | 来源: http://epg.cdn.loc.cc/xml
频道: [SUPER奖门人（SUPER奖门人）] | 日期: 2026-03-21 | 来源: http://epg.cdn.loc.cc/xml
频道: [SUPER奖门人（SUPER奖门人）] | 日期: 2026-03-22 | 来源: http://epg.cdn.loc.cc/xml
频道: [SUPER奖门人（SUPER奖门人）] | 日期: 2026-03-23 | 来源: http://epg.cdn.loc.cc/xml
频道: [SUPER煲剧（SUPER煲剧）] | 日期: 2026-03-14 | 来源: http://epg.cdn.loc.cc/xml
频道: [SUPER煲剧（SUPER煲剧）] | 日期: 2026-03-15 | 来源: http://epg.cdn.loc.cc/xml
频道: [SUPER煲剧（SUPER煲剧）] | 日期: 2026-03-16 | 来源: http://epg.cdn.loc.cc/xml
频道: [SUPER煲剧（SUPER煲剧）] | 日期: 2026-03-17 | 来源: http://epg.cdn.loc.cc/xml
频道: [SUPER煲剧（SUPER煲剧）] | 日期: 2026-03-18 | 来源: http://epg.cdn.loc.cc/xml
频道: [SUPER煲剧（SUPER煲剧）] | 日期: 2026-03-19 | 来源: http://epg.cdn.loc.cc/xml
频道: [SUPER煲剧（SUPER煲剧）] | 日期: 2026-03-20 | 来源: http://epg.cdn.loc.cc/xml
频道: [SUPER煲剧（SUPER煲剧）] | 日期: 2026-03-21 | 来源: http://epg.cdn.loc.cc/xml
频道: [SUPER煲剧（SUPER煲剧）] | 日期: 2026-03-22 | 来源: http://epg.cdn.loc.cc/xml
频道: [SUPER煲剧（SUPER煲剧）] | 日期: 2026-03-23 | 来源: http://epg.cdn.loc.cc/xml
频道: [SUPER识叹（SUPER识叹）] | 日期: 2026-03-14 | 来源: http://epg.cdn.loc.cc/xml
频道: [SUPER识叹（SUPER识叹）] | 日期: 2026-03-15 | 来源: http://epg.cdn.loc.cc/xml
频道: [SUPER识叹（SUPER识叹）] | 日期: 2026-03-16 | 来源: http://epg.cdn.loc.cc/xml
频道: [SUPER识叹（SUPER识叹）] | 日期: 2026-03-17 | 来源: http://epg.cdn.loc.cc/xml
频道: [SUPER识叹（SUPER识叹）] | 日期: 2026-03-18 | 来源: http://epg.cdn.loc.cc/xml
频道: [SUPER识叹（SUPER识叹）] | 日期: 2026-03-19 | 来源: http://epg.cdn.loc.cc/xml
频道: [SUPER识叹（SUPER识叹）] | 日期: 2026-03-20 | 来源: http://epg.cdn.loc.cc/xml
频道: [SUPER识叹（SUPER识叹）] | 日期: 2026-03-21 | 来源: http://epg.cdn.loc.cc/xml
频道: [SUPER识叹（SUPER识叹）] | 日期: 2026-03-22 | 来源: http://epg.cdn.loc.cc/xml
频道: [SUPER识叹（SUPER识叹）] | 日期: 2026-03-23 | 来源: http://epg.cdn.loc.cc/xml
频道: [SUPER识食（SUPER识食）] | 日期: 2026-03-14 | 来源: http://epg.cdn.loc.cc/xml
频道: [SUPER识食（SUPER识食）] | 日期: 2026-03-15 | 来源: http://epg.cdn.loc.cc/xml
频道: [SUPER识食（SUPER识食）] | 日期: 2026-03-16 | 来源: http://epg.cdn.loc.cc/xml
频道: [SUPER识食（SUPER识食）] | 日期: 2026-03-17 | 来源: http://epg.cdn.loc.cc/xml
频道: [SUPER识食（SUPER识食）] | 日期: 2026-03-18 | 来源: http://epg.cdn.loc.cc/xml
频道: [SUPER识食（SUPER识食）] | 日期: 2026-03-19 | 来源: http://epg.cdn.loc.cc/xml
频道: [SUPER识食（SUPER识食）] | 日期: 2026-03-20 | 来源: http://epg.cdn.loc.cc/xml
频道: [SUPER识食（SUPER识食）] | 日期: 2026-03-21 | 来源: http://epg.cdn.loc.cc/xml
频道: [SUPER识食（SUPER识食）] | 日期: 2026-03-22 | 来源: http://epg.cdn.loc.cc/xml
频道: [SUPER识食（SUPER识食）] | 日期: 2026-03-23 | 来源: http://epg.cdn.loc.cc/xml
频道: [SUPER金曲（SUPER金曲）] | 日期: 2026-03-14 | 来源: http://epg.cdn.loc.cc/xml
频道: [SUPER金曲（SUPER金曲）] | 日期: 2026-03-15 | 来源: http://epg.cdn.loc.cc/xml
频道: [SUPER金曲（SUPER金曲）] | 日期: 2026-03-16 | 来源: http://epg.cdn.loc.cc/xml
频道: [SUPER金曲（SUPER金曲）] | 日期: 2026-03-17 | 来源: http://epg.cdn.loc.cc/xml
频道: [SUPER金曲（SUPER金曲）] | 日期: 2026-03-18 | 来源: http://epg.cdn.loc.cc/xml
频道: [SUPER金曲（SUPER金曲）] | 日期: 2026-03-19 | 来源: http://epg.cdn.loc.cc/xml
频道: [SUPER金曲（SUPER金曲）] | 日期: 2026-03-20 | 来源: http://epg.cdn.loc.cc/xml
频道: [SUPER金曲（SUPER金曲）] | 日期: 2026-03-21 | 来源: http://epg.cdn.loc.cc/xml
频道: [SUPER金曲（SUPER金曲）] | 日期: 2026-03-22 | 来源: http://epg.cdn.loc.cc/xml
频道: [SUPER金曲（SUPER金曲）] | 日期: 2026-03-23 | 来源: http://epg.cdn.loc.cc/xml
频道: [Sky News（Sky News）] | 日期: 2026-03-14 | 来源: https://epg.136605.xyz/9days.xml
频道: [Sky News（Sky News）] | 日期: 2026-03-15 | 来源: https://epg.136605.xyz/9days.xml
频道: [Sky News（Sky News）] | 日期: 2026-03-16 | 来源: https://epg.136605.xyz/9days.xml
频道: [Sky News（Sky News）] | 日期: 2026-03-17 | 来源: https://epg.136605.xyz/9days.xml
频道: [Sky News（Sky News）] | 日期: 2026-03-18 | 来源: http://epg.cdn.loc.cc/xml
频道: [Sky News（Sky News）] | 日期: 2026-03-19 | 来源: http://epg.cdn.loc.cc/xml
频道: [Sky News（Sky News）] | 日期: 2026-03-20 | 来源: http://epg.cdn.loc.cc/xml
频道: [Sky News HD（Sky News HD）] | 日期: 2026-03-15 | 来源: http://epg.cdn.loc.cc/xml
频道: [Sky News HD（Sky News HD）] | 日期: 2026-03-16 | 来源: http://epg.cdn.loc.cc/xml
频道: [Sky News HD（Sky News HD）] | 日期: 2026-03-17 | 来源: http://epg.cdn.loc.cc/xml
频道: [Sky News HD（Sky News HD）] | 日期: 2026-03-18 | 来源: http://epg.cdn.loc.cc/xml
频道: [Sky News HD（Sky News HD）] | 日期: 2026-03-19 | 来源: http://epg.cdn.loc.cc/xml
频道: [Sky News HD（Sky News HD）] | 日期: 2026-03-20 | 来源: http://epg.cdn.loc.cc/xml
频道: [Sky News HD（Sky News HD）] | 日期: 2026-03-21 | 来源: http://epg.cdn.loc.cc/xml
频道: [Smart知识台（Smart知识台）] | 日期: 2026-03-15 | 来源: https://github.com/litiande03/epg/raw/refs/heads/master/pl.xml.gz
频道: [Smart知识台（Smart知识台）] | 日期: 2026-03-16 | 来源: https://github.com/litiande03/epg/raw/refs/heads/master/pl.xml.gz
频道: [Smart知识台（Smart知识台）] | 日期: 2026-03-17 | 来源: https://github.com/litiande03/epg/raw/refs/heads/master/pl.xml.gz
频道: [Sony Entertainment Television（Sony Entertainment Television）] | 日期: 2026-03-15 | 来源: http://epg.cdn.loc.cc/xml
频道: [Sony Entertainment Television（Sony Entertainment Television）] | 日期: 2026-03-16 | 来源: http://epg.cdn.loc.cc/xml
频道: [Sony Entertainment Television（Sony Entertainment Television）] | 日期: 2026-03-17 | 来源: http://epg.cdn.loc.cc/xml
频道: [Sony Entertainment Television（Sony Entertainment Television）] | 日期: 2026-03-18 | 来源: http://epg.cdn.loc.cc/xml
频道: [Sony Entertainment Television（Sony Entertainment Television）] | 日期: 2026-03-19 | 来源: http://epg.cdn.loc.cc/xml
频道: [Sony Entertainment Television（Sony Entertainment Television）] | 日期: 2026-03-20 | 来源: http://epg.cdn.loc.cc/xml
频道: [Sony Entertainment Television（Sony Entertainment Television）] | 日期: 2026-03-21 | 来源: http://epg.cdn.loc.cc/xml
频道: [Sony MAX（Sony MAX）] | 日期: 2026-03-14 | 来源: http://epg.cdn.loc.cc/xml
频道: [Sony MAX（Sony MAX）] | 日期: 2026-03-15 | 来源: http://epg.cdn.loc.cc/xml
频道: [Sony MAX（Sony MAX）] | 日期: 2026-03-16 | 来源: http://epg.cdn.loc.cc/xml
频道: [Sony MAX（Sony MAX）] | 日期: 2026-03-17 | 来源: http://epg.cdn.loc.cc/xml
频道: [Sony MAX（Sony MAX）] | 日期: 2026-03-18 | 来源: http://epg.cdn.loc.cc/xml
频道: [Sony MAX（Sony MAX）] | 日期: 2026-03-19 | 来源: http://epg.cdn.loc.cc/xml
频道: [Sony MAX（Sony MAX）] | 日期: 2026-03-20 | 来源: http://epg.cdn.loc.cc/xml
频道: [Sony MAX（Sony MAX）] | 日期: 2026-03-21 | 来源: http://epg.cdn.loc.cc/xml
频道: [Sony SAB（Sony SAB）] | 日期: 2026-03-14 | 来源: https://epg.136605.xyz/9days.xml
频道: [Sony SAB（Sony SAB）] | 日期: 2026-03-15 | 来源: http://epg.cdn.loc.cc/xml
频道: [Sony SAB（Sony SAB）] | 日期: 2026-03-16 | 来源: http://epg.cdn.loc.cc/xml
频道: [Sony SAB（Sony SAB）] | 日期: 2026-03-17 | 来源: http://epg.cdn.loc.cc/xml
频道: [Sony SAB（Sony SAB）] | 日期: 2026-03-18 | 来源: http://epg.cdn.loc.cc/xml
频道: [Sony SAB（Sony SAB）] | 日期: 2026-03-19 | 来源: http://epg.cdn.loc.cc/xml
频道: [Sony SAB（Sony SAB）] | 日期: 2026-03-20 | 来源: http://epg.cdn.loc.cc/xml
频道: [Sony TV (India)（Sony TV (India)）] | 日期: 2026-03-14 | 来源: https://epg.136605.xyz/9days.xml
频道: [Sony TV (India)（Sony TV (India)）] | 日期: 2026-03-15 | 来源: http://epg.cdn.loc.cc/xml
频道: [Sony TV (India)（Sony TV (India)）] | 日期: 2026-03-16 | 来源: http://epg.cdn.loc.cc/xml
频道: [Sony TV (India)（Sony TV (India)）] | 日期: 2026-03-17 | 来源: http://epg.cdn.loc.cc/xml
频道: [Sony TV (India)（Sony TV (India)）] | 日期: 2026-03-18 | 来源: http://epg.cdn.loc.cc/xml
频道: [Sony TV (India)（Sony TV (India)）] | 日期: 2026-03-19 | 来源: http://epg.cdn.loc.cc/xml
频道: [Sony TV (India)（Sony TV (India)）] | 日期: 2026-03-20 | 来源: http://epg.cdn.loc.cc/xml
频道: [SportsPlus（SportsPlus）] | 日期: 2026-03-15 | 来源: http://epg.cdn.loc.cc/xml
频道: [SportsPlus（SportsPlus）] | 日期: 2026-03-16 | 来源: https://github.com/litiande03/epg/raw/refs/heads/master/pl.xml.gz
频道: [SportsPlus（SportsPlus）] | 日期: 2026-03-17 | 来源: https://github.com/litiande03/epg/raw/refs/heads/master/pl.xml.gz
频道: [SportsPlus（SportsPlus）] | 日期: 2026-03-18 | 来源: http://epg.cdn.loc.cc/xml
频道: [SportsPlus（SportsPlus）] | 日期: 2026-03-19 | 来源: http://epg.cdn.loc.cc/xml
频道: [SportsPlus（SportsPlus）] | 日期: 2026-03-20 | 来源: http://epg.cdn.loc.cc/xml
频道: [Star Bharat（Star Bharat）] | 日期: 2026-03-15 | 来源: http://epg.cdn.loc.cc/xml
频道: [Star Bharat（Star Bharat）] | 日期: 2026-03-16 | 来源: http://epg.cdn.loc.cc/xml
频道: [Star Bharat（Star Bharat）] | 日期: 2026-03-17 | 来源: http://epg.cdn.loc.cc/xml
频道: [Star Bharat（Star Bharat）] | 日期: 2026-03-18 | 来源: http://epg.cdn.loc.cc/xml
频道: [Star Bharat（Star Bharat）] | 日期: 2026-03-19 | 来源: http://epg.cdn.loc.cc/xml
频道: [Star Bharat（Star Bharat）] | 日期: 2026-03-20 | 来源: http://epg.cdn.loc.cc/xml
频道: [Star Gold（Star Gold）] | 日期: 2026-03-14 | 来源: http://epg.cdn.loc.cc/xml
频道: [Star Gold（Star Gold）] | 日期: 2026-03-15 | 来源: https://epg.136605.xyz/9days.xml
频道: [Star Gold（Star Gold）] | 日期: 2026-03-16 | 来源: https://epg.136605.xyz/9days.xml
频道: [Star Gold（Star Gold）] | 日期: 2026-03-17 | 来源: https://epg.136605.xyz/9days.xml
频道: [Star Gold（Star Gold）] | 日期: 2026-03-18 | 来源: http://epg.cdn.loc.cc/xml
频道: [Star Gold（Star Gold）] | 日期: 2026-03-19 | 来源: http://epg.cdn.loc.cc/xml
频道: [Star Gold（Star Gold）] | 日期: 2026-03-20 | 来源: http://epg.cdn.loc.cc/xml
频道: [Sun Life（Sun Life）] | 日期: 2026-03-15 | 来源: http://epg.cdn.loc.cc/xml
频道: [Sun Life（Sun Life）] | 日期: 2026-03-16 | 来源: http://epg.cdn.loc.cc/xml
频道: [Sun Life（Sun Life）] | 日期: 2026-03-17 | 来源: http://epg.cdn.loc.cc/xml
频道: [Sun Life（Sun Life）] | 日期: 2026-03-18 | 来源: http://epg.cdn.loc.cc/xml
频道: [Sun Life（Sun Life）] | 日期: 2026-03-19 | 来源: http://epg.cdn.loc.cc/xml
频道: [Sun Life（Sun Life）] | 日期: 2026-03-20 | 来源: http://epg.cdn.loc.cc/xml
频道: [Sun Life（Sun Life）] | 日期: 2026-03-21 | 来源: http://epg.cdn.loc.cc/xml
频道: [Sun News（Sun News）] | 日期: 2026-03-15 | 来源: http://epg.cdn.loc.cc/xml
频道: [Sun News（Sun News）] | 日期: 2026-03-16 | 来源: http://epg.cdn.loc.cc/xml
频道: [Sun News（Sun News）] | 日期: 2026-03-17 | 来源: http://epg.cdn.loc.cc/xml
频道: [Sun News（Sun News）] | 日期: 2026-03-18 | 来源: http://epg.cdn.loc.cc/xml
频道: [Sun News（Sun News）] | 日期: 2026-03-19 | 来源: http://epg.cdn.loc.cc/xml
频道: [Sun News（Sun News）] | 日期: 2026-03-20 | 来源: http://epg.cdn.loc.cc/xml
频道: [Sun News（Sun News）] | 日期: 2026-03-21 | 来源: http://epg.cdn.loc.cc/xml
频道: [Suria（Suria）] | 日期: 2026-03-14 | 来源: http://epg.cdn.loc.cc/xml
频道: [Suria（Suria）] | 日期: 2026-03-15 | 来源: http://epg.cdn.loc.cc/xml
频道: [Suria（Suria）] | 日期: 2026-03-16 | 来源: http://epg.cdn.loc.cc/xml
频道: [Suria（Suria）] | 日期: 2026-03-17 | 来源: http://epg.cdn.loc.cc/xml
频道: [Suria（Suria）] | 日期: 2026-03-18 | 来源: http://epg.cdn.loc.cc/xml
频道: [Suria（Suria）] | 日期: 2026-03-19 | 来源: http://epg.cdn.loc.cc/xml
频道: [Suria（Suria）] | 日期: 2026-03-20 | 来源: http://epg.cdn.loc.cc/xml
频道: [Suria（Suria）] | 日期: 2026-03-21 | 来源: http://epg.cdn.loc.cc/xml
频道: [Suria（Suria）] | 日期: 2026-03-22 | 来源: http://epg.cdn.loc.cc/xml
频道: [TFC（TFC）] | 日期: 2026-03-14 | 来源: http://epg.cdn.loc.cc/xml
频道: [TFC（TFC）] | 日期: 2026-03-15 | 来源: http://epg.cdn.loc.cc/xml
频道: [TFC（TFC）] | 日期: 2026-03-16 | 来源: http://epg.cdn.loc.cc/xml
频道: [TFC（TFC）] | 日期: 2026-03-17 | 来源: http://epg.cdn.loc.cc/xml
频道: [TFC（TFC）] | 日期: 2026-03-18 | 来源: http://epg.cdn.loc.cc/xml
频道: [TFC（TFC）] | 日期: 2026-03-19 | 来源: http://epg.cdn.loc.cc/xml
频道: [TFC（TFC）] | 日期: 2026-03-20 | 来源: http://epg.cdn.loc.cc/xml
频道: [TG Junior（TG Junior）] | 日期: 2026-03-14 | 来源: http://epg.cdn.loc.cc/xml
频道: [TG Junior（TG Junior）] | 日期: 2026-03-15 | 来源: http://epg.cdn.loc.cc/xml
频道: [TG Junior（TG Junior）] | 日期: 2026-03-16 | 来源: http://epg.cdn.loc.cc/xml
频道: [TG Junior（TG Junior）] | 日期: 2026-03-17 | 来源: http://epg.cdn.loc.cc/xml
频道: [TG Junior（TG Junior）] | 日期: 2026-03-18 | 来源: http://epg.cdn.loc.cc/xml
频道: [TG Junior（TG Junior）] | 日期: 2026-03-19 | 来源: http://epg.cdn.loc.cc/xml
频道: [TG Junior（TG Junior）] | 日期: 2026-03-20 | 来源: http://epg.cdn.loc.cc/xml
频道: [THANGATHIRAI（THANGATHIRAI）] | 日期: 2026-03-15 | 来源: http://epg.cdn.loc.cc/xml
频道: [THANGATHIRAI（THANGATHIRAI）] | 日期: 2026-03-16 | 来源: http://epg.cdn.loc.cc/xml
频道: [THANGATHIRAI（THANGATHIRAI）] | 日期: 2026-03-17 | 来源: http://epg.cdn.loc.cc/xml
频道: [THANGATHIRAI（THANGATHIRAI）] | 日期: 2026-03-18 | 来源: http://epg.cdn.loc.cc/xml
频道: [THANGATHIRAI（THANGATHIRAI）] | 日期: 2026-03-19 | 来源: http://epg.cdn.loc.cc/xml
频道: [THANGATHIRAI（THANGATHIRAI）] | 日期: 2026-03-20 | 来源: http://epg.cdn.loc.cc/xml
频道: [THANGATHIRAI（THANGATHIRAI）] | 日期: 2026-03-21 | 来源: http://epg.cdn.loc.cc/xml
频道: [TLC（TLC）] | 日期: 2026-03-14 | 来源: http://epg.cdn.loc.cc/xml
频道: [TLC（TLC）] | 日期: 2026-03-15 | 来源: http://epg.cdn.loc.cc/xml
频道: [TLC（TLC）] | 日期: 2026-03-16 | 来源: http://epg.cdn.loc.cc/xml
频道: [TLC（TLC）] | 日期: 2026-03-17 | 来源: http://epg.cdn.loc.cc/xml
频道: [TLC（TLC）] | 日期: 2026-03-18 | 来源: http://epg.cdn.loc.cc/xml
频道: [TLC（TLC）] | 日期: 2026-03-19 | 来源: http://epg.cdn.loc.cc/xml
频道: [TLC（TLC）] | 日期: 2026-03-20 | 来源: http://epg.cdn.loc.cc/xml
频道: [TLC（TLC）] | 日期: 2026-03-21 | 来源: http://epg.cdn.loc.cc/xml
频道: [TLC旅游生活频道（TLC旅游生活频道）] | 日期: 2026-03-14 | 来源: http://epg.cdn.loc.cc/xml
频道: [TLC旅游生活频道（TLC旅游生活频道）] | 日期: 2026-03-15 | 来源: http://epg.cdn.loc.cc/xml
频道: [TLC旅游生活频道（TLC旅游生活频道）] | 日期: 2026-03-16 | 来源: http://epg.cdn.loc.cc/xml
频道: [TLC旅游生活频道（TLC旅游生活频道）] | 日期: 2026-03-17 | 来源: http://epg.cdn.loc.cc/xml
频道: [TLC旅游生活频道（TLC旅游生活频道）] | 日期: 2026-03-18 | 来源: http://epg.cdn.loc.cc/xml
频道: [TLC旅游生活频道（TLC旅游生活频道）] | 日期: 2026-03-19 | 来源: http://epg.cdn.loc.cc/xml
频道: [TLC旅游生活频道（TLC旅游生活频道）] | 日期: 2026-03-20 | 来源: http://epg.cdn.loc.cc/xml
频道: [TLC旅游生活频道（TLC旅游生活频道）] | 日期: 2026-03-21 | 来源: http://epg.cdn.loc.cc/xml
频道: [TRACE Sport Stars（TRACE Sport Stars）] | 日期: 2026-03-14 | 来源: http://epg.cdn.loc.cc/xml
频道: [TRACE Sport Stars（TRACE Sport Stars）] | 日期: 2026-03-15 | 来源: https://github.com/litiande03/epg/raw/refs/heads/master/pl.xml.gz
频道: [TRACE Sport Stars（TRACE Sport Stars）] | 日期: 2026-03-16 | 来源: https://github.com/litiande03/epg/raw/refs/heads/master/pl.xml.gz
频道: [TRACE Sport Stars（TRACE Sport Stars）] | 日期: 2026-03-17 | 来源: https://github.com/litiande03/epg/raw/refs/heads/master/pl.xml.gz
频道: [TRACE Sport Stars（TRACE Sport Stars）] | 日期: 2026-03-18 | 来源: http://epg.cdn.loc.cc/xml
频道: [TRACE Sport Stars（TRACE Sport Stars）] | 日期: 2026-03-19 | 来源: http://epg.cdn.loc.cc/xml
频道: [TRACE Sport Stars（TRACE Sport Stars）] | 日期: 2026-03-20 | 来源: http://epg.cdn.loc.cc/xml
频道: [TRACE Sport Stars（TRACE Sport Stars）] | 日期: 2026-03-21 | 来源: http://epg.cdn.loc.cc/xml
频道: [TRACE Sport Stars（TRACE Sport Stars）] | 日期: 2026-03-22 | 来源: http://epg.cdn.loc.cc/xml
频道: [TRACE Sport Stars（TRACE Sport Stars）] | 日期: 2026-03-23 | 来源: http://epg.cdn.loc.cc/xml
频道: [TRACEUrban（TRACEUrban）] | 日期: 2026-03-14 | 来源: http://epg.cdn.loc.cc/xml
频道: [TRACEUrban（TRACEUrban）] | 日期: 2026-03-15 | 来源: https://github.com/litiande03/epg/raw/refs/heads/master/pl.xml.gz
频道: [TRACEUrban（TRACEUrban）] | 日期: 2026-03-16 | 来源: https://github.com/litiande03/epg/raw/refs/heads/master/pl.xml.gz
频道: [TRACEUrban（TRACEUrban）] | 日期: 2026-03-17 | 来源: https://github.com/litiande03/epg/raw/refs/heads/master/pl.xml.gz
频道: [TRACEUrban（TRACEUrban）] | 日期: 2026-03-18 | 来源: http://epg.cdn.loc.cc/xml
频道: [TRACEUrban（TRACEUrban）] | 日期: 2026-03-19 | 来源: http://epg.cdn.loc.cc/xml
频道: [TRACEUrban（TRACEUrban）] | 日期: 2026-03-20 | 来源: http://epg.cdn.loc.cc/xml
频道: [TRACEUrban（TRACEUrban）] | 日期: 2026-03-21 | 来源: http://epg.cdn.loc.cc/xml
频道: [TRACEUrban（TRACEUrban）] | 日期: 2026-03-22 | 来源: http://epg.cdn.loc.cc/xml
频道: [TRACEUrban（TRACEUrban）] | 日期: 2026-03-23 | 来源: http://epg.cdn.loc.cc/xml
频道: [TRACEsport（TRACEsport）] | 日期: 2026-03-15 | 来源: https://github.com/litiande03/epg/raw/refs/heads/master/pl.xml.gz
频道: [TRACEsport（TRACEsport）] | 日期: 2026-03-16 | 来源: https://github.com/litiande03/epg/raw/refs/heads/master/pl.xml.gz
频道: [TRACEsport（TRACEsport）] | 日期: 2026-03-17 | 来源: https://github.com/litiande03/epg/raw/refs/heads/master/pl.xml.gz
频道: [TUTOR TV（TUTOR TV）] | 日期: 2026-03-15 | 来源: http://epg.cdn.loc.cc/xml
频道: [TUTOR TV（TUTOR TV）] | 日期: 2026-03-16 | 来源: http://epg.cdn.loc.cc/xml
频道: [TUTOR TV（TUTOR TV）] | 日期: 2026-03-17 | 来源: http://epg.cdn.loc.cc/xml
频道: [TUTOR TV（TUTOR TV）] | 日期: 2026-03-18 | 来源: http://epg.cdn.loc.cc/xml
频道: [TUTOR TV（TUTOR TV）] | 日期: 2026-03-19 | 来源: http://epg.cdn.loc.cc/xml
频道: [TUTOR TV（TUTOR TV）] | 日期: 2026-03-20 | 来源: http://epg.cdn.loc.cc/xml
频道: [TUTOR TV（TUTOR TV）] | 日期: 2026-03-21 | 来源: http://epg.cdn.loc.cc/xml
频道: [TV ALHIJRAH（TV ALHIJRAH）] | 日期: 2026-03-15 | 来源: http://epg.cdn.loc.cc/xml
频道: [TV ALHIJRAH（TV ALHIJRAH）] | 日期: 2026-03-16 | 来源: http://epg.cdn.loc.cc/xml
频道: [TV ALHIJRAH（TV ALHIJRAH）] | 日期: 2026-03-18 | 来源: http://epg.cdn.loc.cc/xml
频道: [TV ALHIJRAH（TV ALHIJRAH）] | 日期: 2026-03-19 | 来源: http://epg.cdn.loc.cc/xml
频道: [TV ALHIJRAH（TV ALHIJRAH）] | 日期: 2026-03-20 | 来源: http://epg.cdn.loc.cc/xml
频道: [TV ALHIJRAH（TV ALHIJRAH）] | 日期: 2026-03-21 | 来源: http://epg.cdn.loc.cc/xml
频道: [TV OKEY（TV OKEY）] | 日期: 2026-03-15 | 来源: http://epg.cdn.loc.cc/xml
频道: [TV OKEY（TV OKEY）] | 日期: 2026-03-16 | 来源: http://epg.cdn.loc.cc/xml
频道: [TV OKEY（TV OKEY）] | 日期: 2026-03-17 | 来源: http://epg.cdn.loc.cc/xml
频道: [TV OKEY（TV OKEY）] | 日期: 2026-03-18 | 来源: http://epg.cdn.loc.cc/xml
频道: [TV OKEY（TV OKEY）] | 日期: 2026-03-19 | 来源: http://epg.cdn.loc.cc/xml
频道: [TV OKEY（TV OKEY）] | 日期: 2026-03-20 | 来源: http://epg.cdn.loc.cc/xml
频道: [TV OKEY（TV OKEY）] | 日期: 2026-03-21 | 来源: http://epg.cdn.loc.cc/xml
频道: [TV1（TV1）] | 日期: 2026-03-15 | 来源: http://epg.cdn.loc.cc/xml
频道: [TV1（TV1）] | 日期: 2026-03-16 | 来源: http://epg.cdn.loc.cc/xml
频道: [TV1（TV1）] | 日期: 2026-03-17 | 来源: http://epg.cdn.loc.cc/xml
频道: [TV1（TV1）] | 日期: 2026-03-18 | 来源: http://epg.cdn.loc.cc/xml
频道: [TV1（TV1）] | 日期: 2026-03-19 | 来源: http://epg.cdn.loc.cc/xml
频道: [TV1（TV1）] | 日期: 2026-03-20 | 来源: http://epg.cdn.loc.cc/xml
频道: [TV1（TV1）] | 日期: 2026-03-21 | 来源: http://epg.cdn.loc.cc/xml
频道: [TV2（TV2）] | 日期: 2026-03-15 | 来源: http://epg.cdn.loc.cc/xml
频道: [TV2（TV2）] | 日期: 2026-03-16 | 来源: http://epg.cdn.loc.cc/xml
频道: [TV2（TV2）] | 日期: 2026-03-17 | 来源: http://epg.cdn.loc.cc/xml
频道: [TV2（TV2）] | 日期: 2026-03-18 | 来源: http://epg.cdn.loc.cc/xml
频道: [TV2（TV2）] | 日期: 2026-03-19 | 来源: http://epg.cdn.loc.cc/xml
频道: [TV2（TV2）] | 日期: 2026-03-20 | 来源: http://epg.cdn.loc.cc/xml
频道: [TV2（TV2）] | 日期: 2026-03-21 | 来源: http://epg.cdn.loc.cc/xml
频道: [TV5MONDE ASIE（TV5MONDE ASIE）] | 日期: 2026-03-15 | 来源: http://epg.cdn.loc.cc/xml
频道: [TV5MONDE ASIE（TV5MONDE ASIE）] | 日期: 2026-03-16 | 来源: http://epg.cdn.loc.cc/xml
频道: [TV5MONDE ASIE（TV5MONDE ASIE）] | 日期: 2026-03-17 | 来源: http://epg.cdn.loc.cc/xml
频道: [TV5MONDE ASIE（TV5MONDE ASIE）] | 日期: 2026-03-18 | 来源: http://epg.cdn.loc.cc/xml
频道: [TV5MONDE ASIE（TV5MONDE ASIE）] | 日期: 2026-03-19 | 来源: http://epg.cdn.loc.cc/xml
频道: [TV5MONDE ASIE（TV5MONDE ASIE）] | 日期: 2026-03-20 | 来源: http://epg.cdn.loc.cc/xml
频道: [TV5MONDE HD（TV5MONDE HD）] | 日期: 2026-03-14 | 来源: http://epg.cdn.loc.cc/xml
频道: [TV5MONDE HD（TV5MONDE HD）] | 日期: 2026-03-15 | 来源: http://epg.cdn.loc.cc/xml
频道: [TV5MONDE HD（TV5MONDE HD）] | 日期: 2026-03-16 | 来源: http://epg.cdn.loc.cc/xml
频道: [TV5MONDE HD（TV5MONDE HD）] | 日期: 2026-03-17 | 来源: http://epg.cdn.loc.cc/xml
频道: [TV5MONDE HD（TV5MONDE HD）] | 日期: 2026-03-18 | 来源: http://epg.cdn.loc.cc/xml
频道: [TV5MONDE HD（TV5MONDE HD）] | 日期: 2026-03-19 | 来源: http://epg.cdn.loc.cc/xml
频道: [TV5MONDE HD（TV5MONDE HD）] | 日期: 2026-03-20 | 来源: http://epg.cdn.loc.cc/xml
频道: [TV5MONDE HD（TV5MONDE HD）] | 日期: 2026-03-21 | 来源: http://epg.cdn.loc.cc/xml
频道: [TV5MONDE STYLE HD 生活时尚（TV5MONDE STYLE HD 生活时尚）] | 日期: 2026-03-15 | 来源: https://github.com/litiande03/epg/raw/refs/heads/master/pl.xml.gz
频道: [TV5MONDE STYLE HD 生活时尚（TV5MONDE STYLE HD 生活时尚）] | 日期: 2026-03-16 | 来源: https://github.com/litiande03/epg/raw/refs/heads/master/pl.xml.gz
频道: [TV5MONDE STYLE HD 生活时尚（TV5MONDE STYLE HD 生活时尚）] | 日期: 2026-03-17 | 来源: https://github.com/litiande03/epg/raw/refs/heads/master/pl.xml.gz
频道: [TV5MONDE STYLE HD 生活时尚（TV5MONDE STYLE HD 生活时尚）] | 日期: 2026-03-18 | 来源: https://github.com/litiande03/epg/raw/refs/heads/master/pl.xml.gz
频道: [TV5MONDE Style（TV5MONDE Style）] | 日期: 2026-03-14 | 来源: http://epg.cdn.loc.cc/xml
频道: [TV5MONDE Style（TV5MONDE Style）] | 日期: 2026-03-15 | 来源: http://epg.cdn.loc.cc/xml
频道: [TV5MONDE Style（TV5MONDE Style）] | 日期: 2026-03-16 | 来源: http://epg.cdn.loc.cc/xml
频道: [TV5MONDE Style（TV5MONDE Style）] | 日期: 2026-03-17 | 来源: http://epg.cdn.loc.cc/xml
频道: [TV5MONDE Style（TV5MONDE Style）] | 日期: 2026-03-18 | 来源: http://epg.cdn.loc.cc/xml
频道: [TV5MONDE Style（TV5MONDE Style）] | 日期: 2026-03-19 | 来源: http://epg.cdn.loc.cc/xml
频道: [TV5MONDE Style（TV5MONDE Style）] | 日期: 2026-03-20 | 来源: http://epg.cdn.loc.cc/xml
频道: [TVB CLASSIC（TVB CLASSIC）] | 日期: 2026-03-15 | 来源: http://epg.cdn.loc.cc/xml
频道: [TVB CLASSIC（TVB CLASSIC）] | 日期: 2026-03-16 | 来源: http://epg.cdn.loc.cc/xml
频道: [TVB CLASSIC（TVB CLASSIC）] | 日期: 2026-03-17 | 来源: http://epg.cdn.loc.cc/xml
频道: [TVB CLASSIC（TVB CLASSIC）] | 日期: 2026-03-18 | 来源: http://epg.cdn.loc.cc/xml
频道: [TVB CLASSIC（TVB CLASSIC）] | 日期: 2026-03-19 | 来源: http://epg.cdn.loc.cc/xml
频道: [TVB CLASSIC（TVB CLASSIC）] | 日期: 2026-03-20 | 来源: http://epg.cdn.loc.cc/xml
频道: [TVB CLASSIC（TVB CLASSIC）] | 日期: 2026-03-21 | 来源: http://epg.cdn.loc.cc/xml
频道: [TVB E-NEWS（TVB E-NEWS）] | 日期: 2026-03-15 | 来源: http://epg.cdn.loc.cc/xml
频道: [TVB E-NEWS（TVB E-NEWS）] | 日期: 2026-03-16 | 来源: http://epg.cdn.loc.cc/xml
频道: [TVB E-NEWS（TVB E-NEWS）] | 日期: 2026-03-17 | 来源: http://epg.cdn.loc.cc/xml
频道: [TVB E-NEWS（TVB E-NEWS）] | 日期: 2026-03-18 | 来源: http://epg.cdn.loc.cc/xml
频道: [TVB E-NEWS（TVB E-NEWS）] | 日期: 2026-03-19 | 来源: http://epg.cdn.loc.cc/xml
频道: [TVB E-NEWS（TVB E-NEWS）] | 日期: 2026-03-20 | 来源: http://epg.cdn.loc.cc/xml
频道: [TVB E-NEWS（TVB E-NEWS）] | 日期: 2026-03-21 | 来源: http://epg.cdn.loc.cc/xml
频道: [TVB Jade HD（TVB Jade HD）] | 日期: 2026-03-15 | 来源: http://epg.cdn.loc.cc/xml
频道: [TVB Jade HD（TVB Jade HD）] | 日期: 2026-03-16 | 来源: http://epg.cdn.loc.cc/xml
频道: [TVB Jade HD（TVB Jade HD）] | 日期: 2026-03-17 | 来源: http://epg.cdn.loc.cc/xml
频道: [TVB Jade HD（TVB Jade HD）] | 日期: 2026-03-18 | 来源: http://epg.cdn.loc.cc/xml
频道: [TVB Jade HD（TVB Jade HD）] | 日期: 2026-03-19 | 来源: http://epg.cdn.loc.cc/xml
频道: [TVB Jade HD（TVB Jade HD）] | 日期: 2026-03-20 | 来源: http://epg.cdn.loc.cc/xml
频道: [TVB Jade HD（TVB Jade HD）] | 日期: 2026-03-21 | 来源: http://epg.cdn.loc.cc/xml
频道: [TVB Plus（TVB Plus）] | 日期: 2026-03-14 | 来源: http://epg.cdn.loc.cc/xml
频道: [TVB Plus（TVB Plus）] | 日期: 2026-03-15 | 来源: https://epg.136605.xyz/9days.xml
频道: [TVB Plus（TVB Plus）] | 日期: 2026-03-16 | 来源: https://epg.136605.xyz/9days.xml
频道: [TVB Plus（TVB Plus）] | 日期: 2026-03-17 | 来源: https://epg.136605.xyz/9days.xml
频道: [TVB Plus（TVB Plus）] | 日期: 2026-03-18 | 来源: http://epg.cdn.loc.cc/xml
频道: [TVB Plus（TVB Plus）] | 日期: 2026-03-19 | 来源: http://epg.cdn.loc.cc/xml
频道: [TVB Plus（TVB Plus）] | 日期: 2026-03-20 | 来源: http://epg.cdn.loc.cc/xml
频道: [TVB Plus（TVB Plus）] | 日期: 2026-03-21 | 来源: http://epg.cdn.loc.cc/xml
频道: [TVB Plus（TVB Plus）] | 日期: 2026-03-22 | 来源: http://epg.cdn.loc.cc/xml
频道: [TVB Plus（TVB Plus）] | 日期: 2026-03-23 | 来源: http://epg.cdn.loc.cc/xml
频道: [TVB XING HE（TVB XING HE）] | 日期: 2026-03-15 | 来源: http://epg.cdn.loc.cc/xml
频道: [TVB XING HE（TVB XING HE）] | 日期: 2026-03-16 | 来源: http://epg.cdn.loc.cc/xml
频道: [TVB XING HE（TVB XING HE）] | 日期: 2026-03-17 | 来源: http://epg.cdn.loc.cc/xml
频道: [TVB XING HE（TVB XING HE）] | 日期: 2026-03-18 | 来源: http://epg.cdn.loc.cc/xml
频道: [TVB XING HE（TVB XING HE）] | 日期: 2026-03-19 | 来源: http://epg.cdn.loc.cc/xml
频道: [TVB XING HE（TVB XING HE）] | 日期: 2026-03-20 | 来源: http://epg.cdn.loc.cc/xml
频道: [TVB XING HE（TVB XING HE）] | 日期: 2026-03-21 | 来源: http://epg.cdn.loc.cc/xml
频道: [TVBJ（TVBJ）] | 日期: 2026-03-15 | 来源: http://epg.cdn.loc.cc/xml
频道: [TVBJ（TVBJ）] | 日期: 2026-03-16 | 来源: http://epg.cdn.loc.cc/xml
频道: [TVBJ（TVBJ）] | 日期: 2026-03-17 | 来源: http://epg.cdn.loc.cc/xml
频道: [TVBJ（TVBJ）] | 日期: 2026-03-18 | 来源: http://epg.cdn.loc.cc/xml
频道: [TVBJ（TVBJ）] | 日期: 2026-03-19 | 来源: http://epg.cdn.loc.cc/xml
频道: [TVBJ（TVBJ）] | 日期: 2026-03-20 | 来源: http://epg.cdn.loc.cc/xml
频道: [TVBJ（TVBJ）] | 日期: 2026-03-21 | 来源: http://epg.cdn.loc.cc/xml
频道: [TVBS（TVBS）] | 日期: 2026-03-15 | 来源: http://epg.cdn.loc.cc/xml
频道: [TVBS（TVBS）] | 日期: 2026-03-16 | 来源: http://epg.cdn.loc.cc/xml
频道: [TVBS（TVBS）] | 日期: 2026-03-17 | 来源: http://epg.cdn.loc.cc/xml
频道: [TVBS（TVBS）] | 日期: 2026-03-18 | 来源: http://epg.cdn.loc.cc/xml
频道: [TVBS（TVBS）] | 日期: 2026-03-19 | 来源: http://epg.cdn.loc.cc/xml
频道: [TVBS（TVBS）] | 日期: 2026-03-20 | 来源: http://epg.cdn.loc.cc/xml
频道: [TVBS（TVBS）] | 日期: 2026-03-21 | 来源: http://epg.cdn.loc.cc/xml
频道: [TVBS ASIA（TVBS ASIA）] | 日期: 2026-03-15 | 来源: http://epg.cdn.loc.cc/xml
频道: [TVBS ASIA（TVBS ASIA）] | 日期: 2026-03-16 | 来源: http://epg.cdn.loc.cc/xml
频道: [TVBS ASIA（TVBS ASIA）] | 日期: 2026-03-17 | 来源: http://epg.cdn.loc.cc/xml
频道: [TVBS ASIA（TVBS ASIA）] | 日期: 2026-03-18 | 来源: http://epg.cdn.loc.cc/xml
频道: [TVBS ASIA（TVBS ASIA）] | 日期: 2026-03-19 | 来源: http://epg.cdn.loc.cc/xml
频道: [TVBS ASIA（TVBS ASIA）] | 日期: 2026-03-20 | 来源: http://epg.cdn.loc.cc/xml
频道: [TVBS ASIA（TVBS ASIA）] | 日期: 2026-03-21 | 来源: http://epg.cdn.loc.cc/xml
频道: [TVBS-NEWS（TVBS-NEWS）] | 日期: 2026-03-15 | 来源: http://epg.cdn.loc.cc/xml
频道: [TVBS-NEWS（TVBS-NEWS）] | 日期: 2026-03-16 | 来源: http://epg.cdn.loc.cc/xml
频道: [TVBS-NEWS（TVBS-NEWS）] | 日期: 2026-03-17 | 来源: http://epg.cdn.loc.cc/xml
频道: [TVBS-NEWS（TVBS-NEWS）] | 日期: 2026-03-18 | 来源: http://epg.cdn.loc.cc/xml
频道: [TVBS-NEWS（TVBS-NEWS）] | 日期: 2026-03-19 | 来源: http://epg.cdn.loc.cc/xml
频道: [TVBS-NEWS（TVBS-NEWS）] | 日期: 2026-03-20 | 来源: http://epg.cdn.loc.cc/xml
频道: [TVBS-NEWS（TVBS-NEWS）] | 日期: 2026-03-21 | 来源: http://epg.cdn.loc.cc/xml
频道: [TVBS新闻（TVBS新闻）] | 日期: 2026-03-14 | 来源: https://epg.136605.xyz/9days.xml
频道: [TVBS新闻（TVBS新闻）] | 日期: 2026-03-15 | 来源: https://epg.136605.xyz/9days.xml
频道: [TVBS新闻（TVBS新闻）] | 日期: 2026-03-16 | 来源: https://epg.136605.xyz/9days.xml
频道: [TVBS新闻（TVBS新闻）] | 日期: 2026-03-17 | 来源: https://epg.136605.xyz/9days.xml
频道: [TVBS新闻台（TVBS新闻台）] | 日期: 2026-03-15 | 来源: http://epg.cdn.loc.cc/xml
频道: [TVBS新闻台（TVBS新闻台）] | 日期: 2026-03-16 | 来源: http://epg.cdn.loc.cc/xml
频道: [TVBS新闻台（TVBS新闻台）] | 日期: 2026-03-17 | 来源: http://epg.cdn.loc.cc/xml
频道: [TVBS新闻台（TVBS新闻台）] | 日期: 2026-03-18 | 来源: http://epg.cdn.loc.cc/xml
频道: [TVBS新闻台（TVBS新闻台）] | 日期: 2026-03-19 | 来源: http://epg.cdn.loc.cc/xml
频道: [TVBS新闻台（TVBS新闻台）] | 日期: 2026-03-20 | 来源: http://epg.cdn.loc.cc/xml
频道: [TVBS新闻台（TVBS新闻台）] | 日期: 2026-03-21 | 来源: http://epg.cdn.loc.cc/xml
频道: [TVBS欢乐台（TVBS欢乐台）] | 日期: 2026-03-15 | 来源: https://github.com/litiande03/epg/raw/refs/heads/master/pl.xml.gz
频道: [TVBS欢乐台（TVBS欢乐台）] | 日期: 2026-03-16 | 来源: http://epg.cdn.loc.cc/xml
频道: [TVBS欢乐台（TVBS欢乐台）] | 日期: 2026-03-17 | 来源: http://epg.cdn.loc.cc/xml
频道: [TVBS欢乐台（TVBS欢乐台）] | 日期: 2026-03-18 | 来源: http://epg.cdn.loc.cc/xml
频道: [TVBS欢乐台（TVBS欢乐台）] | 日期: 2026-03-19 | 来源: http://epg.cdn.loc.cc/xml
频道: [TVBS欢乐台（TVBS欢乐台）] | 日期: 2026-03-20 | 来源: http://epg.cdn.loc.cc/xml
频道: [TVBS欢乐台（TVBS欢乐台）] | 日期: 2026-03-21 | 来源: http://epg.cdn.loc.cc/xml
频道: [TVBS精采（TVBS精采）] | 日期: 2026-03-14 | 来源: https://epg.136605.xyz/9days.xml
频道: [TVBS精采（TVBS精采）] | 日期: 2026-03-15 | 来源: https://epg.136605.xyz/9days.xml
频道: [TVBS精采（TVBS精采）] | 日期: 2026-03-16 | 来源: https://epg.136605.xyz/9days.xml
频道: [TVBS精采（TVBS精采）] | 日期: 2026-03-17 | 来源: https://epg.136605.xyz/9days.xml
频道: [TVBS精采台（TVBS精采台）] | 日期: 2026-03-15 | 来源: http://epg.cdn.loc.cc/xml
频道: [TVBS精采台（TVBS精采台）] | 日期: 2026-03-16 | 来源: http://epg.cdn.loc.cc/xml
频道: [TVBS精采台（TVBS精采台）] | 日期: 2026-03-17 | 来源: http://epg.cdn.loc.cc/xml
频道: [TVBS精采台（TVBS精采台）] | 日期: 2026-03-18 | 来源: http://epg.cdn.loc.cc/xml
频道: [TVBS精采台（TVBS精采台）] | 日期: 2026-03-19 | 来源: http://epg.cdn.loc.cc/xml
频道: [TVBS精采台（TVBS精采台）] | 日期: 2026-03-20 | 来源: http://epg.cdn.loc.cc/xml
频道: [TVBS精采台（TVBS精采台）] | 日期: 2026-03-21 | 来源: http://epg.cdn.loc.cc/xml
频道: [TVB星河（TVB星河）] | 日期: 2026-03-14 | 来源: https://github.com/litiande03/epg/raw/refs/heads/master/pl.xml.gz
频道: [TVB星河（TVB星河）] | 日期: 2026-03-15 | 来源: https://github.com/litiande03/epg/raw/refs/heads/master/pl.xml.gz
频道: [TVB星河（TVB星河）] | 日期: 2026-03-16 | 来源: https://github.com/litiande03/epg/raw/refs/heads/master/pl.xml.gz
频道: [TVB星河（TVB星河）] | 日期: 2026-03-17 | 来源: https://github.com/litiande03/epg/raw/refs/heads/master/pl.xml.gz
频道: [TVB生活台（TVB生活台）] | 日期: 2026-03-14 | 来源: https://github.com/litiande03/epg/raw/refs/heads/master/pl.xml.gz
频道: [TVB生活台（TVB生活台）] | 日期: 2026-03-15 | 来源: https://github.com/litiande03/epg/raw/refs/heads/master/pl.xml.gz
频道: [TVB生活台（TVB生活台）] | 日期: 2026-03-16 | 来源: https://github.com/litiande03/epg/raw/refs/heads/master/pl.xml.gz
频道: [TVB生活台（TVB生活台）] | 日期: 2026-03-17 | 来源: https://github.com/litiande03/epg/raw/refs/heads/master/pl.xml.gz
频道: [TVS（TVS）] | 日期: 2026-03-15 | 来源: http://epg.cdn.loc.cc/xml
频道: [TVS（TVS）] | 日期: 2026-03-16 | 来源: http://epg.cdn.loc.cc/xml
频道: [TVS（TVS）] | 日期: 2026-03-17 | 来源: http://epg.cdn.loc.cc/xml
频道: [TVS（TVS）] | 日期: 2026-03-18 | 来源: http://epg.cdn.loc.cc/xml
频道: [TVS（TVS）] | 日期: 2026-03-19 | 来源: http://epg.cdn.loc.cc/xml
频道: [TVS（TVS）] | 日期: 2026-03-20 | 来源: http://epg.cdn.loc.cc/xml
频道: [TVS（TVS）] | 日期: 2026-03-21 | 来源: http://epg.cdn.loc.cc/xml
频道: [TestChannel 993..（TestChannel 993..）] | 日期: 2026-03-15 | 来源: http://epg.cdn.loc.cc/xml
频道: [TestChannel 993..（TestChannel 993..）] | 日期: 2026-03-16 | 来源: http://epg.cdn.loc.cc/xml
频道: [TestChannel 993..（TestChannel 993..）] | 日期: 2026-03-17 | 来源: http://epg.cdn.loc.cc/xml
频道: [TestChannel 993..（TestChannel 993..）] | 日期: 2026-03-18 | 来源: http://epg.cdn.loc.cc/xml
频道: [TestChannel 993..（TestChannel 993..）] | 日期: 2026-03-19 | 来源: http://epg.cdn.loc.cc/xml
频道: [TestChannel 993..（TestChannel 993..）] | 日期: 2026-03-20 | 来源: http://epg.cdn.loc.cc/xml
频道: [TestChannel 993..（TestChannel 993..）] | 日期: 2026-03-21 | 来源: http://epg.cdn.loc.cc/xml
频道: [TestChannel 996（TestChannel 996）] | 日期: 2026-03-14 | 来源: http://epg.cdn.loc.cc/xml
频道: [TestChannel 996（TestChannel 996）] | 日期: 2026-03-15 | 来源: http://epg.cdn.loc.cc/xml
频道: [TestChannel 996（TestChannel 996）] | 日期: 2026-03-16 | 来源: http://epg.cdn.loc.cc/xml
频道: [TestChannel 996（TestChannel 996）] | 日期: 2026-03-17 | 来源: http://epg.cdn.loc.cc/xml
频道: [TestChannel 996（TestChannel 996）] | 日期: 2026-03-18 | 来源: http://epg.cdn.loc.cc/xml
频道: [TestChannel 996（TestChannel 996）] | 日期: 2026-03-19 | 来源: http://epg.cdn.loc.cc/xml
频道: [TestChannel 996（TestChannel 996）] | 日期: 2026-03-20 | 来源: http://epg.cdn.loc.cc/xml
频道: [TestChannel 996（TestChannel 996）] | 日期: 2026-03-21 | 来源: http://epg.cdn.loc.cc/xml
频道: [TestChannel2（TestChannel2）] | 日期: 2026-03-14 | 来源: http://epg.cdn.loc.cc/xml
频道: [TestChannel2（TestChannel2）] | 日期: 2026-03-15 | 来源: http://epg.cdn.loc.cc/xml
频道: [TestChannel2（TestChannel2）] | 日期: 2026-03-16 | 来源: http://epg.cdn.loc.cc/xml
频道: [TestChannel2（TestChannel2）] | 日期: 2026-03-17 | 来源: http://epg.cdn.loc.cc/xml
频道: [TestChannel2（TestChannel2）] | 日期: 2026-03-18 | 来源: http://epg.cdn.loc.cc/xml
频道: [TestChannel2（TestChannel2）] | 日期: 2026-03-19 | 来源: http://epg.cdn.loc.cc/xml
频道: [TestChannel2（TestChannel2）] | 日期: 2026-03-20 | 来源: http://epg.cdn.loc.cc/xml
频道: [TestChannel2（TestChannel2）] | 日期: 2026-03-21 | 来源: http://epg.cdn.loc.cc/xml
频道: [The Filipino Channel（The Filipino Channel）] | 日期: 2026-03-14 | 来源: http://epg.cdn.loc.cc/xml
频道: [The Filipino Channel（The Filipino Channel）] | 日期: 2026-03-15 | 来源: http://epg.cdn.loc.cc/xml
频道: [The Filipino Channel（The Filipino Channel）] | 日期: 2026-03-16 | 来源: http://epg.cdn.loc.cc/xml
频道: [The Filipino Channel（The Filipino Channel）] | 日期: 2026-03-17 | 来源: http://epg.cdn.loc.cc/xml
频道: [The Filipino Channel（The Filipino Channel）] | 日期: 2026-03-18 | 来源: http://epg.cdn.loc.cc/xml
频道: [The Filipino Channel（The Filipino Channel）] | 日期: 2026-03-19 | 来源: http://epg.cdn.loc.cc/xml
频道: [The Filipino Channel（The Filipino Channel）] | 日期: 2026-03-20 | 来源: http://epg.cdn.loc.cc/xml
频道: [Thrill（Thrill）] | 日期: 2026-03-14 | 来源: http://epg.cdn.loc.cc/xml
频道: [Thrill（Thrill）] | 日期: 2026-03-15 | 来源: https://epg.136605.xyz/9days.xml
频道: [Thrill（Thrill）] | 日期: 2026-03-16 | 来源: https://epg.136605.xyz/9days.xml
频道: [Thrill（Thrill）] | 日期: 2026-03-17 | 来源: https://epg.136605.xyz/9days.xml
频道: [Thrill（Thrill）] | 日期: 2026-03-18 | 来源: http://epg.cdn.loc.cc/xml
频道: [Thrill（Thrill）] | 日期: 2026-03-19 | 来源: http://epg.cdn.loc.cc/xml
频道: [Thrill（Thrill）] | 日期: 2026-03-20 | 来源: http://epg.cdn.loc.cc/xml
频道: [Thrill（Thrill）] | 日期: 2026-03-21 | 来源: http://epg.cdn.loc.cc/xml
频道: [Thrill（Thrill）] | 日期: 2026-03-22 | 来源: http://epg.cdn.loc.cc/xml
频道: [Thrill（Thrill）] | 日期: 2026-03-23 | 来源: http://epg.cdn.loc.cc/xml
频道: [Travel & Food TV（Travel & Food TV）] | 日期: 2026-03-15 | 来源: http://epg.cdn.loc.cc/xml
频道: [Travel & Food TV（Travel & Food TV）] | 日期: 2026-03-16 | 来源: http://epg.cdn.loc.cc/xml
频道: [Travel & Food TV（Travel & Food TV）] | 日期: 2026-03-17 | 来源: http://epg.cdn.loc.cc/xml
频道: [Travel & Food TV（Travel & Food TV）] | 日期: 2026-03-18 | 来源: http://epg.cdn.loc.cc/xml
频道: [Travel & Food TV（Travel & Food TV）] | 日期: 2026-03-19 | 来源: http://epg.cdn.loc.cc/xml
频道: [Travel & Food TV（Travel & Food TV）] | 日期: 2026-03-20 | 来源: http://epg.cdn.loc.cc/xml
频道: [Travel - Food TV（Travel - Food TV）] | 日期: 2026-03-15 | 来源: https://github.com/litiande03/epg/raw/refs/heads/master/pl.xml.gz
频道: [Travel - Food TV（Travel - Food TV）] | 日期: 2026-03-16 | 来源: https://github.com/litiande03/epg/raw/refs/heads/master/pl.xml.gz
频道: [Travel - Food TV（Travel - Food TV）] | 日期: 2026-03-17 | 来源: https://github.com/litiande03/epg/raw/refs/heads/master/pl.xml.gz
频道: [Travel - Food TV（Travel - Food TV）] | 日期: 2026-03-18 | 来源: https://github.com/litiande03/epg/raw/refs/heads/master/pl.xml.gz
频道: [Travel Channel（Travel Channel）] | 日期: 2026-03-14 | 来源: http://epg.cdn.loc.cc/xml
频道: [Travel Channel（Travel Channel）] | 日期: 2026-03-15 | 来源: http://epg.cdn.loc.cc/xml
频道: [Travel Channel（Travel Channel）] | 日期: 2026-03-16 | 来源: http://epg.cdn.loc.cc/xml
频道: [Travel Channel（Travel Channel）] | 日期: 2026-03-17 | 来源: http://epg.cdn.loc.cc/xml
频道: [Travel Channel（Travel Channel）] | 日期: 2026-03-18 | 来源: http://epg.cdn.loc.cc/xml
频道: [Travel Channel（Travel Channel）] | 日期: 2026-03-19 | 来源: http://epg.cdn.loc.cc/xml
频道: [Travel Channel（Travel Channel）] | 日期: 2026-03-20 | 来源: http://epg.cdn.loc.cc/xml
频道: [Travel Channel（Travel Channel）] | 日期: 2026-03-21 | 来源: http://epg.cdn.loc.cc/xml
频道: [Travelxp HD（Travelxp HD）] | 日期: 2026-03-15 | 来源: http://epg.cdn.loc.cc/xml
频道: [Travelxp HD（Travelxp HD）] | 日期: 2026-03-16 | 来源: http://epg.cdn.loc.cc/xml
频道: [Travelxp HD（Travelxp HD）] | 日期: 2026-03-17 | 来源: http://epg.cdn.loc.cc/xml
频道: [Travelxp HD（Travelxp HD）] | 日期: 2026-03-18 | 来源: http://epg.cdn.loc.cc/xml
频道: [Travelxp HD（Travelxp HD）] | 日期: 2026-03-19 | 来源: http://epg.cdn.loc.cc/xml
频道: [Travelxp HD（Travelxp HD）] | 日期: 2026-03-20 | 来源: http://epg.cdn.loc.cc/xml
频道: [Travelxp HD（Travelxp HD）] | 日期: 2026-03-21 | 来源: http://epg.cdn.loc.cc/xml
频道: [VAANAVIL（VAANAVIL）] | 日期: 2026-03-15 | 来源: http://epg.cdn.loc.cc/xml
频道: [VAANAVIL（VAANAVIL）] | 日期: 2026-03-16 | 来源: http://epg.cdn.loc.cc/xml
频道: [VAANAVIL（VAANAVIL）] | 日期: 2026-03-17 | 来源: http://epg.cdn.loc.cc/xml
频道: [VAANAVIL（VAANAVIL）] | 日期: 2026-03-18 | 来源: http://epg.cdn.loc.cc/xml
频道: [VAANAVIL（VAANAVIL）] | 日期: 2026-03-19 | 来源: http://epg.cdn.loc.cc/xml
频道: [VAANAVIL（VAANAVIL）] | 日期: 2026-03-20 | 来源: http://epg.cdn.loc.cc/xml
频道: [VAANAVIL（VAANAVIL）] | 日期: 2026-03-21 | 来源: http://epg.cdn.loc.cc/xml
频道: [VINMEEN（VINMEEN）] | 日期: 2026-03-15 | 来源: http://epg.cdn.loc.cc/xml
频道: [VINMEEN（VINMEEN）] | 日期: 2026-03-16 | 来源: http://epg.cdn.loc.cc/xml
频道: [VINMEEN（VINMEEN）] | 日期: 2026-03-17 | 来源: http://epg.cdn.loc.cc/xml
频道: [VINMEEN（VINMEEN）] | 日期: 2026-03-18 | 来源: http://epg.cdn.loc.cc/xml
频道: [VINMEEN（VINMEEN）] | 日期: 2026-03-19 | 来源: http://epg.cdn.loc.cc/xml
频道: [VINMEEN（VINMEEN）] | 日期: 2026-03-20 | 来源: http://epg.cdn.loc.cc/xml
频道: [VINMEEN（VINMEEN）] | 日期: 2026-03-21 | 来源: http://epg.cdn.loc.cc/xml
频道: [Vannathirai（Vannathirai）] | 日期: 2026-03-15 | 来源: http://epg.cdn.loc.cc/xml
频道: [Vannathirai（Vannathirai）] | 日期: 2026-03-16 | 来源: http://epg.cdn.loc.cc/xml
频道: [Vannathirai（Vannathirai）] | 日期: 2026-03-17 | 来源: http://epg.cdn.loc.cc/xml
频道: [Vannathirai（Vannathirai）] | 日期: 2026-03-18 | 来源: http://epg.cdn.loc.cc/xml
频道: [Vannathirai（Vannathirai）] | 日期: 2026-03-19 | 来源: http://epg.cdn.loc.cc/xml
频道: [Vannathirai（Vannathirai）] | 日期: 2026-03-20 | 来源: http://epg.cdn.loc.cc/xml
频道: [Vannathirai（Vannathirai）] | 日期: 2026-03-21 | 来源: http://epg.cdn.loc.cc/xml
频道: [Vasantham（Vasantham）] | 日期: 2026-03-14 | 来源: http://epg.cdn.loc.cc/xml
频道: [Vasantham（Vasantham）] | 日期: 2026-03-15 | 来源: http://epg.cdn.loc.cc/xml
频道: [Vasantham（Vasantham）] | 日期: 2026-03-16 | 来源: http://epg.cdn.loc.cc/xml
频道: [Vasantham（Vasantham）] | 日期: 2026-03-17 | 来源: http://epg.cdn.loc.cc/xml
频道: [Vasantham（Vasantham）] | 日期: 2026-03-18 | 来源: http://epg.cdn.loc.cc/xml
频道: [Vasantham（Vasantham）] | 日期: 2026-03-19 | 来源: http://epg.cdn.loc.cc/xml
频道: [Vasantham（Vasantham）] | 日期: 2026-03-20 | 来源: http://epg.cdn.loc.cc/xml
频道: [Vasantham（Vasantham）] | 日期: 2026-03-21 | 来源: http://epg.cdn.loc.cc/xml
频道: [Vasantham（Vasantham）] | 日期: 2026-03-22 | 来源: http://epg.cdn.loc.cc/xml
频道: [Vijay TV（Vijay TV）] | 日期: 2026-03-15 | 来源: http://epg.cdn.loc.cc/xml
频道: [Vijay TV（Vijay TV）] | 日期: 2026-03-16 | 来源: http://epg.cdn.loc.cc/xml
频道: [Vijay TV（Vijay TV）] | 日期: 2026-03-17 | 来源: http://epg.cdn.loc.cc/xml
频道: [Vijay TV（Vijay TV）] | 日期: 2026-03-18 | 来源: http://epg.cdn.loc.cc/xml
频道: [Vijay TV（Vijay TV）] | 日期: 2026-03-19 | 来源: http://epg.cdn.loc.cc/xml
频道: [Vijay TV（Vijay TV）] | 日期: 2026-03-20 | 来源: http://epg.cdn.loc.cc/xml
频道: [Vijay TV（Vijay TV）] | 日期: 2026-03-21 | 来源: http://epg.cdn.loc.cc/xml
频道: [Viu 频道（Viu 频道）] | 日期: 2026-03-14 | 来源: https://epg.136605.xyz/9days.xml
频道: [Viu 频道（Viu 频道）] | 日期: 2026-03-15 | 来源: https://epg.136605.xyz/9days.xml
频道: [Viu 频道（Viu 频道）] | 日期: 2026-03-16 | 来源: https://epg.136605.xyz/9days.xml
频道: [Viu 频道（Viu 频道）] | 日期: 2026-03-17 | 来源: https://epg.136605.xyz/9days.xml
频道: [Viu 频道（Viu 频道）] | 日期: 2026-03-18 | 来源: http://epg.cdn.loc.cc/xml
频道: [Viu 频道（Viu 频道）] | 日期: 2026-03-19 | 来源: http://epg.cdn.loc.cc/xml
频道: [Viu 频道（Viu 频道）] | 日期: 2026-03-20 | 来源: http://epg.cdn.loc.cc/xml
频道: [Viu 频道（Viu 频道）] | 日期: 2026-03-21 | 来源: http://epg.cdn.loc.cc/xml
频道: [ViuTV（ViuTV）] | 日期: 2026-03-14 | 来源: https://epg.136605.xyz/9days.xml
频道: [ViuTV（ViuTV）] | 日期: 2026-03-15 | 来源: http://epg.cdn.loc.cc/xml
频道: [ViuTV（ViuTV）] | 日期: 2026-03-16 | 来源: http://epg.cdn.loc.cc/xml
频道: [ViuTV（ViuTV）] | 日期: 2026-03-17 | 来源: http://epg.cdn.loc.cc/xml
频道: [ViuTV（ViuTV）] | 日期: 2026-03-18 | 来源: http://epg.cdn.loc.cc/xml
频道: [ViuTV（ViuTV）] | 日期: 2026-03-19 | 来源: http://epg.cdn.loc.cc/xml
频道: [ViuTV（ViuTV）] | 日期: 2026-03-20 | 来源: http://epg.cdn.loc.cc/xml
频道: [ViuTVsix（ViuTVsix）] | 日期: 2026-03-14 | 来源: https://epg.136605.xyz/9days.xml
频道: [ViuTVsix（ViuTVsix）] | 日期: 2026-03-15 | 来源: https://epg.136605.xyz/9days.xml
频道: [ViuTVsix（ViuTVsix）] | 日期: 2026-03-16 | 来源: http://epg.cdn.loc.cc/xml
频道: [ViuTVsix（ViuTVsix）] | 日期: 2026-03-17 | 来源: http://epg.cdn.loc.cc/xml
频道: [ViuTVsix（ViuTVsix）] | 日期: 2026-03-18 | 来源: http://epg.cdn.loc.cc/xml
频道: [ViuTVsix（ViuTVsix）] | 日期: 2026-03-19 | 来源: http://epg.cdn.loc.cc/xml
频道: [ViuTVsix（ViuTVsix）] | 日期: 2026-03-20 | 来源: http://epg.cdn.loc.cc/xml
频道: [ViuTVsix（ViuTVsix）] | 日期: 2026-03-21 | 来源: http://epg.cdn.loc.cc/xml
频道: [W-Sport（W-Sport）] | 日期: 2026-03-15 | 来源: http://epg.cdn.loc.cc/xml
频道: [W-Sport（W-Sport）] | 日期: 2026-03-16 | 来源: http://epg.cdn.loc.cc/xml
频道: [W-Sport（W-Sport）] | 日期: 2026-03-17 | 来源: http://epg.cdn.loc.cc/xml
频道: [W-Sport（W-Sport）] | 日期: 2026-03-18 | 来源: http://epg.cdn.loc.cc/xml
频道: [W-Sport（W-Sport）] | 日期: 2026-03-19 | 来源: http://epg.cdn.loc.cc/xml
频道: [W-Sport（W-Sport）] | 日期: 2026-03-20 | 来源: http://epg.cdn.loc.cc/xml
频道: [W-Sport（W-Sport）] | 日期: 2026-03-21 | 来源: http://epg.cdn.loc.cc/xml
频道: [Warner TV（Warner TV）] | 日期: 2026-03-14 | 来源: http://epg.cdn.loc.cc/xml
频道: [Warner TV（Warner TV）] | 日期: 2026-03-15 | 来源: http://epg.cdn.loc.cc/xml
频道: [Warner TV（Warner TV）] | 日期: 2026-03-16 | 来源: http://epg.cdn.loc.cc/xml
频道: [Warner TV（Warner TV）] | 日期: 2026-03-17 | 来源: http://epg.cdn.loc.cc/xml
频道: [Warner TV（Warner TV）] | 日期: 2026-03-18 | 来源: http://epg.cdn.loc.cc/xml
频道: [Warner TV（Warner TV）] | 日期: 2026-03-19 | 来源: http://epg.cdn.loc.cc/xml
频道: [Warner TV（Warner TV）] | 日期: 2026-03-20 | 来源: http://epg.cdn.loc.cc/xml
频道: [Warner TV（Warner TV）] | 日期: 2026-03-21 | 来源: http://epg.cdn.loc.cc/xml
频道: [Wild Stuff（Wild Stuff）] | 日期: 2026-03-14 | 来源: http://epg.cdn.loc.cc/xml
频道: [Wild Stuff（Wild Stuff）] | 日期: 2026-03-15 | 来源: http://epg.cdn.loc.cc/xml
频道: [Wild Stuff（Wild Stuff）] | 日期: 2026-03-16 | 来源: http://epg.cdn.loc.cc/xml
频道: [Wild Stuff（Wild Stuff）] | 日期: 2026-03-17 | 来源: http://epg.cdn.loc.cc/xml
频道: [Wild Stuff（Wild Stuff）] | 日期: 2026-03-18 | 来源: http://epg.cdn.loc.cc/xml
频道: [Wild Stuff（Wild Stuff）] | 日期: 2026-03-19 | 来源: http://epg.cdn.loc.cc/xml
频道: [Wild Stuff（Wild Stuff）] | 日期: 2026-03-20 | 来源: http://epg.cdn.loc.cc/xml
频道: [Wild Stuff（Wild Stuff）] | 日期: 2026-03-21 | 来源: http://epg.cdn.loc.cc/xml
频道: [Wild Stuff（Wild Stuff）] | 日期: 2026-03-22 | 来源: http://epg.cdn.loc.cc/xml
频道: [Wild Stuff（Wild Stuff）] | 日期: 2026-03-23 | 来源: http://epg.cdn.loc.cc/xml
频道: [ZEE TAMIL（ZEE TAMIL）] | 日期: 2026-03-15 | 来源: http://epg.cdn.loc.cc/xml
频道: [ZEE TAMIL（ZEE TAMIL）] | 日期: 2026-03-16 | 来源: http://epg.cdn.loc.cc/xml
频道: [ZEE TAMIL（ZEE TAMIL）] | 日期: 2026-03-17 | 来源: http://epg.cdn.loc.cc/xml
频道: [ZEE TAMIL（ZEE TAMIL）] | 日期: 2026-03-18 | 来源: http://epg.cdn.loc.cc/xml
频道: [ZEE TAMIL（ZEE TAMIL）] | 日期: 2026-03-19 | 来源: http://epg.cdn.loc.cc/xml
频道: [ZEE TAMIL（ZEE TAMIL）] | 日期: 2026-03-20 | 来源: http://epg.cdn.loc.cc/xml
频道: [ZEE TAMIL（ZEE TAMIL）] | 日期: 2026-03-21 | 来源: http://epg.cdn.loc.cc/xml
频道: [Zee Cinema（Zee Cinema）] | 日期: 2026-03-15 | 来源: http://epg.cdn.loc.cc/xml
频道: [Zee Cinema（Zee Cinema）] | 日期: 2026-03-16 | 来源: http://epg.cdn.loc.cc/xml
频道: [Zee Cinema（Zee Cinema）] | 日期: 2026-03-17 | 来源: http://epg.cdn.loc.cc/xml
频道: [Zee Cinema（Zee Cinema）] | 日期: 2026-03-18 | 来源: http://epg.cdn.loc.cc/xml
频道: [Zee Cinema（Zee Cinema）] | 日期: 2026-03-19 | 来源: http://epg.cdn.loc.cc/xml
频道: [Zee Cinema（Zee Cinema）] | 日期: 2026-03-20 | 来源: http://epg.cdn.loc.cc/xml
频道: [Zee Cinema（Zee Cinema）] | 日期: 2026-03-21 | 来源: http://epg.cdn.loc.cc/xml
频道: [Zee Cinema International（Zee Cinema International）] | 日期: 2026-03-14 | 来源: http://epg.cdn.loc.cc/xml
频道: [Zee Cinema International（Zee Cinema International）] | 日期: 2026-03-15 | 来源: http://epg.cdn.loc.cc/xml
频道: [Zee Cinema International（Zee Cinema International）] | 日期: 2026-03-16 | 来源: http://epg.cdn.loc.cc/xml
频道: [Zee Cinema International（Zee Cinema International）] | 日期: 2026-03-17 | 来源: http://epg.cdn.loc.cc/xml
频道: [Zee Cinema International（Zee Cinema International）] | 日期: 2026-03-18 | 来源: http://epg.cdn.loc.cc/xml
频道: [Zee Cinema International（Zee Cinema International）] | 日期: 2026-03-19 | 来源: http://epg.cdn.loc.cc/xml
频道: [Zee Cinema International（Zee Cinema International）] | 日期: 2026-03-20 | 来源: http://epg.cdn.loc.cc/xml
频道: [Zee News（Zee News）] | 日期: 2026-03-15 | 来源: http://epg.cdn.loc.cc/xml
频道: [Zee News（Zee News）] | 日期: 2026-03-16 | 来源: http://epg.cdn.loc.cc/xml
频道: [Zee News（Zee News）] | 日期: 2026-03-17 | 来源: http://epg.cdn.loc.cc/xml
频道: [Zee News（Zee News）] | 日期: 2026-03-18 | 来源: http://epg.cdn.loc.cc/xml
频道: [Zee News（Zee News）] | 日期: 2026-03-19 | 来源: http://epg.cdn.loc.cc/xml
频道: [Zee News（Zee News）] | 日期: 2026-03-20 | 来源: http://epg.cdn.loc.cc/xml
频道: [Zee TV（Zee TV）] | 日期: 2026-03-14 | 来源: http://epg.cdn.loc.cc/xml
频道: [Zee TV（Zee TV）] | 日期: 2026-03-15 | 来源: http://epg.cdn.loc.cc/xml
频道: [Zee TV（Zee TV）] | 日期: 2026-03-16 | 来源: http://epg.cdn.loc.cc/xml
频道: [Zee TV（Zee TV）] | 日期: 2026-03-17 | 来源: http://epg.cdn.loc.cc/xml
频道: [Zee TV（Zee TV）] | 日期: 2026-03-18 | 来源: http://epg.cdn.loc.cc/xml
频道: [Zee TV（Zee TV）] | 日期: 2026-03-19 | 来源: http://epg.cdn.loc.cc/xml
频道: [Zee TV（Zee TV）] | 日期: 2026-03-20 | 来源: http://epg.cdn.loc.cc/xml
频道: [Zee Thirai（Zee Thirai）] | 日期: 2026-03-14 | 来源: http://epg.cdn.loc.cc/xml
频道: [Zee Thirai（Zee Thirai）] | 日期: 2026-03-15 | 来源: http://epg.cdn.loc.cc/xml
频道: [Zee Thirai（Zee Thirai）] | 日期: 2026-03-16 | 来源: http://epg.cdn.loc.cc/xml
频道: [Zee Thirai（Zee Thirai）] | 日期: 2026-03-17 | 来源: http://epg.cdn.loc.cc/xml
频道: [Zee Thirai（Zee Thirai）] | 日期: 2026-03-18 | 来源: http://epg.cdn.loc.cc/xml
频道: [Zee Thirai（Zee Thirai）] | 日期: 2026-03-19 | 来源: http://epg.cdn.loc.cc/xml
频道: [Zee Thirai（Zee Thirai）] | 日期: 2026-03-20 | 来源: http://epg.cdn.loc.cc/xml
频道: [Zee Thirai（Zee Thirai）] | 日期: 2026-03-21 | 来源: http://epg.cdn.loc.cc/xml
频道: [ZooMoo（ZooMoo）] | 日期: 2026-03-14 | 来源: http://epg.cdn.loc.cc/xml
频道: [ZooMoo（ZooMoo）] | 日期: 2026-03-15 | 来源: http://epg.cdn.loc.cc/xml
频道: [ZooMoo（ZooMoo）] | 日期: 2026-03-16 | 来源: http://epg.cdn.loc.cc/xml
频道: [ZooMoo（ZooMoo）] | 日期: 2026-03-17 | 来源: http://epg.cdn.loc.cc/xml
频道: [ZooMoo（ZooMoo）] | 日期: 2026-03-18 | 来源: http://epg.cdn.loc.cc/xml
频道: [ZooMoo（ZooMoo）] | 日期: 2026-03-19 | 来源: http://epg.cdn.loc.cc/xml
频道: [ZooMoo（ZooMoo）] | 日期: 2026-03-20 | 来源: http://epg.cdn.loc.cc/xml
频道: [ZooMoo（ZooMoo）] | 日期: 2026-03-21 | 来源: http://epg.cdn.loc.cc/xml
频道: [ZooMoo（ZooMoo）] | 日期: 2026-03-22 | 来源: http://epg.cdn.loc.cc/xml
频道: [ZooMoo（ZooMoo）] | 日期: 2026-03-23 | 来源: http://epg.cdn.loc.cc/xml
频道: [amc电影台（amc电影台）] | 日期: 2026-03-14 | 来源: http://epg.cdn.loc.cc/xml
频道: [amc电影台（amc电影台）] | 日期: 2026-03-15 | 来源: http://epg.cdn.loc.cc/xml
频道: [amc电影台（amc电影台）] | 日期: 2026-03-16 | 来源: http://epg.cdn.loc.cc/xml
频道: [amc电影台（amc电影台）] | 日期: 2026-03-17 | 来源: http://epg.cdn.loc.cc/xml
频道: [amc电影台（amc电影台）] | 日期: 2026-03-18 | 来源: http://epg.cdn.loc.cc/xml
频道: [amc电影台（amc电影台）] | 日期: 2026-03-19 | 来源: http://epg.cdn.loc.cc/xml
频道: [amc电影台（amc电影台）] | 日期: 2026-03-20 | 来源: http://epg.cdn.loc.cc/xml
频道: [amc电影台（amc电影台）] | 日期: 2026-03-21 | 来源: http://epg.cdn.loc.cc/xml
频道: [beIN SPORTS（beIN SPORTS）] | 日期: 2026-03-14 | 来源: http://epg.cdn.loc.cc/xml
频道: [beIN SPORTS（beIN SPORTS）] | 日期: 2026-03-15 | 来源: http://epg.cdn.loc.cc/xml
频道: [beIN SPORTS（beIN SPORTS）] | 日期: 2026-03-16 | 来源: http://epg.cdn.loc.cc/xml
频道: [beIN SPORTS（beIN SPORTS）] | 日期: 2026-03-17 | 来源: http://epg.cdn.loc.cc/xml
频道: [beIN SPORTS（beIN SPORTS）] | 日期: 2026-03-18 | 来源: http://epg.cdn.loc.cc/xml
频道: [beIN SPORTS（beIN SPORTS）] | 日期: 2026-03-19 | 来源: http://epg.cdn.loc.cc/xml
频道: [beIN SPORTS（beIN SPORTS）] | 日期: 2026-03-20 | 来源: http://epg.cdn.loc.cc/xml
频道: [beIN SPORTS（beIN SPORTS）] | 日期: 2026-03-21 | 来源: http://epg.cdn.loc.cc/xml
频道: [beIN SPORTS 1（beIN SPORTS 1）] | 日期: 2026-03-14 | 来源: http://epg.cdn.loc.cc/xml
频道: [beIN SPORTS 1（beIN SPORTS 1）] | 日期: 2026-03-15 | 来源: http://epg.cdn.loc.cc/xml
频道: [beIN SPORTS 1（beIN SPORTS 1）] | 日期: 2026-03-16 | 来源: http://epg.cdn.loc.cc/xml
频道: [beIN SPORTS 1（beIN SPORTS 1）] | 日期: 2026-03-17 | 来源: http://epg.cdn.loc.cc/xml
频道: [beIN SPORTS 1（beIN SPORTS 1）] | 日期: 2026-03-18 | 来源: http://epg.cdn.loc.cc/xml
频道: [beIN SPORTS 1（beIN SPORTS 1）] | 日期: 2026-03-19 | 来源: http://epg.cdn.loc.cc/xml
频道: [beIN SPORTS 1（beIN SPORTS 1）] | 日期: 2026-03-20 | 来源: http://epg.cdn.loc.cc/xml
频道: [beIN SPORTS 2（beIN SPORTS 2）] | 日期: 2026-03-14 | 来源: http://epg.cdn.loc.cc/xml
频道: [beIN SPORTS 2（beIN SPORTS 2）] | 日期: 2026-03-15 | 来源: http://epg.cdn.loc.cc/xml
频道: [beIN SPORTS 2（beIN SPORTS 2）] | 日期: 2026-03-16 | 来源: http://epg.cdn.loc.cc/xml
频道: [beIN SPORTS 2（beIN SPORTS 2）] | 日期: 2026-03-17 | 来源: http://epg.cdn.loc.cc/xml
频道: [beIN SPORTS 2（beIN SPORTS 2）] | 日期: 2026-03-18 | 来源: http://epg.cdn.loc.cc/xml
频道: [beIN SPORTS 2（beIN SPORTS 2）] | 日期: 2026-03-19 | 来源: http://epg.cdn.loc.cc/xml
频道: [beIN SPORTS 2（beIN SPORTS 2）] | 日期: 2026-03-20 | 来源: http://epg.cdn.loc.cc/xml
频道: [beIN SPORTS 3（beIN SPORTS 3）] | 日期: 2026-03-14 | 来源: http://epg.cdn.loc.cc/xml
频道: [beIN SPORTS 3（beIN SPORTS 3）] | 日期: 2026-03-15 | 来源: http://epg.cdn.loc.cc/xml
频道: [beIN SPORTS 3（beIN SPORTS 3）] | 日期: 2026-03-16 | 来源: http://epg.cdn.loc.cc/xml
频道: [beIN SPORTS 3（beIN SPORTS 3）] | 日期: 2026-03-17 | 来源: http://epg.cdn.loc.cc/xml
频道: [beIN SPORTS 3（beIN SPORTS 3）] | 日期: 2026-03-18 | 来源: http://epg.cdn.loc.cc/xml
频道: [beIN SPORTS 3（beIN SPORTS 3）] | 日期: 2026-03-19 | 来源: http://epg.cdn.loc.cc/xml
频道: [beIN SPORTS 3（beIN SPORTS 3）] | 日期: 2026-03-20 | 来源: http://epg.cdn.loc.cc/xml
频道: [beIN SPORTS 3（beIN SPORTS 3）] | 日期: 2026-03-21 | 来源: http://epg.cdn.loc.cc/xml
频道: [beIN SPORTS 3 HD（beIN SPORTS 3 HD）] | 日期: 2026-03-14 | 来源: http://epg.cdn.loc.cc/xml
频道: [beIN SPORTS 3 HD（beIN SPORTS 3 HD）] | 日期: 2026-03-15 | 来源: http://epg.cdn.loc.cc/xml
频道: [beIN SPORTS 3 HD（beIN SPORTS 3 HD）] | 日期: 2026-03-16 | 来源: http://epg.cdn.loc.cc/xml
频道: [beIN SPORTS 3 HD（beIN SPORTS 3 HD）] | 日期: 2026-03-17 | 来源: http://epg.cdn.loc.cc/xml
频道: [beIN SPORTS 3 HD（beIN SPORTS 3 HD）] | 日期: 2026-03-18 | 来源: http://epg.cdn.loc.cc/xml
频道: [beIN SPORTS 3 HD（beIN SPORTS 3 HD）] | 日期: 2026-03-19 | 来源: http://epg.cdn.loc.cc/xml
频道: [beIN SPORTS 3 HD（beIN SPORTS 3 HD）] | 日期: 2026-03-20 | 来源: http://epg.cdn.loc.cc/xml
频道: [beIN SPORTS 3 HD（beIN SPORTS 3 HD）] | 日期: 2026-03-21 | 来源: http://epg.cdn.loc.cc/xml
频道: [beIN SPORTS 3 HD（beIN SPORTS 3 HD）] | 日期: 2026-03-22 | 来源: http://epg.cdn.loc.cc/xml
频道: [beIN SPORTS 4（beIN SPORTS 4）] | 日期: 2026-03-14 | 来源: https://epg.136605.xyz/9days.xml
频道: [beIN SPORTS 4（beIN SPORTS 4）] | 日期: 2026-03-15 | 来源: https://epg.136605.xyz/9days.xml
频道: [beIN SPORTS 4（beIN SPORTS 4）] | 日期: 2026-03-16 | 来源: https://epg.136605.xyz/9days.xml
频道: [beIN SPORTS 4（beIN SPORTS 4）] | 日期: 2026-03-17 | 来源: https://epg.136605.xyz/9days.xml
频道: [beIN SPORTS 4（beIN SPORTS 4）] | 日期: 2026-03-18 | 来源: http://epg.cdn.loc.cc/xml
频道: [beIN SPORTS 4（beIN SPORTS 4）] | 日期: 2026-03-19 | 来源: http://epg.cdn.loc.cc/xml
频道: [beIN SPORTS 4（beIN SPORTS 4）] | 日期: 2026-03-20 | 来源: http://epg.cdn.loc.cc/xml
频道: [beIN SPORTS 4 HD（beIN SPORTS 4 HD）] | 日期: 2026-03-14 | 来源: http://epg.cdn.loc.cc/xml
频道: [beIN SPORTS 4 HD（beIN SPORTS 4 HD）] | 日期: 2026-03-15 | 来源: http://epg.cdn.loc.cc/xml
频道: [beIN SPORTS 4 HD（beIN SPORTS 4 HD）] | 日期: 2026-03-16 | 来源: http://epg.cdn.loc.cc/xml
频道: [beIN SPORTS 4 HD（beIN SPORTS 4 HD）] | 日期: 2026-03-17 | 来源: http://epg.cdn.loc.cc/xml
频道: [beIN SPORTS 4 HD（beIN SPORTS 4 HD）] | 日期: 2026-03-18 | 来源: http://epg.cdn.loc.cc/xml
频道: [beIN SPORTS 4 HD（beIN SPORTS 4 HD）] | 日期: 2026-03-19 | 来源: http://epg.cdn.loc.cc/xml
频道: [beIN SPORTS 4 HD（beIN SPORTS 4 HD）] | 日期: 2026-03-20 | 来源: http://epg.cdn.loc.cc/xml
频道: [beIN SPORTS 4 HD（beIN SPORTS 4 HD）] | 日期: 2026-03-21 | 来源: http://epg.cdn.loc.cc/xml
频道: [beIN SPORTS 4 HD（beIN SPORTS 4 HD）] | 日期: 2026-03-22 | 来源: http://epg.cdn.loc.cc/xml
频道: [beIN SPORTS 5（beIN SPORTS 5）] | 日期: 2026-03-14 | 来源: https://epg.136605.xyz/9days.xml
频道: [beIN SPORTS 5（beIN SPORTS 5）] | 日期: 2026-03-15 | 来源: https://epg.136605.xyz/9days.xml
频道: [beIN SPORTS 5（beIN SPORTS 5）] | 日期: 2026-03-16 | 来源: https://epg.136605.xyz/9days.xml
频道: [beIN SPORTS 5（beIN SPORTS 5）] | 日期: 2026-03-17 | 来源: https://epg.136605.xyz/9days.xml
频道: [beIN SPORTS 5（beIN SPORTS 5）] | 日期: 2026-03-18 | 来源: http://epg.cdn.loc.cc/xml
频道: [beIN SPORTS 5（beIN SPORTS 5）] | 日期: 2026-03-19 | 来源: http://epg.cdn.loc.cc/xml
频道: [beIN SPORTS 5（beIN SPORTS 5）] | 日期: 2026-03-20 | 来源: http://epg.cdn.loc.cc/xml
频道: [beIN SPORTS 5 HD（beIN SPORTS 5 HD）] | 日期: 2026-03-14 | 来源: http://epg.cdn.loc.cc/xml
频道: [beIN SPORTS 5 HD（beIN SPORTS 5 HD）] | 日期: 2026-03-15 | 来源: http://epg.cdn.loc.cc/xml
频道: [beIN SPORTS 5 HD（beIN SPORTS 5 HD）] | 日期: 2026-03-16 | 来源: http://epg.cdn.loc.cc/xml
频道: [beIN SPORTS 5 HD（beIN SPORTS 5 HD）] | 日期: 2026-03-17 | 来源: http://epg.cdn.loc.cc/xml
频道: [beIN SPORTS 5 HD（beIN SPORTS 5 HD）] | 日期: 2026-03-18 | 来源: http://epg.cdn.loc.cc/xml
频道: [beIN SPORTS 5 HD（beIN SPORTS 5 HD）] | 日期: 2026-03-19 | 来源: http://epg.cdn.loc.cc/xml
频道: [beIN SPORTS 5 HD（beIN SPORTS 5 HD）] | 日期: 2026-03-20 | 来源: http://epg.cdn.loc.cc/xml
频道: [beIN SPORTS 5 HD（beIN SPORTS 5 HD）] | 日期: 2026-03-21 | 来源: http://epg.cdn.loc.cc/xml
频道: [beIN SPORTS 5 HD（beIN SPORTS 5 HD）] | 日期: 2026-03-22 | 来源: http://epg.cdn.loc.cc/xml
频道: [beIN SPORTS 6（beIN SPORTS 6）] | 日期: 2026-03-14 | 来源: https://epg.136605.xyz/9days.xml
频道: [beIN SPORTS 6（beIN SPORTS 6）] | 日期: 2026-03-15 | 来源: https://epg.136605.xyz/9days.xml
频道: [beIN SPORTS 6（beIN SPORTS 6）] | 日期: 2026-03-16 | 来源: https://epg.136605.xyz/9days.xml
频道: [beIN SPORTS 6（beIN SPORTS 6）] | 日期: 2026-03-17 | 来源: https://epg.136605.xyz/9days.xml
频道: [beIN SPORTS 6（beIN SPORTS 6）] | 日期: 2026-03-18 | 来源: http://epg.cdn.loc.cc/xml
频道: [beIN SPORTS 6（beIN SPORTS 6）] | 日期: 2026-03-19 | 来源: http://epg.cdn.loc.cc/xml
频道: [beIN SPORTS 6（beIN SPORTS 6）] | 日期: 2026-03-20 | 来源: http://epg.cdn.loc.cc/xml
频道: [beIN SPORTS MAX 2 HD（beIN SPORTS MAX 2 HD）] | 日期: 2026-03-15 | 来源: http://epg.cdn.loc.cc/xml
频道: [beIN SPORTS MAX 2 HD（beIN SPORTS MAX 2 HD）] | 日期: 2026-03-16 | 来源: http://epg.cdn.loc.cc/xml
频道: [beIN SPORTS MAX 2 HD（beIN SPORTS MAX 2 HD）] | 日期: 2026-03-17 | 来源: http://epg.cdn.loc.cc/xml
频道: [beIN SPORTS MAX 2 HD（beIN SPORTS MAX 2 HD）] | 日期: 2026-03-18 | 来源: http://epg.cdn.loc.cc/xml
频道: [beIN SPORTS MAX 2 HD（beIN SPORTS MAX 2 HD）] | 日期: 2026-03-19 | 来源: http://epg.cdn.loc.cc/xml
频道: [beIN SPORTS MAX 2 HD（beIN SPORTS MAX 2 HD）] | 日期: 2026-03-20 | 来源: http://epg.cdn.loc.cc/xml
频道: [beIN SPORTS MAX 2 HD（beIN SPORTS MAX 2 HD）] | 日期: 2026-03-21 | 来源: http://epg.cdn.loc.cc/xml
频道: [beIN SPORTS MAX 3 HD（beIN SPORTS MAX 3 HD）] | 日期: 2026-03-15 | 来源: http://epg.cdn.loc.cc/xml
频道: [beIN SPORTS MAX 3 HD（beIN SPORTS MAX 3 HD）] | 日期: 2026-03-16 | 来源: http://epg.cdn.loc.cc/xml
频道: [beIN SPORTS MAX 3 HD（beIN SPORTS MAX 3 HD）] | 日期: 2026-03-17 | 来源: http://epg.cdn.loc.cc/xml
频道: [beIN SPORTS MAX 3 HD（beIN SPORTS MAX 3 HD）] | 日期: 2026-03-18 | 来源: http://epg.cdn.loc.cc/xml
频道: [beIN SPORTS MAX 3 HD（beIN SPORTS MAX 3 HD）] | 日期: 2026-03-19 | 来源: http://epg.cdn.loc.cc/xml
频道: [beIN SPORTS MAX 3 HD（beIN SPORTS MAX 3 HD）] | 日期: 2026-03-20 | 来源: http://epg.cdn.loc.cc/xml
频道: [beIN SPORTS MAX 3 HD（beIN SPORTS MAX 3 HD）] | 日期: 2026-03-21 | 来源: http://epg.cdn.loc.cc/xml
频道: [beIN Sports 2 HD（beIN Sports 2 HD）] | 日期: 2026-03-14 | 来源: http://epg.cdn.loc.cc/xml
频道: [beIN Sports 2 HD（beIN Sports 2 HD）] | 日期: 2026-03-15 | 来源: http://epg.cdn.loc.cc/xml
频道: [beIN Sports 2 HD（beIN Sports 2 HD）] | 日期: 2026-03-16 | 来源: http://epg.cdn.loc.cc/xml
频道: [beIN Sports 2 HD（beIN Sports 2 HD）] | 日期: 2026-03-17 | 来源: http://epg.cdn.loc.cc/xml
频道: [beIN Sports 2 HD（beIN Sports 2 HD）] | 日期: 2026-03-18 | 来源: http://epg.cdn.loc.cc/xml
频道: [beIN Sports 2 HD（beIN Sports 2 HD）] | 日期: 2026-03-19 | 来源: http://epg.cdn.loc.cc/xml
频道: [beIN Sports 2 HD（beIN Sports 2 HD）] | 日期: 2026-03-20 | 来源: http://epg.cdn.loc.cc/xml
频道: [beIN Sports 2 HD（beIN Sports 2 HD）] | 日期: 2026-03-21 | 来源: http://epg.cdn.loc.cc/xml
频道: [beIN Sports 2 HD（beIN Sports 2 HD）] | 日期: 2026-03-22 | 来源: http://epg.cdn.loc.cc/xml
频道: [beIN Sports HD（beIN Sports HD）] | 日期: 2026-03-14 | 来源: http://epg.cdn.loc.cc/xml
频道: [beIN Sports HD（beIN Sports HD）] | 日期: 2026-03-15 | 来源: http://epg.cdn.loc.cc/xml
频道: [beIN Sports HD（beIN Sports HD）] | 日期: 2026-03-16 | 来源: http://epg.cdn.loc.cc/xml
频道: [beIN Sports HD（beIN Sports HD）] | 日期: 2026-03-17 | 来源: http://epg.cdn.loc.cc/xml
频道: [beIN Sports HD（beIN Sports HD）] | 日期: 2026-03-18 | 来源: http://epg.cdn.loc.cc/xml
频道: [beIN Sports HD（beIN Sports HD）] | 日期: 2026-03-19 | 来源: http://epg.cdn.loc.cc/xml
频道: [beIN Sports HD（beIN Sports HD）] | 日期: 2026-03-20 | 来源: http://epg.cdn.loc.cc/xml
频道: [beIN Sports HD（beIN Sports HD）] | 日期: 2026-03-21 | 来源: http://epg.cdn.loc.cc/xml
频道: [beIN Sports HD（beIN Sports HD）] | 日期: 2026-03-22 | 来源: http://epg.cdn.loc.cc/xml
频道: [fun探索娱乐台（fun探索娱乐台）] | 日期: 2026-03-14 | 来源: https://epg.136605.xyz/9days.xml
频道: [fun探索娱乐台（fun探索娱乐台）] | 日期: 2026-03-15 | 来源: https://epg.136605.xyz/9days.xml
频道: [fun探索娱乐台（fun探索娱乐台）] | 日期: 2026-03-16 | 来源: https://epg.136605.xyz/9days.xml
频道: [fun探索娱乐台（fun探索娱乐台）] | 日期: 2026-03-17 | 来源: https://epg.136605.xyz/9days.xml
频道: [fun探索娱乐台（fun探索娱乐台）] | 日期: 2026-03-18 | 来源: https://github.com/litiande03/epg/raw/refs/heads/master/pl.xml.gz
频道: [iHOT爱体育（iHOT爱体育）] | 日期: 2026-03-15 | 来源: https://liliu.serv00.net/epg/download.php?type=xml
频道: [iHOT爱体育（iHOT爱体育）] | 日期: 2026-03-16 | 来源: https://liliu.serv00.net/epg/download.php?type=xml
频道: [iHOT爱体育（iHOT爱体育）] | 日期: 2026-03-17 | 来源: https://liliu.serv00.net/epg/download.php?type=xml
频道: [iHOT爱历史（iHOT爱历史）] | 日期: 2026-03-15 | 来源: https://liliu.serv00.net/epg/download.php?type=xml
频道: [iHOT爱历史（iHOT爱历史）] | 日期: 2026-03-16 | 来源: https://liliu.serv00.net/epg/download.php?type=xml
频道: [iHOT爱历史（iHOT爱历史）] | 日期: 2026-03-17 | 来源: https://liliu.serv00.net/epg/download.php?type=xml
频道: [iHOT爱喜剧（iHOT爱喜剧）] | 日期: 2026-03-15 | 来源: http://e.erw.cc/all.xml.gz
频道: [iHOT爱喜剧（iHOT爱喜剧）] | 日期: 2026-03-16 | 来源: https://liliu.serv00.net/epg/download.php?type=xml
频道: [iHOT爱喜剧（iHOT爱喜剧）] | 日期: 2026-03-17 | 来源: https://liliu.serv00.net/epg/download.php?type=xml
频道: [iHOT爱幼教（iHOT爱幼教）] | 日期: 2026-03-15 | 来源: https://liliu.serv00.net/epg/download.php?type=xml
频道: [iHOT爱幼教（iHOT爱幼教）] | 日期: 2026-03-16 | 来源: https://liliu.serv00.net/epg/download.php?type=xml
频道: [iHOT爱旅行（iHOT爱旅行）] | 日期: 2026-03-15 | 来源: https://liliu.serv00.net/epg/download.php?type=xml
频道: [iHOT爱旅行（iHOT爱旅行）] | 日期: 2026-03-16 | 来源: https://liliu.serv00.net/epg/download.php?type=xml
频道: [iHOT爱旅行（iHOT爱旅行）] | 日期: 2026-03-17 | 来源: https://liliu.serv00.net/epg/download.php?type=xml
频道: [iHOT爱浪漫（iHOT爱浪漫）] | 日期: 2026-03-15 | 来源: http://e.erw.cc/all.xml.gz
频道: [iHOT爱浪漫（iHOT爱浪漫）] | 日期: 2026-03-16 | 来源: https://liliu.serv00.net/epg/download.php?type=xml
频道: [iHOT爱浪漫（iHOT爱浪漫）] | 日期: 2026-03-17 | 来源: https://liliu.serv00.net/epg/download.php?type=xml
频道: [iHOT爱玩具（iHOT爱玩具）] | 日期: 2026-03-15 | 来源: https://liliu.serv00.net/epg/download.php?type=xml
频道: [iHOT爱玩具（iHOT爱玩具）] | 日期: 2026-03-16 | 来源: https://liliu.serv00.net/epg/download.php?type=xml
频道: [iHOT爱科学（iHOT爱科学）] | 日期: 2026-03-15 | 来源: https://liliu.serv00.net/epg/download.php?type=xml
频道: [iHOT爱科学（iHOT爱科学）] | 日期: 2026-03-16 | 来源: https://liliu.serv00.net/epg/download.php?type=xml
频道: [iHOT爱科学（iHOT爱科学）] | 日期: 2026-03-17 | 来源: https://liliu.serv00.net/epg/download.php?type=xml
频道: [iHOT爱科幻（iHOT爱科幻）] | 日期: 2026-03-15 | 来源: https://liliu.serv00.net/epg/download.php?type=xml
频道: [iHOT爱科幻（iHOT爱科幻）] | 日期: 2026-03-16 | 来源: https://liliu.serv00.net/epg/download.php?type=xml
频道: [iHOT爱科幻（iHOT爱科幻）] | 日期: 2026-03-17 | 来源: https://liliu.serv00.net/epg/download.php?type=xml
频道: [iHOT爱谍战（iHOT爱谍战）] | 日期: 2026-03-15 | 来源: http://e.erw.cc/all.xml.gz
频道: [iHOT爱谍战（iHOT爱谍战）] | 日期: 2026-03-16 | 来源: https://liliu.serv00.net/epg/download.php?type=xml
频道: [iHOT爱谍战（iHOT爱谍战）] | 日期: 2026-03-17 | 来源: https://liliu.serv00.net/epg/download.php?type=xml
频道: [iHOT爱赛车（iHOT爱赛车）] | 日期: 2026-03-15 | 来源: https://liliu.serv00.net/epg/download.php?type=xml
频道: [iHOT爱赛车（iHOT爱赛车）] | 日期: 2026-03-16 | 来源: https://liliu.serv00.net/epg/download.php?type=xml
频道: [iHOT爱赛车（iHOT爱赛车）] | 日期: 2026-03-17 | 来源: https://liliu.serv00.net/epg/download.php?type=xml
频道: [iHOT爱院线（iHOT爱院线）] | 日期: 2026-03-15 | 来源: http://e.erw.cc/all.xml.gz
频道: [iHOT爱院线（iHOT爱院线）] | 日期: 2026-03-16 | 来源: https://liliu.serv00.net/epg/download.php?type=xml
频道: [iHOT爱院线（iHOT爱院线）] | 日期: 2026-03-17 | 来源: https://liliu.serv00.net/epg/download.php?type=xml
频道: [iQIYI（iQIYI）] | 日期: 2026-03-15 | 来源: http://epg.cdn.loc.cc/xml
频道: [iQIYI（iQIYI）] | 日期: 2026-03-16 | 来源: http://epg.cdn.loc.cc/xml
频道: [iQIYI（iQIYI）] | 日期: 2026-03-18 | 来源: http://epg.cdn.loc.cc/xml
频道: [iQIYI（iQIYI）] | 日期: 2026-03-19 | 来源: http://epg.cdn.loc.cc/xml
频道: [iQIYI（iQIYI）] | 日期: 2026-03-20 | 来源: http://epg.cdn.loc.cc/xml
频道: [iQIYI（iQIYI）] | 日期: 2026-03-21 | 来源: http://epg.cdn.loc.cc/xml
频道: [momo亲子台（momo亲子台）] | 日期: 2026-03-15 | 来源: http://epg.cdn.loc.cc/xml
频道: [momo亲子台（momo亲子台）] | 日期: 2026-03-16 | 来源: http://epg.cdn.loc.cc/xml
频道: [momo亲子台（momo亲子台）] | 日期: 2026-03-17 | 来源: http://epg.cdn.loc.cc/xml
频道: [momo亲子台（momo亲子台）] | 日期: 2026-03-18 | 来源: http://epg.cdn.loc.cc/xml
频道: [momo亲子台（momo亲子台）] | 日期: 2026-03-19 | 来源: http://epg.cdn.loc.cc/xml
频道: [momo亲子台（momo亲子台）] | 日期: 2026-03-20 | 来源: http://epg.cdn.loc.cc/xml
频道: [momo亲子台（momo亲子台）] | 日期: 2026-03-21 | 来源: http://epg.cdn.loc.cc/xml
频道: [momo亲子台(免费)（momo亲子台(免费)）] | 日期: 2026-03-15 | 来源: http://epg.cdn.loc.cc/xml
频道: [momo亲子台(免费)（momo亲子台(免费)）] | 日期: 2026-03-16 | 来源: http://epg.cdn.loc.cc/xml
频道: [momo亲子台(免费)（momo亲子台(免费)）] | 日期: 2026-03-17 | 来源: http://epg.cdn.loc.cc/xml
频道: [momo亲子台(免费)（momo亲子台(免费)）] | 日期: 2026-03-18 | 来源: http://epg.cdn.loc.cc/xml
频道: [momo亲子台(免费)（momo亲子台(免费)）] | 日期: 2026-03-19 | 来源: http://epg.cdn.loc.cc/xml
频道: [momo亲子台(免费)（momo亲子台(免费)）] | 日期: 2026-03-20 | 来源: http://epg.cdn.loc.cc/xml
频道: [momo亲子台(免费)（momo亲子台(免费)）] | 日期: 2026-03-21 | 来源: http://epg.cdn.loc.cc/xml
频道: [momo综合台（momo综合台）] | 日期: 2026-03-15 | 来源: http://epg.cdn.loc.cc/xml
频道: [momo综合台（momo综合台）] | 日期: 2026-03-16 | 来源: http://epg.cdn.loc.cc/xml
频道: [momo综合台（momo综合台）] | 日期: 2026-03-17 | 来源: http://epg.cdn.loc.cc/xml
频道: [momo综合台（momo综合台）] | 日期: 2026-03-18 | 来源: http://epg.cdn.loc.cc/xml
频道: [momo综合台（momo综合台）] | 日期: 2026-03-19 | 来源: http://epg.cdn.loc.cc/xml
频道: [momo综合台（momo综合台）] | 日期: 2026-03-20 | 来源: http://epg.cdn.loc.cc/xml
频道: [momo综合台（momo综合台）] | 日期: 2026-03-21 | 来源: http://epg.cdn.loc.cc/xml
频道: [myTV SUPER 18台（myTV SUPER 18台）] | 日期: 2026-03-14 | 来源: http://epg.cdn.loc.cc/xml
频道: [myTV SUPER 18台（myTV SUPER 18台）] | 日期: 2026-03-15 | 来源: https://epg.136605.xyz/9days.xml
频道: [myTV SUPER 18台（myTV SUPER 18台）] | 日期: 2026-03-16 | 来源: https://epg.136605.xyz/9days.xml
频道: [myTV SUPER 18台（myTV SUPER 18台）] | 日期: 2026-03-17 | 来源: https://epg.136605.xyz/9days.xml
频道: [myTV SUPER 18台（myTV SUPER 18台）] | 日期: 2026-03-18 | 来源: http://epg.cdn.loc.cc/xml
频道: [myTV SUPER 18台（myTV SUPER 18台）] | 日期: 2026-03-19 | 来源: http://epg.cdn.loc.cc/xml
频道: [myTV SUPER 18台（myTV SUPER 18台）] | 日期: 2026-03-20 | 来源: http://epg.cdn.loc.cc/xml
频道: [myTV SUPER 18台（myTV SUPER 18台）] | 日期: 2026-03-21 | 来源: http://epg.cdn.loc.cc/xml
频道: [myTV SUPER 18台（myTV SUPER 18台）] | 日期: 2026-03-22 | 来源: http://epg.cdn.loc.cc/xml
频道: [myTV SUPER 18台（myTV SUPER 18台）] | 日期: 2026-03-23 | 来源: http://epg.cdn.loc.cc/xml
频道: [myTV SUPER直播足球2台（myTV SUPER直播足球2台）] | 日期: 2026-03-14 | 来源: http://epg.cdn.loc.cc/xml
频道: [myTV SUPER直播足球2台（myTV SUPER直播足球2台）] | 日期: 2026-03-15 | 来源: https://epg.136605.xyz/9days.xml
频道: [myTV SUPER直播足球2台（myTV SUPER直播足球2台）] | 日期: 2026-03-16 | 来源: https://epg.136605.xyz/9days.xml
频道: [myTV SUPER直播足球2台（myTV SUPER直播足球2台）] | 日期: 2026-03-17 | 来源: https://epg.136605.xyz/9days.xml
频道: [myTV SUPER直播足球2台（myTV SUPER直播足球2台）] | 日期: 2026-03-18 | 来源: http://epg.cdn.loc.cc/xml
频道: [myTV SUPER直播足球2台（myTV SUPER直播足球2台）] | 日期: 2026-03-19 | 来源: http://epg.cdn.loc.cc/xml
频道: [myTV SUPER直播足球2台（myTV SUPER直播足球2台）] | 日期: 2026-03-20 | 来源: http://epg.cdn.loc.cc/xml
频道: [myTV SUPER直播足球2台（myTV SUPER直播足球2台）] | 日期: 2026-03-21 | 来源: http://epg.cdn.loc.cc/xml
频道: [myTV SUPER直播足球2台（myTV SUPER直播足球2台）] | 日期: 2026-03-22 | 来源: http://epg.cdn.loc.cc/xml
频道: [myTV SUPER直播足球2台（myTV SUPER直播足球2台）] | 日期: 2026-03-23 | 来源: http://epg.cdn.loc.cc/xml
频道: [myTV SUPER直播足球3台（myTV SUPER直播足球3台）] | 日期: 2026-03-14 | 来源: http://epg.cdn.loc.cc/xml
频道: [myTV SUPER直播足球3台（myTV SUPER直播足球3台）] | 日期: 2026-03-15 | 来源: https://epg.136605.xyz/9days.xml
频道: [myTV SUPER直播足球3台（myTV SUPER直播足球3台）] | 日期: 2026-03-16 | 来源: https://epg.136605.xyz/9days.xml
频道: [myTV SUPER直播足球3台（myTV SUPER直播足球3台）] | 日期: 2026-03-17 | 来源: https://epg.136605.xyz/9days.xml
频道: [myTV SUPER直播足球3台（myTV SUPER直播足球3台）] | 日期: 2026-03-18 | 来源: http://epg.cdn.loc.cc/xml
频道: [myTV SUPER直播足球3台（myTV SUPER直播足球3台）] | 日期: 2026-03-19 | 来源: http://epg.cdn.loc.cc/xml
频道: [myTV SUPER直播足球3台（myTV SUPER直播足球3台）] | 日期: 2026-03-20 | 来源: http://epg.cdn.loc.cc/xml
频道: [myTV SUPER直播足球3台（myTV SUPER直播足球3台）] | 日期: 2026-03-21 | 来源: http://epg.cdn.loc.cc/xml
频道: [myTV SUPER直播足球3台（myTV SUPER直播足球3台）] | 日期: 2026-03-22 | 来源: http://epg.cdn.loc.cc/xml
频道: [myTV SUPER直播足球3台（myTV SUPER直播足球3台）] | 日期: 2026-03-23 | 来源: http://epg.cdn.loc.cc/xml
频道: [myTV SUPER直播足球4台（myTV SUPER直播足球4台）] | 日期: 2026-03-14 | 来源: http://epg.cdn.loc.cc/xml
频道: [myTV SUPER直播足球4台（myTV SUPER直播足球4台）] | 日期: 2026-03-15 | 来源: https://epg.136605.xyz/9days.xml
频道: [myTV SUPER直播足球4台（myTV SUPER直播足球4台）] | 日期: 2026-03-16 | 来源: https://epg.136605.xyz/9days.xml
频道: [myTV SUPER直播足球4台（myTV SUPER直播足球4台）] | 日期: 2026-03-17 | 来源: https://epg.136605.xyz/9days.xml
频道: [myTV SUPER直播足球4台（myTV SUPER直播足球4台）] | 日期: 2026-03-18 | 来源: http://epg.cdn.loc.cc/xml
频道: [myTV SUPER直播足球4台（myTV SUPER直播足球4台）] | 日期: 2026-03-19 | 来源: http://epg.cdn.loc.cc/xml
频道: [myTV SUPER直播足球4台（myTV SUPER直播足球4台）] | 日期: 2026-03-20 | 来源: http://epg.cdn.loc.cc/xml
频道: [myTV SUPER直播足球4台（myTV SUPER直播足球4台）] | 日期: 2026-03-21 | 来源: http://epg.cdn.loc.cc/xml
频道: [myTV SUPER直播足球4台（myTV SUPER直播足球4台）] | 日期: 2026-03-22 | 来源: http://epg.cdn.loc.cc/xml
频道: [myTV SUPER直播足球4台（myTV SUPER直播足球4台）] | 日期: 2026-03-23 | 来源: http://epg.cdn.loc.cc/xml
频道: [myTV SUPER直播足球5台（myTV SUPER直播足球5台）] | 日期: 2026-03-14 | 来源: http://epg.cdn.loc.cc/xml
频道: [myTV SUPER直播足球5台（myTV SUPER直播足球5台）] | 日期: 2026-03-15 | 来源: https://epg.136605.xyz/9days.xml
频道: [myTV SUPER直播足球5台（myTV SUPER直播足球5台）] | 日期: 2026-03-16 | 来源: https://epg.136605.xyz/9days.xml
频道: [myTV SUPER直播足球5台（myTV SUPER直播足球5台）] | 日期: 2026-03-17 | 来源: https://epg.136605.xyz/9days.xml
频道: [myTV SUPER直播足球5台（myTV SUPER直播足球5台）] | 日期: 2026-03-18 | 来源: http://epg.cdn.loc.cc/xml
频道: [myTV SUPER直播足球5台（myTV SUPER直播足球5台）] | 日期: 2026-03-19 | 来源: http://epg.cdn.loc.cc/xml
频道: [myTV SUPER直播足球5台（myTV SUPER直播足球5台）] | 日期: 2026-03-20 | 来源: http://epg.cdn.loc.cc/xml
频道: [myTV SUPER直播足球5台（myTV SUPER直播足球5台）] | 日期: 2026-03-21 | 来源: http://epg.cdn.loc.cc/xml
频道: [myTV SUPER直播足球5台（myTV SUPER直播足球5台）] | 日期: 2026-03-22 | 来源: http://epg.cdn.loc.cc/xml
频道: [myTV SUPER直播足球5台（myTV SUPER直播足球5台）] | 日期: 2026-03-23 | 来源: http://epg.cdn.loc.cc/xml
频道: [myTV SUPER直播足球6台（myTV SUPER直播足球6台）] | 日期: 2026-03-14 | 来源: http://epg.cdn.loc.cc/xml
频道: [myTV SUPER直播足球6台（myTV SUPER直播足球6台）] | 日期: 2026-03-15 | 来源: https://epg.136605.xyz/9days.xml
频道: [myTV SUPER直播足球6台（myTV SUPER直播足球6台）] | 日期: 2026-03-16 | 来源: https://epg.136605.xyz/9days.xml
频道: [myTV SUPER直播足球6台（myTV SUPER直播足球6台）] | 日期: 2026-03-17 | 来源: https://epg.136605.xyz/9days.xml
频道: [myTV SUPER直播足球6台（myTV SUPER直播足球6台）] | 日期: 2026-03-18 | 来源: http://epg.cdn.loc.cc/xml
频道: [myTV SUPER直播足球6台（myTV SUPER直播足球6台）] | 日期: 2026-03-19 | 来源: http://epg.cdn.loc.cc/xml
频道: [myTV SUPER直播足球6台（myTV SUPER直播足球6台）] | 日期: 2026-03-20 | 来源: http://epg.cdn.loc.cc/xml
频道: [myTV SUPER直播足球6台（myTV SUPER直播足球6台）] | 日期: 2026-03-21 | 来源: http://epg.cdn.loc.cc/xml
频道: [myTV SUPER直播足球6台（myTV SUPER直播足球6台）] | 日期: 2026-03-22 | 来源: http://epg.cdn.loc.cc/xml
频道: [myTV SUPER直播足球6台（myTV SUPER直播足球6台）] | 日期: 2026-03-23 | 来源: http://epg.cdn.loc.cc/xml
频道: [myTV SUPER直播足球7台（myTV SUPER直播足球7台）] | 日期: 2026-03-14 | 来源: http://epg.cdn.loc.cc/xml
频道: [myTV SUPER直播足球7台（myTV SUPER直播足球7台）] | 日期: 2026-03-15 | 来源: https://epg.136605.xyz/9days.xml
频道: [myTV SUPER直播足球7台（myTV SUPER直播足球7台）] | 日期: 2026-03-16 | 来源: https://epg.136605.xyz/9days.xml
频道: [myTV SUPER直播足球7台（myTV SUPER直播足球7台）] | 日期: 2026-03-17 | 来源: https://epg.136605.xyz/9days.xml
频道: [myTV SUPER直播足球7台（myTV SUPER直播足球7台）] | 日期: 2026-03-18 | 来源: http://epg.cdn.loc.cc/xml
频道: [myTV SUPER直播足球7台（myTV SUPER直播足球7台）] | 日期: 2026-03-19 | 来源: http://epg.cdn.loc.cc/xml
频道: [myTV SUPER直播足球7台（myTV SUPER直播足球7台）] | 日期: 2026-03-20 | 来源: http://epg.cdn.loc.cc/xml
频道: [myTV SUPER直播足球7台（myTV SUPER直播足球7台）] | 日期: 2026-03-21 | 来源: http://epg.cdn.loc.cc/xml
频道: [myTV SUPER直播足球7台（myTV SUPER直播足球7台）] | 日期: 2026-03-22 | 来源: http://epg.cdn.loc.cc/xml
频道: [myTV SUPER直播足球7台（myTV SUPER直播足球7台）] | 日期: 2026-03-23 | 来源: http://epg.cdn.loc.cc/xml
频道: [noepg（noepg）] | 日期: 2026-03-15 | 来源: http://e.erw.cc/all.xml.gz
频道: [noepg（noepg）] | 日期: 2026-03-16 | 来源: http://epg.51zmt.top:8000/e1.xml.gz
频道: [spot on news（spot on news）] | 日期: 2026-03-15 | 来源: https://github.com/litiande03/epg/raw/refs/heads/master/pl.xml.gz
频道: [spot on news（spot on news）] | 日期: 2026-03-16 | 来源: http://epg.cdn.loc.cc/xml
频道: [spot on news（spot on news）] | 日期: 2026-03-17 | 来源: http://epg.cdn.loc.cc/xml
频道: [spot on news（spot on news）] | 日期: 2026-03-18 | 来源: http://epg.cdn.loc.cc/xml
频道: [spot on news（spot on news）] | 日期: 2026-03-19 | 来源: http://epg.cdn.loc.cc/xml
频道: [spot on news（spot on news）] | 日期: 2026-03-20 | 来源: http://epg.cdn.loc.cc/xml
频道: [that's 70s（that's 70s）] | 日期: 2026-03-14 | 来源: http://epg.cdn.loc.cc/xml
频道: [that's 70s（that's 70s）] | 日期: 2026-03-15 | 来源: http://epg.cdn.loc.cc/xml
频道: [that's 70s（that's 70s）] | 日期: 2026-03-16 | 来源: http://epg.cdn.loc.cc/xml
频道: [that's 70s（that's 70s）] | 日期: 2026-03-17 | 来源: http://epg.cdn.loc.cc/xml
频道: [that's 70s（that's 70s）] | 日期: 2026-03-18 | 来源: http://epg.cdn.loc.cc/xml
频道: [that's 70s（that's 70s）] | 日期: 2026-03-19 | 来源: http://epg.cdn.loc.cc/xml
频道: [that's 70s（that's 70s）] | 日期: 2026-03-20 | 来源: http://epg.cdn.loc.cc/xml
频道: [that's 70s（that's 70s）] | 日期: 2026-03-21 | 来源: http://epg.cdn.loc.cc/xml
频道: [that's 70s（that's 70s）] | 日期: 2026-03-22 | 来源: http://epg.cdn.loc.cc/xml
频道: [that's 70s（that's 70s）] | 日期: 2026-03-23 | 来源: http://epg.cdn.loc.cc/xml
频道: [that's 80s（that's 80s）] | 日期: 2026-03-14 | 来源: http://epg.cdn.loc.cc/xml
频道: [that's 80s（that's 80s）] | 日期: 2026-03-15 | 来源: http://epg.cdn.loc.cc/xml
频道: [that's 80s（that's 80s）] | 日期: 2026-03-16 | 来源: http://epg.cdn.loc.cc/xml
频道: [that's 80s（that's 80s）] | 日期: 2026-03-17 | 来源: http://epg.cdn.loc.cc/xml
频道: [that's 80s（that's 80s）] | 日期: 2026-03-18 | 来源: http://epg.cdn.loc.cc/xml
频道: [that's 80s（that's 80s）] | 日期: 2026-03-19 | 来源: http://epg.cdn.loc.cc/xml
频道: [that's 80s（that's 80s）] | 日期: 2026-03-20 | 来源: http://epg.cdn.loc.cc/xml
频道: [that's 80s（that's 80s）] | 日期: 2026-03-21 | 来源: http://epg.cdn.loc.cc/xml
频道: [that's 80s（that's 80s）] | 日期: 2026-03-22 | 来源: http://epg.cdn.loc.cc/xml
频道: [that's 80s（that's 80s）] | 日期: 2026-03-23 | 来源: http://epg.cdn.loc.cc/xml
频道: [that's 90s00s（that's 90s00s）] | 日期: 2026-03-14 | 来源: http://epg.cdn.loc.cc/xml
频道: [that's 90s00s（that's 90s00s）] | 日期: 2026-03-15 | 来源: http://epg.cdn.loc.cc/xml
频道: [that's 90s00s（that's 90s00s）] | 日期: 2026-03-16 | 来源: http://epg.cdn.loc.cc/xml
频道: [that's 90s00s（that's 90s00s）] | 日期: 2026-03-17 | 来源: http://epg.cdn.loc.cc/xml
频道: [that's 90s00s（that's 90s00s）] | 日期: 2026-03-18 | 来源: http://epg.cdn.loc.cc/xml
频道: [that's 90s00s（that's 90s00s）] | 日期: 2026-03-19 | 来源: http://epg.cdn.loc.cc/xml
频道: [that's 90s00s（that's 90s00s）] | 日期: 2026-03-20 | 来源: http://epg.cdn.loc.cc/xml
频道: [that's 90s00s（that's 90s00s）] | 日期: 2026-03-21 | 来源: http://epg.cdn.loc.cc/xml
频道: [that's 90s00s（that's 90s00s）] | 日期: 2026-03-22 | 来源: http://epg.cdn.loc.cc/xml
频道: [that's 90s00s（that's 90s00s）] | 日期: 2026-03-23 | 来源: http://epg.cdn.loc.cc/xml
频道: [that's Rock（that's Rock）] | 日期: 2026-03-14 | 来源: http://epg.cdn.loc.cc/xml
频道: [that's Rock（that's Rock）] | 日期: 2026-03-15 | 来源: http://epg.cdn.loc.cc/xml
频道: [that's Rock（that's Rock）] | 日期: 2026-03-16 | 来源: http://epg.cdn.loc.cc/xml
频道: [that's Rock（that's Rock）] | 日期: 2026-03-17 | 来源: http://epg.cdn.loc.cc/xml
频道: [that's Rock（that's Rock）] | 日期: 2026-03-18 | 来源: http://epg.cdn.loc.cc/xml
频道: [that's Rock（that's Rock）] | 日期: 2026-03-19 | 来源: http://epg.cdn.loc.cc/xml
频道: [that's Rock（that's Rock）] | 日期: 2026-03-20 | 来源: http://epg.cdn.loc.cc/xml
频道: [that's Rock（that's Rock）] | 日期: 2026-03-21 | 来源: http://epg.cdn.loc.cc/xml
频道: [that's Rock（that's Rock）] | 日期: 2026-03-22 | 来源: http://epg.cdn.loc.cc/xml
频道: [that's Rock（that's Rock）] | 日期: 2026-03-23 | 来源: http://epg.cdn.loc.cc/xml
频道: [tvN（tvN）] | 日期: 2026-03-14 | 来源: http://epg.cdn.loc.cc/xml
频道: [tvN（tvN）] | 日期: 2026-03-15 | 来源: https://epg.136605.xyz/9days.xml
频道: [tvN（tvN）] | 日期: 2026-03-16 | 来源: https://epg.136605.xyz/9days.xml
频道: [tvN（tvN）] | 日期: 2026-03-17 | 来源: https://epg.136605.xyz/9days.xml
频道: [tvN（tvN）] | 日期: 2026-03-18 | 来源: http://epg.cdn.loc.cc/xml
频道: [tvN（tvN）] | 日期: 2026-03-19 | 来源: http://epg.cdn.loc.cc/xml
频道: [tvN（tvN）] | 日期: 2026-03-20 | 来源: http://epg.cdn.loc.cc/xml
频道: [tvN（tvN）] | 日期: 2026-03-21 | 来源: http://epg.cdn.loc.cc/xml
频道: [tvN（tvN）] | 日期: 2026-03-22 | 来源: http://epg.cdn.loc.cc/xml
频道: [tvN（tvN）] | 日期: 2026-03-23 | 来源: http://epg.cdn.loc.cc/xml
频道: [tvN Movies（tvN Movies）] | 日期: 2026-03-15 | 来源: http://epg.cdn.loc.cc/xml
频道: [tvN Movies（tvN Movies）] | 日期: 2026-03-16 | 来源: http://epg.cdn.loc.cc/xml
频道: [tvN Movies（tvN Movies）] | 日期: 2026-03-17 | 来源: http://epg.cdn.loc.cc/xml
频道: [tvN Movies（tvN Movies）] | 日期: 2026-03-18 | 来源: http://epg.cdn.loc.cc/xml
频道: [tvN Movies（tvN Movies）] | 日期: 2026-03-19 | 来源: http://epg.cdn.loc.cc/xml
频道: [tvN Movies（tvN Movies）] | 日期: 2026-03-20 | 来源: http://epg.cdn.loc.cc/xml
频道: [tvN Movies（tvN Movies）] | 日期: 2026-03-21 | 来源: http://epg.cdn.loc.cc/xml
频道: [三沙卫视（三沙卫视）] | 日期: 2026-03-14 | 来源: https://epg.deny.vip/sh/tel-epg.xml
频道: [三沙卫视（三沙卫视）] | 日期: 2026-03-15 | 来源: https://epg.deny.vip/sh/tel-epg.xml
频道: [三沙卫视（三沙卫视）] | 日期: 2026-03-16 | 来源: https://epg.deny.vip/sh/tel-epg.xml
频道: [三沙卫视（三沙卫视）] | 日期: 2026-03-17 | 来源: https://epg.136605.xyz/9days.xml
频道: [三沙卫视（三沙卫视）] | 日期: 2026-03-18 | 来源: https://github.com/zzzz0317/beijing-unicom-iptv-playlist/raw/refs/heads/main/epg.xml
频道: [三沙卫视（三沙卫视）] | 日期: 2026-03-19 | 来源: http://epg.cdn.loc.cc/xml
频道: [三沙卫视（三沙卫视）] | 日期: 2026-03-20 | 来源: http://epg.cdn.loc.cc/xml
频道: [三立iNEWS（三立iNEWS）] | 日期: 2026-03-15 | 来源: http://epg.cdn.loc.cc/xml
频道: [三立iNEWS（三立iNEWS）] | 日期: 2026-03-16 | 来源: http://epg.cdn.loc.cc/xml
频道: [三立iNEWS（三立iNEWS）] | 日期: 2026-03-17 | 来源: http://epg.cdn.loc.cc/xml
频道: [三立iNEWS（三立iNEWS）] | 日期: 2026-03-18 | 来源: http://epg.cdn.loc.cc/xml
频道: [三立iNEWS（三立iNEWS）] | 日期: 2026-03-19 | 来源: http://epg.cdn.loc.cc/xml
频道: [三立iNEWS（三立iNEWS）] | 日期: 2026-03-20 | 来源: http://epg.cdn.loc.cc/xml
频道: [三立iNEWS（三立iNEWS）] | 日期: 2026-03-21 | 来源: http://epg.cdn.loc.cc/xml
频道: [三立新闻iNEWS（三立新闻iNEWS）] | 日期: 2026-03-14 | 来源: https://epg.136605.xyz/9days.xml
频道: [三立新闻iNEWS（三立新闻iNEWS）] | 日期: 2026-03-15 | 来源: https://epg.136605.xyz/9days.xml
频道: [三立新闻iNEWS（三立新闻iNEWS）] | 日期: 2026-03-16 | 来源: https://epg.136605.xyz/9days.xml
频道: [三立新闻iNEWS（三立新闻iNEWS）] | 日期: 2026-03-17 | 来源: https://epg.136605.xyz/9days.xml
频道: [三立新闻台（三立新闻台）] | 日期: 2026-03-15 | 来源: http://epg.cdn.loc.cc/xml
频道: [三立新闻台（三立新闻台）] | 日期: 2026-03-16 | 来源: http://epg.cdn.loc.cc/xml
频道: [三立新闻台（三立新闻台）] | 日期: 2026-03-17 | 来源: http://epg.cdn.loc.cc/xml
频道: [三立新闻台（三立新闻台）] | 日期: 2026-03-18 | 来源: http://epg.cdn.loc.cc/xml
频道: [三立新闻台（三立新闻台）] | 日期: 2026-03-19 | 来源: http://epg.cdn.loc.cc/xml
频道: [三立新闻台（三立新闻台）] | 日期: 2026-03-20 | 来源: http://epg.cdn.loc.cc/xml
频道: [三立新闻台（三立新闻台）] | 日期: 2026-03-21 | 来源: http://epg.cdn.loc.cc/xml
频道: [三立综合（三立综合）] | 日期: 2026-03-14 | 来源: https://epg.136605.xyz/9days.xml
频道: [三立综合（三立综合）] | 日期: 2026-03-15 | 来源: https://epg.136605.xyz/9days.xml
频道: [三立综合（三立综合）] | 日期: 2026-03-16 | 来源: https://epg.136605.xyz/9days.xml
频道: [三立综合（三立综合）] | 日期: 2026-03-17 | 来源: https://epg.136605.xyz/9days.xml
频道: [三立综合台（三立综合台）] | 日期: 2026-03-15 | 来源: https://github.com/litiande03/epg/raw/refs/heads/master/pl.xml.gz
频道: [三立综合台（三立综合台）] | 日期: 2026-03-16 | 来源: https://github.com/litiande03/epg/raw/refs/heads/master/pl.xml.gz
频道: [三立综合台（三立综合台）] | 日期: 2026-03-17 | 来源: https://github.com/litiande03/epg/raw/refs/heads/master/pl.xml.gz
频道: [上海教育（上海教育）] | 日期: 2026-03-14 | 来源: https://epg.deny.vip/sh/tel-epg.xml
频道: [上海教育（上海教育）] | 日期: 2026-03-15 | 来源: https://epg.deny.vip/sh/tel-epg.xml
频道: [上海教育（上海教育）] | 日期: 2026-03-16 | 来源: https://epg.deny.vip/sh/tel-epg.xml
频道: [上海新闻（上海新闻）] | 日期: 2026-03-15 | 来源: https://liliu.serv00.net/epg/download.php?type=xml
频道: [上海新闻综合（上海新闻综合）] | 日期: 2026-03-15 | 来源: http://e.erw.cc/all.xml.gz
频道: [上海都市（上海都市）] | 日期: 2026-03-15 | 来源: http://e.erw.cc/all.xml.gz
频道: [上视新闻频道（上视新闻频道）] | 日期: 2026-03-15 | 来源: http://epg.51zmt.top:8000/e1.xml.gz
频道: [世界地理（世界地理）] | 日期: 2026-03-14 | 来源: https://epg.deny.vip/sh/tel-epg.xml
频道: [世界地理（世界地理）] | 日期: 2026-03-15 | 来源: http://epg.51zmt.top:8000/e1.xml.gz
频道: [世界地理（世界地理）] | 日期: 2026-03-16 | 来源: https://epg.deny.vip/sh/tel-epg.xml
频道: [世界地理（世界地理）] | 日期: 2026-03-17 | 来源: https://github.com/litiande03/epg/raw/refs/heads/master/pl.xml.gz
频道: [世界地理（世界地理）] | 日期: 2026-03-18 | 来源: https://github.com/litiande03/epg/raw/refs/heads/master/pl.xml.gz
频道: [东北热剧（东北热剧）] | 日期: 2026-03-15 | 来源: http://e.erw.cc/all.xml.gz
频道: [东南卫视（东南卫视）] | 日期: 2026-03-14 | 来源: https://epg.136605.xyz/9days.xml
频道: [东南卫视（东南卫视）] | 日期: 2026-03-15 | 来源: https://epg.136605.xyz/9days.xml
频道: [东南卫视（东南卫视）] | 日期: 2026-03-16 | 来源: https://epg.136605.xyz/9days.xml
频道: [东南卫视（东南卫视）] | 日期: 2026-03-17 | 来源: https://epg.136605.xyz/9days.xml
频道: [东南卫视（东南卫视）] | 日期: 2026-03-18 | 来源: https://github.com/zzzz0317/beijing-unicom-iptv-playlist/raw/refs/heads/main/epg.xml
频道: [东方卫视（东方卫视）] | 日期: 2026-03-14 | 来源: https://epg.deny.vip/sh/tel-epg.xml
频道: [东方卫视（东方卫视）] | 日期: 2026-03-15 | 来源: https://epg.deny.vip/sh/tel-epg.xml
频道: [东方卫视（东方卫视）] | 日期: 2026-03-16 | 来源: https://epg.deny.vip/sh/tel-epg.xml
频道: [东方卫视（东方卫视）] | 日期: 2026-03-17 | 来源: https://github.com/zzzz0317/beijing-unicom-iptv-playlist/raw/refs/heads/main/epg.xml
频道: [东方卫视（东方卫视）] | 日期: 2026-03-18 | 来源: https://github.com/zzzz0317/beijing-unicom-iptv-playlist/raw/refs/heads/main/epg.xml
频道: [东方卫视4K（东方卫视4K）] | 日期: 2026-03-15 | 来源: https://github.com/plsy1/epg/raw/refs/heads/main/e/seven-days.xml.gz
频道: [东方卫视4K（东方卫视4K）] | 日期: 2026-03-16 | 来源: https://github.com/plsy1/epg/raw/refs/heads/main/e/seven-days.xml.gz
频道: [东方卫视4K超高清（东方卫视4K超高清）] | 日期: 2026-03-14 | 来源: https://github.com/zzzz0317/beijing-unicom-iptv-playlist/raw/refs/heads/main/epg.xml
频道: [东方卫视4K超高清（东方卫视4K超高清）] | 日期: 2026-03-15 | 来源: https://github.com/zzzz0317/beijing-unicom-iptv-playlist/raw/refs/heads/main/epg.xml
频道: [东方卫视4K超高清（东方卫视4K超高清）] | 日期: 2026-03-16 | 来源: https://github.com/zzzz0317/beijing-unicom-iptv-playlist/raw/refs/heads/main/epg.xml
频道: [东方卫视4K超高清（东方卫视4K超高清）] | 日期: 2026-03-17 | 来源: https://github.com/zzzz0317/beijing-unicom-iptv-playlist/raw/refs/heads/main/epg.xml
频道: [东方卫视4K超高清（东方卫视4K超高清）] | 日期: 2026-03-18 | 来源: https://github.com/zzzz0317/beijing-unicom-iptv-playlist/raw/refs/heads/main/epg.xml
频道: [东方卫视国际频道（东方卫视国际频道）] | 日期: 2026-03-14 | 来源: http://epg.cdn.loc.cc/xml
频道: [东方卫视国际频道（东方卫视国际频道）] | 日期: 2026-03-15 | 来源: http://epg.cdn.loc.cc/xml
频道: [东方卫视国际频道（东方卫视国际频道）] | 日期: 2026-03-16 | 来源: http://epg.cdn.loc.cc/xml
频道: [东方卫视国际频道（东方卫视国际频道）] | 日期: 2026-03-17 | 来源: http://epg.cdn.loc.cc/xml
频道: [东方卫视国际频道（东方卫视国际频道）] | 日期: 2026-03-18 | 来源: http://epg.cdn.loc.cc/xml
频道: [东方卫视国际频道（东方卫视国际频道）] | 日期: 2026-03-19 | 来源: http://epg.cdn.loc.cc/xml
频道: [东方卫视国际频道（东方卫视国际频道）] | 日期: 2026-03-20 | 来源: http://epg.cdn.loc.cc/xml
频道: [东方卫视国际频道（东方卫视国际频道）] | 日期: 2026-03-21 | 来源: http://epg.cdn.loc.cc/xml
频道: [东方卫视国际频道（东方卫视国际频道）] | 日期: 2026-03-22 | 来源: http://epg.cdn.loc.cc/xml
频道: [东方卫视国际频道（东方卫视国际频道）] | 日期: 2026-03-23 | 来源: http://epg.cdn.loc.cc/xml
频道: [东方影视（东方影视）] | 日期: 2026-03-14 | 来源: https://epg.deny.vip/sh/tel-epg.xml
频道: [东方影视（东方影视）] | 日期: 2026-03-15 | 来源: https://epg.deny.vip/sh/tel-epg.xml
频道: [东方影视（东方影视）] | 日期: 2026-03-16 | 来源: https://epg.deny.vip/sh/tel-epg.xml
频道: [东方财经（东方财经）] | 日期: 2026-03-14 | 来源: https://epg.deny.vip/sh/tel-epg.xml
频道: [东方财经（东方财经）] | 日期: 2026-03-15 | 来源: https://epg.deny.vip/sh/tel-epg.xml
频道: [东方财经（东方财经）] | 日期: 2026-03-16 | 来源: https://epg.deny.vip/sh/tel-epg.xml
频道: [东方购物-1（东方购物-1）] | 日期: 2026-03-14 | 来源: https://epg.deny.vip/sh/tel-epg.xml
频道: [东方购物-1（东方购物-1）] | 日期: 2026-03-15 | 来源: https://epg.deny.vip/sh/tel-epg.xml
频道: [东方购物-1（东方购物-1）] | 日期: 2026-03-16 | 来源: https://epg.deny.vip/sh/tel-epg.xml
频道: [东方购物-2（东方购物-2）] | 日期: 2026-03-14 | 来源: https://epg.deny.vip/sh/tel-epg.xml
频道: [东方购物-2（东方购物-2）] | 日期: 2026-03-15 | 来源: https://epg.deny.vip/sh/tel-epg.xml
频道: [东方购物-2（东方购物-2）] | 日期: 2026-03-16 | 来源: https://epg.deny.vip/sh/tel-epg.xml
频道: [东森新闻（东森新闻）] | 日期: 2026-03-15 | 来源: http://e.erw.cc/all.xml.gz
频道: [东森新闻台（东森新闻台）] | 日期: 2026-03-15 | 来源: https://github.com/litiande03/epg/raw/refs/heads/master/pl.xml.gz
频道: [东森新闻台（东森新闻台）] | 日期: 2026-03-16 | 来源: https://github.com/litiande03/epg/raw/refs/heads/master/pl.xml.gz
频道: [东森新闻台（东森新闻台）] | 日期: 2026-03-17 | 来源: https://github.com/litiande03/epg/raw/refs/heads/master/pl.xml.gz
频道: [东森新闻台（东森新闻台）] | 日期: 2026-03-18 | 来源: http://epg.cdn.loc.cc/xml
频道: [东森新闻台（东森新闻台）] | 日期: 2026-03-19 | 来源: http://epg.cdn.loc.cc/xml
频道: [东森新闻台（东森新闻台）] | 日期: 2026-03-20 | 来源: http://epg.cdn.loc.cc/xml
频道: [东森新闻台（东森新闻台）] | 日期: 2026-03-21 | 来源: http://epg.cdn.loc.cc/xml
频道: [东森财经台（东森财经台）] | 日期: 2026-03-15 | 来源: http://epg.cdn.loc.cc/xml
频道: [东森财经台（东森财经台）] | 日期: 2026-03-16 | 来源: http://epg.cdn.loc.cc/xml
频道: [东森财经台（东森财经台）] | 日期: 2026-03-17 | 来源: http://epg.cdn.loc.cc/xml
频道: [东森财经台（东森财经台）] | 日期: 2026-03-18 | 来源: http://epg.cdn.loc.cc/xml
频道: [东森财经台（东森财经台）] | 日期: 2026-03-19 | 来源: http://epg.cdn.loc.cc/xml
频道: [东森财经台（东森财经台）] | 日期: 2026-03-20 | 来源: http://epg.cdn.loc.cc/xml
频道: [东森财经台（东森财经台）] | 日期: 2026-03-21 | 来源: http://epg.cdn.loc.cc/xml
频道: [东森财经新闻（东森财经新闻）] | 日期: 2026-03-15 | 来源: https://github.com/litiande03/epg/raw/refs/heads/master/pl.xml.gz
频道: [东森财经新闻（东森财经新闻）] | 日期: 2026-03-16 | 来源: https://github.com/litiande03/epg/raw/refs/heads/master/pl.xml.gz
频道: [东森财经新闻（东森财经新闻）] | 日期: 2026-03-17 | 来源: https://github.com/litiande03/epg/raw/refs/heads/master/pl.xml.gz
频道: [东森财经新闻台（东森财经新闻台）] | 日期: 2026-03-15 | 来源: https://github.com/litiande03/epg/raw/refs/heads/master/pl.xml.gz
频道: [东森财经新闻台（东森财经新闻台）] | 日期: 2026-03-16 | 来源: https://github.com/litiande03/epg/raw/refs/heads/master/pl.xml.gz
频道: [东森财经新闻台（东森财经新闻台）] | 日期: 2026-03-17 | 来源: https://github.com/litiande03/epg/raw/refs/heads/master/pl.xml.gz
频道: [东森购物1台（东森购物1台）] | 日期: 2026-03-15 | 来源: https://github.com/litiande03/epg/raw/refs/heads/master/pl.xml.gz
频道: [东森购物1台（东森购物1台）] | 日期: 2026-03-16 | 来源: https://github.com/litiande03/epg/raw/refs/heads/master/pl.xml.gz
频道: [东森购物1台（东森购物1台）] | 日期: 2026-03-17 | 来源: https://github.com/litiande03/epg/raw/refs/heads/master/pl.xml.gz
频道: [东森购物2台（东森购物2台）] | 日期: 2026-03-15 | 来源: https://github.com/litiande03/epg/raw/refs/heads/master/pl.xml.gz
频道: [东森购物2台（东森购物2台）] | 日期: 2026-03-16 | 来源: https://github.com/litiande03/epg/raw/refs/heads/master/pl.xml.gz
频道: [东森购物2台（东森购物2台）] | 日期: 2026-03-17 | 来源: https://github.com/litiande03/epg/raw/refs/heads/master/pl.xml.gz
频道: [东森购物一台（东森购物一台）] | 日期: 2026-03-15 | 来源: https://github.com/litiande03/epg/raw/refs/heads/master/pl.xml.gz
频道: [东森购物一台（东森购物一台）] | 日期: 2026-03-16 | 来源: https://github.com/litiande03/epg/raw/refs/heads/master/pl.xml.gz
频道: [东森购物一台（东森购物一台）] | 日期: 2026-03-17 | 来源: https://github.com/litiande03/epg/raw/refs/heads/master/pl.xml.gz
频道: [东森购物三台（东森购物三台）] | 日期: 2026-03-15 | 来源: https://github.com/litiande03/epg/raw/refs/heads/master/pl.xml.gz
频道: [东森购物三台（东森购物三台）] | 日期: 2026-03-16 | 来源: https://github.com/litiande03/epg/raw/refs/heads/master/pl.xml.gz
频道: [东森购物三台（东森购物三台）] | 日期: 2026-03-17 | 来源: https://github.com/litiande03/epg/raw/refs/heads/master/pl.xml.gz
频道: [东森购物二台（东森购物二台）] | 日期: 2026-03-15 | 来源: https://github.com/litiande03/epg/raw/refs/heads/master/pl.xml.gz
频道: [东森购物二台（东森购物二台）] | 日期: 2026-03-16 | 来源: https://github.com/litiande03/epg/raw/refs/heads/master/pl.xml.gz
频道: [东森购物二台（东森购物二台）] | 日期: 2026-03-17 | 来源: https://github.com/litiande03/epg/raw/refs/heads/master/pl.xml.gz
频道: [东森购物四台（东森购物四台）] | 日期: 2026-03-15 | 来源: https://github.com/litiande03/epg/raw/refs/heads/master/pl.xml.gz
频道: [东森购物四台（东森购物四台）] | 日期: 2026-03-16 | 来源: https://github.com/litiande03/epg/raw/refs/heads/master/pl.xml.gz
频道: [东森购物四台（东森购物四台）] | 日期: 2026-03-17 | 来源: https://github.com/litiande03/epg/raw/refs/heads/master/pl.xml.gz
频道: [东海文娱（东海文娱）] | 日期: 2026-03-14 | 来源: https://epg.136605.xyz/9days.xml
频道: [东海文娱（东海文娱）] | 日期: 2026-03-15 | 来源: https://epg.136605.xyz/9days.xml
频道: [东海文娱（东海文娱）] | 日期: 2026-03-16 | 来源: https://epg.136605.xyz/9days.xml
频道: [东海文娱（东海文娱）] | 日期: 2026-03-17 | 来源: https://epg.136605.xyz/9days.xml
频道: [东海新闻（东海新闻）] | 日期: 2026-03-14 | 来源: https://epg.136605.xyz/9days.xml
频道: [东海新闻（东海新闻）] | 日期: 2026-03-15 | 来源: https://epg.136605.xyz/9days.xml
频道: [东海新闻（东海新闻）] | 日期: 2026-03-16 | 来源: https://epg.136605.xyz/9days.xml
频道: [东海新闻（东海新闻）] | 日期: 2026-03-17 | 来源: https://epg.136605.xyz/9days.xml
频道: [东莞新闻综合（东莞新闻综合）] | 日期: 2026-03-15 | 来源: https://github.com/litiande03/epg/raw/refs/heads/master/pl.xml.gz
频道: [东莞新闻综合（东莞新闻综合）] | 日期: 2026-03-16 | 来源: https://github.com/litiande03/epg/raw/refs/heads/master/pl.xml.gz
频道: [东莞新闻综合（东莞新闻综合）] | 日期: 2026-03-17 | 来源: https://github.com/litiande03/epg/raw/refs/heads/master/pl.xml.gz
频道: [东莞生活资讯（东莞生活资讯）] | 日期: 2026-03-15 | 来源: https://github.com/litiande03/epg/raw/refs/heads/master/pl.xml.gz
频道: [东莞生活资讯（东莞生活资讯）] | 日期: 2026-03-16 | 来源: https://github.com/litiande03/epg/raw/refs/heads/master/pl.xml.gz
频道: [东莞生活资讯（东莞生活资讯）] | 日期: 2026-03-17 | 来源: https://github.com/litiande03/epg/raw/refs/heads/master/pl.xml.gz
频道: [中华特产（中华特产）] | 日期: 2026-03-15 | 来源: http://e.erw.cc/all.xml.gz
频道: [中华美食（中华美食）] | 日期: 2026-03-15 | 来源: https://liliu.serv00.net/epg/download.php?type=xml
频道: [中国中央电视台中文国际频道（中国中央电视台中文国际频道）] | 日期: 2026-03-14 | 来源: http://epg.cdn.loc.cc/xml
频道: [中国中央电视台中文国际频道（中国中央电视台中文国际频道）] | 日期: 2026-03-15 | 来源: http://epg.cdn.loc.cc/xml
频道: [中国中央电视台中文国际频道（中国中央电视台中文国际频道）] | 日期: 2026-03-16 | 来源: http://epg.cdn.loc.cc/xml
频道: [中国中央电视台中文国际频道（中国中央电视台中文国际频道）] | 日期: 2026-03-17 | 来源: http://epg.cdn.loc.cc/xml
频道: [中国中央电视台中文国际频道（中国中央电视台中文国际频道）] | 日期: 2026-03-18 | 来源: http://epg.cdn.loc.cc/xml
频道: [中国中央电视台中文国际频道（中国中央电视台中文国际频道）] | 日期: 2026-03-19 | 来源: http://epg.cdn.loc.cc/xml
频道: [中国中央电视台中文国际频道（中国中央电视台中文国际频道）] | 日期: 2026-03-20 | 来源: http://epg.cdn.loc.cc/xml
频道: [中国中央电视台中文国际频道（中国中央电视台中文国际频道）] | 日期: 2026-03-21 | 来源: http://epg.cdn.loc.cc/xml
频道: [中国中央电视台中文国际频道（中国中央电视台中文国际频道）] | 日期: 2026-03-22 | 来源: http://epg.cdn.loc.cc/xml
频道: [中国中央电视台中文国际频道（中国中央电视台中文国际频道）] | 日期: 2026-03-23 | 来源: http://epg.cdn.loc.cc/xml
频道: [中国中央电视台娱乐频道（中国中央电视台娱乐频道）] | 日期: 2026-03-14 | 来源: http://epg.cdn.loc.cc/xml
频道: [中国中央电视台娱乐频道（中国中央电视台娱乐频道）] | 日期: 2026-03-15 | 来源: http://epg.cdn.loc.cc/xml
频道: [中国中央电视台娱乐频道（中国中央电视台娱乐频道）] | 日期: 2026-03-16 | 来源: http://epg.cdn.loc.cc/xml
频道: [中国中央电视台娱乐频道（中国中央电视台娱乐频道）] | 日期: 2026-03-17 | 来源: http://epg.cdn.loc.cc/xml
频道: [中国中央电视台娱乐频道（中国中央电视台娱乐频道）] | 日期: 2026-03-18 | 来源: http://epg.cdn.loc.cc/xml
频道: [中国中央电视台娱乐频道（中国中央电视台娱乐频道）] | 日期: 2026-03-19 | 来源: http://epg.cdn.loc.cc/xml
频道: [中国中央电视台娱乐频道（中国中央电视台娱乐频道）] | 日期: 2026-03-20 | 来源: http://epg.cdn.loc.cc/xml
频道: [中国中央电视台娱乐频道（中国中央电视台娱乐频道）] | 日期: 2026-03-21 | 来源: http://epg.cdn.loc.cc/xml
频道: [中国中央电视台娱乐频道（中国中央电视台娱乐频道）] | 日期: 2026-03-22 | 来源: http://epg.cdn.loc.cc/xml
频道: [中国中央电视台娱乐频道（中国中央电视台娱乐频道）] | 日期: 2026-03-23 | 来源: http://epg.cdn.loc.cc/xml
频道: [中国中央电视台戏曲频道（中国中央电视台戏曲频道）] | 日期: 2026-03-14 | 来源: http://epg.cdn.loc.cc/xml
频道: [中国中央电视台戏曲频道（中国中央电视台戏曲频道）] | 日期: 2026-03-15 | 来源: http://epg.cdn.loc.cc/xml
频道: [中国中央电视台戏曲频道（中国中央电视台戏曲频道）] | 日期: 2026-03-16 | 来源: http://epg.cdn.loc.cc/xml
频道: [中国中央电视台戏曲频道（中国中央电视台戏曲频道）] | 日期: 2026-03-17 | 来源: http://epg.cdn.loc.cc/xml
频道: [中国中央电视台戏曲频道（中国中央电视台戏曲频道）] | 日期: 2026-03-18 | 来源: http://epg.cdn.loc.cc/xml
频道: [中国中央电视台戏曲频道（中国中央电视台戏曲频道）] | 日期: 2026-03-19 | 来源: http://epg.cdn.loc.cc/xml
频道: [中国中央电视台戏曲频道（中国中央电视台戏曲频道）] | 日期: 2026-03-20 | 来源: http://epg.cdn.loc.cc/xml
频道: [中国中央电视台戏曲频道（中国中央电视台戏曲频道）] | 日期: 2026-03-21 | 来源: http://epg.cdn.loc.cc/xml
频道: [中国中央电视台戏曲频道（中国中央电视台戏曲频道）] | 日期: 2026-03-22 | 来源: http://epg.cdn.loc.cc/xml
频道: [中国中央电视台戏曲频道（中国中央电视台戏曲频道）] | 日期: 2026-03-23 | 来源: http://epg.cdn.loc.cc/xml
频道: [中国交通（中国交通）] | 日期: 2026-03-14 | 来源: https://github.com/zzzz0317/beijing-unicom-iptv-playlist/raw/refs/heads/main/epg.xml
频道: [中国交通（中国交通）] | 日期: 2026-03-15 | 来源: http://epg.51zmt.top:8000/e1.xml.gz
频道: [中国交通（中国交通）] | 日期: 2026-03-16 | 来源: https://github.com/zzzz0317/beijing-unicom-iptv-playlist/raw/refs/heads/main/epg.xml
频道: [中国交通（中国交通）] | 日期: 2026-03-17 | 来源: https://github.com/zzzz0317/beijing-unicom-iptv-playlist/raw/refs/heads/main/epg.xml
频道: [中国交通（中国交通）] | 日期: 2026-03-18 | 来源: https://github.com/zzzz0317/beijing-unicom-iptv-playlist/raw/refs/heads/main/epg.xml
频道: [中国交通（中国交通）] | 日期: 2026-03-19 | 来源: https://github.com/zzzz0317/beijing-unicom-iptv-playlist/raw/refs/heads/main/epg.xml
频道: [中国交通（中国交通）] | 日期: 2026-03-20 | 来源: https://github.com/zzzz0317/beijing-unicom-iptv-playlist/raw/refs/heads/main/epg.xml
频道: [中国交通（中国交通）] | 日期: 2026-03-21 | 来源: https://github.com/zzzz0317/beijing-unicom-iptv-playlist/raw/refs/heads/main/epg.xml
频道: [中国交通（中国交通）] | 日期: 2026-03-22 | 来源: https://github.com/zzzz0317/beijing-unicom-iptv-playlist/raw/refs/heads/main/epg.xml
频道: [中国功夫（中国功夫）] | 日期: 2026-03-14 | 来源: https://epg.136605.xyz/9days.xml
频道: [中国功夫（中国功夫）] | 日期: 2026-03-15 | 来源: http://e.erw.cc/all.xml.gz
频道: [中国功夫（中国功夫）] | 日期: 2026-03-16 | 来源: https://epg.136605.xyz/9days.xml
频道: [中国功夫（中国功夫）] | 日期: 2026-03-17 | 来源: https://epg.136605.xyz/9days.xml
频道: [中国天气（中国天气）] | 日期: 2026-03-14 | 来源: https://epg.136605.xyz/9days.xml
频道: [中国天气（中国天气）] | 日期: 2026-03-15 | 来源: https://epg.136605.xyz/9days.xml
频道: [中国天气（中国天气）] | 日期: 2026-03-16 | 来源: https://epg.136605.xyz/9days.xml
频道: [中国天气（中国天气）] | 日期: 2026-03-17 | 来源: https://epg.136605.xyz/9days.xml
频道: [中国天气（中国天气）] | 日期: 2026-03-18 | 来源: https://github.com/litiande03/epg/raw/refs/heads/master/pl.xml.gz
频道: [中国教育1台（中国教育1台）] | 日期: 2026-03-15 | 来源: http://epg.51zmt.top:8000/e1.xml.gz
频道: [中国教育2台（中国教育2台）] | 日期: 2026-03-15 | 来源: http://epg.51zmt.top:8000/e1.xml.gz
频道: [中国教育3台（中国教育3台）] | 日期: 2026-03-15 | 来源: http://epg.51zmt.top:8000/e1.xml.gz
频道: [中国教育4台（中国教育4台）] | 日期: 2026-03-15 | 来源: http://epg.51zmt.top:8000/e1.xml.gz
频道: [中国环球电视网（中国环球电视网）] | 日期: 2026-03-14 | 来源: https://epg.136605.xyz/9days.xml
频道: [中国环球电视网（中国环球电视网）] | 日期: 2026-03-15 | 来源: https://epg.136605.xyz/9days.xml
频道: [中国环球电视网（中国环球电视网）] | 日期: 2026-03-16 | 来源: https://epg.136605.xyz/9days.xml
频道: [中国环球电视网（中国环球电视网）] | 日期: 2026-03-17 | 来源: https://epg.136605.xyz/9days.xml
频道: [中国环球电视网（中国环球电视网）] | 日期: 2026-03-18 | 来源: http://epg.cdn.loc.cc/xml
频道: [中国环球电视网（中国环球电视网）] | 日期: 2026-03-19 | 来源: http://epg.cdn.loc.cc/xml
频道: [中国环球电视网（中国环球电视网）] | 日期: 2026-03-20 | 来源: http://epg.cdn.loc.cc/xml
频道: [中天亚洲台（中天亚洲台）] | 日期: 2026-03-14 | 来源: https://epg.136605.xyz/9days.xml
频道: [中天亚洲台（中天亚洲台）] | 日期: 2026-03-15 | 来源: https://epg.136605.xyz/9days.xml
频道: [中天亚洲台（中天亚洲台）] | 日期: 2026-03-16 | 来源: https://epg.136605.xyz/9days.xml
频道: [中天亚洲台（中天亚洲台）] | 日期: 2026-03-17 | 来源: https://epg.136605.xyz/9days.xml
频道: [中天亚洲台（中天亚洲台）] | 日期: 2026-03-18 | 来源: http://epg.cdn.loc.cc/xml
频道: [中天亚洲台（中天亚洲台）] | 日期: 2026-03-19 | 来源: http://epg.cdn.loc.cc/xml
频道: [中天亚洲台（中天亚洲台）] | 日期: 2026-03-20 | 来源: http://epg.cdn.loc.cc/xml
频道: [中天新闻台（中天新闻台）] | 日期: 2026-03-14 | 来源: https://epg.136605.xyz/9days.xml
频道: [中天新闻台（中天新闻台）] | 日期: 2026-03-15 | 来源: http://epg.cdn.loc.cc/xml
频道: [中天新闻台（中天新闻台）] | 日期: 2026-03-16 | 来源: http://epg.cdn.loc.cc/xml
频道: [中天新闻台（中天新闻台）] | 日期: 2026-03-17 | 来源: https://epg.136605.xyz/9days.xml
频道: [中央电视台新闻频道（中央电视台新闻频道）] | 日期: 2026-03-15 | 来源: http://epg.cdn.loc.cc/xml
频道: [中央电视台新闻频道（中央电视台新闻频道）] | 日期: 2026-03-16 | 来源: http://epg.cdn.loc.cc/xml
频道: [中央电视台新闻频道（中央电视台新闻频道）] | 日期: 2026-03-17 | 来源: http://epg.cdn.loc.cc/xml
频道: [中央电视台新闻频道（中央电视台新闻频道）] | 日期: 2026-03-18 | 来源: http://epg.cdn.loc.cc/xml
频道: [中央电视台新闻频道（中央电视台新闻频道）] | 日期: 2026-03-19 | 来源: http://epg.cdn.loc.cc/xml
频道: [中央电视台新闻频道（中央电视台新闻频道）] | 日期: 2026-03-20 | 来源: http://epg.cdn.loc.cc/xml
频道: [中央电视台综合频道（中央电视台综合频道）] | 日期: 2026-03-14 | 来源: http://epg.cdn.loc.cc/xml
频道: [中央电视台综合频道（中央电视台综合频道）] | 日期: 2026-03-15 | 来源: http://epg.cdn.loc.cc/xml
频道: [中央电视台综合频道（中央电视台综合频道）] | 日期: 2026-03-16 | 来源: http://epg.cdn.loc.cc/xml
频道: [中央电视台综合频道（中央电视台综合频道）] | 日期: 2026-03-17 | 来源: http://epg.cdn.loc.cc/xml
频道: [中央电视台综合频道（中央电视台综合频道）] | 日期: 2026-03-18 | 来源: http://epg.cdn.loc.cc/xml
频道: [中央电视台综合频道（中央电视台综合频道）] | 日期: 2026-03-19 | 来源: http://epg.cdn.loc.cc/xml
频道: [中央电视台综合频道（中央电视台综合频道）] | 日期: 2026-03-20 | 来源: http://epg.cdn.loc.cc/xml
频道: [中央电视台综合频道（中央电视台综合频道）] | 日期: 2026-03-21 | 来源: http://epg.cdn.loc.cc/xml
频道: [中央电视台综合频道（中央电视台综合频道）] | 日期: 2026-03-22 | 来源: http://epg.cdn.loc.cc/xml
频道: [中央电视台综合频道（中央电视台综合频道）] | 日期: 2026-03-23 | 来源: http://epg.cdn.loc.cc/xml
频道: [中央电视台综合频道 (港澳版)（中央电视台综合频道 (港澳版)）] | 日期: 2026-03-14 | 来源: https://github.com/litiande03/epg/raw/refs/heads/master/pl.xml.gz
频道: [中央电视台综合频道 (港澳版)（中央电视台综合频道 (港澳版)）] | 日期: 2026-03-15 | 来源: https://github.com/litiande03/epg/raw/refs/heads/master/pl.xml.gz
频道: [中央电视台综合频道 (港澳版)（中央电视台综合频道 (港澳版)）] | 日期: 2026-03-16 | 来源: https://github.com/litiande03/epg/raw/refs/heads/master/pl.xml.gz
频道: [中央电视台综合频道 (港澳版)（中央电视台综合频道 (港澳版)）] | 日期: 2026-03-17 | 来源: https://github.com/litiande03/epg/raw/refs/heads/master/pl.xml.gz
频道: [中央电视台综合频道 (港澳版)（中央电视台综合频道 (港澳版)）] | 日期: 2026-03-18 | 来源: https://github.com/litiande03/epg/raw/refs/heads/master/pl.xml.gz
频道: [中学生（中学生）] | 日期: 2026-03-14 | 来源: https://epg.136605.xyz/9days.xml
频道: [中学生（中学生）] | 日期: 2026-03-15 | 来源: https://epg.136605.xyz/9days.xml
频道: [中学生（中学生）] | 日期: 2026-03-16 | 来源: https://epg.136605.xyz/9days.xml
频道: [中学生（中学生）] | 日期: 2026-03-17 | 来源: https://epg.136605.xyz/9days.xml
频道: [中山综合（中山综合）] | 日期: 2026-03-15 | 来源: https://github.com/litiande03/epg/raw/refs/heads/master/pl.xml.gz
频道: [中山综合（中山综合）] | 日期: 2026-03-16 | 来源: https://github.com/litiande03/epg/raw/refs/heads/master/pl.xml.gz
频道: [中山综合（中山综合）] | 日期: 2026-03-17 | 来源: https://github.com/litiande03/epg/raw/refs/heads/master/pl.xml.gz
频道: [中视（中视）] | 日期: 2026-03-15 | 来源: https://github.com/litiande03/epg/raw/refs/heads/master/pl.xml.gz
频道: [中视（中视）] | 日期: 2026-03-16 | 来源: https://github.com/litiande03/epg/raw/refs/heads/master/pl.xml.gz
频道: [中视（中视）] | 日期: 2026-03-17 | 来源: https://github.com/litiande03/epg/raw/refs/heads/master/pl.xml.gz
频道: [中视主频（中视主频）] | 日期: 2026-03-15 | 来源: http://epg.cdn.loc.cc/xml
频道: [中视主频（中视主频）] | 日期: 2026-03-16 | 来源: http://epg.cdn.loc.cc/xml
频道: [中视新闻（中视新闻）] | 日期: 2026-03-15 | 来源: https://github.com/litiande03/epg/raw/refs/heads/master/pl.xml.gz
频道: [中视新闻（中视新闻）] | 日期: 2026-03-16 | 来源: https://github.com/litiande03/epg/raw/refs/heads/master/pl.xml.gz
频道: [中视新闻（中视新闻）] | 日期: 2026-03-17 | 来源: https://github.com/litiande03/epg/raw/refs/heads/master/pl.xml.gz
频道: [中视新闻台（中视新闻台）] | 日期: 2026-03-15 | 来源: http://e.erw.cc/all.xml.gz
频道: [中视新闻台（中视新闻台）] | 日期: 2026-03-16 | 来源: http://epg.cdn.loc.cc/xml
频道: [中视新闻台（中视新闻台）] | 日期: 2026-03-17 | 来源: https://github.com/litiande03/epg/raw/refs/heads/master/pl.xml.gz
频道: [中视经典台（中视经典台）] | 日期: 2026-03-15 | 来源: http://epg.cdn.loc.cc/xml
频道: [中视经典台（中视经典台）] | 日期: 2026-03-16 | 来源: http://epg.cdn.loc.cc/xml
频道: [中视菁采台（中视菁采台）] | 日期: 2026-03-15 | 来源: http://epg.cdn.loc.cc/xml
频道: [中视菁采台（中视菁采台）] | 日期: 2026-03-16 | 来源: http://epg.cdn.loc.cc/xml
频道: [之江纪录（之江纪录）] | 日期: 2026-03-14 | 来源: http://e.erw.cc/all.xml.gz
频道: [之江纪录（之江纪录）] | 日期: 2026-03-15 | 来源: http://e.erw.cc/all.xml.gz
频道: [乐游（乐游）] | 日期: 2026-03-14 | 来源: https://epg.deny.vip/sh/tel-epg.xml
频道: [乐游（乐游）] | 日期: 2026-03-15 | 来源: https://epg.deny.vip/sh/tel-epg.xml
频道: [乐游（乐游）] | 日期: 2026-03-16 | 来源: https://epg.deny.vip/sh/tel-epg.xml
频道: [书画（书画）] | 日期: 2026-03-14 | 来源: https://epg.136605.xyz/9days.xml
频道: [书画（书画）] | 日期: 2026-03-15 | 来源: http://e.erw.cc/all.xml.gz
频道: [书画（书画）] | 日期: 2026-03-16 | 来源: https://epg.136605.xyz/9days.xml
频道: [云南卫视（云南卫视）] | 日期: 2026-03-14 | 来源: https://epg.136605.xyz/9days.xml
频道: [云南卫视（云南卫视）] | 日期: 2026-03-15 | 来源: https://epg.136605.xyz/9days.xml
频道: [云南卫视（云南卫视）] | 日期: 2026-03-16 | 来源: https://epg.136605.xyz/9days.xml
频道: [云南卫视（云南卫视）] | 日期: 2026-03-17 | 来源: https://epg.136605.xyz/9days.xml
频道: [云南卫视（云南卫视）] | 日期: 2026-03-18 | 来源: https://github.com/zzzz0317/beijing-unicom-iptv-playlist/raw/refs/heads/main/epg.xml
频道: [云南娱乐（云南娱乐）] | 日期: 2026-03-15 | 来源: http://epg.51zmt.top:8000/e1.xml.gz
频道: [云南少儿（云南少儿）] | 日期: 2026-03-15 | 来源: http://epg.51zmt.top:8000/e1.xml.gz
频道: [云南康旅（云南康旅）] | 日期: 2026-03-15 | 来源: http://epg.51zmt.top:8000/e1.xml.gz
频道: [云南影视（云南影视）] | 日期: 2026-03-15 | 来源: http://e.erw.cc/all.xml.gz
频道: [云南澜湄国际卫视（云南澜湄国际卫视）] | 日期: 2026-03-14 | 来源: http://epg.cdn.loc.cc/xml
频道: [云南澜湄国际卫视（云南澜湄国际卫视）] | 日期: 2026-03-15 | 来源: http://epg.cdn.loc.cc/xml
频道: [云南澜湄国际卫视（云南澜湄国际卫视）] | 日期: 2026-03-16 | 来源: http://epg.cdn.loc.cc/xml
频道: [云南澜湄国际卫视（云南澜湄国际卫视）] | 日期: 2026-03-17 | 来源: http://epg.cdn.loc.cc/xml
频道: [云南澜湄国际卫视（云南澜湄国际卫视）] | 日期: 2026-03-18 | 来源: http://epg.cdn.loc.cc/xml
频道: [云南澜湄国际卫视（云南澜湄国际卫视）] | 日期: 2026-03-19 | 来源: http://epg.cdn.loc.cc/xml
频道: [云南澜湄国际卫视（云南澜湄国际卫视）] | 日期: 2026-03-20 | 来源: http://epg.cdn.loc.cc/xml
频道: [云南澜湄国际卫视（云南澜湄国际卫视）] | 日期: 2026-03-21 | 来源: http://epg.cdn.loc.cc/xml
频道: [云南澜湄国际卫视（云南澜湄国际卫视）] | 日期: 2026-03-22 | 来源: http://epg.cdn.loc.cc/xml
频道: [云南澜湄国际卫视（云南澜湄国际卫视）] | 日期: 2026-03-23 | 来源: http://epg.cdn.loc.cc/xml
频道: [云南都市（云南都市）] | 日期: 2026-03-15 | 来源: http://epg.51zmt.top:8000/e1.xml.gz
频道: [云浮文旅（云浮文旅）] | 日期: 2026-03-15 | 来源: https://github.com/litiande03/epg/raw/refs/heads/master/pl.xml.gz
频道: [云浮文旅（云浮文旅）] | 日期: 2026-03-16 | 来源: https://github.com/litiande03/epg/raw/refs/heads/master/pl.xml.gz
频道: [云浮文旅（云浮文旅）] | 日期: 2026-03-17 | 来源: https://github.com/litiande03/epg/raw/refs/heads/master/pl.xml.gz
频道: [云浮综合（云浮综合）] | 日期: 2026-03-15 | 来源: https://github.com/litiande03/epg/raw/refs/heads/master/pl.xml.gz
频道: [云浮综合（云浮综合）] | 日期: 2026-03-16 | 来源: https://github.com/litiande03/epg/raw/refs/heads/master/pl.xml.gz
频道: [云浮综合（云浮综合）] | 日期: 2026-03-17 | 来源: https://github.com/litiande03/epg/raw/refs/heads/master/pl.xml.gz
频道: [五星体育（五星体育）] | 日期: 2026-03-15 | 来源: https://epg.deny.vip/sh/tel-epg.xml
频道: [五星体育（五星体育）] | 日期: 2026-03-16 | 来源: https://epg.deny.vip/sh/tel-epg.xml
频道: [亚洲剧台（亚洲剧台）] | 日期: 2026-03-14 | 来源: http://epg.cdn.loc.cc/xml
频道: [亚洲剧台（亚洲剧台）] | 日期: 2026-03-15 | 来源: https://epg.136605.xyz/9days.xml
频道: [亚洲剧台（亚洲剧台）] | 日期: 2026-03-16 | 来源: https://epg.136605.xyz/9days.xml
频道: [亚洲剧台（亚洲剧台）] | 日期: 2026-03-17 | 来源: https://epg.136605.xyz/9days.xml
频道: [亚洲剧台（亚洲剧台）] | 日期: 2026-03-18 | 来源: http://epg.cdn.loc.cc/xml
频道: [亚洲剧台（亚洲剧台）] | 日期: 2026-03-19 | 来源: http://epg.cdn.loc.cc/xml
频道: [亚洲剧台（亚洲剧台）] | 日期: 2026-03-20 | 来源: http://epg.cdn.loc.cc/xml
频道: [亚洲剧台（亚洲剧台）] | 日期: 2026-03-21 | 来源: http://epg.cdn.loc.cc/xml
频道: [亚洲剧台（亚洲剧台）] | 日期: 2026-03-22 | 来源: http://epg.cdn.loc.cc/xml
频道: [亚洲剧台（亚洲剧台）] | 日期: 2026-03-23 | 来源: http://epg.cdn.loc.cc/xml
频道: [亚洲影院（亚洲影院）] | 日期: 2026-03-15 | 来源: https://liliu.serv00.net/epg/download.php?type=xml
频道: [亚洲影院（亚洲影院）] | 日期: 2026-03-16 | 来源: https://liliu.serv00.net/epg/download.php?type=xml
频道: [亚洲影院（亚洲影院）] | 日期: 2026-03-17 | 来源: https://liliu.serv00.net/epg/download.php?type=xml
频道: [亚洲新闻（亚洲新闻）] | 日期: 2026-03-14 | 来源: http://e.erw.cc/all.xml.gz
频道: [亚洲新闻（亚洲新闻）] | 日期: 2026-03-15 | 来源: http://e.erw.cc/all.xml.gz
频道: [亚洲新闻台（亚洲新闻台）] | 日期: 2026-03-14 | 来源: http://epg.cdn.loc.cc/xml
频道: [亚洲新闻台（亚洲新闻台）] | 日期: 2026-03-15 | 来源: https://epg.136605.xyz/9days.xml
频道: [亚洲新闻台（亚洲新闻台）] | 日期: 2026-03-16 | 来源: https://epg.136605.xyz/9days.xml
频道: [亚洲新闻台（亚洲新闻台）] | 日期: 2026-03-17 | 来源: https://epg.136605.xyz/9days.xml
频道: [亚洲新闻台（亚洲新闻台）] | 日期: 2026-03-18 | 来源: http://epg.cdn.loc.cc/xml
频道: [亚洲新闻台（亚洲新闻台）] | 日期: 2026-03-19 | 来源: http://epg.cdn.loc.cc/xml
频道: [亚洲新闻台（亚洲新闻台）] | 日期: 2026-03-20 | 来源: http://epg.cdn.loc.cc/xml
频道: [亚洲新闻台（亚洲新闻台）] | 日期: 2026-03-21 | 来源: http://epg.cdn.loc.cc/xml
频道: [亚洲新闻台（亚洲新闻台）] | 日期: 2026-03-22 | 来源: http://epg.cdn.loc.cc/xml
频道: [亚洲新闻台（亚洲新闻台）] | 日期: 2026-03-23 | 来源: http://epg.cdn.loc.cc/xml
频道: [亚洲旅游台（亚洲旅游台）] | 日期: 2026-03-15 | 来源: https://github.com/litiande03/epg/raw/refs/heads/master/pl.xml.gz
频道: [亚洲旅游台（亚洲旅游台）] | 日期: 2026-03-16 | 来源: https://github.com/litiande03/epg/raw/refs/heads/master/pl.xml.gz
频道: [亚洲旅游台（亚洲旅游台）] | 日期: 2026-03-17 | 来源: https://github.com/litiande03/epg/raw/refs/heads/master/pl.xml.gz
频道: [亚洲旅游台（亚洲旅游台）] | 日期: 2026-03-18 | 来源: http://epg.cdn.loc.cc/xml
频道: [亚洲旅游台（亚洲旅游台）] | 日期: 2026-03-19 | 来源: http://epg.cdn.loc.cc/xml
频道: [亚洲旅游台（亚洲旅游台）] | 日期: 2026-03-20 | 来源: http://epg.cdn.loc.cc/xml
频道: [亚洲旅游台（亚洲旅游台）] | 日期: 2026-03-21 | 来源: http://epg.cdn.loc.cc/xml
频道: [亚洲电影（亚洲电影）] | 日期: 2026-03-15 | 来源: http://e.erw.cc/all.xml.gz
频道: [亚洲美食台（亚洲美食台）] | 日期: 2026-03-14 | 来源: https://epg.136605.xyz/9days.xml
频道: [亚洲美食台（亚洲美食台）] | 日期: 2026-03-15 | 来源: http://epg.cdn.loc.cc/xml
频道: [亚洲美食台（亚洲美食台）] | 日期: 2026-03-16 | 来源: http://epg.cdn.loc.cc/xml
频道: [亚洲美食台（亚洲美食台）] | 日期: 2026-03-17 | 来源: http://epg.cdn.loc.cc/xml
频道: [亚洲美食台（亚洲美食台）] | 日期: 2026-03-18 | 来源: http://epg.cdn.loc.cc/xml
频道: [亚洲美食台（亚洲美食台）] | 日期: 2026-03-19 | 来源: http://epg.cdn.loc.cc/xml
频道: [亚洲美食台（亚洲美食台）] | 日期: 2026-03-20 | 来源: http://epg.cdn.loc.cc/xml
频道: [人间卫视（人间卫视）] | 日期: 2026-03-15 | 来源: http://epg.cdn.loc.cc/xml
频道: [人间卫视（人间卫视）] | 日期: 2026-03-16 | 来源: http://epg.cdn.loc.cc/xml
频道: [人间卫视（人间卫视）] | 日期: 2026-03-17 | 来源: http://epg.cdn.loc.cc/xml
频道: [人间卫视（人间卫视）] | 日期: 2026-03-18 | 来源: http://epg.cdn.loc.cc/xml
频道: [人间卫视（人间卫视）] | 日期: 2026-03-19 | 来源: http://epg.cdn.loc.cc/xml
频道: [人间卫视（人间卫视）] | 日期: 2026-03-20 | 来源: http://epg.cdn.loc.cc/xml
频道: [人间卫视（人间卫视）] | 日期: 2026-03-21 | 来源: http://epg.cdn.loc.cc/xml
频道: [优优宝贝（优优宝贝）] | 日期: 2026-03-15 | 来源: https://liliu.serv00.net/epg/download.php?type=xml
频道: [优漫卡通（优漫卡通）] | 日期: 2026-03-14 | 来源: https://epg.136605.xyz/9days.xml
频道: [优漫卡通（优漫卡通）] | 日期: 2026-03-15 | 来源: https://epg.136605.xyz/9days.xml
频道: [优漫卡通（优漫卡通）] | 日期: 2026-03-16 | 来源: https://epg.136605.xyz/9days.xml
频道: [优漫卡通（优漫卡通）] | 日期: 2026-03-17 | 来源: https://epg.136605.xyz/9days.xml
频道: [优漫卡通（优漫卡通）] | 日期: 2026-03-18 | 来源: https://epg.136605.xyz/9days.xml
频道: [优购物（优购物）] | 日期: 2026-03-14 | 来源: https://github.com/zzzz0317/beijing-unicom-iptv-playlist/raw/refs/heads/main/epg.xml
频道: [优购物（优购物）] | 日期: 2026-03-15 | 来源: https://github.com/zzzz0317/beijing-unicom-iptv-playlist/raw/refs/heads/main/epg.xml
频道: [优购物（优购物）] | 日期: 2026-03-16 | 来源: https://github.com/zzzz0317/beijing-unicom-iptv-playlist/raw/refs/heads/main/epg.xml
频道: [优购物（优购物）] | 日期: 2026-03-17 | 来源: https://github.com/zzzz0317/beijing-unicom-iptv-playlist/raw/refs/heads/main/epg.xml
频道: [优购物（优购物）] | 日期: 2026-03-18 | 来源: https://github.com/zzzz0317/beijing-unicom-iptv-playlist/raw/refs/heads/main/epg.xml
频道: [优购物（优购物）] | 日期: 2026-03-19 | 来源: https://github.com/zzzz0317/beijing-unicom-iptv-playlist/raw/refs/heads/main/epg.xml
频道: [优购物（优购物）] | 日期: 2026-03-20 | 来源: https://github.com/zzzz0317/beijing-unicom-iptv-playlist/raw/refs/heads/main/epg.xml
频道: [优购物（优购物）] | 日期: 2026-03-21 | 来源: https://github.com/zzzz0317/beijing-unicom-iptv-playlist/raw/refs/heads/main/epg.xml
频道: [优购物（优购物）] | 日期: 2026-03-22 | 来源: https://github.com/zzzz0317/beijing-unicom-iptv-playlist/raw/refs/heads/main/epg.xml
频道: [佛山南海（佛山南海）] | 日期: 2026-03-15 | 来源: https://github.com/litiande03/epg/raw/refs/heads/master/pl.xml.gz
频道: [佛山南海（佛山南海）] | 日期: 2026-03-16 | 来源: https://github.com/litiande03/epg/raw/refs/heads/master/pl.xml.gz
频道: [佛山南海（佛山南海）] | 日期: 2026-03-17 | 来源: https://github.com/litiande03/epg/raw/refs/heads/master/pl.xml.gz
频道: [佛山城市生活（佛山城市生活）] | 日期: 2026-03-15 | 来源: https://github.com/litiande03/epg/raw/refs/heads/master/pl.xml.gz
频道: [佛山城市生活（佛山城市生活）] | 日期: 2026-03-16 | 来源: https://github.com/litiande03/epg/raw/refs/heads/master/pl.xml.gz
频道: [佛山城市生活（佛山城市生活）] | 日期: 2026-03-17 | 来源: https://github.com/litiande03/epg/raw/refs/heads/master/pl.xml.gz
频道: [佛山综合（佛山综合）] | 日期: 2026-03-15 | 来源: https://github.com/litiande03/epg/raw/refs/heads/master/pl.xml.gz
频道: [佛山综合（佛山综合）] | 日期: 2026-03-16 | 来源: https://github.com/litiande03/epg/raw/refs/heads/master/pl.xml.gz
频道: [佛山综合（佛山综合）] | 日期: 2026-03-17 | 来源: https://github.com/litiande03/epg/raw/refs/heads/master/pl.xml.gz
频道: [佛山顺德（佛山顺德）] | 日期: 2026-03-15 | 来源: https://github.com/litiande03/epg/raw/refs/heads/master/pl.xml.gz
频道: [佛山顺德（佛山顺德）] | 日期: 2026-03-16 | 来源: https://github.com/litiande03/epg/raw/refs/heads/master/pl.xml.gz
频道: [佛山顺德（佛山顺德）] | 日期: 2026-03-17 | 来源: https://github.com/litiande03/epg/raw/refs/heads/master/pl.xml.gz
频道: [倪珍播新闻（倪珍播新闻）] | 日期: 2026-03-15 | 来源: https://github.com/litiande03/epg/raw/refs/heads/master/pl.xml.gz
频道: [倪珍播新闻（倪珍播新闻）] | 日期: 2026-03-16 | 来源: https://github.com/litiande03/epg/raw/refs/heads/master/pl.xml.gz
频道: [倪珍播新闻（倪珍播新闻）] | 日期: 2026-03-17 | 来源: https://github.com/litiande03/epg/raw/refs/heads/master/pl.xml.gz
频道: [健康养生专区（健康养生专区）] | 日期: 2026-03-15 | 来源: https://github.com/mytv-android/SCTV_EPG/raw/refs/heads/main/epg.xml
频道: [光影（光影）] | 日期: 2026-03-15 | 来源: http://e.erw.cc/all.xml.gz
频道: [光影（光影）] | 日期: 2026-03-16 | 来源: https://github.com/zzzz0317/beijing-unicom-iptv-playlist/raw/refs/heads/main/epg.xml
频道: [光影（光影）] | 日期: 2026-03-17 | 来源: https://github.com/zzzz0317/beijing-unicom-iptv-playlist/raw/refs/heads/main/epg.xml
频道: [全民热练（全民热练）] | 日期: 2026-03-15 | 来源: http://e.erw.cc/all.xml.gz
频道: [全球大片专区（全球大片专区）] | 日期: 2026-03-15 | 来源: https://github.com/mytv-android/SCTV_EPG/raw/refs/heads/main/epg.xml
频道: [全纪实（全纪实）] | 日期: 2026-03-15 | 来源: http://epg.51zmt.top:8000/e1.xml.gz
频道: [八大精彩台（八大精彩台）] | 日期: 2026-03-14 | 来源: https://epg.136605.xyz/9days.xml
频道: [八大精彩台（八大精彩台）] | 日期: 2026-03-15 | 来源: https://epg.136605.xyz/9days.xml
频道: [八大精彩台（八大精彩台）] | 日期: 2026-03-16 | 来源: https://epg.136605.xyz/9days.xml
频道: [八大精彩台（八大精彩台）] | 日期: 2026-03-17 | 来源: https://epg.136605.xyz/9days.xml
频道: [八大精彩台（八大精彩台）] | 日期: 2026-03-18 | 来源: http://epg.cdn.loc.cc/xml
频道: [八大精彩台（八大精彩台）] | 日期: 2026-03-19 | 来源: http://epg.cdn.loc.cc/xml
频道: [八大精彩台（八大精彩台）] | 日期: 2026-03-20 | 来源: http://epg.cdn.loc.cc/xml
频道: [八大精彩台（八大精彩台）] | 日期: 2026-03-21 | 来源: http://epg.cdn.loc.cc/xml
频道: [八大综艺台（八大综艺台）] | 日期: 2026-03-14 | 来源: https://epg.136605.xyz/9days.xml
频道: [八大综艺台（八大综艺台）] | 日期: 2026-03-15 | 来源: https://epg.136605.xyz/9days.xml
频道: [八大综艺台（八大综艺台）] | 日期: 2026-03-16 | 来源: https://epg.136605.xyz/9days.xml
频道: [八大综艺台（八大综艺台）] | 日期: 2026-03-17 | 来源: https://epg.136605.xyz/9days.xml
频道: [八大综艺台（八大综艺台）] | 日期: 2026-03-18 | 来源: http://epg.cdn.loc.cc/xml
频道: [八大综艺台（八大综艺台）] | 日期: 2026-03-19 | 来源: http://epg.cdn.loc.cc/xml
频道: [八大综艺台（八大综艺台）] | 日期: 2026-03-20 | 来源: http://epg.cdn.loc.cc/xml
频道: [八大综艺台（八大综艺台）] | 日期: 2026-03-21 | 来源: http://epg.cdn.loc.cc/xml
频道: [公视戏剧（公视戏剧）] | 日期: 2026-03-14 | 来源: https://epg.136605.xyz/9days.xml
频道: [公视戏剧（公视戏剧）] | 日期: 2026-03-15 | 来源: https://epg.136605.xyz/9days.xml
频道: [公视戏剧（公视戏剧）] | 日期: 2026-03-16 | 来源: https://epg.136605.xyz/9days.xml
频道: [公视戏剧（公视戏剧）] | 日期: 2026-03-17 | 来源: https://epg.136605.xyz/9days.xml
频道: [公视戏剧（公视戏剧）] | 日期: 2026-03-18 | 来源: http://epg.cdn.loc.cc/xml
频道: [公视戏剧（公视戏剧）] | 日期: 2026-03-19 | 来源: http://epg.cdn.loc.cc/xml
频道: [公视戏剧（公视戏剧）] | 日期: 2026-03-20 | 来源: http://epg.cdn.loc.cc/xml
频道: [公视戏剧（公视戏剧）] | 日期: 2026-03-21 | 来源: http://epg.cdn.loc.cc/xml
频道: [兵器科技（兵器科技）] | 日期: 2026-03-14 | 来源: https://epg.136605.xyz/9days.xml
频道: [兵器科技（兵器科技）] | 日期: 2026-03-15 | 来源: http://epg.51zmt.top:8000/e1.xml.gz
频道: [兵器科技（兵器科技）] | 日期: 2026-03-16 | 来源: https://epg.deny.vip/sh/tel-epg.xml
频道: [兵器科技（兵器科技）] | 日期: 2026-03-17 | 来源: https://github.com/litiande03/epg/raw/refs/heads/master/pl.xml.gz
频道: [兵团卫视（兵团卫视）] | 日期: 2026-03-14 | 来源: https://github.com/plsy1/epg/raw/refs/heads/main/e/seven-days.xml.gz
频道: [兵团卫视（兵团卫视）] | 日期: 2026-03-15 | 来源: https://epg.136605.xyz/9days.xml
频道: [兵团卫视（兵团卫视）] | 日期: 2026-03-16 | 来源: https://epg.136605.xyz/9days.xml
频道: [兵团卫视（兵团卫视）] | 日期: 2026-03-17 | 来源: https://epg.136605.xyz/9days.xml
频道: [兵团卫视（兵团卫视）] | 日期: 2026-03-18 | 来源: https://github.com/zzzz0317/beijing-unicom-iptv-playlist/raw/refs/heads/main/epg.xml
频道: [内蒙农牧（内蒙农牧）] | 日期: 2026-03-15 | 来源: http://epg.51zmt.top:8000/e1.xml.gz
频道: [内蒙古农牧（内蒙古农牧）] | 日期: 2026-03-15 | 来源: http://e.erw.cc/all.xml.gz
频道: [内蒙古卫视（内蒙古卫视）] | 日期: 2026-03-14 | 来源: https://epg.136605.xyz/9days.xml
频道: [内蒙古卫视（内蒙古卫视）] | 日期: 2026-03-15 | 来源: https://epg.136605.xyz/9days.xml
频道: [内蒙古卫视（内蒙古卫视）] | 日期: 2026-03-16 | 来源: https://epg.136605.xyz/9days.xml
频道: [内蒙古卫视（内蒙古卫视）] | 日期: 2026-03-17 | 来源: https://epg.136605.xyz/9days.xml
频道: [内蒙古卫视（内蒙古卫视）] | 日期: 2026-03-18 | 来源: https://github.com/zzzz0317/beijing-unicom-iptv-playlist/raw/refs/heads/main/epg.xml
频道: [内蒙古少儿（内蒙古少儿）] | 日期: 2026-03-15 | 来源: http://e.erw.cc/all.xml.gz
频道: [内蒙古文体娱乐（内蒙古文体娱乐）] | 日期: 2026-03-15 | 来源: http://e.erw.cc/all.xml.gz
频道: [内蒙古新闻综合（内蒙古新闻综合）] | 日期: 2026-03-15 | 来源: http://e.erw.cc/all.xml.gz
频道: [内蒙古经济生活（内蒙古经济生活）] | 日期: 2026-03-15 | 来源: http://e.erw.cc/all.xml.gz
频道: [内蒙少儿（内蒙少儿）] | 日期: 2026-03-15 | 来源: http://epg.51zmt.top:8000/e1.xml.gz
频道: [内蒙文体娱乐（内蒙文体娱乐）] | 日期: 2026-03-15 | 来源: http://epg.51zmt.top:8000/e1.xml.gz
频道: [内蒙新闻综合（内蒙新闻综合）] | 日期: 2026-03-15 | 来源: http://epg.51zmt.top:8000/e1.xml.gz
频道: [内蒙经济生活（内蒙经济生活）] | 日期: 2026-03-15 | 来源: http://epg.51zmt.top:8000/e1.xml.gz
频道: [内蒙蒙语卫视（内蒙蒙语卫视）] | 日期: 2026-03-15 | 来源: http://epg.51zmt.top:8000/e1.xml.gz
频道: [军事（军事）] | 日期: 2026-03-15 | 来源: https://github.com/zzzz0317/beijing-unicom-iptv-playlist/raw/refs/heads/main/epg.xml
频道: [军事（军事）] | 日期: 2026-03-16 | 来源: https://github.com/zzzz0317/beijing-unicom-iptv-playlist/raw/refs/heads/main/epg.xml
频道: [军事（军事）] | 日期: 2026-03-17 | 来源: https://github.com/zzzz0317/beijing-unicom-iptv-playlist/raw/refs/heads/main/epg.xml
频道: [军事评论（军事评论）] | 日期: 2026-03-14 | 来源: https://epg.136605.xyz/9days.xml
频道: [军事评论（军事评论）] | 日期: 2026-03-15 | 来源: http://e.erw.cc/all.xml.gz
频道: [军事评论（军事评论）] | 日期: 2026-03-16 | 来源: https://epg.136605.xyz/9days.xml
频道: [军事评论（军事评论）] | 日期: 2026-03-17 | 来源: https://epg.136605.xyz/9days.xml
频道: [军旅剧场（军旅剧场）] | 日期: 2026-03-14 | 来源: https://epg.136605.xyz/9days.xml
频道: [军旅剧场（军旅剧场）] | 日期: 2026-03-15 | 来源: https://liliu.serv00.net/epg/download.php?type=xml
频道: [军旅剧场（军旅剧场）] | 日期: 2026-03-16 | 来源: https://github.com/zzzz0317/beijing-unicom-iptv-playlist/raw/refs/heads/main/epg.xml
频道: [军旅剧场（军旅剧场）] | 日期: 2026-03-17 | 来源: https://github.com/zzzz0317/beijing-unicom-iptv-playlist/raw/refs/heads/main/epg.xml
频道: [农业致富（农业致富）] | 日期: 2026-03-15 | 来源: http://e.erw.cc/all.xml.gz
频道: [农林卫视（农林卫视）] | 日期: 2026-03-14 | 来源: https://github.com/plsy1/epg/raw/refs/heads/main/e/seven-days.xml.gz
频道: [农林卫视（农林卫视）] | 日期: 2026-03-15 | 来源: https://epg.136605.xyz/9days.xml
频道: [农林卫视（农林卫视）] | 日期: 2026-03-16 | 来源: https://epg.136605.xyz/9days.xml
频道: [农林卫视（农林卫视）] | 日期: 2026-03-17 | 来源: https://epg.136605.xyz/9days.xml
频道: [农林卫视（农林卫视）] | 日期: 2026-03-18 | 来源: https://epg.136605.xyz/9days.xml
频道: [冰火频道（冰火频道）] | 日期: 2026-03-14 | 来源: https://epg.136605.xyz/9days.xml
频道: [冰火频道（冰火频道）] | 日期: 2026-03-15 | 来源: https://epg.136605.xyz/9days.xml
频道: [冰火频道（冰火频道）] | 日期: 2026-03-16 | 来源: https://epg.136605.xyz/9days.xml
频道: [冰火频道（冰火频道）] | 日期: 2026-03-17 | 来源: https://epg.136605.xyz/9days.xml
频道: [冰火频道（冰火频道）] | 日期: 2026-03-18 | 来源: http://epg.cdn.loc.cc/xml
频道: [冰火频道（冰火频道）] | 日期: 2026-03-19 | 来源: http://epg.cdn.loc.cc/xml
频道: [冰火频道（冰火频道）] | 日期: 2026-03-20 | 来源: http://epg.cdn.loc.cc/xml
频道: [凤凰中文（凤凰中文）] | 日期: 2026-03-14 | 来源: http://epg.cdn.loc.cc/xml
频道: [凤凰中文（凤凰中文）] | 日期: 2026-03-15 | 来源: https://epg.136605.xyz/9days.xml
频道: [凤凰中文（凤凰中文）] | 日期: 2026-03-16 | 来源: https://epg.136605.xyz/9days.xml
频道: [凤凰中文（凤凰中文）] | 日期: 2026-03-17 | 来源: https://epg.136605.xyz/9days.xml
频道: [凤凰中文（凤凰中文）] | 日期: 2026-03-18 | 来源: http://epg.cdn.loc.cc/xml
频道: [凤凰中文（凤凰中文）] | 日期: 2026-03-19 | 来源: http://epg.cdn.loc.cc/xml
频道: [凤凰中文（凤凰中文）] | 日期: 2026-03-20 | 来源: http://epg.cdn.loc.cc/xml
频道: [凤凰中文（凤凰中文）] | 日期: 2026-03-21 | 来源: http://epg.cdn.loc.cc/xml
频道: [凤凰中文（凤凰中文）] | 日期: 2026-03-22 | 来源: http://epg.cdn.loc.cc/xml
频道: [凤凰中文（凤凰中文）] | 日期: 2026-03-23 | 来源: http://epg.cdn.loc.cc/xml
频道: [凤凰卫视资讯台（凤凰卫视资讯台）] | 日期: 2026-03-14 | 来源: http://epg.cdn.loc.cc/xml
频道: [凤凰卫视资讯台（凤凰卫视资讯台）] | 日期: 2026-03-15 | 来源: http://epg.cdn.loc.cc/xml
频道: [凤凰卫视资讯台（凤凰卫视资讯台）] | 日期: 2026-03-16 | 来源: http://epg.cdn.loc.cc/xml
频道: [凤凰卫视资讯台（凤凰卫视资讯台）] | 日期: 2026-03-17 | 来源: http://epg.cdn.loc.cc/xml
频道: [凤凰卫视资讯台（凤凰卫视资讯台）] | 日期: 2026-03-18 | 来源: http://epg.cdn.loc.cc/xml
频道: [凤凰卫视资讯台（凤凰卫视资讯台）] | 日期: 2026-03-19 | 来源: http://epg.cdn.loc.cc/xml
频道: [凤凰卫视资讯台（凤凰卫视资讯台）] | 日期: 2026-03-20 | 来源: http://epg.cdn.loc.cc/xml
频道: [凤凰卫视资讯台（凤凰卫视资讯台）] | 日期: 2026-03-21 | 来源: http://epg.cdn.loc.cc/xml
频道: [凤凰卫视资讯台（凤凰卫视资讯台）] | 日期: 2026-03-22 | 来源: http://epg.cdn.loc.cc/xml
频道: [凤凰卫视资讯台（凤凰卫视资讯台）] | 日期: 2026-03-23 | 来源: http://epg.cdn.loc.cc/xml
频道: [凤凰电影（凤凰电影）] | 日期: 2026-03-15 | 来源: https://liliu.serv00.net/epg/download.php?type=xml
频道: [凤凰电影（凤凰电影）] | 日期: 2026-03-16 | 来源: https://liliu.serv00.net/epg/download.php?type=xml
频道: [凤凰资讯（凤凰资讯）] | 日期: 2026-03-14 | 来源: http://e.erw.cc/all.xml.gz
频道: [凤凰资讯（凤凰资讯）] | 日期: 2026-03-15 | 来源: http://epg.51zmt.top:8000/e1.xml.gz
频道: [凤凰资讯（凤凰资讯）] | 日期: 2026-03-16 | 来源: http://epg.51zmt.top:8000/e1.xml.gz
频道: [凤凰资讯（凤凰资讯）] | 日期: 2026-03-17 | 来源: https://epg.136605.xyz/9days.xml
频道: [凤凰香港（凤凰香港）] | 日期: 2026-03-14 | 来源: https://epg.136605.xyz/9days.xml
频道: [凤凰香港（凤凰香港）] | 日期: 2026-03-15 | 来源: https://epg.136605.xyz/9days.xml
频道: [凤凰香港（凤凰香港）] | 日期: 2026-03-16 | 来源: http://epg.cdn.loc.cc/xml
频道: [凤凰香港（凤凰香港）] | 日期: 2026-03-17 | 来源: https://epg.136605.xyz/9days.xml
频道: [凤凰香港（凤凰香港）] | 日期: 2026-03-18 | 来源: http://epg.cdn.loc.cc/xml
频道: [凤凰香港（凤凰香港）] | 日期: 2026-03-19 | 来源: http://epg.cdn.loc.cc/xml
频道: [凤凰香港（凤凰香港）] | 日期: 2026-03-20 | 来源: http://epg.cdn.loc.cc/xml
频道: [凤凰香港（凤凰香港）] | 日期: 2026-03-21 | 来源: http://epg.cdn.loc.cc/xml
频道: [凤凰香港（凤凰香港）] | 日期: 2026-03-22 | 来源: http://epg.cdn.loc.cc/xml
频道: [凤凰香港（凤凰香港）] | 日期: 2026-03-23 | 来源: http://epg.cdn.loc.cc/xml
频道: [创世电视（创世电视）] | 日期: 2026-03-14 | 来源: http://epg.cdn.loc.cc/xml
频道: [创世电视（创世电视）] | 日期: 2026-03-15 | 来源: https://epg.136605.xyz/9days.xml
频道: [创世电视（创世电视）] | 日期: 2026-03-16 | 来源: https://epg.136605.xyz/9days.xml
频道: [创世电视（创世电视）] | 日期: 2026-03-17 | 来源: https://epg.136605.xyz/9days.xml
频道: [创世电视（创世电视）] | 日期: 2026-03-18 | 来源: http://epg.cdn.loc.cc/xml
频道: [创世电视（创世电视）] | 日期: 2026-03-19 | 来源: http://epg.cdn.loc.cc/xml
频道: [创世电视（创世电视）] | 日期: 2026-03-20 | 来源: http://epg.cdn.loc.cc/xml
频道: [创世电视（创世电视）] | 日期: 2026-03-21 | 来源: http://epg.cdn.loc.cc/xml
频道: [创世电视（创世电视）] | 日期: 2026-03-22 | 来源: http://epg.cdn.loc.cc/xml
频道: [创世电视（创世电视）] | 日期: 2026-03-23 | 来源: http://epg.cdn.loc.cc/xml
频道: [力量影院（力量影院）] | 日期: 2026-03-15 | 来源: http://e.erw.cc/all.xml.gz
频道: [动作影院（动作影院）] | 日期: 2026-03-15 | 来源: http://e.erw.cc/all.xml.gz
频道: [动作影院（动作影院）] | 日期: 2026-03-16 | 来源: https://github.com/zzzz0317/beijing-unicom-iptv-playlist/raw/refs/heads/main/epg.xml
频道: [动作影院（动作影院）] | 日期: 2026-03-17 | 来源: https://github.com/zzzz0317/beijing-unicom-iptv-playlist/raw/refs/heads/main/epg.xml
频道: [动作电影（动作电影）] | 日期: 2026-03-14 | 来源: https://epg.136605.xyz/9days.xml
频道: [动作电影（动作电影）] | 日期: 2026-03-15 | 来源: https://epg.136605.xyz/9days.xml
频道: [动作电影（动作电影）] | 日期: 2026-03-16 | 来源: https://epg.136605.xyz/9days.xml
频道: [动作电影（动作电影）] | 日期: 2026-03-17 | 来源: https://epg.136605.xyz/9days.xml
频道: [动漫秀场（动漫秀场）] | 日期: 2026-03-14 | 来源: https://github.com/plsy1/epg/raw/refs/heads/main/e/seven-days.xml.gz
频道: [动漫秀场（动漫秀场）] | 日期: 2026-03-15 | 来源: https://epg.deny.vip/sh/tel-epg.xml
频道: [动漫秀场（动漫秀场）] | 日期: 2026-03-16 | 来源: https://epg.deny.vip/sh/tel-epg.xml
频道: [动物星球频道（动物星球频道）] | 日期: 2026-03-14 | 来源: http://epg.cdn.loc.cc/xml
频道: [动物星球频道（动物星球频道）] | 日期: 2026-03-15 | 来源: http://epg.cdn.loc.cc/xml
频道: [动物星球频道（动物星球频道）] | 日期: 2026-03-16 | 来源: http://epg.cdn.loc.cc/xml
频道: [动物星球频道（动物星球频道）] | 日期: 2026-03-17 | 来源: http://epg.cdn.loc.cc/xml
频道: [动物星球频道（动物星球频道）] | 日期: 2026-03-18 | 来源: http://epg.cdn.loc.cc/xml
频道: [动物星球频道（动物星球频道）] | 日期: 2026-03-19 | 来源: http://epg.cdn.loc.cc/xml
频道: [动物星球频道（动物星球频道）] | 日期: 2026-03-20 | 来源: http://epg.cdn.loc.cc/xml
频道: [动画（动画）] | 日期: 2026-03-15 | 来源: https://github.com/zzzz0317/beijing-unicom-iptv-playlist/raw/refs/heads/main/epg.xml
频道: [动画（动画）] | 日期: 2026-03-16 | 来源: https://github.com/zzzz0317/beijing-unicom-iptv-playlist/raw/refs/heads/main/epg.xml
频道: [动画（动画）] | 日期: 2026-03-17 | 来源: https://github.com/zzzz0317/beijing-unicom-iptv-playlist/raw/refs/heads/main/epg.xml
频道: [劲爆体育（劲爆体育）] | 日期: 2026-03-15 | 来源: http://e.erw.cc/all.xml.gz
频道: [北京IPTV4K超清（北京IPTV4K超清）] | 日期: 2026-03-15 | 来源: http://e.erw.cc/all.xml.gz
频道: [北京体育休闲（北京体育休闲）] | 日期: 2026-03-15 | 来源: http://e.erw.cc/all.xml.gz
频道: [北京卫视（北京卫视）] | 日期: 2026-03-14 | 来源: https://github.com/plsy1/epg/raw/refs/heads/main/e/seven-days.xml.gz
频道: [北京卫视（北京卫视）] | 日期: 2026-03-15 | 来源: https://epg.deny.vip/sh/tel-epg.xml
频道: [北京卫视（北京卫视）] | 日期: 2026-03-16 | 来源: https://epg.deny.vip/sh/tel-epg.xml
频道: [北京卫视（北京卫视）] | 日期: 2026-03-17 | 来源: https://epg.136605.xyz/9days.xml
频道: [北京卫视（北京卫视）] | 日期: 2026-03-18 | 来源: https://epg.136605.xyz/9days.xml
频道: [北京卫视4K（北京卫视4K）] | 日期: 2026-03-14 | 来源: https://epg.136605.xyz/9days.xml
频道: [北京卫视4K（北京卫视4K）] | 日期: 2026-03-15 | 来源: https://liliu.serv00.net/epg/download.php?type=xml
频道: [北京卫视4K（北京卫视4K）] | 日期: 2026-03-16 | 来源: https://liliu.serv00.net/epg/download.php?type=xml
频道: [北京卫视4K（北京卫视4K）] | 日期: 2026-03-17 | 来源: https://epg.136605.xyz/9days.xml
频道: [北京卫视4K（北京卫视4K）] | 日期: 2026-03-18 | 来源: https://epg.136605.xyz/9days.xml
频道: [北京卫视4K超高清（北京卫视4K超高清）] | 日期: 2026-03-14 | 来源: https://github.com/zzzz0317/beijing-unicom-iptv-playlist/raw/refs/heads/main/epg.xml
频道: [北京卫视4K超高清（北京卫视4K超高清）] | 日期: 2026-03-15 | 来源: https://github.com/zzzz0317/beijing-unicom-iptv-playlist/raw/refs/heads/main/epg.xml
频道: [北京卫视4K超高清（北京卫视4K超高清）] | 日期: 2026-03-16 | 来源: https://github.com/zzzz0317/beijing-unicom-iptv-playlist/raw/refs/heads/main/epg.xml
频道: [北京卫视4K超高清（北京卫视4K超高清）] | 日期: 2026-03-17 | 来源: https://github.com/zzzz0317/beijing-unicom-iptv-playlist/raw/refs/heads/main/epg.xml
频道: [北京卫视4K超高清（北京卫视4K超高清）] | 日期: 2026-03-18 | 来源: https://github.com/zzzz0317/beijing-unicom-iptv-playlist/raw/refs/heads/main/epg.xml
频道: [北京卫视4K超高清（北京卫视4K超高清）] | 日期: 2026-03-19 | 来源: https://github.com/zzzz0317/beijing-unicom-iptv-playlist/raw/refs/heads/main/epg.xml
频道: [北京卫视4K超高清（北京卫视4K超高清）] | 日期: 2026-03-20 | 来源: https://github.com/zzzz0317/beijing-unicom-iptv-playlist/raw/refs/heads/main/epg.xml
频道: [北京卫视4K超高清（北京卫视4K超高清）] | 日期: 2026-03-21 | 来源: https://github.com/zzzz0317/beijing-unicom-iptv-playlist/raw/refs/heads/main/epg.xml
频道: [北京卫视4K超高清（北京卫视4K超高清）] | 日期: 2026-03-22 | 来源: https://github.com/zzzz0317/beijing-unicom-iptv-playlist/raw/refs/heads/main/epg.xml
频道: [北京卫视4K超高清 SDR（北京卫视4K超高清 SDR）] | 日期: 2026-03-14 | 来源: https://github.com/zzzz0317/beijing-unicom-iptv-playlist/raw/refs/heads/main/epg.xml
频道: [北京卫视4K超高清 SDR（北京卫视4K超高清 SDR）] | 日期: 2026-03-15 | 来源: https://github.com/zzzz0317/beijing-unicom-iptv-playlist/raw/refs/heads/main/epg.xml
频道: [北京卫视4K超高清 SDR（北京卫视4K超高清 SDR）] | 日期: 2026-03-16 | 来源: https://github.com/zzzz0317/beijing-unicom-iptv-playlist/raw/refs/heads/main/epg.xml
频道: [北京卫视4K超高清 SDR（北京卫视4K超高清 SDR）] | 日期: 2026-03-17 | 来源: https://github.com/zzzz0317/beijing-unicom-iptv-playlist/raw/refs/heads/main/epg.xml
频道: [北京卫视4K超高清 SDR（北京卫视4K超高清 SDR）] | 日期: 2026-03-18 | 来源: https://github.com/zzzz0317/beijing-unicom-iptv-playlist/raw/refs/heads/main/epg.xml
频道: [北京卫视4K超高清 SDR（北京卫视4K超高清 SDR）] | 日期: 2026-03-19 | 来源: https://github.com/zzzz0317/beijing-unicom-iptv-playlist/raw/refs/heads/main/epg.xml
频道: [北京卫视4K超高清 SDR（北京卫视4K超高清 SDR）] | 日期: 2026-03-20 | 来源: https://github.com/zzzz0317/beijing-unicom-iptv-playlist/raw/refs/heads/main/epg.xml
频道: [北京卫视4K超高清 SDR（北京卫视4K超高清 SDR）] | 日期: 2026-03-21 | 来源: https://github.com/zzzz0317/beijing-unicom-iptv-playlist/raw/refs/heads/main/epg.xml
频道: [北京卫视4K超高清 SDR（北京卫视4K超高清 SDR）] | 日期: 2026-03-22 | 来源: https://github.com/zzzz0317/beijing-unicom-iptv-playlist/raw/refs/heads/main/epg.xml
频道: [北京国际（北京国际）] | 日期: 2026-03-15 | 来源: http://e.erw.cc/all.xml.gz
频道: [北京影视（北京影视）] | 日期: 2026-03-15 | 来源: http://e.erw.cc/all.xml.gz
频道: [北京文艺（北京文艺）] | 日期: 2026-03-15 | 来源: http://e.erw.cc/all.xml.gz
频道: [北京新闻（北京新闻）] | 日期: 2026-03-15 | 来源: http://e.erw.cc/all.xml.gz
频道: [北京生活（北京生活）] | 日期: 2026-03-15 | 来源: http://e.erw.cc/all.xml.gz
频道: [北京电视台国际频道（北京电视台国际频道）] | 日期: 2026-03-14 | 来源: http://epg.cdn.loc.cc/xml
频道: [北京电视台国际频道（北京电视台国际频道）] | 日期: 2026-03-15 | 来源: http://epg.cdn.loc.cc/xml
频道: [北京电视台国际频道（北京电视台国际频道）] | 日期: 2026-03-16 | 来源: http://epg.cdn.loc.cc/xml
频道: [北京电视台国际频道（北京电视台国际频道）] | 日期: 2026-03-17 | 来源: http://epg.cdn.loc.cc/xml
频道: [北京电视台国际频道（北京电视台国际频道）] | 日期: 2026-03-18 | 来源: http://epg.cdn.loc.cc/xml
频道: [北京电视台国际频道（北京电视台国际频道）] | 日期: 2026-03-19 | 来源: http://epg.cdn.loc.cc/xml
频道: [北京电视台国际频道（北京电视台国际频道）] | 日期: 2026-03-20 | 来源: http://epg.cdn.loc.cc/xml
频道: [北京电视台国际频道（北京电视台国际频道）] | 日期: 2026-03-21 | 来源: http://epg.cdn.loc.cc/xml
频道: [北京电视台国际频道（北京电视台国际频道）] | 日期: 2026-03-22 | 来源: http://epg.cdn.loc.cc/xml
频道: [北京电视台国际频道（北京电视台国际频道）] | 日期: 2026-03-23 | 来源: http://epg.cdn.loc.cc/xml
频道: [北京纪实（北京纪实）] | 日期: 2026-03-15 | 来源: http://epg.51zmt.top:8000/e1.xml.gz
频道: [北京纪实科教（北京纪实科教）] | 日期: 2026-03-15 | 来源: http://e.erw.cc/all.xml.gz
频道: [北京财经（北京财经）] | 日期: 2026-03-15 | 来源: http://e.erw.cc/all.xml.gz
频道: [千禧经典台（千禧经典台）] | 日期: 2026-03-14 | 来源: http://epg.cdn.loc.cc/xml
频道: [千禧经典台（千禧经典台）] | 日期: 2026-03-15 | 来源: https://epg.136605.xyz/9days.xml
频道: [千禧经典台（千禧经典台）] | 日期: 2026-03-16 | 来源: https://epg.136605.xyz/9days.xml
频道: [千禧经典台（千禧经典台）] | 日期: 2026-03-17 | 来源: https://epg.136605.xyz/9days.xml
频道: [千禧经典台（千禧经典台）] | 日期: 2026-03-18 | 来源: http://epg.cdn.loc.cc/xml
频道: [千禧经典台（千禧经典台）] | 日期: 2026-03-19 | 来源: http://epg.cdn.loc.cc/xml
频道: [千禧经典台（千禧经典台）] | 日期: 2026-03-20 | 来源: http://epg.cdn.loc.cc/xml
频道: [千禧经典台（千禧经典台）] | 日期: 2026-03-21 | 来源: http://epg.cdn.loc.cc/xml
频道: [千禧经典台（千禧经典台）] | 日期: 2026-03-22 | 来源: http://epg.cdn.loc.cc/xml
频道: [千禧经典台（千禧经典台）] | 日期: 2026-03-23 | 来源: http://epg.cdn.loc.cc/xml
频道: [半岛国际新闻台（半岛国际新闻台）] | 日期: 2026-03-14 | 来源: https://epg.136605.xyz/9days.xml
频道: [半岛国际新闻台（半岛国际新闻台）] | 日期: 2026-03-15 | 来源: https://github.com/litiande03/epg/raw/refs/heads/master/pl.xml.gz
频道: [半岛国际新闻台（半岛国际新闻台）] | 日期: 2026-03-16 | 来源: https://github.com/litiande03/epg/raw/refs/heads/master/pl.xml.gz
频道: [半岛国际新闻台（半岛国际新闻台）] | 日期: 2026-03-17 | 来源: https://github.com/litiande03/epg/raw/refs/heads/master/pl.xml.gz
频道: [半岛电视台英语频道（半岛电视台英语频道）] | 日期: 2026-03-14 | 来源: http://epg.cdn.loc.cc/xml
频道: [半岛电视台英语频道（半岛电视台英语频道）] | 日期: 2026-03-15 | 来源: https://epg.136605.xyz/9days.xml
频道: [半岛电视台英语频道（半岛电视台英语频道）] | 日期: 2026-03-16 | 来源: https://epg.136605.xyz/9days.xml
频道: [半岛电视台英语频道（半岛电视台英语频道）] | 日期: 2026-03-17 | 来源: https://epg.136605.xyz/9days.xml
频道: [半岛电视台英语频道（半岛电视台英语频道）] | 日期: 2026-03-18 | 来源: http://epg.cdn.loc.cc/xml
频道: [半岛电视台英语频道（半岛电视台英语频道）] | 日期: 2026-03-19 | 来源: http://epg.cdn.loc.cc/xml
频道: [半岛电视台英语频道（半岛电视台英语频道）] | 日期: 2026-03-20 | 来源: http://epg.cdn.loc.cc/xml
频道: [半岛电视台英语频道（半岛电视台英语频道）] | 日期: 2026-03-21 | 来源: http://epg.cdn.loc.cc/xml
频道: [半岛电视台英语频道（半岛电视台英语频道）] | 日期: 2026-03-22 | 来源: http://epg.cdn.loc.cc/xml
频道: [半岛电视台英语频道（半岛电视台英语频道）] | 日期: 2026-03-23 | 来源: http://epg.cdn.loc.cc/xml
频道: [华数军旅剧场（华数军旅剧场）] | 日期: 2026-03-15 | 来源: http://e.erw.cc/all.xml.gz
频道: [华数古装剧场（华数古装剧场）] | 日期: 2026-03-15 | 来源: http://e.erw.cc/all.xml.gz
频道: [华艺中文台（华艺中文台）] | 日期: 2026-03-15 | 来源: http://epg.cdn.loc.cc/xml
频道: [华艺中文台（华艺中文台）] | 日期: 2026-03-16 | 来源: http://epg.cdn.loc.cc/xml
频道: [华艺中文台（华艺中文台）] | 日期: 2026-03-17 | 来源: http://epg.cdn.loc.cc/xml
频道: [华艺中文台（华艺中文台）] | 日期: 2026-03-18 | 来源: http://epg.cdn.loc.cc/xml
频道: [华艺中文台（华艺中文台）] | 日期: 2026-03-19 | 来源: http://epg.cdn.loc.cc/xml
频道: [华艺中文台（华艺中文台）] | 日期: 2026-03-20 | 来源: http://epg.cdn.loc.cc/xml
频道: [华艺中文台（华艺中文台）] | 日期: 2026-03-21 | 来源: http://epg.cdn.loc.cc/xml
频道: [华视（华视）] | 日期: 2026-03-15 | 来源: http://e.erw.cc/all.xml.gz
频道: [华视（华视）] | 日期: 2026-03-16 | 来源: https://github.com/litiande03/epg/raw/refs/heads/master/pl.xml.gz
频道: [华视（华视）] | 日期: 2026-03-17 | 来源: https://github.com/litiande03/epg/raw/refs/heads/master/pl.xml.gz
频道: [华视主频（华视主频）] | 日期: 2026-03-15 | 来源: http://epg.cdn.loc.cc/xml
频道: [华视主频（华视主频）] | 日期: 2026-03-16 | 来源: http://epg.cdn.loc.cc/xml
频道: [华视主频（华视主频）] | 日期: 2026-03-17 | 来源: http://epg.cdn.loc.cc/xml
频道: [华视主频（华视主频）] | 日期: 2026-03-18 | 来源: http://epg.cdn.loc.cc/xml
频道: [华视主频（华视主频）] | 日期: 2026-03-19 | 来源: http://epg.cdn.loc.cc/xml
频道: [华视主频（华视主频）] | 日期: 2026-03-20 | 来源: http://epg.cdn.loc.cc/xml
频道: [华视主频（华视主频）] | 日期: 2026-03-21 | 来源: http://epg.cdn.loc.cc/xml
频道: [华视新闻（华视新闻）] | 日期: 2026-03-14 | 来源: https://epg.136605.xyz/9days.xml
频道: [华视新闻（华视新闻）] | 日期: 2026-03-15 | 来源: https://epg.136605.xyz/9days.xml
频道: [华视新闻（华视新闻）] | 日期: 2026-03-16 | 来源: https://epg.136605.xyz/9days.xml
频道: [华视新闻（华视新闻）] | 日期: 2026-03-17 | 来源: https://epg.136605.xyz/9days.xml
频道: [华视新闻（华视新闻）] | 日期: 2026-03-18 | 来源: https://github.com/litiande03/epg/raw/refs/heads/master/pl.xml.gz
频道: [华视新闻资讯台（华视新闻资讯台）] | 日期: 2026-03-15 | 来源: http://epg.cdn.loc.cc/xml
频道: [华视新闻资讯台（华视新闻资讯台）] | 日期: 2026-03-16 | 来源: http://epg.cdn.loc.cc/xml
频道: [华视新闻资讯台（华视新闻资讯台）] | 日期: 2026-03-17 | 来源: http://epg.cdn.loc.cc/xml
频道: [华视新闻资讯台（华视新闻资讯台）] | 日期: 2026-03-18 | 来源: http://epg.cdn.loc.cc/xml
频道: [华视新闻资讯台（华视新闻资讯台）] | 日期: 2026-03-19 | 来源: http://epg.cdn.loc.cc/xml
频道: [华视新闻资讯台（华视新闻资讯台）] | 日期: 2026-03-20 | 来源: http://epg.cdn.loc.cc/xml
频道: [华视新闻资讯台（华视新闻资讯台）] | 日期: 2026-03-21 | 来源: http://epg.cdn.loc.cc/xml
频道: [华视新闻资讯台(免费)（华视新闻资讯台(免费)）] | 日期: 2026-03-15 | 来源: http://epg.cdn.loc.cc/xml
频道: [华视新闻资讯台(免费)（华视新闻资讯台(免费)）] | 日期: 2026-03-16 | 来源: http://epg.cdn.loc.cc/xml
频道: [华视新闻资讯台(免费)（华视新闻资讯台(免费)）] | 日期: 2026-03-17 | 来源: http://epg.cdn.loc.cc/xml
频道: [华视新闻资讯台(免费)（华视新闻资讯台(免费)）] | 日期: 2026-03-18 | 来源: http://epg.cdn.loc.cc/xml
频道: [华视新闻资讯台(免费)（华视新闻资讯台(免费)）] | 日期: 2026-03-19 | 来源: http://epg.cdn.loc.cc/xml
频道: [华视新闻资讯台(免费)（华视新闻资讯台(免费)）] | 日期: 2026-03-20 | 来源: http://epg.cdn.loc.cc/xml
频道: [华视新闻资讯台(免费)（华视新闻资讯台(免费)）] | 日期: 2026-03-21 | 来源: http://epg.cdn.loc.cc/xml
频道: [华语剧台（华语剧台）] | 日期: 2026-03-14 | 来源: http://epg.cdn.loc.cc/xml
频道: [华语剧台（华语剧台）] | 日期: 2026-03-15 | 来源: https://epg.136605.xyz/9days.xml
频道: [华语剧台（华语剧台）] | 日期: 2026-03-16 | 来源: https://epg.136605.xyz/9days.xml
频道: [华语剧台（华语剧台）] | 日期: 2026-03-17 | 来源: https://epg.136605.xyz/9days.xml
频道: [华语剧台（华语剧台）] | 日期: 2026-03-18 | 来源: http://epg.cdn.loc.cc/xml
频道: [华语剧台（华语剧台）] | 日期: 2026-03-19 | 来源: http://epg.cdn.loc.cc/xml
频道: [华语剧台（华语剧台）] | 日期: 2026-03-20 | 来源: http://epg.cdn.loc.cc/xml
频道: [华语剧台（华语剧台）] | 日期: 2026-03-21 | 来源: http://epg.cdn.loc.cc/xml
频道: [华语剧台（华语剧台）] | 日期: 2026-03-22 | 来源: http://epg.cdn.loc.cc/xml
频道: [华语剧台（华语剧台）] | 日期: 2026-03-23 | 来源: http://epg.cdn.loc.cc/xml
频道: [华语影院专区（华语影院专区）] | 日期: 2026-03-15 | 来源: https://github.com/mytv-android/SCTV_EPG/raw/refs/heads/main/epg.xml
频道: [南京十八（南京十八）] | 日期: 2026-03-14 | 来源: https://epg.136605.xyz/9days.xml
频道: [南京十八（南京十八）] | 日期: 2026-03-15 | 来源: https://epg.136605.xyz/9days.xml
频道: [南京十八（南京十八）] | 日期: 2026-03-16 | 来源: https://epg.136605.xyz/9days.xml
频道: [南京十八（南京十八）] | 日期: 2026-03-17 | 来源: https://epg.136605.xyz/9days.xml
频道: [南京十八生活（南京十八生活）] | 日期: 2026-03-15 | 来源: http://e.erw.cc/all.xml.gz
频道: [南京少儿（南京少儿）] | 日期: 2026-03-14 | 来源: https://epg.136605.xyz/9days.xml
频道: [南京少儿（南京少儿）] | 日期: 2026-03-15 | 来源: http://e.erw.cc/all.xml.gz
频道: [南京少儿（南京少儿）] | 日期: 2026-03-16 | 来源: https://epg.136605.xyz/9days.xml
频道: [南京少儿（南京少儿）] | 日期: 2026-03-17 | 来源: https://epg.136605.xyz/9days.xml
频道: [南京影视（南京影视）] | 日期: 2026-03-14 | 来源: https://epg.136605.xyz/9days.xml
频道: [南京影视（南京影视）] | 日期: 2026-03-15 | 来源: https://epg.136605.xyz/9days.xml
频道: [南京影视（南京影视）] | 日期: 2026-03-16 | 来源: https://epg.136605.xyz/9days.xml
频道: [南京影视（南京影视）] | 日期: 2026-03-17 | 来源: https://epg.136605.xyz/9days.xml
频道: [南京教科（南京教科）] | 日期: 2026-03-14 | 来源: https://epg.136605.xyz/9days.xml
频道: [南京教科（南京教科）] | 日期: 2026-03-15 | 来源: https://epg.136605.xyz/9days.xml
频道: [南京教科（南京教科）] | 日期: 2026-03-16 | 来源: https://epg.136605.xyz/9days.xml
频道: [南京教科（南京教科）] | 日期: 2026-03-17 | 来源: https://epg.136605.xyz/9days.xml
频道: [南京教育科技（南京教育科技）] | 日期: 2026-03-15 | 来源: http://e.erw.cc/all.xml.gz
频道: [南京文旅纪录（南京文旅纪录）] | 日期: 2026-03-14 | 来源: https://epg.136605.xyz/9days.xml
频道: [南京文旅纪录（南京文旅纪录）] | 日期: 2026-03-15 | 来源: http://e.erw.cc/all.xml.gz
频道: [南京文旅纪录（南京文旅纪录）] | 日期: 2026-03-16 | 来源: https://epg.136605.xyz/9days.xml
频道: [南京文旅纪录（南京文旅纪录）] | 日期: 2026-03-17 | 来源: https://epg.136605.xyz/9days.xml
频道: [南京新闻综合（南京新闻综合）] | 日期: 2026-03-14 | 来源: https://epg.136605.xyz/9days.xml
频道: [南京新闻综合（南京新闻综合）] | 日期: 2026-03-15 | 来源: https://epg.136605.xyz/9days.xml
频道: [南京新闻综合（南京新闻综合）] | 日期: 2026-03-16 | 来源: https://epg.136605.xyz/9days.xml
频道: [南京新闻综合（南京新闻综合）] | 日期: 2026-03-17 | 来源: https://epg.136605.xyz/9days.xml
频道: [南国都市4K（南国都市4K）] | 日期: 2026-03-15 | 来源: http://e.erw.cc/all.xml.gz
频道: [南方购物（南方购物）] | 日期: 2026-03-15 | 来源: https://github.com/litiande03/epg/raw/refs/heads/master/pl.xml.gz
频道: [南方购物（南方购物）] | 日期: 2026-03-16 | 来源: https://github.com/litiande03/epg/raw/refs/heads/master/pl.xml.gz
频道: [南方购物-精选（南方购物-精选）] | 日期: 2026-03-15 | 来源: https://github.com/litiande03/epg/raw/refs/heads/master/pl.xml.gz
频道: [南方购物-精选（南方购物-精选）] | 日期: 2026-03-16 | 来源: https://github.com/litiande03/epg/raw/refs/heads/master/pl.xml.gz
频道: [南通1（南通1）] | 日期: 2026-03-14 | 来源: https://epg.136605.xyz/9days.xml
频道: [南通1（南通1）] | 日期: 2026-03-15 | 来源: https://epg.136605.xyz/9days.xml
频道: [南通1（南通1）] | 日期: 2026-03-16 | 来源: https://epg.136605.xyz/9days.xml
频道: [南通1（南通1）] | 日期: 2026-03-17 | 来源: https://epg.136605.xyz/9days.xml
频道: [南通2（南通2）] | 日期: 2026-03-14 | 来源: https://epg.136605.xyz/9days.xml
频道: [南通2（南通2）] | 日期: 2026-03-15 | 来源: https://epg.136605.xyz/9days.xml
频道: [南通2（南通2）] | 日期: 2026-03-16 | 来源: https://epg.136605.xyz/9days.xml
频道: [南通3（南通3）] | 日期: 2026-03-14 | 来源: https://epg.136605.xyz/9days.xml
频道: [南通3（南通3）] | 日期: 2026-03-15 | 来源: https://epg.136605.xyz/9days.xml
频道: [南通3（南通3）] | 日期: 2026-03-16 | 来源: https://epg.136605.xyz/9days.xml
频道: [南通3（南通3）] | 日期: 2026-03-17 | 来源: https://epg.136605.xyz/9days.xml
频道: [博斯无限2台（博斯无限2台）] | 日期: 2026-03-15 | 来源: https://github.com/litiande03/epg/raw/refs/heads/master/pl.xml.gz
频道: [博斯无限2台（博斯无限2台）] | 日期: 2026-03-16 | 来源: https://github.com/litiande03/epg/raw/refs/heads/master/pl.xml.gz
频道: [博斯无限2台（博斯无限2台）] | 日期: 2026-03-17 | 来源: https://github.com/litiande03/epg/raw/refs/heads/master/pl.xml.gz
频道: [博斯无限二台（博斯无限二台）] | 日期: 2026-03-15 | 来源: http://epg.cdn.loc.cc/xml
频道: [博斯无限二台（博斯无限二台）] | 日期: 2026-03-16 | 来源: http://epg.cdn.loc.cc/xml
频道: [博斯无限二台（博斯无限二台）] | 日期: 2026-03-17 | 来源: http://epg.cdn.loc.cc/xml
频道: [博斯无限二台（博斯无限二台）] | 日期: 2026-03-18 | 来源: http://epg.cdn.loc.cc/xml
频道: [博斯无限二台（博斯无限二台）] | 日期: 2026-03-19 | 来源: http://epg.cdn.loc.cc/xml
频道: [博斯无限二台（博斯无限二台）] | 日期: 2026-03-20 | 来源: http://epg.cdn.loc.cc/xml
频道: [博斯无限二台（博斯无限二台）] | 日期: 2026-03-21 | 来源: http://epg.cdn.loc.cc/xml
频道: [博斯无限台（博斯无限台）] | 日期: 2026-03-15 | 来源: https://github.com/litiande03/epg/raw/refs/heads/master/pl.xml.gz
频道: [博斯无限台（博斯无限台）] | 日期: 2026-03-16 | 来源: http://epg.cdn.loc.cc/xml
频道: [博斯无限台（博斯无限台）] | 日期: 2026-03-17 | 来源: http://epg.cdn.loc.cc/xml
频道: [博斯无限台（博斯无限台）] | 日期: 2026-03-18 | 来源: http://epg.cdn.loc.cc/xml
频道: [博斯无限台（博斯无限台）] | 日期: 2026-03-19 | 来源: http://epg.cdn.loc.cc/xml
频道: [博斯无限台（博斯无限台）] | 日期: 2026-03-20 | 来源: http://epg.cdn.loc.cc/xml
频道: [博斯无限台（博斯无限台）] | 日期: 2026-03-21 | 来源: http://epg.cdn.loc.cc/xml
频道: [博斯网球台（博斯网球台）] | 日期: 2026-03-15 | 来源: http://epg.cdn.loc.cc/xml
频道: [博斯网球台（博斯网球台）] | 日期: 2026-03-16 | 来源: https://github.com/litiande03/epg/raw/refs/heads/master/pl.xml.gz
频道: [博斯网球台（博斯网球台）] | 日期: 2026-03-17 | 来源: http://epg.cdn.loc.cc/xml
频道: [博斯网球台（博斯网球台）] | 日期: 2026-03-18 | 来源: http://epg.cdn.loc.cc/xml
频道: [博斯网球台（博斯网球台）] | 日期: 2026-03-19 | 来源: http://epg.cdn.loc.cc/xml
频道: [博斯网球台（博斯网球台）] | 日期: 2026-03-20 | 来源: http://epg.cdn.loc.cc/xml
频道: [博斯网球台（博斯网球台）] | 日期: 2026-03-21 | 来源: http://epg.cdn.loc.cc/xml
频道: [博斯运动一台（博斯运动一台）] | 日期: 2026-03-15 | 来源: https://github.com/litiande03/epg/raw/refs/heads/master/pl.xml.gz
频道: [博斯运动一台（博斯运动一台）] | 日期: 2026-03-16 | 来源: https://github.com/litiande03/epg/raw/refs/heads/master/pl.xml.gz
频道: [博斯运动一台（博斯运动一台）] | 日期: 2026-03-17 | 来源: https://github.com/litiande03/epg/raw/refs/heads/master/pl.xml.gz
频道: [博斯运动一台（博斯运动一台）] | 日期: 2026-03-18 | 来源: http://epg.cdn.loc.cc/xml
频道: [博斯运动一台（博斯运动一台）] | 日期: 2026-03-19 | 来源: http://epg.cdn.loc.cc/xml
频道: [博斯运动一台（博斯运动一台）] | 日期: 2026-03-20 | 来源: http://epg.cdn.loc.cc/xml
频道: [博斯运动一台（博斯运动一台）] | 日期: 2026-03-21 | 来源: http://epg.cdn.loc.cc/xml
频道: [博斯运动二台（博斯运动二台）] | 日期: 2026-03-15 | 来源: http://epg.cdn.loc.cc/xml
频道: [博斯运动二台（博斯运动二台）] | 日期: 2026-03-16 | 来源: http://epg.cdn.loc.cc/xml
频道: [博斯运动二台（博斯运动二台）] | 日期: 2026-03-17 | 来源: http://epg.cdn.loc.cc/xml
频道: [博斯运动二台（博斯运动二台）] | 日期: 2026-03-18 | 来源: http://epg.cdn.loc.cc/xml
频道: [博斯运动二台（博斯运动二台）] | 日期: 2026-03-19 | 来源: http://epg.cdn.loc.cc/xml
频道: [博斯运动二台（博斯运动二台）] | 日期: 2026-03-20 | 来源: http://epg.cdn.loc.cc/xml
频道: [博斯运动二台（博斯运动二台）] | 日期: 2026-03-21 | 来源: http://epg.cdn.loc.cc/xml
频道: [博斯高球1台（博斯高球1台）] | 日期: 2026-03-15 | 来源: https://github.com/litiande03/epg/raw/refs/heads/master/pl.xml.gz
频道: [博斯高球1台（博斯高球1台）] | 日期: 2026-03-16 | 来源: https://github.com/litiande03/epg/raw/refs/heads/master/pl.xml.gz
频道: [博斯高球1台（博斯高球1台）] | 日期: 2026-03-17 | 来源: https://github.com/litiande03/epg/raw/refs/heads/master/pl.xml.gz
频道: [博斯高球2台（博斯高球2台）] | 日期: 2026-03-15 | 来源: https://github.com/litiande03/epg/raw/refs/heads/master/pl.xml.gz
频道: [博斯高球2台（博斯高球2台）] | 日期: 2026-03-16 | 来源: https://github.com/litiande03/epg/raw/refs/heads/master/pl.xml.gz
频道: [博斯高球2台（博斯高球2台）] | 日期: 2026-03-17 | 来源: https://github.com/litiande03/epg/raw/refs/heads/master/pl.xml.gz
频道: [博斯高球一台（博斯高球一台）] | 日期: 2026-03-15 | 来源: http://epg.cdn.loc.cc/xml
频道: [博斯高球一台（博斯高球一台）] | 日期: 2026-03-16 | 来源: http://epg.cdn.loc.cc/xml
频道: [博斯高球一台（博斯高球一台）] | 日期: 2026-03-17 | 来源: http://epg.cdn.loc.cc/xml
频道: [博斯高球一台（博斯高球一台）] | 日期: 2026-03-18 | 来源: http://epg.cdn.loc.cc/xml
频道: [博斯高球一台（博斯高球一台）] | 日期: 2026-03-19 | 来源: http://epg.cdn.loc.cc/xml
频道: [博斯高球一台（博斯高球一台）] | 日期: 2026-03-20 | 来源: http://epg.cdn.loc.cc/xml
频道: [博斯高球一台（博斯高球一台）] | 日期: 2026-03-21 | 来源: http://epg.cdn.loc.cc/xml
频道: [博斯高球台（博斯高球台）] | 日期: 2026-03-15 | 来源: https://github.com/litiande03/epg/raw/refs/heads/master/pl.xml.gz
频道: [博斯高球台（博斯高球台）] | 日期: 2026-03-16 | 来源: https://github.com/litiande03/epg/raw/refs/heads/master/pl.xml.gz
频道: [博斯高球台（博斯高球台）] | 日期: 2026-03-17 | 来源: https://github.com/litiande03/epg/raw/refs/heads/master/pl.xml.gz
频道: [博斯魅力网（博斯魅力网）] | 日期: 2026-03-15 | 来源: https://github.com/litiande03/epg/raw/refs/heads/master/pl.xml.gz
频道: [博斯魅力网（博斯魅力网）] | 日期: 2026-03-16 | 来源: http://epg.cdn.loc.cc/xml
频道: [博斯魅力网（博斯魅力网）] | 日期: 2026-03-17 | 来源: http://epg.cdn.loc.cc/xml
频道: [博斯魅力网（博斯魅力网）] | 日期: 2026-03-18 | 来源: http://epg.cdn.loc.cc/xml
频道: [博斯魅力网（博斯魅力网）] | 日期: 2026-03-19 | 来源: http://epg.cdn.loc.cc/xml
频道: [博斯魅力网（博斯魅力网）] | 日期: 2026-03-20 | 来源: http://epg.cdn.loc.cc/xml
频道: [博斯魅力网（博斯魅力网）] | 日期: 2026-03-21 | 来源: http://epg.cdn.loc.cc/xml
频道: [卡酷动画（卡酷动画）] | 日期: 2026-03-15 | 来源: http://epg.51zmt.top:8000/e1.xml.gz
频道: [卡酷动画（卡酷动画）] | 日期: 2026-03-16 | 来源: https://github.com/litiande03/epg/raw/refs/heads/master/pl.xml.gz
频道: [卡酷动画（卡酷动画）] | 日期: 2026-03-17 | 来源: https://github.com/litiande03/epg/raw/refs/heads/master/pl.xml.gz
频道: [卡酷少儿（卡酷少儿）] | 日期: 2026-03-14 | 来源: https://epg.136605.xyz/9days.xml
频道: [卡酷少儿（卡酷少儿）] | 日期: 2026-03-15 | 来源: https://epg.deny.vip/sh/tel-epg.xml
频道: [卡酷少儿（卡酷少儿）] | 日期: 2026-03-16 | 来源: https://epg.deny.vip/sh/tel-epg.xml
频道: [卡酷少儿（卡酷少儿）] | 日期: 2026-03-17 | 来源: https://epg.136605.xyz/9days.xml
频道: [卫生健康（卫生健康）] | 日期: 2026-03-15 | 来源: http://e.erw.cc/all.xml.gz
频道: [原住民族电视台（原住民族电视台）] | 日期: 2026-03-15 | 来源: https://github.com/litiande03/epg/raw/refs/heads/master/pl.xml.gz
频道: [原住民族电视台（原住民族电视台）] | 日期: 2026-03-16 | 来源: https://github.com/litiande03/epg/raw/refs/heads/master/pl.xml.gz
频道: [原住民族电视台（原住民族电视台）] | 日期: 2026-03-17 | 来源: https://github.com/litiande03/epg/raw/refs/heads/master/pl.xml.gz
频道: [厦门1（厦门1）] | 日期: 2026-03-14 | 来源: https://epg.136605.xyz/9days.xml
频道: [厦门1（厦门1）] | 日期: 2026-03-15 | 来源: https://epg.136605.xyz/9days.xml
频道: [厦门1（厦门1）] | 日期: 2026-03-16 | 来源: https://epg.136605.xyz/9days.xml
频道: [厦门1（厦门1）] | 日期: 2026-03-17 | 来源: https://epg.136605.xyz/9days.xml
频道: [厦门1（厦门1）] | 日期: 2026-03-18 | 来源: https://epg.136605.xyz/9days.xml
频道: [厦门2（厦门2）] | 日期: 2026-03-14 | 来源: https://epg.136605.xyz/9days.xml
频道: [厦门2（厦门2）] | 日期: 2026-03-15 | 来源: https://epg.136605.xyz/9days.xml
频道: [厦门2（厦门2）] | 日期: 2026-03-16 | 来源: https://epg.136605.xyz/9days.xml
频道: [厦门2（厦门2）] | 日期: 2026-03-17 | 来源: https://epg.136605.xyz/9days.xml
频道: [厦门3（厦门3）] | 日期: 2026-03-14 | 来源: https://epg.136605.xyz/9days.xml
频道: [厦门3（厦门3）] | 日期: 2026-03-15 | 来源: https://epg.136605.xyz/9days.xml
频道: [厦门3（厦门3）] | 日期: 2026-03-16 | 来源: https://epg.136605.xyz/9days.xml
频道: [厦门3（厦门3）] | 日期: 2026-03-17 | 来源: https://epg.136605.xyz/9days.xml
频道: [厦门3（厦门3）] | 日期: 2026-03-18 | 来源: https://epg.136605.xyz/9days.xml
频道: [厦门卫视（厦门卫视）] | 日期: 2026-03-14 | 来源: https://epg.136605.xyz/9days.xml
频道: [厦门卫视（厦门卫视）] | 日期: 2026-03-15 | 来源: https://github.com/zzzz0317/beijing-unicom-iptv-playlist/raw/refs/heads/main/epg.xml
频道: [厦门卫视（厦门卫视）] | 日期: 2026-03-16 | 来源: https://github.com/zzzz0317/beijing-unicom-iptv-playlist/raw/refs/heads/main/epg.xml
频道: [厦门卫视（厦门卫视）] | 日期: 2026-03-17 | 来源: https://github.com/zzzz0317/beijing-unicom-iptv-playlist/raw/refs/heads/main/epg.xml
频道: [厦门卫视（厦门卫视）] | 日期: 2026-03-18 | 来源: https://github.com/zzzz0317/beijing-unicom-iptv-playlist/raw/refs/heads/main/epg.xml
频道: [厦门海峡（厦门海峡）] | 日期: 2026-03-15 | 来源: http://e.erw.cc/all.xml.gz
频道: [厦门综合（厦门综合）] | 日期: 2026-03-15 | 来源: http://e.erw.cc/all.xml.gz
频道: [发现之旅（发现之旅）] | 日期: 2026-03-15 | 来源: http://e.erw.cc/all.xml.gz
频道: [发现之旅（发现之旅）] | 日期: 2026-03-16 | 来源: https://github.com/plsy1/epg/raw/refs/heads/main/e/seven-days.xml.gz
频道: [古典音乐台（古典音乐台）] | 日期: 2026-03-15 | 来源: http://epg.cdn.loc.cc/xml
频道: [古典音乐台（古典音乐台）] | 日期: 2026-03-16 | 来源: http://epg.cdn.loc.cc/xml
频道: [古典音乐台（古典音乐台）] | 日期: 2026-03-17 | 来源: http://epg.cdn.loc.cc/xml
频道: [古典音乐台（古典音乐台）] | 日期: 2026-03-18 | 来源: http://epg.cdn.loc.cc/xml
频道: [古典音乐台（古典音乐台）] | 日期: 2026-03-19 | 来源: http://epg.cdn.loc.cc/xml
频道: [古典音乐台（古典音乐台）] | 日期: 2026-03-20 | 来源: http://epg.cdn.loc.cc/xml
频道: [古典音乐台（古典音乐台）] | 日期: 2026-03-21 | 来源: http://epg.cdn.loc.cc/xml
频道: [古装剧场（古装剧场）] | 日期: 2026-03-14 | 来源: https://epg.136605.xyz/9days.xml
频道: [古装剧场（古装剧场）] | 日期: 2026-03-15 | 来源: https://liliu.serv00.net/epg/download.php?type=xml
频道: [古装剧场（古装剧场）] | 日期: 2026-03-16 | 来源: https://github.com/zzzz0317/beijing-unicom-iptv-playlist/raw/refs/heads/main/epg.xml
频道: [古装剧场（古装剧场）] | 日期: 2026-03-17 | 来源: https://github.com/zzzz0317/beijing-unicom-iptv-playlist/raw/refs/heads/main/epg.xml
频道: [古装剧场（古装剧场）] | 日期: 2026-03-18 | 来源: https://epg.136605.xyz/9days.xml
频道: [台湾戏剧台（台湾戏剧台）] | 日期: 2026-03-15 | 来源: https://github.com/litiande03/epg/raw/refs/heads/master/pl.xml.gz
频道: [台湾戏剧台（台湾戏剧台）] | 日期: 2026-03-16 | 来源: https://github.com/litiande03/epg/raw/refs/heads/master/pl.xml.gz
频道: [台湾戏剧台（台湾戏剧台）] | 日期: 2026-03-17 | 来源: https://github.com/litiande03/epg/raw/refs/heads/master/pl.xml.gz
频道: [台视（台视）] | 日期: 2026-03-15 | 来源: http://e.erw.cc/all.xml.gz
频道: [台视主频（台视主频）] | 日期: 2026-03-15 | 来源: http://epg.cdn.loc.cc/xml
频道: [台视主频（台视主频）] | 日期: 2026-03-16 | 来源: http://epg.cdn.loc.cc/xml
频道: [台视主频（台视主频）] | 日期: 2026-03-17 | 来源: http://epg.cdn.loc.cc/xml
频道: [台视主频（台视主频）] | 日期: 2026-03-18 | 来源: http://epg.cdn.loc.cc/xml
频道: [台视主频（台视主频）] | 日期: 2026-03-19 | 来源: http://epg.cdn.loc.cc/xml
频道: [台视主频（台视主频）] | 日期: 2026-03-20 | 来源: http://epg.cdn.loc.cc/xml
频道: [台视主频（台视主频）] | 日期: 2026-03-21 | 来源: http://epg.cdn.loc.cc/xml
频道: [台视新闻台（台视新闻台）] | 日期: 2026-03-15 | 来源: http://epg.cdn.loc.cc/xml
频道: [台视新闻台（台视新闻台）] | 日期: 2026-03-16 | 来源: http://epg.cdn.loc.cc/xml
频道: [台视新闻台（台视新闻台）] | 日期: 2026-03-17 | 来源: http://epg.cdn.loc.cc/xml
频道: [台视新闻台（台视新闻台）] | 日期: 2026-03-18 | 来源: http://epg.cdn.loc.cc/xml
频道: [台视新闻台（台视新闻台）] | 日期: 2026-03-19 | 来源: http://epg.cdn.loc.cc/xml
频道: [台视新闻台（台视新闻台）] | 日期: 2026-03-20 | 来源: http://epg.cdn.loc.cc/xml
频道: [台视新闻台（台视新闻台）] | 日期: 2026-03-21 | 来源: http://epg.cdn.loc.cc/xml
频道: [台视综合台（台视综合台）] | 日期: 2026-03-15 | 来源: http://epg.cdn.loc.cc/xml
频道: [台视综合台（台视综合台）] | 日期: 2026-03-16 | 来源: http://epg.cdn.loc.cc/xml
频道: [台视综合台（台视综合台）] | 日期: 2026-03-17 | 来源: http://epg.cdn.loc.cc/xml
频道: [台视综合台（台视综合台）] | 日期: 2026-03-18 | 来源: http://epg.cdn.loc.cc/xml
频道: [台视综合台（台视综合台）] | 日期: 2026-03-19 | 来源: http://epg.cdn.loc.cc/xml
频道: [台视综合台（台视综合台）] | 日期: 2026-03-20 | 来源: http://epg.cdn.loc.cc/xml
频道: [台视综合台（台视综合台）] | 日期: 2026-03-21 | 来源: http://epg.cdn.loc.cc/xml
频道: [台视财经台（台视财经台）] | 日期: 2026-03-15 | 来源: http://epg.cdn.loc.cc/xml
频道: [台视财经台（台视财经台）] | 日期: 2026-03-16 | 来源: http://epg.cdn.loc.cc/xml
频道: [台视财经台（台视财经台）] | 日期: 2026-03-17 | 来源: http://epg.cdn.loc.cc/xml
频道: [台视财经台（台视财经台）] | 日期: 2026-03-18 | 来源: http://epg.cdn.loc.cc/xml
频道: [台视财经台（台视财经台）] | 日期: 2026-03-19 | 来源: http://epg.cdn.loc.cc/xml
频道: [台视财经台（台视财经台）] | 日期: 2026-03-20 | 来源: http://epg.cdn.loc.cc/xml
频道: [台视财经台（台视财经台）] | 日期: 2026-03-21 | 来源: http://epg.cdn.loc.cc/xml
频道: [吉林乡村（吉林乡村）] | 日期: 2026-03-15 | 来源: http://e.erw.cc/all.xml.gz
频道: [吉林卫视（吉林卫视）] | 日期: 2026-03-14 | 来源: https://github.com/zzzz0317/beijing-unicom-iptv-playlist/raw/refs/heads/main/epg.xml
频道: [吉林卫视（吉林卫视）] | 日期: 2026-03-15 | 来源: https://epg.136605.xyz/9days.xml
频道: [吉林卫视（吉林卫视）] | 日期: 2026-03-16 | 来源: https://epg.136605.xyz/9days.xml
频道: [吉林卫视（吉林卫视）] | 日期: 2026-03-17 | 来源: https://epg.136605.xyz/9days.xml
频道: [吉林卫视（吉林卫视）] | 日期: 2026-03-18 | 来源: https://epg.136605.xyz/9days.xml
频道: [吉林延边卫视（吉林延边卫视）] | 日期: 2026-03-15 | 来源: https://github.com/litiande03/epg/raw/refs/heads/master/pl.xml.gz
频道: [吉林延边卫视（吉林延边卫视）] | 日期: 2026-03-16 | 来源: https://github.com/litiande03/epg/raw/refs/heads/master/pl.xml.gz
频道: [吉林延边卫视（吉林延边卫视）] | 日期: 2026-03-17 | 来源: https://github.com/litiande03/epg/raw/refs/heads/master/pl.xml.gz
频道: [吉林延边卫视（吉林延边卫视）] | 日期: 2026-03-18 | 来源: https://github.com/litiande03/epg/raw/refs/heads/master/pl.xml.gz
频道: [吉林影视（吉林影视）] | 日期: 2026-03-15 | 来源: http://e.erw.cc/all.xml.gz
频道: [吉林生活（吉林生活）] | 日期: 2026-03-15 | 来源: http://e.erw.cc/all.xml.gz
频道: [吉林综艺文化（吉林综艺文化）] | 日期: 2026-03-15 | 来源: http://e.erw.cc/all.xml.gz
频道: [吉林都市（吉林都市）] | 日期: 2026-03-15 | 来源: http://e.erw.cc/all.xml.gz
频道: [吉视乡村（吉视乡村）] | 日期: 2026-03-15 | 来源: http://epg.51zmt.top:8000/e1.xml.gz
频道: [吉视影视（吉视影视）] | 日期: 2026-03-15 | 来源: http://epg.51zmt.top:8000/e1.xml.gz
频道: [吉视生活（吉视生活）] | 日期: 2026-03-15 | 来源: http://epg.51zmt.top:8000/e1.xml.gz
频道: [吉视综艺文化（吉视综艺文化）] | 日期: 2026-03-15 | 来源: http://epg.51zmt.top:8000/e1.xml.gz
频道: [吉视都市（吉视都市）] | 日期: 2026-03-15 | 来源: http://epg.51zmt.top:8000/e1.xml.gz
频道: [哈哈炫动（哈哈炫动）] | 日期: 2026-03-14 | 来源: https://epg.deny.vip/sh/tel-epg.xml
频道: [哈哈炫动（哈哈炫动）] | 日期: 2026-03-15 | 来源: https://epg.deny.vip/sh/tel-epg.xml
频道: [哈哈炫动（哈哈炫动）] | 日期: 2026-03-16 | 来源: https://epg.deny.vip/sh/tel-epg.xml
频道: [哈萨克语新闻综合（哈萨克语新闻综合）] | 日期: 2026-03-15 | 来源: http://e.erw.cc/all.xml.gz
频道: [哈萨克语综艺（哈萨克语综艺）] | 日期: 2026-03-15 | 来源: http://e.erw.cc/all.xml.gz
频道: [哒啵电竞（哒啵电竞）] | 日期: 2026-03-14 | 来源: https://epg.136605.xyz/9days.xml
频道: [哒啵电竞（哒啵电竞）] | 日期: 2026-03-15 | 来源: http://e.erw.cc/all.xml.gz
频道: [哒啵电竞（哒啵电竞）] | 日期: 2026-03-16 | 来源: https://epg.136605.xyz/9days.xml
频道: [哒啵电竞（哒啵电竞）] | 日期: 2026-03-17 | 来源: https://epg.136605.xyz/9days.xml
频道: [哒啵赛事（哒啵赛事）] | 日期: 2026-03-14 | 来源: https://epg.136605.xyz/9days.xml
频道: [哒啵赛事（哒啵赛事）] | 日期: 2026-03-15 | 来源: http://e.erw.cc/all.xml.gz
频道: [哒啵赛事（哒啵赛事）] | 日期: 2026-03-16 | 来源: https://epg.136605.xyz/9days.xml
频道: [哒啵赛事（哒啵赛事）] | 日期: 2026-03-17 | 来源: https://epg.136605.xyz/9days.xml
频道: [喜剧影院（喜剧影院）] | 日期: 2026-03-15 | 来源: http://e.erw.cc/all.xml.gz
频道: [喜剧影院（喜剧影院）] | 日期: 2026-03-16 | 来源: https://github.com/zzzz0317/beijing-unicom-iptv-playlist/raw/refs/heads/main/epg.xml
频道: [喜剧影院（喜剧影院）] | 日期: 2026-03-17 | 来源: https://github.com/zzzz0317/beijing-unicom-iptv-playlist/raw/refs/heads/main/epg.xml
频道: [嘉佳卡通（嘉佳卡通）] | 日期: 2026-03-14 | 来源: https://epg.deny.vip/sh/tel-epg.xml
频道: [嘉佳卡通（嘉佳卡通）] | 日期: 2026-03-15 | 来源: https://github.com/mytv-android/SCTV_EPG/raw/refs/heads/main/epg.xml
频道: [嘉佳卡通（嘉佳卡通）] | 日期: 2026-03-16 | 来源: https://epg.deny.vip/sh/tel-epg.xml
频道: [嘉佳卡通（嘉佳卡通）] | 日期: 2026-03-17 | 来源: https://github.com/zzzz0317/beijing-unicom-iptv-playlist/raw/refs/heads/main/epg.xml
频道: [嘉佳卡通（嘉佳卡通）] | 日期: 2026-03-18 | 来源: https://github.com/zzzz0317/beijing-unicom-iptv-playlist/raw/refs/heads/main/epg.xml
频道: [四川乡村（四川乡村）] | 日期: 2026-03-15 | 来源: https://github.com/mytv-android/SCTV_EPG/raw/refs/heads/main/epg.xml
频道: [四川乡村（四川乡村）] | 日期: 2026-03-16 | 来源: https://github.com/mytv-android/SCTV_EPG/raw/refs/heads/main/epg.xml
频道: [四川卫视（四川卫视）] | 日期: 2026-03-14 | 来源: https://epg.deny.vip/sh/tel-epg.xml
频道: [四川卫视（四川卫视）] | 日期: 2026-03-15 | 来源: https://epg.136605.xyz/9days.xml
频道: [四川卫视（四川卫视）] | 日期: 2026-03-16 | 来源: https://epg.136605.xyz/9days.xml
频道: [四川卫视（四川卫视）] | 日期: 2026-03-17 | 来源: https://epg.136605.xyz/9days.xml
频道: [四川卫视（四川卫视）] | 日期: 2026-03-18 | 来源: https://github.com/zzzz0317/beijing-unicom-iptv-playlist/raw/refs/heads/main/epg.xml
频道: [四川卫视4K（四川卫视4K）] | 日期: 2026-03-15 | 来源: https://github.com/litiande03/epg/raw/refs/heads/master/pl.xml.gz
频道: [四川卫视4K（四川卫视4K）] | 日期: 2026-03-16 | 来源: https://liliu.serv00.net/epg/download.php?type=xml
频道: [四川卫视4K超高清（四川卫视4K超高清）] | 日期: 2026-03-14 | 来源: https://github.com/zzzz0317/beijing-unicom-iptv-playlist/raw/refs/heads/main/epg.xml
频道: [四川卫视4K超高清（四川卫视4K超高清）] | 日期: 2026-03-15 | 来源: https://github.com/zzzz0317/beijing-unicom-iptv-playlist/raw/refs/heads/main/epg.xml
频道: [四川卫视4K超高清（四川卫视4K超高清）] | 日期: 2026-03-16 | 来源: https://github.com/zzzz0317/beijing-unicom-iptv-playlist/raw/refs/heads/main/epg.xml
频道: [四川卫视4K超高清（四川卫视4K超高清）] | 日期: 2026-03-17 | 来源: https://github.com/zzzz0317/beijing-unicom-iptv-playlist/raw/refs/heads/main/epg.xml
频道: [四川卫视4K超高清（四川卫视4K超高清）] | 日期: 2026-03-18 | 来源: https://github.com/zzzz0317/beijing-unicom-iptv-playlist/raw/refs/heads/main/epg.xml
频道: [四川妇女儿童（四川妇女儿童）] | 日期: 2026-03-15 | 来源: http://e.erw.cc/all.xml.gz
频道: [四川影视文艺（四川影视文艺）] | 日期: 2026-03-15 | 来源: http://e.erw.cc/all.xml.gz
频道: [四川文化旅游（四川文化旅游）] | 日期: 2026-03-15 | 来源: http://e.erw.cc/all.xml.gz
频道: [四川新闻（四川新闻）] | 日期: 2026-03-15 | 来源: http://e.erw.cc/all.xml.gz
频道: [四川科教（四川科教）] | 日期: 2026-03-15 | 来源: http://e.erw.cc/all.xml.gz
频道: [四川经济（四川经济）] | 日期: 2026-03-15 | 来源: http://e.erw.cc/all.xml.gz
频道: [四海钓鱼（四海钓鱼）] | 日期: 2026-03-14 | 来源: https://github.com/plsy1/epg/raw/refs/heads/main/e/seven-days.xml.gz
频道: [四海钓鱼（四海钓鱼）] | 日期: 2026-03-15 | 来源: http://epg.51zmt.top:8000/e1.xml.gz
频道: [四海钓鱼（四海钓鱼）] | 日期: 2026-03-16 | 来源: https://github.com/mytv-android/SCTV_EPG/raw/refs/heads/main/epg.xml
频道: [国会频道1（国会频道1）] | 日期: 2026-03-14 | 来源: http://epg.cdn.loc.cc/xml
频道: [国会频道1（国会频道1）] | 日期: 2026-03-15 | 来源: http://epg.cdn.loc.cc/xml
频道: [国会频道1（国会频道1）] | 日期: 2026-03-16 | 来源: http://epg.cdn.loc.cc/xml
频道: [国会频道1（国会频道1）] | 日期: 2026-03-17 | 来源: http://epg.cdn.loc.cc/xml
频道: [国会频道1（国会频道1）] | 日期: 2026-03-18 | 来源: http://epg.cdn.loc.cc/xml
频道: [国会频道1（国会频道1）] | 日期: 2026-03-19 | 来源: http://epg.cdn.loc.cc/xml
频道: [国会频道1（国会频道1）] | 日期: 2026-03-20 | 来源: http://epg.cdn.loc.cc/xml
频道: [国会频道1（国会频道1）] | 日期: 2026-03-21 | 来源: http://epg.cdn.loc.cc/xml
频道: [国会频道1台（国会频道1台）] | 日期: 2026-03-15 | 来源: https://github.com/litiande03/epg/raw/refs/heads/master/pl.xml.gz
频道: [国会频道1台（国会频道1台）] | 日期: 2026-03-16 | 来源: https://github.com/litiande03/epg/raw/refs/heads/master/pl.xml.gz
频道: [国会频道1台（国会频道1台）] | 日期: 2026-03-17 | 来源: https://github.com/litiande03/epg/raw/refs/heads/master/pl.xml.gz
频道: [国会频道2（国会频道2）] | 日期: 2026-03-14 | 来源: http://epg.cdn.loc.cc/xml
频道: [国会频道2（国会频道2）] | 日期: 2026-03-15 | 来源: http://epg.cdn.loc.cc/xml
频道: [国会频道2（国会频道2）] | 日期: 2026-03-16 | 来源: http://epg.cdn.loc.cc/xml
频道: [国会频道2（国会频道2）] | 日期: 2026-03-17 | 来源: http://epg.cdn.loc.cc/xml
频道: [国会频道2（国会频道2）] | 日期: 2026-03-18 | 来源: http://epg.cdn.loc.cc/xml
频道: [国会频道2（国会频道2）] | 日期: 2026-03-19 | 来源: http://epg.cdn.loc.cc/xml
频道: [国会频道2（国会频道2）] | 日期: 2026-03-20 | 来源: http://epg.cdn.loc.cc/xml
频道: [国会频道2（国会频道2）] | 日期: 2026-03-21 | 来源: http://epg.cdn.loc.cc/xml
频道: [国会频道2台（国会频道2台）] | 日期: 2026-03-15 | 来源: https://github.com/litiande03/epg/raw/refs/heads/master/pl.xml.gz
频道: [国会频道2台（国会频道2台）] | 日期: 2026-03-16 | 来源: https://github.com/litiande03/epg/raw/refs/heads/master/pl.xml.gz
频道: [国会频道2台（国会频道2台）] | 日期: 2026-03-17 | 来源: https://github.com/litiande03/epg/raw/refs/heads/master/pl.xml.gz
频道: [国学（国学）] | 日期: 2026-03-14 | 来源: https://epg.136605.xyz/9days.xml
频道: [国学（国学）] | 日期: 2026-03-15 | 来源: https://github.com/zzzz0317/beijing-unicom-iptv-playlist/raw/refs/heads/main/epg.xml
频道: [国学（国学）] | 日期: 2026-03-16 | 来源: https://github.com/zzzz0317/beijing-unicom-iptv-playlist/raw/refs/heads/main/epg.xml
频道: [国学（国学）] | 日期: 2026-03-17 | 来源: https://github.com/zzzz0317/beijing-unicom-iptv-playlist/raw/refs/heads/main/epg.xml
频道: [国学（国学）] | 日期: 2026-03-18 | 来源: https://github.com/litiande03/epg/raw/refs/heads/master/pl.xml.gz
频道: [国学苑（国学苑）] | 日期: 2026-03-14 | 来源: https://epg.136605.xyz/9days.xml
频道: [国学苑（国学苑）] | 日期: 2026-03-15 | 来源: https://epg.136605.xyz/9days.xml
频道: [国学苑（国学苑）] | 日期: 2026-03-16 | 来源: https://epg.136605.xyz/9days.xml
频道: [国学苑（国学苑）] | 日期: 2026-03-17 | 来源: https://epg.136605.xyz/9days.xml
频道: [地理（地理）] | 日期: 2026-03-15 | 来源: https://github.com/zzzz0317/beijing-unicom-iptv-playlist/raw/refs/heads/main/epg.xml
频道: [地理（地理）] | 日期: 2026-03-16 | 来源: https://github.com/zzzz0317/beijing-unicom-iptv-playlist/raw/refs/heads/main/epg.xml
频道: [地理（地理）] | 日期: 2026-03-17 | 来源: https://github.com/zzzz0317/beijing-unicom-iptv-playlist/raw/refs/heads/main/epg.xml
频道: [城市剧场（城市剧场）] | 日期: 2026-03-15 | 来源: https://github.com/zzzz0317/beijing-unicom-iptv-playlist/raw/refs/heads/main/epg.xml
频道: [城市剧场（城市剧场）] | 日期: 2026-03-16 | 来源: https://github.com/zzzz0317/beijing-unicom-iptv-playlist/raw/refs/heads/main/epg.xml
频道: [城市剧场（城市剧场）] | 日期: 2026-03-17 | 来源: https://github.com/zzzz0317/beijing-unicom-iptv-playlist/raw/refs/heads/main/epg.xml
频道: [墨宝（墨宝）] | 日期: 2026-03-15 | 来源: https://github.com/zzzz0317/beijing-unicom-iptv-playlist/raw/refs/heads/main/epg.xml
频道: [墨宝（墨宝）] | 日期: 2026-03-16 | 来源: https://github.com/zzzz0317/beijing-unicom-iptv-playlist/raw/refs/heads/main/epg.xml
频道: [墨宝（墨宝）] | 日期: 2026-03-17 | 来源: https://github.com/zzzz0317/beijing-unicom-iptv-playlist/raw/refs/heads/main/epg.xml
频道: [大湾区卫视（大湾区卫视）] | 日期: 2026-03-14 | 来源: http://epg.cdn.loc.cc/xml
频道: [大湾区卫视（大湾区卫视）] | 日期: 2026-03-15 | 来源: http://e.erw.cc/all.xml.gz
频道: [大湾区卫视（大湾区卫视）] | 日期: 2026-03-16 | 来源: https://github.com/litiande03/epg/raw/refs/heads/master/pl.xml.gz
频道: [大湾区卫视（大湾区卫视）] | 日期: 2026-03-17 | 来源: https://github.com/litiande03/epg/raw/refs/heads/master/pl.xml.gz
频道: [大湾区卫视（大湾区卫视）] | 日期: 2026-03-18 | 来源: http://epg.cdn.loc.cc/xml
频道: [大湾区卫视（大湾区卫视）] | 日期: 2026-03-19 | 来源: http://epg.cdn.loc.cc/xml
频道: [大湾区卫视（大湾区卫视）] | 日期: 2026-03-20 | 来源: http://epg.cdn.loc.cc/xml
频道: [大爱二台（大爱二台）] | 日期: 2026-03-15 | 来源: https://github.com/litiande03/epg/raw/refs/heads/master/pl.xml.gz
频道: [大爱二台（大爱二台）] | 日期: 2026-03-16 | 来源: https://github.com/litiande03/epg/raw/refs/heads/master/pl.xml.gz
频道: [大爱二台（大爱二台）] | 日期: 2026-03-17 | 来源: https://github.com/litiande03/epg/raw/refs/heads/master/pl.xml.gz
频道: [大爱电视（大爱电视）] | 日期: 2026-03-14 | 来源: https://epg.136605.xyz/9days.xml
频道: [大爱电视（大爱电视）] | 日期: 2026-03-15 | 来源: https://epg.136605.xyz/9days.xml
频道: [大爱电视（大爱电视）] | 日期: 2026-03-16 | 来源: https://epg.136605.xyz/9days.xml
频道: [大爱电视（大爱电视）] | 日期: 2026-03-17 | 来源: https://epg.136605.xyz/9days.xml
频道: [大爱电视（大爱电视）] | 日期: 2026-03-18 | 来源: http://epg.cdn.loc.cc/xml
频道: [大爱电视（大爱电视）] | 日期: 2026-03-19 | 来源: http://epg.cdn.loc.cc/xml
频道: [大爱电视（大爱电视）] | 日期: 2026-03-20 | 来源: http://epg.cdn.loc.cc/xml
频道: [大爱电视（大爱电视）] | 日期: 2026-03-21 | 来源: http://epg.cdn.loc.cc/xml
频道: [天元围棋（天元围棋）] | 日期: 2026-03-14 | 来源: https://epg.136605.xyz/9days.xml
频道: [天元围棋（天元围棋）] | 日期: 2026-03-15 | 来源: http://e.erw.cc/all.xml.gz
频道: [天元围棋（天元围棋）] | 日期: 2026-03-16 | 来源: https://epg.136605.xyz/9days.xml
频道: [天元围棋（天元围棋）] | 日期: 2026-03-17 | 来源: https://github.com/litiande03/epg/raw/refs/heads/master/pl.xml.gz
频道: [天元围棋（天元围棋）] | 日期: 2026-03-18 | 来源: https://github.com/litiande03/epg/raw/refs/heads/master/pl.xml.gz
频道: [天映CM+（天映CM+）] | 日期: 2026-03-14 | 来源: http://e.erw.cc/all.xml.gz
频道: [天映CM+（天映CM+）] | 日期: 2026-03-15 | 来源: http://e.erw.cc/all.xml.gz
频道: [天映印度尼西亚（天映印度尼西亚）] | 日期: 2026-03-14 | 来源: http://e.erw.cc/all.xml.gz
频道: [天映印度尼西亚（天映印度尼西亚）] | 日期: 2026-03-15 | 来源: http://e.erw.cc/all.xml.gz
频道: [天映新加坡（天映新加坡）] | 日期: 2026-03-14 | 来源: http://e.erw.cc/all.xml.gz
频道: [天映新加坡（天映新加坡）] | 日期: 2026-03-15 | 来源: http://e.erw.cc/all.xml.gz
频道: [天映经典（天映经典）] | 日期: 2026-03-14 | 来源: http://e.erw.cc/all.xml.gz
频道: [天映经典（天映经典）] | 日期: 2026-03-15 | 来源: https://epg.136605.xyz/9days.xml
频道: [天映经典（天映经典）] | 日期: 2026-03-16 | 来源: https://epg.136605.xyz/9days.xml
频道: [天映经典（天映经典）] | 日期: 2026-03-17 | 来源: https://epg.136605.xyz/9days.xml
频道: [天映经典（天映经典）] | 日期: 2026-03-18 | 来源: http://epg.cdn.loc.cc/xml
频道: [天映经典（天映经典）] | 日期: 2026-03-19 | 来源: http://epg.cdn.loc.cc/xml
频道: [天映经典（天映经典）] | 日期: 2026-03-20 | 来源: http://epg.cdn.loc.cc/xml
频道: [天映经典（天映经典）] | 日期: 2026-03-21 | 来源: http://epg.cdn.loc.cc/xml
频道: [天映经典（天映经典）] | 日期: 2026-03-22 | 来源: http://epg.cdn.loc.cc/xml
频道: [天映经典（天映经典）] | 日期: 2026-03-23 | 来源: http://epg.cdn.loc.cc/xml
频道: [天映马来西亚（天映马来西亚）] | 日期: 2026-03-14 | 来源: http://e.erw.cc/all.xml.gz
频道: [天映马来西亚（天映马来西亚）] | 日期: 2026-03-15 | 来源: http://e.erw.cc/all.xml.gz
频道: [天津体育（天津体育）] | 日期: 2026-03-15 | 来源: http://epg.51zmt.top:8000/e1.xml.gz
频道: [天津卫视（天津卫视）] | 日期: 2026-03-14 | 来源: https://epg.136605.xyz/9days.xml
频道: [天津卫视（天津卫视）] | 日期: 2026-03-15 | 来源: https://epg.136605.xyz/9days.xml
频道: [天津卫视（天津卫视）] | 日期: 2026-03-16 | 来源: https://epg.136605.xyz/9days.xml
频道: [天津卫视（天津卫视）] | 日期: 2026-03-17 | 来源: https://epg.136605.xyz/9days.xml
频道: [天津卫视（天津卫视）] | 日期: 2026-03-18 | 来源: https://github.com/zzzz0317/beijing-unicom-iptv-playlist/raw/refs/heads/main/epg.xml
频道: [天津影视（天津影视）] | 日期: 2026-03-15 | 来源: http://e.erw.cc/all.xml.gz
频道: [天津教育（天津教育）] | 日期: 2026-03-15 | 来源: http://e.erw.cc/all.xml.gz
频道: [天津文艺（天津文艺）] | 日期: 2026-03-15 | 来源: http://e.erw.cc/all.xml.gz
频道: [天津新闻（天津新闻）] | 日期: 2026-03-15 | 来源: http://e.erw.cc/all.xml.gz
频道: [天津都市（天津都市）] | 日期: 2026-03-15 | 来源: http://e.erw.cc/all.xml.gz
频道: [央广购物（央广购物）] | 日期: 2026-03-14 | 来源: https://epg.deny.vip/sh/tel-epg.xml
频道: [央广购物（央广购物）] | 日期: 2026-03-15 | 来源: https://github.com/zzzz0317/beijing-unicom-iptv-playlist/raw/refs/heads/main/epg.xml
频道: [央广购物（央广购物）] | 日期: 2026-03-16 | 来源: https://github.com/zzzz0317/beijing-unicom-iptv-playlist/raw/refs/heads/main/epg.xml
频道: [央广购物（央广购物）] | 日期: 2026-03-17 | 来源: https://github.com/zzzz0317/beijing-unicom-iptv-playlist/raw/refs/heads/main/epg.xml
频道: [央广购物（央广购物）] | 日期: 2026-03-18 | 来源: https://github.com/zzzz0317/beijing-unicom-iptv-playlist/raw/refs/heads/main/epg.xml
频道: [央广购物（央广购物）] | 日期: 2026-03-19 | 来源: https://github.com/zzzz0317/beijing-unicom-iptv-playlist/raw/refs/heads/main/epg.xml
频道: [央广购物（央广购物）] | 日期: 2026-03-20 | 来源: https://github.com/zzzz0317/beijing-unicom-iptv-playlist/raw/refs/heads/main/epg.xml
频道: [央广购物（央广购物）] | 日期: 2026-03-21 | 来源: https://github.com/zzzz0317/beijing-unicom-iptv-playlist/raw/refs/heads/main/epg.xml
频道: [央广购物（央广购物）] | 日期: 2026-03-22 | 来源: https://github.com/zzzz0317/beijing-unicom-iptv-playlist/raw/refs/heads/main/epg.xml
频道: [央广购物精选（央广购物精选）] | 日期: 2026-03-14 | 来源: https://github.com/zzzz0317/beijing-unicom-iptv-playlist/raw/refs/heads/main/epg.xml
频道: [央广购物精选（央广购物精选）] | 日期: 2026-03-15 | 来源: https://github.com/zzzz0317/beijing-unicom-iptv-playlist/raw/refs/heads/main/epg.xml
频道: [央广购物精选（央广购物精选）] | 日期: 2026-03-16 | 来源: https://github.com/zzzz0317/beijing-unicom-iptv-playlist/raw/refs/heads/main/epg.xml
频道: [央广购物精选（央广购物精选）] | 日期: 2026-03-17 | 来源: https://github.com/zzzz0317/beijing-unicom-iptv-playlist/raw/refs/heads/main/epg.xml
频道: [央广购物精选（央广购物精选）] | 日期: 2026-03-18 | 来源: https://github.com/zzzz0317/beijing-unicom-iptv-playlist/raw/refs/heads/main/epg.xml
频道: [央广购物精选（央广购物精选）] | 日期: 2026-03-19 | 来源: https://github.com/zzzz0317/beijing-unicom-iptv-playlist/raw/refs/heads/main/epg.xml
频道: [央广购物精选（央广购物精选）] | 日期: 2026-03-20 | 来源: https://github.com/zzzz0317/beijing-unicom-iptv-playlist/raw/refs/heads/main/epg.xml
频道: [央广购物精选（央广购物精选）] | 日期: 2026-03-21 | 来源: https://github.com/zzzz0317/beijing-unicom-iptv-playlist/raw/refs/heads/main/epg.xml
频道: [央广购物精选（央广购物精选）] | 日期: 2026-03-22 | 来源: https://github.com/zzzz0317/beijing-unicom-iptv-playlist/raw/refs/heads/main/epg.xml
频道: [央视台球（央视台球）] | 日期: 2026-03-14 | 来源: https://epg.deny.vip/sh/tel-epg.xml
频道: [央视台球（央视台球）] | 日期: 2026-03-15 | 来源: http://epg.51zmt.top:8000/e1.xml.gz
频道: [央视台球（央视台球）] | 日期: 2026-03-16 | 来源: https://epg.136605.xyz/9days.xml
频道: [央视台球（央视台球）] | 日期: 2026-03-17 | 来源: https://github.com/litiande03/epg/raw/refs/heads/master/pl.xml.gz
频道: [央视台球（央视台球）] | 日期: 2026-03-18 | 来源: https://github.com/litiande03/epg/raw/refs/heads/master/pl.xml.gz
频道: [央视文化精品（央视文化精品）] | 日期: 2026-03-14 | 来源: https://epg.deny.vip/sh/tel-epg.xml
频道: [央视文化精品（央视文化精品）] | 日期: 2026-03-15 | 来源: https://epg.136605.xyz/9days.xml
频道: [央视文化精品（央视文化精品）] | 日期: 2026-03-16 | 来源: https://epg.136605.xyz/9days.xml
频道: [央视文化精品（央视文化精品）] | 日期: 2026-03-17 | 来源: https://epg.136605.xyz/9days.xml
频道: [央视精品（央视精品）] | 日期: 2026-03-15 | 来源: http://epg.51zmt.top:8000/e1.xml.gz
频道: [女性时尚（女性时尚）] | 日期: 2026-03-14 | 来源: https://epg.deny.vip/sh/tel-epg.xml
频道: [女性时尚（女性时尚）] | 日期: 2026-03-15 | 来源: https://epg.136605.xyz/9days.xml
频道: [女性时尚（女性时尚）] | 日期: 2026-03-16 | 来源: https://epg.136605.xyz/9days.xml
频道: [女性时尚（女性时尚）] | 日期: 2026-03-17 | 来源: https://github.com/litiande03/epg/raw/refs/heads/master/pl.xml.gz
频道: [女性时尚（女性时尚）] | 日期: 2026-03-18 | 来源: https://github.com/litiande03/epg/raw/refs/heads/master/pl.xml.gz
频道: [好享购物（好享购物）] | 日期: 2026-03-14 | 来源: https://epg.deny.vip/sh/tel-epg.xml
频道: [好享购物（好享购物）] | 日期: 2026-03-15 | 来源: https://epg.deny.vip/sh/tel-epg.xml
频道: [好享购物（好享购物）] | 日期: 2026-03-16 | 来源: https://epg.deny.vip/sh/tel-epg.xml
频道: [好学生（好学生）] | 日期: 2026-03-15 | 来源: https://github.com/zzzz0317/beijing-unicom-iptv-playlist/raw/refs/heads/main/epg.xml
频道: [好学生（好学生）] | 日期: 2026-03-16 | 来源: https://github.com/zzzz0317/beijing-unicom-iptv-playlist/raw/refs/heads/main/epg.xml
频道: [好学生（好学生）] | 日期: 2026-03-17 | 来源: https://github.com/zzzz0317/beijing-unicom-iptv-playlist/raw/refs/heads/main/epg.xml
频道: [好消息（好消息）] | 日期: 2026-03-15 | 来源: https://github.com/litiande03/epg/raw/refs/heads/master/pl.xml.gz
频道: [好消息（好消息）] | 日期: 2026-03-16 | 来源: https://github.com/litiande03/epg/raw/refs/heads/master/pl.xml.gz
频道: [好消息（好消息）] | 日期: 2026-03-17 | 来源: https://github.com/litiande03/epg/raw/refs/heads/master/pl.xml.gz
频道: [好消息2台（好消息2台）] | 日期: 2026-03-15 | 来源: https://github.com/litiande03/epg/raw/refs/heads/master/pl.xml.gz
频道: [好消息2台（好消息2台）] | 日期: 2026-03-16 | 来源: https://github.com/litiande03/epg/raw/refs/heads/master/pl.xml.gz
频道: [好消息2台（好消息2台）] | 日期: 2026-03-17 | 来源: https://github.com/litiande03/epg/raw/refs/heads/master/pl.xml.gz
频道: [娱乐新闻台（娱乐新闻台）] | 日期: 2026-03-14 | 来源: http://epg.cdn.loc.cc/xml
频道: [娱乐新闻台（娱乐新闻台）] | 日期: 2026-03-15 | 来源: https://epg.136605.xyz/9days.xml
频道: [娱乐新闻台（娱乐新闻台）] | 日期: 2026-03-16 | 来源: https://epg.136605.xyz/9days.xml
频道: [娱乐新闻台（娱乐新闻台）] | 日期: 2026-03-17 | 来源: https://epg.136605.xyz/9days.xml
频道: [娱乐新闻台（娱乐新闻台）] | 日期: 2026-03-18 | 来源: http://epg.cdn.loc.cc/xml
频道: [娱乐新闻台（娱乐新闻台）] | 日期: 2026-03-19 | 来源: http://epg.cdn.loc.cc/xml
频道: [娱乐新闻台（娱乐新闻台）] | 日期: 2026-03-20 | 来源: http://epg.cdn.loc.cc/xml
频道: [娱乐新闻台（娱乐新闻台）] | 日期: 2026-03-21 | 来源: http://epg.cdn.loc.cc/xml
频道: [娱乐新闻台（娱乐新闻台）] | 日期: 2026-03-22 | 来源: http://epg.cdn.loc.cc/xml
频道: [娱乐新闻台（娱乐新闻台）] | 日期: 2026-03-23 | 来源: http://epg.cdn.loc.cc/xml
频道: [宁夏公共（宁夏公共）] | 日期: 2026-03-15 | 来源: http://epg.51zmt.top:8000/e1.xml.gz
频道: [宁夏卫视（宁夏卫视）] | 日期: 2026-03-14 | 来源: https://github.com/zzzz0317/beijing-unicom-iptv-playlist/raw/refs/heads/main/epg.xml
频道: [宁夏卫视（宁夏卫视）] | 日期: 2026-03-15 | 来源: https://epg.136605.xyz/9days.xml
频道: [宁夏卫视（宁夏卫视）] | 日期: 2026-03-16 | 来源: https://epg.136605.xyz/9days.xml
频道: [宁夏卫视（宁夏卫视）] | 日期: 2026-03-17 | 来源: https://epg.136605.xyz/9days.xml
频道: [宁夏卫视（宁夏卫视）] | 日期: 2026-03-18 | 来源: https://epg.136605.xyz/9days.xml
频道: [宁夏少儿（宁夏少儿）] | 日期: 2026-03-15 | 来源: http://epg.51zmt.top:8000/e1.xml.gz
频道: [宁夏文旅（宁夏文旅）] | 日期: 2026-03-15 | 来源: http://epg.51zmt.top:8000/e1.xml.gz
频道: [宁夏经济（宁夏经济）] | 日期: 2026-03-15 | 来源: http://epg.51zmt.top:8000/e1.xml.gz
频道: [安多卫视（安多卫视）] | 日期: 2026-03-15 | 来源: http://e.erw.cc/all.xml.gz
频道: [安多卫视（安多卫视）] | 日期: 2026-03-16 | 来源: https://github.com/mytv-android/SCTV_EPG/raw/refs/heads/main/epg.xml
频道: [安徽公共（安徽公共）] | 日期: 2026-03-15 | 来源: http://e.erw.cc/all.xml.gz
频道: [安徽农业科教（安徽农业科教）] | 日期: 2026-03-15 | 来源: http://e.erw.cc/all.xml.gz
频道: [安徽卫视（安徽卫视）] | 日期: 2026-03-14 | 来源: https://epg.136605.xyz/9days.xml
频道: [安徽卫视（安徽卫视）] | 日期: 2026-03-15 | 来源: https://epg.136605.xyz/9days.xml
频道: [安徽卫视（安徽卫视）] | 日期: 2026-03-16 | 来源: https://epg.136605.xyz/9days.xml
频道: [安徽卫视（安徽卫视）] | 日期: 2026-03-17 | 来源: https://epg.136605.xyz/9days.xml
频道: [安徽卫视（安徽卫视）] | 日期: 2026-03-18 | 来源: https://github.com/zzzz0317/beijing-unicom-iptv-playlist/raw/refs/heads/main/epg.xml
频道: [安徽广播电视台国际频道（安徽广播电视台国际频道）] | 日期: 2026-03-14 | 来源: http://epg.cdn.loc.cc/xml
频道: [安徽广播电视台国际频道（安徽广播电视台国际频道）] | 日期: 2026-03-15 | 来源: http://epg.cdn.loc.cc/xml
频道: [安徽广播电视台国际频道（安徽广播电视台国际频道）] | 日期: 2026-03-16 | 来源: http://epg.cdn.loc.cc/xml
频道: [安徽广播电视台国际频道（安徽广播电视台国际频道）] | 日期: 2026-03-17 | 来源: http://epg.cdn.loc.cc/xml
频道: [安徽广播电视台国际频道（安徽广播电视台国际频道）] | 日期: 2026-03-18 | 来源: http://epg.cdn.loc.cc/xml
频道: [安徽广播电视台国际频道（安徽广播电视台国际频道）] | 日期: 2026-03-19 | 来源: http://epg.cdn.loc.cc/xml
频道: [安徽广播电视台国际频道（安徽广播电视台国际频道）] | 日期: 2026-03-20 | 来源: http://epg.cdn.loc.cc/xml
频道: [安徽广播电视台国际频道（安徽广播电视台国际频道）] | 日期: 2026-03-21 | 来源: http://epg.cdn.loc.cc/xml
频道: [安徽广播电视台国际频道（安徽广播电视台国际频道）] | 日期: 2026-03-22 | 来源: http://epg.cdn.loc.cc/xml
频道: [安徽广播电视台国际频道（安徽广播电视台国际频道）] | 日期: 2026-03-23 | 来源: http://epg.cdn.loc.cc/xml
频道: [安徽影视（安徽影视）] | 日期: 2026-03-15 | 来源: http://e.erw.cc/all.xml.gz
频道: [安徽经济生活（安徽经济生活）] | 日期: 2026-03-15 | 来源: http://e.erw.cc/all.xml.gz
频道: [安徽综艺体育（安徽综艺体育）] | 日期: 2026-03-15 | 来源: http://e.erw.cc/all.xml.gz
频道: [宜和购物（宜和购物）] | 日期: 2026-03-14 | 来源: https://github.com/litiande03/epg/raw/refs/heads/master/pl.xml.gz
频道: [宜和购物（宜和购物）] | 日期: 2026-03-15 | 来源: https://github.com/litiande03/epg/raw/refs/heads/master/pl.xml.gz
频道: [宜和购物（宜和购物）] | 日期: 2026-03-16 | 来源: https://github.com/litiande03/epg/raw/refs/heads/master/pl.xml.gz
频道: [宜和购物（宜和购物）] | 日期: 2026-03-17 | 来源: https://github.com/litiande03/epg/raw/refs/heads/master/pl.xml.gz
频道: [宜和购物（宜和购物）] | 日期: 2026-03-18 | 来源: https://github.com/litiande03/epg/raw/refs/heads/master/pl.xml.gz
频道: [宝宝动画专区（宝宝动画专区）] | 日期: 2026-03-15 | 来源: https://github.com/mytv-android/SCTV_EPG/raw/refs/heads/main/epg.xml
频道: [宝应新闻综合（宝应新闻综合）] | 日期: 2026-03-14 | 来源: https://epg.136605.xyz/9days.xml
频道: [宝应新闻综合（宝应新闻综合）] | 日期: 2026-03-15 | 来源: https://epg.136605.xyz/9days.xml
频道: [宝应新闻综合（宝应新闻综合）] | 日期: 2026-03-16 | 来源: https://epg.136605.xyz/9days.xml
频道: [宠物频道（宠物频道）] | 日期: 2026-03-15 | 来源: https://github.com/litiande03/epg/raw/refs/heads/master/pl.xml.gz
频道: [宠物频道（宠物频道）] | 日期: 2026-03-16 | 来源: https://github.com/litiande03/epg/raw/refs/heads/master/pl.xml.gz
频道: [宠物频道（宠物频道）] | 日期: 2026-03-17 | 来源: https://github.com/litiande03/epg/raw/refs/heads/master/pl.xml.gz
频道: [客家电视台（客家电视台）] | 日期: 2026-03-15 | 来源: https://github.com/litiande03/epg/raw/refs/heads/master/pl.xml.gz
频道: [客家电视台（客家电视台）] | 日期: 2026-03-16 | 来源: https://github.com/litiande03/epg/raw/refs/heads/master/pl.xml.gz
频道: [客家电视台（客家电视台）] | 日期: 2026-03-17 | 来源: https://github.com/litiande03/epg/raw/refs/heads/master/pl.xml.gz
频道: [家庭剧场（家庭剧场）] | 日期: 2026-03-14 | 来源: https://epg.136605.xyz/9days.xml
频道: [家庭剧场（家庭剧场）] | 日期: 2026-03-15 | 来源: http://e.erw.cc/all.xml.gz
频道: [家庭剧场（家庭剧场）] | 日期: 2026-03-16 | 来源: https://epg.136605.xyz/9days.xml
频道: [家庭剧场（家庭剧场）] | 日期: 2026-03-17 | 来源: https://epg.136605.xyz/9days.xml
频道: [家庭影院（家庭影院）] | 日期: 2026-03-15 | 来源: http://e.erw.cc/all.xml.gz
频道: [家庭影院（家庭影院）] | 日期: 2026-03-16 | 来源: https://github.com/zzzz0317/beijing-unicom-iptv-playlist/raw/refs/heads/main/epg.xml
频道: [家庭影院（家庭影院）] | 日期: 2026-03-17 | 来源: https://github.com/zzzz0317/beijing-unicom-iptv-playlist/raw/refs/heads/main/epg.xml
频道: [家庭理财（家庭理财）] | 日期: 2026-03-14 | 来源: https://epg.deny.vip/sh/tel-epg.xml
频道: [家庭理财（家庭理财）] | 日期: 2026-03-15 | 来源: https://epg.deny.vip/sh/tel-epg.xml
频道: [家庭理财（家庭理财）] | 日期: 2026-03-16 | 来源: https://epg.deny.vip/sh/tel-epg.xml
频道: [家有购物（家有购物）] | 日期: 2026-03-14 | 来源: https://github.com/zzzz0317/beijing-unicom-iptv-playlist/raw/refs/heads/main/epg.xml
频道: [家有购物（家有购物）] | 日期: 2026-03-15 | 来源: https://github.com/zzzz0317/beijing-unicom-iptv-playlist/raw/refs/heads/main/epg.xml
频道: [家有购物（家有购物）] | 日期: 2026-03-16 | 来源: https://github.com/zzzz0317/beijing-unicom-iptv-playlist/raw/refs/heads/main/epg.xml
频道: [家有购物（家有购物）] | 日期: 2026-03-17 | 来源: https://github.com/zzzz0317/beijing-unicom-iptv-playlist/raw/refs/heads/main/epg.xml
频道: [家有购物（家有购物）] | 日期: 2026-03-18 | 来源: https://github.com/zzzz0317/beijing-unicom-iptv-playlist/raw/refs/heads/main/epg.xml
频道: [家有购物（家有购物）] | 日期: 2026-03-19 | 来源: https://github.com/zzzz0317/beijing-unicom-iptv-playlist/raw/refs/heads/main/epg.xml
频道: [家有购物（家有购物）] | 日期: 2026-03-20 | 来源: https://github.com/zzzz0317/beijing-unicom-iptv-playlist/raw/refs/heads/main/epg.xml
频道: [家有购物（家有购物）] | 日期: 2026-03-21 | 来源: https://github.com/zzzz0317/beijing-unicom-iptv-playlist/raw/refs/heads/main/epg.xml
频道: [家有购物（家有购物）] | 日期: 2026-03-22 | 来源: https://github.com/zzzz0317/beijing-unicom-iptv-playlist/raw/refs/heads/main/epg.xml
频道: [家有购物精选（家有购物精选）] | 日期: 2026-03-14 | 来源: https://github.com/zzzz0317/beijing-unicom-iptv-playlist/raw/refs/heads/main/epg.xml
频道: [家有购物精选（家有购物精选）] | 日期: 2026-03-15 | 来源: https://github.com/zzzz0317/beijing-unicom-iptv-playlist/raw/refs/heads/main/epg.xml
频道: [家有购物精选（家有购物精选）] | 日期: 2026-03-16 | 来源: https://github.com/zzzz0317/beijing-unicom-iptv-playlist/raw/refs/heads/main/epg.xml
频道: [家有购物精选（家有购物精选）] | 日期: 2026-03-17 | 来源: https://github.com/zzzz0317/beijing-unicom-iptv-playlist/raw/refs/heads/main/epg.xml
频道: [家有购物精选（家有购物精选）] | 日期: 2026-03-18 | 来源: https://github.com/zzzz0317/beijing-unicom-iptv-playlist/raw/refs/heads/main/epg.xml
频道: [家有购物精选（家有购物精选）] | 日期: 2026-03-19 | 来源: https://github.com/zzzz0317/beijing-unicom-iptv-playlist/raw/refs/heads/main/epg.xml
频道: [家有购物精选（家有购物精选）] | 日期: 2026-03-20 | 来源: https://github.com/zzzz0317/beijing-unicom-iptv-playlist/raw/refs/heads/main/epg.xml
频道: [家有购物精选（家有购物精选）] | 日期: 2026-03-21 | 来源: https://github.com/zzzz0317/beijing-unicom-iptv-playlist/raw/refs/heads/main/epg.xml
频道: [家有购物精选（家有购物精选）] | 日期: 2026-03-22 | 来源: https://github.com/zzzz0317/beijing-unicom-iptv-playlist/raw/refs/heads/main/epg.xml
频道: [宿迁公共（宿迁公共）] | 日期: 2026-03-14 | 来源: https://epg.136605.xyz/9days.xml
频道: [宿迁公共（宿迁公共）] | 日期: 2026-03-15 | 来源: https://epg.136605.xyz/9days.xml
频道: [宿迁公共（宿迁公共）] | 日期: 2026-03-16 | 来源: https://epg.136605.xyz/9days.xml
频道: [宿迁综合（宿迁综合）] | 日期: 2026-03-14 | 来源: https://epg.136605.xyz/9days.xml
频道: [宿迁综合（宿迁综合）] | 日期: 2026-03-15 | 来源: https://epg.136605.xyz/9days.xml
频道: [宿迁综合（宿迁综合）] | 日期: 2026-03-16 | 来源: https://epg.136605.xyz/9days.xml
频道: [宿迁综合（宿迁综合）] | 日期: 2026-03-17 | 来源: https://epg.136605.xyz/9days.xml
频道: [寰宇新闻（寰宇新闻）] | 日期: 2026-03-14 | 来源: http://epg.cdn.loc.cc/xml
频道: [寰宇新闻（寰宇新闻）] | 日期: 2026-03-15 | 来源: http://epg.cdn.loc.cc/xml
频道: [寰宇新闻（寰宇新闻）] | 日期: 2026-03-16 | 来源: http://epg.cdn.loc.cc/xml
频道: [寰宇新闻（寰宇新闻）] | 日期: 2026-03-17 | 来源: http://epg.cdn.loc.cc/xml
频道: [寰宇新闻（寰宇新闻）] | 日期: 2026-03-18 | 来源: http://epg.cdn.loc.cc/xml
频道: [寰宇新闻（寰宇新闻）] | 日期: 2026-03-19 | 来源: http://epg.cdn.loc.cc/xml
频道: [寰宇新闻（寰宇新闻）] | 日期: 2026-03-20 | 来源: http://epg.cdn.loc.cc/xml
频道: [寰宇新闻（寰宇新闻）] | 日期: 2026-03-21 | 来源: http://epg.cdn.loc.cc/xml
频道: [寰宇新闻一台（寰宇新闻一台）] | 日期: 2026-03-15 | 来源: https://github.com/litiande03/epg/raw/refs/heads/master/pl.xml.gz
频道: [寰宇新闻一台（寰宇新闻一台）] | 日期: 2026-03-16 | 来源: https://github.com/litiande03/epg/raw/refs/heads/master/pl.xml.gz
频道: [寰宇新闻一台（寰宇新闻一台）] | 日期: 2026-03-17 | 来源: https://github.com/litiande03/epg/raw/refs/heads/master/pl.xml.gz
频道: [寰宇新闻一台（寰宇新闻一台）] | 日期: 2026-03-18 | 来源: https://github.com/litiande03/epg/raw/refs/heads/master/pl.xml.gz
频道: [寰宇新闻台（寰宇新闻台）] | 日期: 2026-03-14 | 来源: https://epg.136605.xyz/9days.xml
频道: [寰宇新闻台（寰宇新闻台）] | 日期: 2026-03-15 | 来源: https://epg.136605.xyz/9days.xml
频道: [寰宇新闻台（寰宇新闻台）] | 日期: 2026-03-16 | 来源: https://epg.136605.xyz/9days.xml
频道: [寰宇新闻台（寰宇新闻台）] | 日期: 2026-03-17 | 来源: https://epg.136605.xyz/9days.xml
频道: [寰宇新闻台（寰宇新闻台）] | 日期: 2026-03-18 | 来源: https://github.com/litiande03/epg/raw/refs/heads/master/pl.xml.gz
频道: [寰宇新闻台湾台（寰宇新闻台湾台）] | 日期: 2026-03-15 | 来源: https://github.com/litiande03/epg/raw/refs/heads/master/pl.xml.gz
频道: [寰宇新闻台湾台（寰宇新闻台湾台）] | 日期: 2026-03-16 | 来源: https://github.com/litiande03/epg/raw/refs/heads/master/pl.xml.gz
频道: [寰宇新闻台湾台（寰宇新闻台湾台）] | 日期: 2026-03-17 | 来源: https://github.com/litiande03/epg/raw/refs/heads/master/pl.xml.gz
频道: [寰宇新闻台湾台（寰宇新闻台湾台）] | 日期: 2026-03-18 | 来源: https://github.com/litiande03/epg/raw/refs/heads/master/pl.xml.gz
频道: [寰宇财经台（寰宇财经台）] | 日期: 2026-03-15 | 来源: https://github.com/litiande03/epg/raw/refs/heads/master/pl.xml.gz
频道: [寰宇财经台（寰宇财经台）] | 日期: 2026-03-16 | 来源: https://github.com/litiande03/epg/raw/refs/heads/master/pl.xml.gz
频道: [寰宇财经台（寰宇财经台）] | 日期: 2026-03-17 | 来源: https://github.com/litiande03/epg/raw/refs/heads/master/pl.xml.gz
频道: [少儿动漫（少儿动漫）] | 日期: 2026-03-15 | 来源: http://e.erw.cc/all.xml.gz
频道: [少儿动画（少儿动画）] | 日期: 2026-03-15 | 来源: https://github.com/zzzz0317/beijing-unicom-iptv-playlist/raw/refs/heads/main/epg.xml
频道: [少儿动画（少儿动画）] | 日期: 2026-03-16 | 来源: https://github.com/litiande03/epg/raw/refs/heads/master/pl.xml.gz
频道: [少儿动画（少儿动画）] | 日期: 2026-03-17 | 来源: https://github.com/zzzz0317/beijing-unicom-iptv-playlist/raw/refs/heads/main/epg.xml
频道: [尼克儿童频道（尼克儿童频道）] | 日期: 2026-03-15 | 来源: http://epg.cdn.loc.cc/xml
频道: [尼克儿童频道（尼克儿童频道）] | 日期: 2026-03-16 | 来源: http://epg.cdn.loc.cc/xml
频道: [尼克儿童频道（尼克儿童频道）] | 日期: 2026-03-17 | 来源: http://epg.cdn.loc.cc/xml
频道: [尼克儿童频道（尼克儿童频道）] | 日期: 2026-03-18 | 来源: http://epg.cdn.loc.cc/xml
频道: [尼克儿童频道（尼克儿童频道）] | 日期: 2026-03-19 | 来源: http://epg.cdn.loc.cc/xml
频道: [尼克儿童频道（尼克儿童频道）] | 日期: 2026-03-20 | 来源: http://epg.cdn.loc.cc/xml
频道: [尼克儿童频道（尼克儿童频道）] | 日期: 2026-03-21 | 来源: http://epg.cdn.loc.cc/xml
频道: [山东体育（山东体育）] | 日期: 2026-03-14 | 来源: https://github.com/plsy1/epg/raw/refs/heads/main/e/seven-days.xml.gz
频道: [山东体育（山东体育）] | 日期: 2026-03-15 | 来源: http://epg.51zmt.top:8000/e1.xml.gz
频道: [山东体育休闲（山东体育休闲）] | 日期: 2026-03-14 | 来源: https://epg.136605.xyz/9days.xml
频道: [山东体育休闲（山东体育休闲）] | 日期: 2026-03-15 | 来源: http://e.erw.cc/all.xml.gz
频道: [山东农科（山东农科）] | 日期: 2026-03-14 | 来源: https://epg.136605.xyz/9days.xml
频道: [山东农科（山东农科）] | 日期: 2026-03-15 | 来源: https://github.com/plsy1/epg/raw/refs/heads/main/e/seven-days.xml.gz
频道: [山东卫视（山东卫视）] | 日期: 2026-03-14 | 来源: https://github.com/plsy1/epg/raw/refs/heads/main/e/seven-days.xml.gz
频道: [山东卫视（山东卫视）] | 日期: 2026-03-15 | 来源: https://epg.136605.xyz/9days.xml
频道: [山东卫视（山东卫视）] | 日期: 2026-03-16 | 来源: https://epg.136605.xyz/9days.xml
频道: [山东卫视（山东卫视）] | 日期: 2026-03-17 | 来源: https://epg.136605.xyz/9days.xml
频道: [山东卫视（山东卫视）] | 日期: 2026-03-18 | 来源: https://github.com/zzzz0317/beijing-unicom-iptv-playlist/raw/refs/heads/main/epg.xml
频道: [山东卫视4K（山东卫视4K）] | 日期: 2026-03-14 | 来源: https://github.com/plsy1/epg/raw/refs/heads/main/e/seven-days.xml.gz
频道: [山东卫视4K（山东卫视4K）] | 日期: 2026-03-15 | 来源: https://github.com/litiande03/epg/raw/refs/heads/master/pl.xml.gz
频道: [山东卫视4K（山东卫视4K）] | 日期: 2026-03-16 | 来源: https://github.com/litiande03/epg/raw/refs/heads/master/pl.xml.gz
频道: [山东卫视4K（山东卫视4K）] | 日期: 2026-03-17 | 来源: https://github.com/litiande03/epg/raw/refs/heads/master/pl.xml.gz
频道: [山东卫视4K（山东卫视4K）] | 日期: 2026-03-18 | 来源: https://github.com/litiande03/epg/raw/refs/heads/master/pl.xml.gz
频道: [山东卫视4K超高清（山东卫视4K超高清）] | 日期: 2026-03-14 | 来源: https://github.com/zzzz0317/beijing-unicom-iptv-playlist/raw/refs/heads/main/epg.xml
频道: [山东卫视4K超高清（山东卫视4K超高清）] | 日期: 2026-03-15 | 来源: https://github.com/zzzz0317/beijing-unicom-iptv-playlist/raw/refs/heads/main/epg.xml
频道: [山东卫视4K超高清（山东卫视4K超高清）] | 日期: 2026-03-16 | 来源: https://github.com/zzzz0317/beijing-unicom-iptv-playlist/raw/refs/heads/main/epg.xml
频道: [山东卫视4K超高清（山东卫视4K超高清）] | 日期: 2026-03-17 | 来源: https://github.com/zzzz0317/beijing-unicom-iptv-playlist/raw/refs/heads/main/epg.xml
频道: [山东卫视4K超高清（山东卫视4K超高清）] | 日期: 2026-03-18 | 来源: https://github.com/zzzz0317/beijing-unicom-iptv-playlist/raw/refs/heads/main/epg.xml
频道: [山东少儿（山东少儿）] | 日期: 2026-03-14 | 来源: https://epg.136605.xyz/9days.xml
频道: [山东少儿（山东少儿）] | 日期: 2026-03-15 | 来源: https://epg.136605.xyz/9days.xml
频道: [山东教育（山东教育）] | 日期: 2026-03-14 | 来源: https://github.com/plsy1/epg/raw/refs/heads/main/e/seven-days.xml.gz
频道: [山东教育（山东教育）] | 日期: 2026-03-15 | 来源: https://epg.136605.xyz/9days.xml
频道: [山东教育（山东教育）] | 日期: 2026-03-16 | 来源: https://epg.136605.xyz/9days.xml
频道: [山东教育（山东教育）] | 日期: 2026-03-17 | 来源: https://epg.136605.xyz/9days.xml
频道: [山东教育（山东教育）] | 日期: 2026-03-18 | 来源: https://github.com/zzzz0317/beijing-unicom-iptv-playlist/raw/refs/heads/main/epg.xml
频道: [山东教育卫视（山东教育卫视）] | 日期: 2026-03-15 | 来源: https://liliu.serv00.net/epg/download.php?type=xml
频道: [山东教育卫视（山东教育卫视）] | 日期: 2026-03-16 | 来源: https://github.com/mytv-android/SCTV_EPG/raw/refs/heads/main/epg.xml
频道: [山东教育台（山东教育台）] | 日期: 2026-03-15 | 来源: https://github.com/frankwuzp/iptv-cn/raw/refs/heads/main/guide.xml
频道: [山东教育台（山东教育台）] | 日期: 2026-03-16 | 来源: https://github.com/frankwuzp/iptv-cn/raw/refs/heads/main/guide.xml
频道: [山东教育台（山东教育台）] | 日期: 2026-03-17 | 来源: https://github.com/frankwuzp/iptv-cn/raw/refs/heads/main/guide.xml
频道: [山东文旅（山东文旅）] | 日期: 2026-03-14 | 来源: https://epg.136605.xyz/9days.xml
频道: [山东文旅（山东文旅）] | 日期: 2026-03-15 | 来源: https://epg.136605.xyz/9days.xml
频道: [山东新闻（山东新闻）] | 日期: 2026-03-14 | 来源: https://epg.136605.xyz/9days.xml
频道: [山东新闻（山东新闻）] | 日期: 2026-03-15 | 来源: https://epg.136605.xyz/9days.xml
频道: [山东生活（山东生活）] | 日期: 2026-03-14 | 来源: https://epg.136605.xyz/9days.xml
频道: [山东生活（山东生活）] | 日期: 2026-03-15 | 来源: https://epg.136605.xyz/9days.xml
频道: [山东生活（山东生活）] | 日期: 2026-03-16 | 来源: https://github.com/plsy1/epg/raw/refs/heads/main/e/seven-days.xml.gz
频道: [山东综艺（山东综艺）] | 日期: 2026-03-14 | 来源: https://epg.136605.xyz/9days.xml
频道: [山东综艺（山东综艺）] | 日期: 2026-03-15 | 来源: http://e.erw.cc/all.xml.gz
频道: [山东齐鲁（山东齐鲁）] | 日期: 2026-03-14 | 来源: https://epg.136605.xyz/9days.xml
频道: [山东齐鲁（山东齐鲁）] | 日期: 2026-03-15 | 来源: http://e.erw.cc/all.xml.gz
频道: [山西卫视（山西卫视）] | 日期: 2026-03-14 | 来源: https://epg.136605.xyz/9days.xml
频道: [山西卫视（山西卫视）] | 日期: 2026-03-15 | 来源: https://epg.136605.xyz/9days.xml
频道: [山西卫视（山西卫视）] | 日期: 2026-03-16 | 来源: https://epg.136605.xyz/9days.xml
频道: [山西卫视（山西卫视）] | 日期: 2026-03-17 | 来源: https://epg.136605.xyz/9days.xml
频道: [山西卫视（山西卫视）] | 日期: 2026-03-18 | 来源: https://github.com/zzzz0317/beijing-unicom-iptv-playlist/raw/refs/heads/main/epg.xml
频道: [山西影视（山西影视）] | 日期: 2026-03-14 | 来源: http://e.erw.cc/all.xml.gz
频道: [山西影视（山西影视）] | 日期: 2026-03-15 | 来源: http://e.erw.cc/all.xml.gz
频道: [山西文体生活（山西文体生活）] | 日期: 2026-03-14 | 来源: http://e.erw.cc/all.xml.gz
频道: [山西文体生活（山西文体生活）] | 日期: 2026-03-15 | 来源: http://e.erw.cc/all.xml.gz
频道: [山西社会与法治（山西社会与法治）] | 日期: 2026-03-14 | 来源: http://e.erw.cc/all.xml.gz
频道: [山西社会与法治（山西社会与法治）] | 日期: 2026-03-15 | 来源: http://e.erw.cc/all.xml.gz
频道: [山西经济与科技（山西经济与科技）] | 日期: 2026-03-14 | 来源: http://e.erw.cc/all.xml.gz
频道: [山西经济与科技（山西经济与科技）] | 日期: 2026-03-15 | 来源: http://epg.51zmt.top:8000/e1.xml.gz
频道: [岭南戏曲（岭南戏曲）] | 日期: 2026-03-15 | 来源: https://github.com/litiande03/epg/raw/refs/heads/master/pl.xml.gz
频道: [岭南戏曲（岭南戏曲）] | 日期: 2026-03-16 | 来源: https://github.com/litiande03/epg/raw/refs/heads/master/pl.xml.gz
频道: [岭南戏曲（岭南戏曲）] | 日期: 2026-03-17 | 来源: https://github.com/litiande03/epg/raw/refs/heads/master/pl.xml.gz
频道: [岭南戏曲（岭南戏曲）] | 日期: 2026-03-18 | 来源: https://github.com/litiande03/epg/raw/refs/heads/master/pl.xml.gz
频道: [峨嵋电影（峨嵋电影）] | 日期: 2026-03-15 | 来源: http://epg.51zmt.top:8000/e1.xml.gz
频道: [峨眉电影（峨眉电影）] | 日期: 2026-03-15 | 来源: https://github.com/mytv-android/SCTV_EPG/raw/refs/heads/main/epg.xml
频道: [峨眉电影（峨眉电影）] | 日期: 2026-03-16 | 来源: https://github.com/mytv-android/SCTV_EPG/raw/refs/heads/main/epg.xml
频道: [常州新闻（常州新闻）] | 日期: 2026-03-14 | 来源: https://epg.136605.xyz/9days.xml
频道: [常州新闻（常州新闻）] | 日期: 2026-03-15 | 来源: https://epg.136605.xyz/9days.xml
频道: [常州新闻（常州新闻）] | 日期: 2026-03-16 | 来源: https://epg.136605.xyz/9days.xml
频道: [常州新闻（常州新闻）] | 日期: 2026-03-17 | 来源: https://epg.136605.xyz/9days.xml
频道: [常州生活（常州生活）] | 日期: 2026-03-14 | 来源: https://epg.136605.xyz/9days.xml
频道: [常州生活（常州生活）] | 日期: 2026-03-15 | 来源: https://epg.136605.xyz/9days.xml
频道: [常州生活（常州生活）] | 日期: 2026-03-16 | 来源: https://epg.136605.xyz/9days.xml
频道: [常州生活（常州生活）] | 日期: 2026-03-17 | 来源: https://epg.136605.xyz/9days.xml
频道: [常州综合（常州综合）] | 日期: 2026-03-15 | 来源: http://e.erw.cc/all.xml.gz
频道: [常州都市（常州都市）] | 日期: 2026-03-14 | 来源: https://epg.136605.xyz/9days.xml
频道: [常州都市（常州都市）] | 日期: 2026-03-15 | 来源: https://epg.136605.xyz/9days.xml
频道: [常州都市（常州都市）] | 日期: 2026-03-16 | 来源: https://epg.136605.xyz/9days.xml
频道: [常州都市（常州都市）] | 日期: 2026-03-17 | 来源: https://epg.136605.xyz/9days.xml
频道: [年代大剧（年代大剧）] | 日期: 2026-03-15 | 来源: http://e.erw.cc/all.xml.gz
频道: [幸福空间居家台（幸福空间居家台）] | 日期: 2026-03-15 | 来源: https://github.com/litiande03/epg/raw/refs/heads/master/pl.xml.gz
频道: [幸福空间居家台（幸福空间居家台）] | 日期: 2026-03-16 | 来源: https://github.com/litiande03/epg/raw/refs/heads/master/pl.xml.gz
频道: [幸福空间居家台（幸福空间居家台）] | 日期: 2026-03-17 | 来源: https://github.com/litiande03/epg/raw/refs/heads/master/pl.xml.gz
频道: [广东4K（广东4K）] | 日期: 2026-03-15 | 来源: https://github.com/litiande03/epg/raw/refs/heads/master/pl.xml.gz
频道: [广东4K（广东4K）] | 日期: 2026-03-16 | 来源: https://github.com/litiande03/epg/raw/refs/heads/master/pl.xml.gz
频道: [广东4K（广东4K）] | 日期: 2026-03-17 | 来源: https://github.com/litiande03/epg/raw/refs/heads/master/pl.xml.gz
频道: [广东体育（广东体育）] | 日期: 2026-03-15 | 来源: https://github.com/litiande03/epg/raw/refs/heads/master/pl.xml.gz
频道: [广东公共（广东公共）] | 日期: 2026-03-15 | 来源: http://e.erw.cc/all.xml.gz
频道: [广东卫视（广东卫视）] | 日期: 2026-03-14 | 来源: https://epg.136605.xyz/9days.xml
频道: [广东卫视（广东卫视）] | 日期: 2026-03-15 | 来源: https://epg.136605.xyz/9days.xml
频道: [广东卫视（广东卫视）] | 日期: 2026-03-16 | 来源: https://epg.136605.xyz/9days.xml
频道: [广东卫视（广东卫视）] | 日期: 2026-03-17 | 来源: https://epg.136605.xyz/9days.xml
频道: [广东卫视（广东卫视）] | 日期: 2026-03-18 | 来源: https://github.com/zzzz0317/beijing-unicom-iptv-playlist/raw/refs/heads/main/epg.xml
频道: [广东卫视4K（广东卫视4K）] | 日期: 2026-03-14 | 来源: https://github.com/plsy1/epg/raw/refs/heads/main/e/seven-days.xml.gz
频道: [广东卫视4K（广东卫视4K）] | 日期: 2026-03-15 | 来源: https://github.com/litiande03/epg/raw/refs/heads/master/pl.xml.gz
频道: [广东卫视4K（广东卫视4K）] | 日期: 2026-03-16 | 来源: https://github.com/litiande03/epg/raw/refs/heads/master/pl.xml.gz
频道: [广东卫视4K（广东卫视4K）] | 日期: 2026-03-17 | 来源: https://github.com/litiande03/epg/raw/refs/heads/master/pl.xml.gz
频道: [广东卫视4K（广东卫视4K）] | 日期: 2026-03-18 | 来源: https://github.com/litiande03/epg/raw/refs/heads/master/pl.xml.gz
频道: [广东卫视4K超高清（广东卫视4K超高清）] | 日期: 2026-03-14 | 来源: https://github.com/zzzz0317/beijing-unicom-iptv-playlist/raw/refs/heads/main/epg.xml
频道: [广东卫视4K超高清（广东卫视4K超高清）] | 日期: 2026-03-15 | 来源: https://github.com/zzzz0317/beijing-unicom-iptv-playlist/raw/refs/heads/main/epg.xml
频道: [广东卫视4K超高清（广东卫视4K超高清）] | 日期: 2026-03-16 | 来源: https://github.com/zzzz0317/beijing-unicom-iptv-playlist/raw/refs/heads/main/epg.xml
频道: [广东卫视4K超高清（广东卫视4K超高清）] | 日期: 2026-03-17 | 来源: https://github.com/zzzz0317/beijing-unicom-iptv-playlist/raw/refs/heads/main/epg.xml
频道: [广东卫视4K超高清（广东卫视4K超高清）] | 日期: 2026-03-18 | 来源: https://github.com/zzzz0317/beijing-unicom-iptv-playlist/raw/refs/heads/main/epg.xml
频道: [广东国际（广东国际）] | 日期: 2026-03-15 | 来源: http://e.erw.cc/all.xml.gz
频道: [广东少儿（广东少儿）] | 日期: 2026-03-15 | 来源: https://github.com/litiande03/epg/raw/refs/heads/master/pl.xml.gz
频道: [广东少儿（广东少儿）] | 日期: 2026-03-16 | 来源: https://github.com/litiande03/epg/raw/refs/heads/master/pl.xml.gz
频道: [广东少儿（广东少儿）] | 日期: 2026-03-17 | 来源: https://github.com/litiande03/epg/raw/refs/heads/master/pl.xml.gz
频道: [广东广播电视台大湾区卫视频道（广东广播电视台大湾区卫视频道）] | 日期: 2026-03-14 | 来源: http://epg.cdn.loc.cc/xml
频道: [广东广播电视台大湾区卫视频道（广东广播电视台大湾区卫视频道）] | 日期: 2026-03-15 | 来源: http://epg.cdn.loc.cc/xml
频道: [广东广播电视台大湾区卫视频道（广东广播电视台大湾区卫视频道）] | 日期: 2026-03-16 | 来源: http://epg.cdn.loc.cc/xml
频道: [广东广播电视台大湾区卫视频道（广东广播电视台大湾区卫视频道）] | 日期: 2026-03-17 | 来源: http://epg.cdn.loc.cc/xml
频道: [广东广播电视台大湾区卫视频道（广东广播电视台大湾区卫视频道）] | 日期: 2026-03-18 | 来源: http://epg.cdn.loc.cc/xml
频道: [广东广播电视台大湾区卫视频道（广东广播电视台大湾区卫视频道）] | 日期: 2026-03-19 | 来源: http://epg.cdn.loc.cc/xml
频道: [广东广播电视台大湾区卫视频道（广东广播电视台大湾区卫视频道）] | 日期: 2026-03-20 | 来源: http://epg.cdn.loc.cc/xml
频道: [广东广播电视台大湾区卫视频道（广东广播电视台大湾区卫视频道）] | 日期: 2026-03-21 | 来源: http://epg.cdn.loc.cc/xml
频道: [广东广播电视台大湾区卫视频道（广东广播电视台大湾区卫视频道）] | 日期: 2026-03-22 | 来源: http://epg.cdn.loc.cc/xml
频道: [广东广播电视台大湾区卫视频道（广东广播电视台大湾区卫视频道）] | 日期: 2026-03-23 | 来源: http://epg.cdn.loc.cc/xml
频道: [广东影视（广东影视）] | 日期: 2026-03-15 | 来源: https://github.com/litiande03/epg/raw/refs/heads/master/pl.xml.gz
频道: [广东新闻（广东新闻）] | 日期: 2026-03-15 | 来源: http://epg.51zmt.top:8000/e1.xml.gz
频道: [广东新闻（广东新闻）] | 日期: 2026-03-16 | 来源: https://github.com/litiande03/epg/raw/refs/heads/master/pl.xml.gz
频道: [广东新闻（广东新闻）] | 日期: 2026-03-17 | 来源: https://github.com/litiande03/epg/raw/refs/heads/master/pl.xml.gz
频道: [广东民生（广东民生）] | 日期: 2026-03-15 | 来源: http://epg.51zmt.top:8000/e1.xml.gz
频道: [广东民生（广东民生）] | 日期: 2026-03-16 | 来源: https://github.com/litiande03/epg/raw/refs/heads/master/pl.xml.gz
频道: [广东民生（广东民生）] | 日期: 2026-03-17 | 来源: https://github.com/litiande03/epg/raw/refs/heads/master/pl.xml.gz
频道: [广东珠江（广东珠江）] | 日期: 2026-03-15 | 来源: https://github.com/litiande03/epg/raw/refs/heads/master/pl.xml.gz
频道: [广东珠江（广东珠江）] | 日期: 2026-03-16 | 来源: https://github.com/litiande03/epg/raw/refs/heads/master/pl.xml.gz
频道: [广东珠江（广东珠江）] | 日期: 2026-03-17 | 来源: https://github.com/litiande03/epg/raw/refs/heads/master/pl.xml.gz
频道: [广东移动（广东移动）] | 日期: 2026-03-15 | 来源: http://e.erw.cc/all.xml.gz
频道: [广东移动（广东移动）] | 日期: 2026-03-16 | 来源: https://github.com/litiande03/epg/raw/refs/heads/master/pl.xml.gz
频道: [广东移动（广东移动）] | 日期: 2026-03-17 | 来源: https://github.com/litiande03/epg/raw/refs/heads/master/pl.xml.gz
频道: [广东经济（广东经济）] | 日期: 2026-03-15 | 来源: http://epg.51zmt.top:8000/e1.xml.gz
频道: [广东经济科教（广东经济科教）] | 日期: 2026-03-15 | 来源: http://e.erw.cc/all.xml.gz
频道: [广东综艺（广东综艺）] | 日期: 2026-03-15 | 来源: http://e.erw.cc/all.xml.gz
频道: [广东综艺（广东综艺）] | 日期: 2026-03-16 | 来源: http://epg.51zmt.top:8000/e1.xml.gz
频道: [广州南国都市4K（广州南国都市4K）] | 日期: 2026-03-15 | 来源: https://github.com/litiande03/epg/raw/refs/heads/master/pl.xml.gz
频道: [广州南国都市4K（广州南国都市4K）] | 日期: 2026-03-16 | 来源: https://github.com/litiande03/epg/raw/refs/heads/master/pl.xml.gz
频道: [广州南国都市4K（广州南国都市4K）] | 日期: 2026-03-17 | 来源: https://github.com/litiande03/epg/raw/refs/heads/master/pl.xml.gz
频道: [广州新闻（广州新闻）] | 日期: 2026-03-15 | 来源: http://e.erw.cc/all.xml.gz
频道: [广州新闻（广州新闻）] | 日期: 2026-03-16 | 来源: https://github.com/litiande03/epg/raw/refs/heads/master/pl.xml.gz
频道: [广州新闻（广州新闻）] | 日期: 2026-03-17 | 来源: https://github.com/litiande03/epg/raw/refs/heads/master/pl.xml.gz
频道: [广州综合（广州综合）] | 日期: 2026-03-15 | 来源: https://github.com/litiande03/epg/raw/refs/heads/master/pl.xml.gz
频道: [广州综合（广州综合）] | 日期: 2026-03-16 | 来源: https://github.com/litiande03/epg/raw/refs/heads/master/pl.xml.gz
频道: [广州综合（广州综合）] | 日期: 2026-03-17 | 来源: https://github.com/litiande03/epg/raw/refs/heads/master/pl.xml.gz
频道: [广西卫视（广西卫视）] | 日期: 2026-03-14 | 来源: https://epg.deny.vip/sh/tel-epg.xml
频道: [广西卫视（广西卫视）] | 日期: 2026-03-15 | 来源: https://epg.136605.xyz/9days.xml
频道: [广西卫视（广西卫视）] | 日期: 2026-03-16 | 来源: https://epg.136605.xyz/9days.xml
频道: [广西卫视（广西卫视）] | 日期: 2026-03-17 | 来源: https://epg.136605.xyz/9days.xml
频道: [广西卫视（广西卫视）] | 日期: 2026-03-18 | 来源: https://github.com/zzzz0317/beijing-unicom-iptv-playlist/raw/refs/heads/main/epg.xml
频道: [广西国际（广西国际）] | 日期: 2026-03-14 | 来源: http://e.erw.cc/all.xml.gz
频道: [广西国际（广西国际）] | 日期: 2026-03-15 | 来源: http://e.erw.cc/all.xml.gz
频道: [广西影视（广西影视）] | 日期: 2026-03-14 | 来源: http://e.erw.cc/all.xml.gz
频道: [广西影视（广西影视）] | 日期: 2026-03-15 | 来源: http://epg.51zmt.top:8000/e1.xml.gz
频道: [广西新闻（广西新闻）] | 日期: 2026-03-14 | 来源: http://e.erw.cc/all.xml.gz
频道: [广西新闻（广西新闻）] | 日期: 2026-03-15 | 来源: http://epg.51zmt.top:8000/e1.xml.gz
频道: [广西综艺（广西综艺）] | 日期: 2026-03-15 | 来源: http://epg.51zmt.top:8000/e1.xml.gz
频道: [广西综艺旅游（广西综艺旅游）] | 日期: 2026-03-14 | 来源: http://e.erw.cc/all.xml.gz
频道: [广西综艺旅游（广西综艺旅游）] | 日期: 2026-03-15 | 来源: http://e.erw.cc/all.xml.gz
频道: [广西都市（广西都市）] | 日期: 2026-03-14 | 来源: http://e.erw.cc/all.xml.gz
频道: [广西都市（广西都市）] | 日期: 2026-03-15 | 来源: http://epg.51zmt.top:8000/e1.xml.gz
频道: [康巴卫视（康巴卫视）] | 日期: 2026-03-14 | 来源: https://epg.136605.xyz/9days.xml
频道: [康巴卫视（康巴卫视）] | 日期: 2026-03-15 | 来源: http://epg.51zmt.top:8000/e1.xml.gz
频道: [康巴卫视（康巴卫视）] | 日期: 2026-03-16 | 来源: https://github.com/mytv-android/SCTV_EPG/raw/refs/heads/main/epg.xml
频道: [康巴卫视（康巴卫视）] | 日期: 2026-03-17 | 来源: https://epg.136605.xyz/9days.xml
频道: [延边卫视（延边卫视）] | 日期: 2026-03-14 | 来源: https://epg.deny.vip/sh/tel-epg.xml
频道: [延边卫视（延边卫视）] | 日期: 2026-03-15 | 来源: https://epg.deny.vip/sh/tel-epg.xml
频道: [延边卫视（延边卫视）] | 日期: 2026-03-16 | 来源: https://epg.deny.vip/sh/tel-epg.xml
频道: [延边卫视（延边卫视）] | 日期: 2026-03-17 | 来源: https://github.com/frankwuzp/iptv-cn/raw/refs/heads/main/guide.xml
频道: [延边卫视（延边卫视）] | 日期: 2026-03-18 | 来源: https://epg.136605.xyz/9days.xml
频道: [影迷数位电影台（影迷数位电影台）] | 日期: 2026-03-14 | 来源: https://epg.136605.xyz/9days.xml
频道: [影迷数位电影台（影迷数位电影台）] | 日期: 2026-03-15 | 来源: https://epg.136605.xyz/9days.xml
频道: [影迷数位电影台（影迷数位电影台）] | 日期: 2026-03-16 | 来源: https://epg.136605.xyz/9days.xml
频道: [影迷数位电影台（影迷数位电影台）] | 日期: 2026-03-17 | 来源: https://epg.136605.xyz/9days.xml
频道: [影迷数位电影台（影迷数位电影台）] | 日期: 2026-03-18 | 来源: http://epg.cdn.loc.cc/xml
频道: [影迷数位电影台（影迷数位电影台）] | 日期: 2026-03-19 | 来源: http://epg.cdn.loc.cc/xml
频道: [影迷数位电影台（影迷数位电影台）] | 日期: 2026-03-20 | 来源: http://epg.cdn.loc.cc/xml
频道: [影迷数位电影台（影迷数位电影台）] | 日期: 2026-03-21 | 来源: http://epg.cdn.loc.cc/xml
频道: [影迷数位纪实台（影迷数位纪实台）] | 日期: 2026-03-14 | 来源: https://epg.136605.xyz/9days.xml
频道: [影迷数位纪实台（影迷数位纪实台）] | 日期: 2026-03-15 | 来源: https://epg.136605.xyz/9days.xml
频道: [影迷数位纪实台（影迷数位纪实台）] | 日期: 2026-03-16 | 来源: https://epg.136605.xyz/9days.xml
频道: [影迷数位纪实台（影迷数位纪实台）] | 日期: 2026-03-17 | 来源: https://epg.136605.xyz/9days.xml
频道: [影迷数位纪实台（影迷数位纪实台）] | 日期: 2026-03-18 | 来源: http://epg.cdn.loc.cc/xml
频道: [影迷数位纪实台（影迷数位纪实台）] | 日期: 2026-03-19 | 来源: http://epg.cdn.loc.cc/xml
频道: [影迷数位纪实台（影迷数位纪实台）] | 日期: 2026-03-20 | 来源: http://epg.cdn.loc.cc/xml
频道: [影迷数位纪实台（影迷数位纪实台）] | 日期: 2026-03-21 | 来源: http://epg.cdn.loc.cc/xml
频道: [徐州文艺影视（徐州文艺影视）] | 日期: 2026-03-14 | 来源: https://epg.136605.xyz/9days.xml
频道: [徐州文艺影视（徐州文艺影视）] | 日期: 2026-03-15 | 来源: https://epg.136605.xyz/9days.xml
频道: [徐州文艺影视（徐州文艺影视）] | 日期: 2026-03-16 | 来源: https://epg.136605.xyz/9days.xml
频道: [徐州新沂1（徐州新沂1）] | 日期: 2026-03-14 | 来源: https://epg.136605.xyz/9days.xml
频道: [徐州新沂1（徐州新沂1）] | 日期: 2026-03-15 | 来源: https://epg.136605.xyz/9days.xml
频道: [徐州新沂1（徐州新沂1）] | 日期: 2026-03-16 | 来源: https://epg.136605.xyz/9days.xml
频道: [徐州新沂4（徐州新沂4）] | 日期: 2026-03-14 | 来源: https://epg.136605.xyz/9days.xml
频道: [徐州新沂4（徐州新沂4）] | 日期: 2026-03-15 | 来源: https://epg.136605.xyz/9days.xml
频道: [徐州新沂4（徐州新沂4）] | 日期: 2026-03-16 | 来源: https://epg.136605.xyz/9days.xml
频道: [徐州新闻综合（徐州新闻综合）] | 日期: 2026-03-14 | 来源: https://epg.136605.xyz/9days.xml
频道: [徐州新闻综合（徐州新闻综合）] | 日期: 2026-03-15 | 来源: https://epg.136605.xyz/9days.xml
频道: [徐州沛县新闻综合（徐州沛县新闻综合）] | 日期: 2026-03-14 | 来源: https://epg.136605.xyz/9days.xml
频道: [徐州沛县新闻综合（徐州沛县新闻综合）] | 日期: 2026-03-15 | 来源: https://epg.136605.xyz/9days.xml
频道: [徐州沛县新闻综合（徐州沛县新闻综合）] | 日期: 2026-03-16 | 来源: https://epg.136605.xyz/9days.xml
频道: [徐州沛县生活（徐州沛县生活）] | 日期: 2026-03-14 | 来源: https://epg.136605.xyz/9days.xml
频道: [徐州沛县生活（徐州沛县生活）] | 日期: 2026-03-15 | 来源: https://epg.136605.xyz/9days.xml
频道: [徐州沛县生活（徐州沛县生活）] | 日期: 2026-03-16 | 来源: https://epg.136605.xyz/9days.xml
频道: [徐州沛县综艺（徐州沛县综艺）] | 日期: 2026-03-14 | 来源: https://epg.136605.xyz/9days.xml
频道: [徐州沛县综艺（徐州沛县综艺）] | 日期: 2026-03-15 | 来源: https://epg.136605.xyz/9days.xml
频道: [徐州沛县综艺（徐州沛县综艺）] | 日期: 2026-03-16 | 来源: https://epg.136605.xyz/9days.xml
频道: [徐州经济生活（徐州经济生活）] | 日期: 2026-03-14 | 来源: https://epg.136605.xyz/9days.xml
频道: [徐州经济生活（徐州经济生活）] | 日期: 2026-03-15 | 来源: https://epg.136605.xyz/9days.xml
频道: [徐州经济生活（徐州经济生活）] | 日期: 2026-03-16 | 来源: https://epg.136605.xyz/9days.xml
频道: [徐州贾汪旅游频道（徐州贾汪旅游频道）] | 日期: 2026-03-14 | 来源: https://epg.136605.xyz/9days.xml
频道: [徐州贾汪旅游频道（徐州贾汪旅游频道）] | 日期: 2026-03-15 | 来源: https://epg.136605.xyz/9days.xml
频道: [徐州贾汪旅游频道（徐州贾汪旅游频道）] | 日期: 2026-03-16 | 来源: https://epg.136605.xyz/9days.xml
频道: [徐州贾汪频道（徐州贾汪频道）] | 日期: 2026-03-14 | 来源: https://epg.136605.xyz/9days.xml
频道: [徐州贾汪频道（徐州贾汪频道）] | 日期: 2026-03-15 | 来源: https://epg.136605.xyz/9days.xml
频道: [徐州贾汪频道（徐州贾汪频道）] | 日期: 2026-03-16 | 来源: https://epg.136605.xyz/9days.xml
频道: [快乐垂钓（快乐垂钓）] | 日期: 2026-03-14 | 来源: https://github.com/zzzz0317/beijing-unicom-iptv-playlist/raw/refs/heads/main/epg.xml
频道: [快乐垂钓（快乐垂钓）] | 日期: 2026-03-15 | 来源: https://epg.136605.xyz/9days.xml
频道: [快乐垂钓（快乐垂钓）] | 日期: 2026-03-16 | 来源: https://epg.136605.xyz/9days.xml
频道: [快乐垂钓（快乐垂钓）] | 日期: 2026-03-17 | 来源: https://github.com/zzzz0317/beijing-unicom-iptv-playlist/raw/refs/heads/main/epg.xml
频道: [快乐垂钓（快乐垂钓）] | 日期: 2026-03-18 | 来源: https://github.com/zzzz0317/beijing-unicom-iptv-playlist/raw/refs/heads/main/epg.xml
频道: [快乐垂钓（快乐垂钓）] | 日期: 2026-03-19 | 来源: https://github.com/zzzz0317/beijing-unicom-iptv-playlist/raw/refs/heads/main/epg.xml
频道: [快乐垂钓（快乐垂钓）] | 日期: 2026-03-20 | 来源: https://github.com/zzzz0317/beijing-unicom-iptv-playlist/raw/refs/heads/main/epg.xml
频道: [快乐垂钓（快乐垂钓）] | 日期: 2026-03-21 | 来源: https://github.com/zzzz0317/beijing-unicom-iptv-playlist/raw/refs/heads/main/epg.xml
频道: [快乐垂钓（快乐垂钓）] | 日期: 2026-03-22 | 来源: https://github.com/zzzz0317/beijing-unicom-iptv-playlist/raw/refs/heads/main/epg.xml
频道: [怀旧剧场（怀旧剧场）] | 日期: 2026-03-14 | 来源: https://epg.deny.vip/sh/tel-epg.xml
频道: [怀旧剧场（怀旧剧场）] | 日期: 2026-03-15 | 来源: https://epg.deny.vip/sh/tel-epg.xml
频道: [怀旧剧场（怀旧剧场）] | 日期: 2026-03-16 | 来源: https://epg.deny.vip/sh/tel-epg.xml
频道: [怀旧剧场（怀旧剧场）] | 日期: 2026-03-17 | 来源: https://github.com/litiande03/epg/raw/refs/heads/master/pl.xml.gz
频道: [怀旧剧场（怀旧剧场）] | 日期: 2026-03-18 | 来源: https://github.com/litiande03/epg/raw/refs/heads/master/pl.xml.gz
频道: [怡伴健康（怡伴健康）] | 日期: 2026-03-14 | 来源: https://epg.136605.xyz/9days.xml
频道: [怡伴健康（怡伴健康）] | 日期: 2026-03-15 | 来源: http://e.erw.cc/all.xml.gz
频道: [怡伴健康（怡伴健康）] | 日期: 2026-03-16 | 来源: https://epg.136605.xyz/9days.xml
频道: [怡伴健康（怡伴健康）] | 日期: 2026-03-17 | 来源: https://epg.136605.xyz/9days.xml
频道: [惊悚悬疑（惊悚悬疑）] | 日期: 2026-03-14 | 来源: https://epg.136605.xyz/9days.xml
频道: [惊悚悬疑（惊悚悬疑）] | 日期: 2026-03-15 | 来源: https://epg.136605.xyz/9days.xml
频道: [惊悚悬疑（惊悚悬疑）] | 日期: 2026-03-16 | 来源: https://epg.136605.xyz/9days.xml
频道: [惊悚悬疑（惊悚悬疑）] | 日期: 2026-03-17 | 来源: https://epg.136605.xyz/9days.xml
频道: [惠州综合（惠州综合）] | 日期: 2026-03-15 | 来源: https://github.com/litiande03/epg/raw/refs/heads/master/pl.xml.gz
频道: [惠州综合（惠州综合）] | 日期: 2026-03-16 | 来源: https://github.com/litiande03/epg/raw/refs/heads/master/pl.xml.gz
频道: [惠州综合（惠州综合）] | 日期: 2026-03-17 | 来源: https://github.com/litiande03/epg/raw/refs/heads/master/pl.xml.gz
频道: [惠州综合（惠州综合）] | 日期: 2026-03-18 | 来源: https://github.com/litiande03/epg/raw/refs/heads/master/pl.xml.gz
频道: [惠州都市生活（惠州都市生活）] | 日期: 2026-03-15 | 来源: https://github.com/litiande03/epg/raw/refs/heads/master/pl.xml.gz
频道: [惠州都市生活（惠州都市生活）] | 日期: 2026-03-16 | 来源: https://github.com/litiande03/epg/raw/refs/heads/master/pl.xml.gz
频道: [惠州都市生活（惠州都市生活）] | 日期: 2026-03-17 | 来源: https://github.com/litiande03/epg/raw/refs/heads/master/pl.xml.gz
频道: [惠州都市生活（惠州都市生活）] | 日期: 2026-03-18 | 来源: https://github.com/litiande03/epg/raw/refs/heads/master/pl.xml.gz
频道: [戏曲（戏曲）] | 日期: 2026-03-14 | 来源: https://github.com/zzzz0317/beijing-unicom-iptv-playlist/raw/refs/heads/main/epg.xml
频道: [戏曲（戏曲）] | 日期: 2026-03-15 | 来源: https://github.com/zzzz0317/beijing-unicom-iptv-playlist/raw/refs/heads/main/epg.xml
频道: [戏曲（戏曲）] | 日期: 2026-03-16 | 来源: https://github.com/zzzz0317/beijing-unicom-iptv-playlist/raw/refs/heads/main/epg.xml
频道: [戏曲（戏曲）] | 日期: 2026-03-17 | 来源: https://github.com/zzzz0317/beijing-unicom-iptv-playlist/raw/refs/heads/main/epg.xml
频道: [戏曲台（戏曲台）] | 日期: 2026-03-14 | 来源: http://epg.cdn.loc.cc/xml
频道: [戏曲台（戏曲台）] | 日期: 2026-03-15 | 来源: https://epg.136605.xyz/9days.xml
频道: [戏曲台（戏曲台）] | 日期: 2026-03-16 | 来源: https://epg.136605.xyz/9days.xml
频道: [戏曲台（戏曲台）] | 日期: 2026-03-17 | 来源: http://epg.cdn.loc.cc/xml
频道: [戏曲台（戏曲台）] | 日期: 2026-03-18 | 来源: http://epg.cdn.loc.cc/xml
频道: [戏曲台（戏曲台）] | 日期: 2026-03-19 | 来源: http://epg.cdn.loc.cc/xml
频道: [戏曲台（戏曲台）] | 日期: 2026-03-20 | 来源: http://epg.cdn.loc.cc/xml
频道: [戏曲台（戏曲台）] | 日期: 2026-03-21 | 来源: http://epg.cdn.loc.cc/xml
频道: [戏曲台（戏曲台）] | 日期: 2026-03-22 | 来源: http://epg.cdn.loc.cc/xml
频道: [戏曲台（戏曲台）] | 日期: 2026-03-23 | 来源: http://epg.cdn.loc.cc/xml
频道: [戏曲精选专区（戏曲精选专区）] | 日期: 2026-03-15 | 来源: https://github.com/mytv-android/SCTV_EPG/raw/refs/heads/main/epg.xml
频道: [成人极品台（成人极品台）] | 日期: 2026-03-15 | 来源: http://epg.cdn.loc.cc/xml
频道: [成人极品台（成人极品台）] | 日期: 2026-03-16 | 来源: http://epg.cdn.loc.cc/xml
频道: [成人极品台（成人极品台）] | 日期: 2026-03-17 | 来源: http://epg.cdn.loc.cc/xml
频道: [成人极品台（成人极品台）] | 日期: 2026-03-18 | 来源: http://epg.cdn.loc.cc/xml
频道: [成人极品台（成人极品台）] | 日期: 2026-03-19 | 来源: http://epg.cdn.loc.cc/xml
频道: [成人极品台（成人极品台）] | 日期: 2026-03-20 | 来源: http://epg.cdn.loc.cc/xml
频道: [成都公共（成都公共）] | 日期: 2026-03-15 | 来源: http://e.erw.cc/all.xml.gz
频道: [成都少儿（成都少儿）] | 日期: 2026-03-15 | 来源: http://e.erw.cc/all.xml.gz
频道: [成都影视文艺（成都影视文艺）] | 日期: 2026-03-15 | 来源: http://e.erw.cc/all.xml.gz
频道: [成都新闻综合（成都新闻综合）] | 日期: 2026-03-15 | 来源: http://e.erw.cc/all.xml.gz
频道: [成都经济资讯（成都经济资讯）] | 日期: 2026-03-15 | 来源: http://e.erw.cc/all.xml.gz
频道: [成都都市生活（成都都市生活）] | 日期: 2026-03-15 | 来源: http://e.erw.cc/all.xml.gz
频道: [户外频道（户外频道）] | 日期: 2026-03-14 | 来源: https://epg.136605.xyz/9days.xml
频道: [户外频道（户外频道）] | 日期: 2026-03-15 | 来源: http://epg.cdn.loc.cc/xml
频道: [户外频道（户外频道）] | 日期: 2026-03-16 | 来源: http://epg.cdn.loc.cc/xml
频道: [户外频道（户外频道）] | 日期: 2026-03-17 | 来源: http://epg.cdn.loc.cc/xml
频道: [户外频道（户外频道）] | 日期: 2026-03-18 | 来源: http://epg.cdn.loc.cc/xml
频道: [户外频道（户外频道）] | 日期: 2026-03-19 | 来源: http://epg.cdn.loc.cc/xml
频道: [户外频道（户外频道）] | 日期: 2026-03-20 | 来源: http://epg.cdn.loc.cc/xml
频道: [户外频道（户外频道）] | 日期: 2026-03-21 | 来源: http://epg.cdn.loc.cc/xml
频道: [扬州生活（扬州生活）] | 日期: 2026-03-14 | 来源: https://epg.136605.xyz/9days.xml
频道: [扬州生活（扬州生活）] | 日期: 2026-03-15 | 来源: https://epg.136605.xyz/9days.xml
频道: [扬州生活（扬州生活）] | 日期: 2026-03-16 | 来源: https://epg.136605.xyz/9days.xml
频道: [扬州生活（扬州生活）] | 日期: 2026-03-17 | 来源: https://epg.136605.xyz/9days.xml
频道: [探索纪实（探索纪实）] | 日期: 2026-03-15 | 来源: https://liliu.serv00.net/epg/download.php?type=xml
频道: [探索纪实（探索纪实）] | 日期: 2026-03-16 | 来源: https://liliu.serv00.net/epg/download.php?type=xml
频道: [探索纪实（探索纪实）] | 日期: 2026-03-17 | 来源: https://liliu.serv00.net/epg/download.php?type=xml
频道: [揭阳生活（揭阳生活）] | 日期: 2026-03-15 | 来源: https://github.com/litiande03/epg/raw/refs/heads/master/pl.xml.gz
频道: [揭阳生活（揭阳生活）] | 日期: 2026-03-16 | 来源: https://github.com/litiande03/epg/raw/refs/heads/master/pl.xml.gz
频道: [揭阳生活（揭阳生活）] | 日期: 2026-03-17 | 来源: https://github.com/litiande03/epg/raw/refs/heads/master/pl.xml.gz
频道: [揭阳综合（揭阳综合）] | 日期: 2026-03-15 | 来源: https://github.com/litiande03/epg/raw/refs/heads/master/pl.xml.gz
频道: [揭阳综合（揭阳综合）] | 日期: 2026-03-16 | 来源: https://github.com/litiande03/epg/raw/refs/heads/master/pl.xml.gz
频道: [揭阳综合（揭阳综合）] | 日期: 2026-03-17 | 来源: https://github.com/litiande03/epg/raw/refs/heads/master/pl.xml.gz
频道: [收藏天下（收藏天下）] | 日期: 2026-03-15 | 来源: https://liliu.serv00.net/epg/download.php?type=xml
频道: [收视指南（收视指南）] | 日期: 2026-03-15 | 来源: https://github.com/zzzz0317/beijing-unicom-iptv-playlist/raw/refs/heads/main/epg.xml
频道: [收视指南（收视指南）] | 日期: 2026-03-16 | 来源: https://github.com/zzzz0317/beijing-unicom-iptv-playlist/raw/refs/heads/main/epg.xml
频道: [收视指南（收视指南）] | 日期: 2026-03-17 | 来源: https://github.com/zzzz0317/beijing-unicom-iptv-playlist/raw/refs/heads/main/epg.xml
频道: [文化精品（文化精品）] | 日期: 2026-03-15 | 来源: https://github.com/litiande03/epg/raw/refs/heads/master/pl.xml.gz
频道: [文化精品（文化精品）] | 日期: 2026-03-16 | 来源: https://github.com/litiande03/epg/raw/refs/heads/master/pl.xml.gz
频道: [文化精品（文化精品）] | 日期: 2026-03-17 | 来源: https://github.com/litiande03/epg/raw/refs/heads/master/pl.xml.gz
频道: [文化精品（文化精品）] | 日期: 2026-03-18 | 来源: https://github.com/litiande03/epg/raw/refs/heads/master/pl.xml.gz
频道: [文物宝库（文物宝库）] | 日期: 2026-03-14 | 来源: https://github.com/plsy1/epg/raw/refs/heads/main/e/seven-days.xml.gz
频道: [文物宝库（文物宝库）] | 日期: 2026-03-15 | 来源: http://e.erw.cc/all.xml.gz
频道: [新动漫（新动漫）] | 日期: 2026-03-14 | 来源: https://github.com/plsy1/epg/raw/refs/heads/main/e/seven-days.xml.gz
频道: [新动漫（新动漫）] | 日期: 2026-03-15 | 来源: http://e.erw.cc/all.xml.gz
频道: [新唐人亚太台（新唐人亚太台）] | 日期: 2026-03-15 | 来源: https://github.com/litiande03/epg/raw/refs/heads/master/pl.xml.gz
频道: [新唐人亚太台（新唐人亚太台）] | 日期: 2026-03-16 | 来源: https://github.com/litiande03/epg/raw/refs/heads/master/pl.xml.gz
频道: [新唐人亚太台（新唐人亚太台）] | 日期: 2026-03-17 | 来源: https://github.com/litiande03/epg/raw/refs/heads/master/pl.xml.gz
频道: [新疆体育（新疆体育）] | 日期: 2026-03-15 | 来源: http://epg.51zmt.top:8000/e1.xml.gz
频道: [新疆卫视（新疆卫视）] | 日期: 2026-03-14 | 来源: https://github.com/plsy1/epg/raw/refs/heads/main/e/seven-days.xml.gz
频道: [新疆卫视（新疆卫视）] | 日期: 2026-03-15 | 来源: https://epg.136605.xyz/9days.xml
频道: [新疆卫视（新疆卫视）] | 日期: 2026-03-16 | 来源: https://epg.136605.xyz/9days.xml
频道: [新疆卫视（新疆卫视）] | 日期: 2026-03-17 | 来源: https://epg.136605.xyz/9days.xml
频道: [新疆卫视（新疆卫视）] | 日期: 2026-03-18 | 来源: https://github.com/zzzz0317/beijing-unicom-iptv-playlist/raw/refs/heads/main/epg.xml
频道: [新疆哈语（新疆哈语）] | 日期: 2026-03-15 | 来源: http://epg.51zmt.top:8000/e1.xml.gz
频道: [新疆少儿（新疆少儿）] | 日期: 2026-03-15 | 来源: http://epg.51zmt.top:8000/e1.xml.gz
频道: [新疆汉语（新疆汉语）] | 日期: 2026-03-15 | 来源: http://epg.51zmt.top:8000/e1.xml.gz
频道: [新疆维语（新疆维语）] | 日期: 2026-03-15 | 来源: http://epg.51zmt.top:8000/e1.xml.gz
频道: [新视觉（新视觉）] | 日期: 2026-03-15 | 来源: http://e.erw.cc/all.xml.gz
频道: [新闻综合（新闻综合）] | 日期: 2026-03-14 | 来源: https://epg.deny.vip/sh/tel-epg.xml
频道: [新闻综合（新闻综合）] | 日期: 2026-03-15 | 来源: https://epg.deny.vip/sh/tel-epg.xml
频道: [新闻综合（新闻综合）] | 日期: 2026-03-16 | 来源: https://epg.deny.vip/sh/tel-epg.xml
频道: [旅游卫视（旅游卫视）] | 日期: 2026-03-15 | 来源: http://epg.51zmt.top:8000/e1.xml.gz
频道: [无线卫星亚洲台（无线卫星亚洲台）] | 日期: 2026-03-14 | 来源: http://epg.cdn.loc.cc/xml
频道: [无线卫星亚洲台（无线卫星亚洲台）] | 日期: 2026-03-15 | 来源: https://epg.136605.xyz/9days.xml
频道: [无线卫星亚洲台（无线卫星亚洲台）] | 日期: 2026-03-16 | 来源: https://epg.136605.xyz/9days.xml
频道: [无线卫星亚洲台（无线卫星亚洲台）] | 日期: 2026-03-17 | 来源: https://epg.136605.xyz/9days.xml
频道: [无线卫星亚洲台（无线卫星亚洲台）] | 日期: 2026-03-18 | 来源: http://epg.cdn.loc.cc/xml
频道: [无线卫星亚洲台（无线卫星亚洲台）] | 日期: 2026-03-19 | 来源: http://epg.cdn.loc.cc/xml
频道: [无线卫星亚洲台（无线卫星亚洲台）] | 日期: 2026-03-20 | 来源: http://epg.cdn.loc.cc/xml
频道: [无线卫星亚洲台（无线卫星亚洲台）] | 日期: 2026-03-21 | 来源: http://epg.cdn.loc.cc/xml
频道: [无线卫星亚洲台（无线卫星亚洲台）] | 日期: 2026-03-22 | 来源: http://epg.cdn.loc.cc/xml
频道: [无线卫星亚洲台（无线卫星亚洲台）] | 日期: 2026-03-23 | 来源: http://epg.cdn.loc.cc/xml
频道: [无线卫星新闻台（无线卫星新闻台）] | 日期: 2026-03-14 | 来源: http://epg.cdn.loc.cc/xml
频道: [无线卫星新闻台（无线卫星新闻台）] | 日期: 2026-03-15 | 来源: https://epg.136605.xyz/9days.xml
频道: [无线卫星新闻台（无线卫星新闻台）] | 日期: 2026-03-16 | 来源: https://epg.136605.xyz/9days.xml
频道: [无线卫星新闻台（无线卫星新闻台）] | 日期: 2026-03-17 | 来源: https://epg.136605.xyz/9days.xml
频道: [无线卫星新闻台（无线卫星新闻台）] | 日期: 2026-03-18 | 来源: http://epg.cdn.loc.cc/xml
频道: [无线卫星新闻台（无线卫星新闻台）] | 日期: 2026-03-19 | 来源: http://epg.cdn.loc.cc/xml
频道: [无线卫星新闻台（无线卫星新闻台）] | 日期: 2026-03-20 | 来源: http://epg.cdn.loc.cc/xml
频道: [无线卫星新闻台（无线卫星新闻台）] | 日期: 2026-03-21 | 来源: http://epg.cdn.loc.cc/xml
频道: [无线卫星新闻台（无线卫星新闻台）] | 日期: 2026-03-22 | 来源: http://epg.cdn.loc.cc/xml
频道: [无线卫星新闻台（无线卫星新闻台）] | 日期: 2026-03-23 | 来源: http://epg.cdn.loc.cc/xml
频道: [无线新闻台（无线新闻台）] | 日期: 2026-03-14 | 来源: http://e.erw.cc/all.xml.gz
频道: [无线新闻台（无线新闻台）] | 日期: 2026-03-15 | 来源: https://epg.136605.xyz/9days.xml
频道: [无线新闻台（无线新闻台）] | 日期: 2026-03-16 | 来源: https://epg.136605.xyz/9days.xml
频道: [无线新闻台（无线新闻台）] | 日期: 2026-03-17 | 来源: https://epg.136605.xyz/9days.xml
频道: [无线新闻台（无线新闻台）] | 日期: 2026-03-18 | 来源: http://epg.cdn.loc.cc/xml
频道: [无线新闻台（无线新闻台）] | 日期: 2026-03-19 | 来源: http://epg.cdn.loc.cc/xml
频道: [无线新闻台（无线新闻台）] | 日期: 2026-03-20 | 来源: http://epg.cdn.loc.cc/xml
频道: [无线新闻台（无线新闻台）] | 日期: 2026-03-21 | 来源: http://epg.cdn.loc.cc/xml
频道: [无线新闻台（无线新闻台）] | 日期: 2026-03-22 | 来源: http://epg.cdn.loc.cc/xml
频道: [无线新闻台（无线新闻台）] | 日期: 2026-03-23 | 来源: http://epg.cdn.loc.cc/xml
频道: [无锡新闻综合（无锡新闻综合）] | 日期: 2026-03-15 | 来源: http://e.erw.cc/all.xml.gz
频道: [无锡电视娱乐（无锡电视娱乐）] | 日期: 2026-03-15 | 来源: http://e.erw.cc/all.xml.gz
频道: [无锡电视生活（无锡电视生活）] | 日期: 2026-03-15 | 来源: http://e.erw.cc/all.xml.gz
频道: [无锡电视经济（无锡电视经济）] | 日期: 2026-03-15 | 来源: http://e.erw.cc/all.xml.gz
频道: [无锡都市资讯（无锡都市资讯）] | 日期: 2026-03-15 | 来源: http://e.erw.cc/all.xml.gz
频道: [早教（早教）] | 日期: 2026-03-15 | 来源: https://github.com/zzzz0317/beijing-unicom-iptv-playlist/raw/refs/heads/main/epg.xml
频道: [早教（早教）] | 日期: 2026-03-16 | 来源: https://github.com/zzzz0317/beijing-unicom-iptv-playlist/raw/refs/heads/main/epg.xml
频道: [早教（早教）] | 日期: 2026-03-17 | 来源: https://github.com/zzzz0317/beijing-unicom-iptv-playlist/raw/refs/heads/main/epg.xml
频道: [时尚运动X（时尚运动X）] | 日期: 2026-03-15 | 来源: https://github.com/litiande03/epg/raw/refs/heads/master/pl.xml.gz
频道: [时尚运动X（时尚运动X）] | 日期: 2026-03-16 | 来源: https://github.com/litiande03/epg/raw/refs/heads/master/pl.xml.gz
频道: [时尚运动X（时尚运动X）] | 日期: 2026-03-17 | 来源: https://github.com/litiande03/epg/raw/refs/heads/master/pl.xml.gz
频道: [时尚运动X（时尚运动X）] | 日期: 2026-03-18 | 来源: https://github.com/litiande03/epg/raw/refs/heads/master/pl.xml.gz
频道: [明星大片（明星大片）] | 日期: 2026-03-15 | 来源: http://e.erw.cc/all.xml.gz
频道: [明珠台（明珠台）] | 日期: 2026-03-14 | 来源: http://epg.cdn.loc.cc/xml
频道: [明珠台（明珠台）] | 日期: 2026-03-15 | 来源: https://epg.136605.xyz/9days.xml
频道: [明珠台（明珠台）] | 日期: 2026-03-16 | 来源: https://epg.136605.xyz/9days.xml
频道: [明珠台（明珠台）] | 日期: 2026-03-17 | 来源: https://epg.136605.xyz/9days.xml
频道: [明珠台（明珠台）] | 日期: 2026-03-18 | 来源: http://epg.cdn.loc.cc/xml
频道: [明珠台（明珠台）] | 日期: 2026-03-19 | 来源: http://epg.cdn.loc.cc/xml
频道: [明珠台（明珠台）] | 日期: 2026-03-20 | 来源: http://epg.cdn.loc.cc/xml
频道: [明珠台（明珠台）] | 日期: 2026-03-21 | 来源: http://epg.cdn.loc.cc/xml
频道: [明珠台（明珠台）] | 日期: 2026-03-22 | 来源: http://epg.cdn.loc.cc/xml
频道: [明珠台（明珠台）] | 日期: 2026-03-23 | 来源: http://epg.cdn.loc.cc/xml
频道: [星光院线专区（星光院线专区）] | 日期: 2026-03-15 | 来源: https://github.com/mytv-android/SCTV_EPG/raw/refs/heads/main/epg.xml
频道: [星影（星影）] | 日期: 2026-03-15 | 来源: http://e.erw.cc/all.xml.gz
频道: [星影（星影）] | 日期: 2026-03-16 | 来源: https://github.com/zzzz0317/beijing-unicom-iptv-playlist/raw/refs/heads/main/epg.xml
频道: [星影（星影）] | 日期: 2026-03-17 | 来源: https://github.com/zzzz0317/beijing-unicom-iptv-playlist/raw/refs/heads/main/epg.xml
频道: [星空卫视（星空卫视）] | 日期: 2026-03-15 | 来源: http://e.erw.cc/all.xml.gz
频道: [智林体育台（智林体育台）] | 日期: 2026-03-15 | 来源: https://github.com/litiande03/epg/raw/refs/heads/master/pl.xml.gz
频道: [智林体育台（智林体育台）] | 日期: 2026-03-16 | 来源: https://github.com/litiande03/epg/raw/refs/heads/master/pl.xml.gz
频道: [智林体育台（智林体育台）] | 日期: 2026-03-17 | 来源: https://github.com/litiande03/epg/raw/refs/heads/master/pl.xml.gz
频道: [曼联电视频道（曼联电视频道）] | 日期: 2026-03-15 | 来源: http://epg.cdn.loc.cc/xml
频道: [曼联电视频道（曼联电视频道）] | 日期: 2026-03-16 | 来源: http://epg.cdn.loc.cc/xml
频道: [曼联电视频道（曼联电视频道）] | 日期: 2026-03-17 | 来源: http://epg.cdn.loc.cc/xml
频道: [曼联电视频道（曼联电视频道）] | 日期: 2026-03-18 | 来源: http://epg.cdn.loc.cc/xml
频道: [曼联电视频道（曼联电视频道）] | 日期: 2026-03-19 | 来源: http://epg.cdn.loc.cc/xml
频道: [曼联电视频道（曼联电视频道）] | 日期: 2026-03-20 | 来源: http://epg.cdn.loc.cc/xml
频道: [杭州导视（杭州导视）] | 日期: 2026-03-15 | 来源: http://e.erw.cc/all.xml.gz
频道: [杭州影视（杭州影视）] | 日期: 2026-03-15 | 来源: http://e.erw.cc/all.xml.gz
频道: [杭州生活（杭州生活）] | 日期: 2026-03-15 | 来源: http://e.erw.cc/all.xml.gz
频道: [杭州综合（杭州综合）] | 日期: 2026-03-15 | 来源: http://e.erw.cc/all.xml.gz
频道: [杭州青少体育（杭州青少体育）] | 日期: 2026-03-15 | 来源: http://e.erw.cc/all.xml.gz
频道: [柳州新闻综合（柳州新闻综合）] | 日期: 2026-03-15 | 来源: http://e.erw.cc/all.xml.gz
频道: [梅州客家生活（梅州客家生活）] | 日期: 2026-03-15 | 来源: https://github.com/litiande03/epg/raw/refs/heads/master/pl.xml.gz
频道: [梅州客家生活（梅州客家生活）] | 日期: 2026-03-16 | 来源: https://github.com/litiande03/epg/raw/refs/heads/master/pl.xml.gz
频道: [梅州客家生活（梅州客家生活）] | 日期: 2026-03-17 | 来源: https://github.com/litiande03/epg/raw/refs/heads/master/pl.xml.gz
频道: [梅州综合（梅州综合）] | 日期: 2026-03-15 | 来源: https://github.com/litiande03/epg/raw/refs/heads/master/pl.xml.gz
频道: [梅州综合（梅州综合）] | 日期: 2026-03-16 | 来源: https://github.com/litiande03/epg/raw/refs/heads/master/pl.xml.gz
频道: [梅州综合（梅州综合）] | 日期: 2026-03-17 | 来源: https://github.com/litiande03/epg/raw/refs/heads/master/pl.xml.gz
频道: [梨园（梨园）] | 日期: 2026-03-14 | 来源: https://github.com/plsy1/epg/raw/refs/heads/main/e/seven-days.xml.gz
频道: [梨园（梨园）] | 日期: 2026-03-15 | 来源: http://e.erw.cc/all.xml.gz
频道: [欢乐剧场（欢乐剧场）] | 日期: 2026-03-15 | 来源: http://e.erw.cc/all.xml.gz
频道: [欢笑剧场（欢笑剧场）] | 日期: 2026-03-14 | 来源: https://epg.deny.vip/sh/tel-epg.xml
频道: [欢笑剧场（欢笑剧场）] | 日期: 2026-03-15 | 来源: https://epg.deny.vip/sh/tel-epg.xml
频道: [欢笑剧场（欢笑剧场）] | 日期: 2026-03-16 | 来源: https://epg.deny.vip/sh/tel-epg.xml
频道: [欢笑剧场4K（欢笑剧场4K）] | 日期: 2026-03-15 | 来源: https://github.com/mytv-android/SCTV_EPG/raw/refs/heads/main/epg.xml
频道: [欢笑剧场4K（欢笑剧场4K）] | 日期: 2026-03-16 | 来源: https://github.com/mytv-android/SCTV_EPG/raw/refs/heads/main/epg.xml
频道: [欧美影院（欧美影院）] | 日期: 2026-03-15 | 来源: https://liliu.serv00.net/epg/download.php?type=xml
频道: [欧美影院（欧美影院）] | 日期: 2026-03-16 | 来源: https://liliu.serv00.net/epg/download.php?type=xml
频道: [欧美影院（欧美影院）] | 日期: 2026-03-17 | 来源: https://liliu.serv00.net/epg/download.php?type=xml
频道: [欧美电影（欧美电影）] | 日期: 2026-03-15 | 来源: http://e.erw.cc/all.xml.gz
频道: [武侠剧场（武侠剧场）] | 日期: 2026-03-15 | 来源: https://github.com/zzzz0317/beijing-unicom-iptv-playlist/raw/refs/heads/main/epg.xml
频道: [武侠剧场（武侠剧场）] | 日期: 2026-03-16 | 来源: https://github.com/zzzz0317/beijing-unicom-iptv-playlist/raw/refs/heads/main/epg.xml
频道: [武侠剧场（武侠剧场）] | 日期: 2026-03-17 | 来源: https://github.com/zzzz0317/beijing-unicom-iptv-playlist/raw/refs/heads/main/epg.xml
频道: [武术（武术）] | 日期: 2026-03-15 | 来源: https://github.com/zzzz0317/beijing-unicom-iptv-playlist/raw/refs/heads/main/epg.xml
频道: [武术（武术）] | 日期: 2026-03-16 | 来源: https://github.com/zzzz0317/beijing-unicom-iptv-playlist/raw/refs/heads/main/epg.xml
频道: [武术（武术）] | 日期: 2026-03-17 | 来源: https://github.com/zzzz0317/beijing-unicom-iptv-playlist/raw/refs/heads/main/epg.xml
频道: [武术世界（武术世界）] | 日期: 2026-03-14 | 来源: https://github.com/plsy1/epg/raw/refs/heads/main/e/seven-days.xml.gz
频道: [武术世界（武术世界）] | 日期: 2026-03-15 | 来源: http://e.erw.cc/all.xml.gz
频道: [武汉外语（武汉外语）] | 日期: 2026-03-15 | 来源: http://e.erw.cc/all.xml.gz
频道: [武汉少儿（武汉少儿）] | 日期: 2026-03-15 | 来源: http://e.erw.cc/all.xml.gz
频道: [武汉教育（武汉教育）] | 日期: 2026-03-15 | 来源: http://e.erw.cc/all.xml.gz
频道: [武汉文体（武汉文体）] | 日期: 2026-03-15 | 来源: http://e.erw.cc/all.xml.gz
频道: [武汉新闻综合（武汉新闻综合）] | 日期: 2026-03-15 | 来源: http://e.erw.cc/all.xml.gz
频道: [武汉电视剧（武汉电视剧）] | 日期: 2026-03-15 | 来源: http://e.erw.cc/all.xml.gz
频道: [武汉科技生活（武汉科技生活）] | 日期: 2026-03-15 | 来源: http://e.erw.cc/all.xml.gz
频道: [武汉经济（武汉经济）] | 日期: 2026-03-15 | 来源: http://e.erw.cc/all.xml.gz
频道: [民视（民视）] | 日期: 2026-03-14 | 来源: https://epg.136605.xyz/9days.xml
频道: [民视（民视）] | 日期: 2026-03-15 | 来源: https://epg.136605.xyz/9days.xml
频道: [民视（民视）] | 日期: 2026-03-16 | 来源: https://epg.136605.xyz/9days.xml
频道: [民视（民视）] | 日期: 2026-03-17 | 来源: https://epg.136605.xyz/9days.xml
频道: [民视（民视）] | 日期: 2026-03-18 | 来源: https://github.com/litiande03/epg/raw/refs/heads/master/pl.xml.gz
频道: [民视台湾台（民视台湾台）] | 日期: 2026-03-15 | 来源: http://epg.cdn.loc.cc/xml
频道: [民视台湾台（民视台湾台）] | 日期: 2026-03-16 | 来源: http://epg.cdn.loc.cc/xml
频道: [民视台湾台（民视台湾台）] | 日期: 2026-03-17 | 来源: http://epg.cdn.loc.cc/xml
频道: [民视台湾台（民视台湾台）] | 日期: 2026-03-18 | 来源: http://epg.cdn.loc.cc/xml
频道: [民视台湾台（民视台湾台）] | 日期: 2026-03-19 | 来源: http://epg.cdn.loc.cc/xml
频道: [民视台湾台（民视台湾台）] | 日期: 2026-03-20 | 来源: http://epg.cdn.loc.cc/xml
频道: [民视台湾台（民视台湾台）] | 日期: 2026-03-21 | 来源: http://epg.cdn.loc.cc/xml
频道: [民视影剧台（民视影剧台）] | 日期: 2026-03-14 | 来源: https://epg.136605.xyz/9days.xml
频道: [民视影剧台（民视影剧台）] | 日期: 2026-03-15 | 来源: https://epg.136605.xyz/9days.xml
频道: [民视影剧台（民视影剧台）] | 日期: 2026-03-16 | 来源: https://epg.136605.xyz/9days.xml
频道: [民视影剧台（民视影剧台）] | 日期: 2026-03-17 | 来源: https://epg.136605.xyz/9days.xml
频道: [民视影剧台（民视影剧台）] | 日期: 2026-03-18 | 来源: http://epg.cdn.loc.cc/xml
频道: [民视影剧台（民视影剧台）] | 日期: 2026-03-19 | 来源: http://epg.cdn.loc.cc/xml
频道: [民视影剧台（民视影剧台）] | 日期: 2026-03-20 | 来源: http://epg.cdn.loc.cc/xml
频道: [民视影剧台（民视影剧台）] | 日期: 2026-03-21 | 来源: http://epg.cdn.loc.cc/xml
频道: [民视新闻台（民视新闻台）] | 日期: 2026-03-15 | 来源: https://github.com/litiande03/epg/raw/refs/heads/master/pl.xml.gz
频道: [民视新闻台（民视新闻台）] | 日期: 2026-03-16 | 来源: https://github.com/litiande03/epg/raw/refs/heads/master/pl.xml.gz
频道: [民视新闻台（民视新闻台）] | 日期: 2026-03-17 | 来源: https://github.com/litiande03/epg/raw/refs/heads/master/pl.xml.gz
频道: [民视新闻台（民视新闻台）] | 日期: 2026-03-18 | 来源: http://epg.cdn.loc.cc/xml
频道: [民视新闻台（民视新闻台）] | 日期: 2026-03-19 | 来源: http://epg.cdn.loc.cc/xml
频道: [民视新闻台（民视新闻台）] | 日期: 2026-03-20 | 来源: http://epg.cdn.loc.cc/xml
频道: [民视新闻台（民视新闻台）] | 日期: 2026-03-21 | 来源: http://epg.cdn.loc.cc/xml
频道: [民视旅游台（民视旅游台）] | 日期: 2026-03-14 | 来源: https://epg.136605.xyz/9days.xml
频道: [民视旅游台（民视旅游台）] | 日期: 2026-03-15 | 来源: https://epg.136605.xyz/9days.xml
频道: [民视旅游台（民视旅游台）] | 日期: 2026-03-16 | 来源: https://epg.136605.xyz/9days.xml
频道: [民视旅游台（民视旅游台）] | 日期: 2026-03-17 | 来源: https://epg.136605.xyz/9days.xml
频道: [民视无线台（民视无线台）] | 日期: 2026-03-15 | 来源: http://epg.cdn.loc.cc/xml
频道: [民视无线台（民视无线台）] | 日期: 2026-03-16 | 来源: http://epg.cdn.loc.cc/xml
频道: [民视无线台（民视无线台）] | 日期: 2026-03-17 | 来源: http://epg.cdn.loc.cc/xml
频道: [民视无线台（民视无线台）] | 日期: 2026-03-18 | 来源: http://epg.cdn.loc.cc/xml
频道: [民视无线台（民视无线台）] | 日期: 2026-03-19 | 来源: http://epg.cdn.loc.cc/xml
频道: [民视无线台（民视无线台）] | 日期: 2026-03-20 | 来源: http://epg.cdn.loc.cc/xml
频道: [民视无线台（民视无线台）] | 日期: 2026-03-21 | 来源: http://epg.cdn.loc.cc/xml
频道: [民视第一台（民视第一台）] | 日期: 2026-03-15 | 来源: http://epg.cdn.loc.cc/xml
频道: [民视第一台（民视第一台）] | 日期: 2026-03-16 | 来源: http://epg.cdn.loc.cc/xml
频道: [民视第一台（民视第一台）] | 日期: 2026-03-17 | 来源: http://epg.cdn.loc.cc/xml
频道: [民视第一台（民视第一台）] | 日期: 2026-03-18 | 来源: http://epg.cdn.loc.cc/xml
频道: [民视第一台（民视第一台）] | 日期: 2026-03-19 | 来源: http://epg.cdn.loc.cc/xml
频道: [民视第一台（民视第一台）] | 日期: 2026-03-20 | 来源: http://epg.cdn.loc.cc/xml
频道: [民视第一台（民视第一台）] | 日期: 2026-03-21 | 来源: http://epg.cdn.loc.cc/xml
频道: [民视综艺台（民视综艺台）] | 日期: 2026-03-14 | 来源: https://epg.136605.xyz/9days.xml
频道: [民视综艺台（民视综艺台）] | 日期: 2026-03-15 | 来源: https://epg.136605.xyz/9days.xml
频道: [民视综艺台（民视综艺台）] | 日期: 2026-03-16 | 来源: https://epg.136605.xyz/9days.xml
频道: [民视综艺台（民视综艺台）] | 日期: 2026-03-17 | 来源: https://epg.136605.xyz/9days.xml
频道: [民视综艺台（民视综艺台）] | 日期: 2026-03-18 | 来源: http://epg.cdn.loc.cc/xml
频道: [民视综艺台（民视综艺台）] | 日期: 2026-03-19 | 来源: http://epg.cdn.loc.cc/xml
频道: [民视综艺台（民视综艺台）] | 日期: 2026-03-20 | 来源: http://epg.cdn.loc.cc/xml
频道: [民视综艺台（民视综艺台）] | 日期: 2026-03-21 | 来源: http://epg.cdn.loc.cc/xml
频道: [民视综艺台(免费)（民视综艺台(免费)）] | 日期: 2026-03-15 | 来源: http://epg.cdn.loc.cc/xml
频道: [民视综艺台(免费)（民视综艺台(免费)）] | 日期: 2026-03-16 | 来源: http://epg.cdn.loc.cc/xml
频道: [民视综艺台(免费)（民视综艺台(免费)）] | 日期: 2026-03-17 | 来源: http://epg.cdn.loc.cc/xml
频道: [民视综艺台(免费)（民视综艺台(免费)）] | 日期: 2026-03-18 | 来源: http://epg.cdn.loc.cc/xml
频道: [民视综艺台(免费)（民视综艺台(免费)）] | 日期: 2026-03-19 | 来源: http://epg.cdn.loc.cc/xml
频道: [民视综艺台(免费)（民视综艺台(免费)）] | 日期: 2026-03-20 | 来源: http://epg.cdn.loc.cc/xml
频道: [民视综艺台(免费)（民视综艺台(免费)）] | 日期: 2026-03-21 | 来源: http://epg.cdn.loc.cc/xml
频道: [求索动物（求索动物）] | 日期: 2026-03-15 | 来源: http://e.erw.cc/all.xml.gz
频道: [求索生活（求索生活）] | 日期: 2026-03-15 | 来源: http://e.erw.cc/all.xml.gz
频道: [求索科学（求索科学）] | 日期: 2026-03-15 | 来源: http://e.erw.cc/all.xml.gz
频道: [求索纪录（求索纪录）] | 日期: 2026-03-15 | 来源: http://e.erw.cc/all.xml.gz
频道: [求索纪录（求索纪录）] | 日期: 2026-03-16 | 来源: https://github.com/litiande03/epg/raw/refs/heads/master/pl.xml.gz
频道: [求索纪录（求索纪录）] | 日期: 2026-03-17 | 来源: https://github.com/litiande03/epg/raw/refs/heads/master/pl.xml.gz
频道: [求索记录（求索记录）] | 日期: 2026-03-15 | 来源: http://epg.51zmt.top:8000/e1.xml.gz
频道: [求索频道（求索频道）] | 日期: 2026-03-15 | 来源: https://github.com/mytv-android/SCTV_EPG/raw/refs/heads/main/epg.xml
频道: [求索频道（求索频道）] | 日期: 2026-03-16 | 来源: https://github.com/mytv-android/SCTV_EPG/raw/refs/heads/main/epg.xml
频道: [汉语体育健康（汉语体育健康）] | 日期: 2026-03-15 | 来源: http://e.erw.cc/all.xml.gz
频道: [汉语经济生活（汉语经济生活）] | 日期: 2026-03-15 | 来源: http://e.erw.cc/all.xml.gz
频道: [汉语综艺（汉语综艺）] | 日期: 2026-03-15 | 来源: http://e.erw.cc/all.xml.gz
频道: [汕头新闻综合（汕头新闻综合）] | 日期: 2026-03-15 | 来源: https://github.com/litiande03/epg/raw/refs/heads/master/pl.xml.gz
频道: [汕头新闻综合（汕头新闻综合）] | 日期: 2026-03-16 | 来源: https://github.com/litiande03/epg/raw/refs/heads/master/pl.xml.gz
频道: [汕头新闻综合（汕头新闻综合）] | 日期: 2026-03-17 | 来源: https://github.com/litiande03/epg/raw/refs/heads/master/pl.xml.gz
频道: [汕头经济生活（汕头经济生活）] | 日期: 2026-03-15 | 来源: https://github.com/litiande03/epg/raw/refs/heads/master/pl.xml.gz
频道: [汕头经济生活（汕头经济生活）] | 日期: 2026-03-16 | 来源: https://github.com/litiande03/epg/raw/refs/heads/master/pl.xml.gz
频道: [汕头经济生活（汕头经济生活）] | 日期: 2026-03-17 | 来源: https://github.com/litiande03/epg/raw/refs/heads/master/pl.xml.gz
频道: [汕尾文化生活（汕尾文化生活）] | 日期: 2026-03-15 | 来源: https://github.com/litiande03/epg/raw/refs/heads/master/pl.xml.gz
频道: [汕尾文化生活（汕尾文化生活）] | 日期: 2026-03-16 | 来源: https://github.com/litiande03/epg/raw/refs/heads/master/pl.xml.gz
频道: [汕尾文化生活（汕尾文化生活）] | 日期: 2026-03-17 | 来源: https://github.com/litiande03/epg/raw/refs/heads/master/pl.xml.gz
频道: [汕尾新闻综合（汕尾新闻综合）] | 日期: 2026-03-15 | 来源: https://github.com/litiande03/epg/raw/refs/heads/master/pl.xml.gz
频道: [汕尾新闻综合（汕尾新闻综合）] | 日期: 2026-03-16 | 来源: https://github.com/litiande03/epg/raw/refs/heads/master/pl.xml.gz
频道: [汕尾新闻综合（汕尾新闻综合）] | 日期: 2026-03-17 | 来源: https://github.com/litiande03/epg/raw/refs/heads/master/pl.xml.gz
频道: [江苏休闲体育（江苏休闲体育）] | 日期: 2026-03-15 | 来源: http://epg.51zmt.top:8000/e1.xml.gz
频道: [江苏体育休闲（江苏体育休闲）] | 日期: 2026-03-14 | 来源: https://epg.136605.xyz/9days.xml
频道: [江苏体育休闲（江苏体育休闲）] | 日期: 2026-03-15 | 来源: https://epg.136605.xyz/9days.xml
频道: [江苏体育休闲（江苏体育休闲）] | 日期: 2026-03-16 | 来源: https://epg.136605.xyz/9days.xml
频道: [江苏卫视（江苏卫视）] | 日期: 2026-03-14 | 来源: https://epg.136605.xyz/9days.xml
频道: [江苏卫视（江苏卫视）] | 日期: 2026-03-15 | 来源: https://epg.136605.xyz/9days.xml
频道: [江苏卫视（江苏卫视）] | 日期: 2026-03-16 | 来源: https://epg.136605.xyz/9days.xml
频道: [江苏卫视（江苏卫视）] | 日期: 2026-03-17 | 来源: https://epg.136605.xyz/9days.xml
频道: [江苏卫视（江苏卫视）] | 日期: 2026-03-18 | 来源: https://github.com/zzzz0317/beijing-unicom-iptv-playlist/raw/refs/heads/main/epg.xml
频道: [江苏卫视4K（江苏卫视4K）] | 日期: 2026-03-15 | 来源: https://github.com/litiande03/epg/raw/refs/heads/master/pl.xml.gz
频道: [江苏卫视4K（江苏卫视4K）] | 日期: 2026-03-16 | 来源: https://github.com/litiande03/epg/raw/refs/heads/master/pl.xml.gz
频道: [江苏卫视4K（江苏卫视4K）] | 日期: 2026-03-17 | 来源: https://github.com/litiande03/epg/raw/refs/heads/master/pl.xml.gz
频道: [江苏卫视4K（江苏卫视4K）] | 日期: 2026-03-18 | 来源: https://github.com/litiande03/epg/raw/refs/heads/master/pl.xml.gz
频道: [江苏卫视4K超高清（江苏卫视4K超高清）] | 日期: 2026-03-14 | 来源: https://github.com/zzzz0317/beijing-unicom-iptv-playlist/raw/refs/heads/main/epg.xml
频道: [江苏卫视4K超高清（江苏卫视4K超高清）] | 日期: 2026-03-15 | 来源: https://github.com/zzzz0317/beijing-unicom-iptv-playlist/raw/refs/heads/main/epg.xml
频道: [江苏卫视4K超高清（江苏卫视4K超高清）] | 日期: 2026-03-16 | 来源: https://github.com/zzzz0317/beijing-unicom-iptv-playlist/raw/refs/heads/main/epg.xml
频道: [江苏卫视4K超高清（江苏卫视4K超高清）] | 日期: 2026-03-17 | 来源: https://github.com/zzzz0317/beijing-unicom-iptv-playlist/raw/refs/heads/main/epg.xml
频道: [江苏卫视4K超高清（江苏卫视4K超高清）] | 日期: 2026-03-18 | 来源: https://github.com/zzzz0317/beijing-unicom-iptv-playlist/raw/refs/heads/main/epg.xml
频道: [江苏国际（江苏国际）] | 日期: 2026-03-15 | 来源: http://e.erw.cc/all.xml.gz
频道: [江苏城市（江苏城市）] | 日期: 2026-03-14 | 来源: https://epg.136605.xyz/9days.xml
频道: [江苏城市（江苏城市）] | 日期: 2026-03-15 | 来源: https://epg.136605.xyz/9days.xml
频道: [江苏城市（江苏城市）] | 日期: 2026-03-16 | 来源: https://epg.136605.xyz/9days.xml
频道: [江苏城市（江苏城市）] | 日期: 2026-03-17 | 来源: https://epg.136605.xyz/9days.xml
频道: [江苏影视（江苏影视）] | 日期: 2026-03-15 | 来源: http://e.erw.cc/all.xml.gz
频道: [江苏教育（江苏教育）] | 日期: 2026-03-14 | 来源: https://epg.136605.xyz/9days.xml
频道: [江苏教育（江苏教育）] | 日期: 2026-03-15 | 来源: http://e.erw.cc/all.xml.gz
频道: [江苏教育（江苏教育）] | 日期: 2026-03-16 | 来源: https://epg.136605.xyz/9days.xml
频道: [江苏新闻（江苏新闻）] | 日期: 2026-03-14 | 来源: https://epg.136605.xyz/9days.xml
频道: [江苏新闻（江苏新闻）] | 日期: 2026-03-15 | 来源: https://epg.136605.xyz/9days.xml
频道: [江苏新闻（江苏新闻）] | 日期: 2026-03-16 | 来源: https://epg.136605.xyz/9days.xml
频道: [江苏电视台国际频道（江苏电视台国际频道）] | 日期: 2026-03-14 | 来源: http://epg.cdn.loc.cc/xml
频道: [江苏电视台国际频道（江苏电视台国际频道）] | 日期: 2026-03-15 | 来源: http://epg.cdn.loc.cc/xml
频道: [江苏电视台国际频道（江苏电视台国际频道）] | 日期: 2026-03-16 | 来源: http://epg.cdn.loc.cc/xml
频道: [江苏电视台国际频道（江苏电视台国际频道）] | 日期: 2026-03-17 | 来源: http://epg.cdn.loc.cc/xml
频道: [江苏电视台国际频道（江苏电视台国际频道）] | 日期: 2026-03-18 | 来源: http://epg.cdn.loc.cc/xml
频道: [江苏电视台国际频道（江苏电视台国际频道）] | 日期: 2026-03-19 | 来源: http://epg.cdn.loc.cc/xml
频道: [江苏电视台国际频道（江苏电视台国际频道）] | 日期: 2026-03-20 | 来源: http://epg.cdn.loc.cc/xml
频道: [江苏电视台国际频道（江苏电视台国际频道）] | 日期: 2026-03-21 | 来源: http://epg.cdn.loc.cc/xml
频道: [江苏电视台国际频道（江苏电视台国际频道）] | 日期: 2026-03-22 | 来源: http://epg.cdn.loc.cc/xml
频道: [江苏电视台国际频道（江苏电视台国际频道）] | 日期: 2026-03-23 | 来源: http://epg.cdn.loc.cc/xml
频道: [江苏综艺（江苏综艺）] | 日期: 2026-03-15 | 来源: http://e.erw.cc/all.xml.gz
频道: [江西公共（江西公共）] | 日期: 2026-03-15 | 来源: http://epg.51zmt.top:8000/e1.xml.gz
频道: [江西公共农业（江西公共农业）] | 日期: 2026-03-14 | 来源: https://epg.136605.xyz/9days.xml
频道: [江西公共农业（江西公共农业）] | 日期: 2026-03-15 | 来源: https://epg.136605.xyz/9days.xml
频道: [江西公共农业（江西公共农业）] | 日期: 2026-03-16 | 来源: https://epg.136605.xyz/9days.xml
频道: [江西公共农业（江西公共农业）] | 日期: 2026-03-17 | 来源: https://epg.136605.xyz/9days.xml
频道: [江西公共农业（江西公共农业）] | 日期: 2026-03-18 | 来源: https://epg.136605.xyz/9days.xml
频道: [江西卫视（江西卫视）] | 日期: 2026-03-14 | 来源: https://epg.136605.xyz/9days.xml
频道: [江西卫视（江西卫视）] | 日期: 2026-03-15 | 来源: https://epg.136605.xyz/9days.xml
频道: [江西卫视（江西卫视）] | 日期: 2026-03-16 | 来源: https://epg.136605.xyz/9days.xml
频道: [江西卫视（江西卫视）] | 日期: 2026-03-17 | 来源: https://epg.136605.xyz/9days.xml
频道: [江西卫视（江西卫视）] | 日期: 2026-03-18 | 来源: https://github.com/zzzz0317/beijing-unicom-iptv-playlist/raw/refs/heads/main/epg.xml
频道: [江西少儿（江西少儿）] | 日期: 2026-03-14 | 来源: https://epg.136605.xyz/9days.xml
频道: [江西少儿（江西少儿）] | 日期: 2026-03-15 | 来源: https://epg.136605.xyz/9days.xml
频道: [江西少儿（江西少儿）] | 日期: 2026-03-16 | 来源: https://epg.136605.xyz/9days.xml
频道: [江西少儿（江西少儿）] | 日期: 2026-03-17 | 来源: https://epg.136605.xyz/9days.xml
频道: [江西少儿（江西少儿）] | 日期: 2026-03-18 | 来源: https://epg.136605.xyz/9days.xml
频道: [江西教育（江西教育）] | 日期: 2026-03-14 | 来源: https://epg.136605.xyz/9days.xml
频道: [江西教育（江西教育）] | 日期: 2026-03-15 | 来源: https://epg.136605.xyz/9days.xml
频道: [江西教育（江西教育）] | 日期: 2026-03-16 | 来源: https://epg.136605.xyz/9days.xml
频道: [江西教育（江西教育）] | 日期: 2026-03-17 | 来源: https://epg.136605.xyz/9days.xml
频道: [江西教育（江西教育）] | 日期: 2026-03-18 | 来源: https://epg.136605.xyz/9days.xml
频道: [江西新闻（江西新闻）] | 日期: 2026-03-14 | 来源: https://epg.136605.xyz/9days.xml
频道: [江西新闻（江西新闻）] | 日期: 2026-03-15 | 来源: https://epg.136605.xyz/9days.xml
频道: [江西新闻（江西新闻）] | 日期: 2026-03-16 | 来源: https://epg.136605.xyz/9days.xml
频道: [江西新闻（江西新闻）] | 日期: 2026-03-17 | 来源: https://epg.136605.xyz/9days.xml
频道: [江西新闻（江西新闻）] | 日期: 2026-03-18 | 来源: https://epg.136605.xyz/9days.xml
频道: [江西经济（江西经济）] | 日期: 2026-03-15 | 来源: http://epg.51zmt.top:8000/e1.xml.gz
频道: [江西经济生活（江西经济生活）] | 日期: 2026-03-14 | 来源: https://epg.136605.xyz/9days.xml
频道: [江西经济生活（江西经济生活）] | 日期: 2026-03-15 | 来源: https://epg.136605.xyz/9days.xml
频道: [江西经济生活（江西经济生活）] | 日期: 2026-03-16 | 来源: https://epg.136605.xyz/9days.xml
频道: [江西经济生活（江西经济生活）] | 日期: 2026-03-17 | 来源: https://epg.136605.xyz/9days.xml
频道: [江西经济生活（江西经济生活）] | 日期: 2026-03-18 | 来源: https://epg.136605.xyz/9days.xml
频道: [江西都市（江西都市）] | 日期: 2026-03-14 | 来源: https://epg.136605.xyz/9days.xml
频道: [江西都市（江西都市）] | 日期: 2026-03-15 | 来源: http://epg.51zmt.top:8000/e1.xml.gz
频道: [江西都市（江西都市）] | 日期: 2026-03-16 | 来源: https://epg.136605.xyz/9days.xml
频道: [江西都市（江西都市）] | 日期: 2026-03-17 | 来源: https://epg.136605.xyz/9days.xml
频道: [江西都市（江西都市）] | 日期: 2026-03-18 | 来源: https://epg.136605.xyz/9days.xml
频道: [江都频道（江都频道）] | 日期: 2026-03-14 | 来源: https://epg.136605.xyz/9days.xml
频道: [江都频道（江都频道）] | 日期: 2026-03-15 | 来源: https://epg.136605.xyz/9days.xml
频道: [江都频道（江都频道）] | 日期: 2026-03-16 | 来源: https://epg.136605.xyz/9days.xml
频道: [江门综合（江门综合）] | 日期: 2026-03-15 | 来源: https://github.com/litiande03/epg/raw/refs/heads/master/pl.xml.gz
频道: [江门综合（江门综合）] | 日期: 2026-03-16 | 来源: https://github.com/litiande03/epg/raw/refs/heads/master/pl.xml.gz
频道: [江门综合（江门综合）] | 日期: 2026-03-17 | 来源: https://github.com/litiande03/epg/raw/refs/heads/master/pl.xml.gz
频道: [汽摩（汽摩）] | 日期: 2026-03-14 | 来源: https://epg.136605.xyz/9days.xml
频道: [汽摩（汽摩）] | 日期: 2026-03-15 | 来源: http://e.erw.cc/all.xml.gz
频道: [汽摩（汽摩）] | 日期: 2026-03-16 | 来源: https://epg.136605.xyz/9days.xml
频道: [汽摩（汽摩）] | 日期: 2026-03-17 | 来源: https://github.com/litiande03/epg/raw/refs/heads/master/pl.xml.gz
频道: [汽摩（汽摩）] | 日期: 2026-03-18 | 来源: https://github.com/litiande03/epg/raw/refs/heads/master/pl.xml.gz
频道: [河北三农（河北三农）] | 日期: 2026-03-15 | 来源: http://epg.51zmt.top:8000/e1.xml.gz
频道: [河北卫视（河北卫视）] | 日期: 2026-03-14 | 来源: https://epg.136605.xyz/9days.xml
频道: [河北卫视（河北卫视）] | 日期: 2026-03-15 | 来源: https://epg.136605.xyz/9days.xml
频道: [河北卫视（河北卫视）] | 日期: 2026-03-16 | 来源: https://epg.136605.xyz/9days.xml
频道: [河北卫视（河北卫视）] | 日期: 2026-03-17 | 来源: https://epg.136605.xyz/9days.xml
频道: [河北卫视（河北卫视）] | 日期: 2026-03-18 | 来源: https://github.com/zzzz0317/beijing-unicom-iptv-playlist/raw/refs/heads/main/epg.xml
频道: [河北少儿（河北少儿）] | 日期: 2026-03-15 | 来源: http://epg.51zmt.top:8000/e1.xml.gz
频道: [河北少儿科教（河北少儿科教）] | 日期: 2026-03-15 | 来源: http://e.erw.cc/all.xml.gz
频道: [河北影视（河北影视）] | 日期: 2026-03-15 | 来源: http://epg.51zmt.top:8000/e1.xml.gz
频道: [河北影视剧（河北影视剧）] | 日期: 2026-03-15 | 来源: http://e.erw.cc/all.xml.gz
频道: [河北文旅公共（河北文旅公共）] | 日期: 2026-03-15 | 来源: http://epg.51zmt.top:8000/e1.xml.gz
频道: [河北杂技（河北杂技）] | 日期: 2026-03-15 | 来源: https://liliu.serv00.net/epg/download.php?type=xml
频道: [河北杂技（河北杂技）] | 日期: 2026-03-16 | 来源: https://liliu.serv00.net/epg/download.php?type=xml
频道: [河北杂技（河北杂技）] | 日期: 2026-03-17 | 来源: https://liliu.serv00.net/epg/download.php?type=xml
频道: [河北经济（河北经济）] | 日期: 2026-03-15 | 来源: https://liliu.serv00.net/epg/download.php?type=xml
频道: [河北经济生活（河北经济生活）] | 日期: 2026-03-15 | 来源: http://e.erw.cc/all.xml.gz
频道: [河北都市（河北都市）] | 日期: 2026-03-15 | 来源: http://e.erw.cc/all.xml.gz
频道: [河南乡村（河南乡村）] | 日期: 2026-03-15 | 来源: http://e.erw.cc/all.xml.gz
频道: [河南公共（河南公共）] | 日期: 2026-03-15 | 来源: http://e.erw.cc/all.xml.gz
频道: [河南卫视（河南卫视）] | 日期: 2026-03-14 | 来源: https://epg.136605.xyz/9days.xml
频道: [河南卫视（河南卫视）] | 日期: 2026-03-15 | 来源: https://epg.136605.xyz/9days.xml
频道: [河南卫视（河南卫视）] | 日期: 2026-03-16 | 来源: https://epg.136605.xyz/9days.xml
频道: [河南卫视（河南卫视）] | 日期: 2026-03-17 | 来源: https://github.com/litiande03/epg/raw/refs/heads/master/pl.xml.gz
频道: [河南卫视（河南卫视）] | 日期: 2026-03-18 | 来源: https://github.com/zzzz0317/beijing-unicom-iptv-playlist/raw/refs/heads/main/epg.xml
频道: [河南新农村（河南新农村）] | 日期: 2026-03-15 | 来源: http://epg.51zmt.top:8000/e1.xml.gz
频道: [河南新闻（河南新闻）] | 日期: 2026-03-15 | 来源: http://epg.51zmt.top:8000/e1.xml.gz
频道: [河南民生（河南民生）] | 日期: 2026-03-15 | 来源: http://epg.51zmt.top:8000/e1.xml.gz
频道: [河南法制（河南法制）] | 日期: 2026-03-15 | 来源: http://epg.51zmt.top:8000/e1.xml.gz
频道: [河南法治（河南法治）] | 日期: 2026-03-15 | 来源: http://e.erw.cc/all.xml.gz
频道: [河南电视剧（河南电视剧）] | 日期: 2026-03-15 | 来源: http://e.erw.cc/all.xml.gz
频道: [河南都市（河南都市）] | 日期: 2026-03-15 | 来源: http://e.erw.cc/all.xml.gz
频道: [河源生活（河源生活）] | 日期: 2026-03-15 | 来源: https://github.com/litiande03/epg/raw/refs/heads/master/pl.xml.gz
频道: [河源生活（河源生活）] | 日期: 2026-03-16 | 来源: https://github.com/litiande03/epg/raw/refs/heads/master/pl.xml.gz
频道: [河源生活（河源生活）] | 日期: 2026-03-17 | 来源: https://github.com/litiande03/epg/raw/refs/heads/master/pl.xml.gz
频道: [河源综合（河源综合）] | 日期: 2026-03-15 | 来源: https://github.com/litiande03/epg/raw/refs/heads/master/pl.xml.gz
频道: [河源综合（河源综合）] | 日期: 2026-03-16 | 来源: https://github.com/litiande03/epg/raw/refs/heads/master/pl.xml.gz
频道: [河源综合（河源综合）] | 日期: 2026-03-17 | 来源: https://github.com/litiande03/epg/raw/refs/heads/master/pl.xml.gz
频道: [法治天地（法治天地）] | 日期: 2026-03-14 | 来源: https://epg.deny.vip/sh/tel-epg.xml
频道: [法治天地（法治天地）] | 日期: 2026-03-15 | 来源: http://epg.51zmt.top:8000/e1.xml.gz
频道: [法治天地（法治天地）] | 日期: 2026-03-16 | 来源: https://epg.deny.vip/sh/tel-epg.xml
频道: [泗洪综合（泗洪综合）] | 日期: 2026-03-14 | 来源: https://epg.136605.xyz/9days.xml
频道: [泗洪综合（泗洪综合）] | 日期: 2026-03-15 | 来源: https://epg.136605.xyz/9days.xml
频道: [泗洪综合（泗洪综合）] | 日期: 2026-03-16 | 来源: https://epg.136605.xyz/9days.xml
频道: [泰安经济生活（泰安经济生活）] | 日期: 2026-03-14 | 来源: https://github.com/plsy1/epg/raw/refs/heads/main/e/seven-days.xml.gz
频道: [泰安经济生活（泰安经济生活）] | 日期: 2026-03-15 | 来源: https://github.com/plsy1/epg/raw/refs/heads/main/e/seven-days.xml.gz
频道: [泰安经济生活（泰安经济生活）] | 日期: 2026-03-16 | 来源: https://github.com/plsy1/epg/raw/refs/heads/main/e/seven-days.xml.gz
频道: [泰安综合（泰安综合）] | 日期: 2026-03-14 | 来源: https://github.com/plsy1/epg/raw/refs/heads/main/e/seven-days.xml.gz
频道: [泰安综合（泰安综合）] | 日期: 2026-03-15 | 来源: https://github.com/plsy1/epg/raw/refs/heads/main/e/seven-days.xml.gz
频道: [泰安综合（泰安综合）] | 日期: 2026-03-16 | 来源: https://github.com/plsy1/epg/raw/refs/heads/main/e/seven-days.xml.gz
频道: [泰山电视频道（泰山电视频道）] | 日期: 2026-03-14 | 来源: https://github.com/plsy1/epg/raw/refs/heads/main/e/seven-days.xml.gz
频道: [泰山电视频道（泰山电视频道）] | 日期: 2026-03-15 | 来源: https://github.com/plsy1/epg/raw/refs/heads/main/e/seven-days.xml.gz
频道: [泰山电视频道（泰山电视频道）] | 日期: 2026-03-16 | 来源: https://github.com/plsy1/epg/raw/refs/heads/main/e/seven-days.xml.gz
频道: [泰州1（泰州1）] | 日期: 2026-03-14 | 来源: https://epg.136605.xyz/9days.xml
频道: [泰州1（泰州1）] | 日期: 2026-03-15 | 来源: https://epg.136605.xyz/9days.xml
频道: [泰州1（泰州1）] | 日期: 2026-03-16 | 来源: https://epg.136605.xyz/9days.xml
频道: [泰州2（泰州2）] | 日期: 2026-03-14 | 来源: https://epg.136605.xyz/9days.xml
频道: [泰州2（泰州2）] | 日期: 2026-03-15 | 来源: https://epg.136605.xyz/9days.xml
频道: [泰州2（泰州2）] | 日期: 2026-03-16 | 来源: https://epg.136605.xyz/9days.xml
频道: [泰州2（泰州2）] | 日期: 2026-03-17 | 来源: https://epg.136605.xyz/9days.xml
频道: [泰州3（泰州3）] | 日期: 2026-03-14 | 来源: https://epg.136605.xyz/9days.xml
频道: [泰州3（泰州3）] | 日期: 2026-03-15 | 来源: https://epg.136605.xyz/9days.xml
频道: [泰州3（泰州3）] | 日期: 2026-03-16 | 来源: https://epg.136605.xyz/9days.xml
频道: [泰州3（泰州3）] | 日期: 2026-03-17 | 来源: https://epg.136605.xyz/9days.xml
频道: [测试频道（测试频道）] | 日期: 2026-03-14 | 来源: http://epg.cdn.loc.cc/xml
频道: [测试频道（测试频道）] | 日期: 2026-03-15 | 来源: http://epg.cdn.loc.cc/xml
频道: [测试频道（测试频道）] | 日期: 2026-03-16 | 来源: http://epg.cdn.loc.cc/xml
频道: [测试频道（测试频道）] | 日期: 2026-03-17 | 来源: http://epg.cdn.loc.cc/xml
频道: [测试频道（测试频道）] | 日期: 2026-03-18 | 来源: http://epg.cdn.loc.cc/xml
频道: [测试频道（测试频道）] | 日期: 2026-03-19 | 来源: http://epg.cdn.loc.cc/xml
频道: [测试频道（测试频道）] | 日期: 2026-03-20 | 来源: http://epg.cdn.loc.cc/xml
频道: [测试频道（测试频道）] | 日期: 2026-03-21 | 来源: http://epg.cdn.loc.cc/xml
频道: [测试频道（测试频道）] | 日期: 2026-03-22 | 来源: http://epg.cdn.loc.cc/xml
频道: [测试频道（测试频道）] | 日期: 2026-03-23 | 来源: http://epg.cdn.loc.cc/xml
频道: [浙江公共新闻（浙江公共新闻）] | 日期: 2026-03-15 | 来源: http://epg.51zmt.top:8000/e1.xml.gz
频道: [浙江卫视（浙江卫视）] | 日期: 2026-03-14 | 来源: https://epg.136605.xyz/9days.xml
频道: [浙江卫视（浙江卫视）] | 日期: 2026-03-15 | 来源: https://github.com/litiande03/epg/raw/refs/heads/master/pl.xml.gz
频道: [浙江卫视（浙江卫视）] | 日期: 2026-03-16 | 来源: https://epg.136605.xyz/9days.xml
频道: [浙江卫视（浙江卫视）] | 日期: 2026-03-17 | 来源: https://github.com/litiande03/epg/raw/refs/heads/master/pl.xml.gz
频道: [浙江卫视（浙江卫视）] | 日期: 2026-03-18 | 来源: https://github.com/zzzz0317/beijing-unicom-iptv-playlist/raw/refs/heads/main/epg.xml
频道: [浙江卫视4K（浙江卫视4K）] | 日期: 2026-03-14 | 来源: https://github.com/plsy1/epg/raw/refs/heads/main/e/seven-days.xml.gz
频道: [浙江卫视4K（浙江卫视4K）] | 日期: 2026-03-15 | 来源: https://github.com/litiande03/epg/raw/refs/heads/master/pl.xml.gz
频道: [浙江卫视4K（浙江卫视4K）] | 日期: 2026-03-16 | 来源: https://github.com/litiande03/epg/raw/refs/heads/master/pl.xml.gz
频道: [浙江卫视4K（浙江卫视4K）] | 日期: 2026-03-17 | 来源: https://github.com/litiande03/epg/raw/refs/heads/master/pl.xml.gz
频道: [浙江卫视4K（浙江卫视4K）] | 日期: 2026-03-18 | 来源: https://github.com/litiande03/epg/raw/refs/heads/master/pl.xml.gz
频道: [浙江卫视4K超高清（浙江卫视4K超高清）] | 日期: 2026-03-14 | 来源: https://github.com/zzzz0317/beijing-unicom-iptv-playlist/raw/refs/heads/main/epg.xml
频道: [浙江卫视4K超高清（浙江卫视4K超高清）] | 日期: 2026-03-15 | 来源: https://github.com/zzzz0317/beijing-unicom-iptv-playlist/raw/refs/heads/main/epg.xml
频道: [浙江卫视4K超高清（浙江卫视4K超高清）] | 日期: 2026-03-16 | 来源: https://github.com/zzzz0317/beijing-unicom-iptv-playlist/raw/refs/heads/main/epg.xml
频道: [浙江卫视4K超高清（浙江卫视4K超高清）] | 日期: 2026-03-17 | 来源: https://github.com/zzzz0317/beijing-unicom-iptv-playlist/raw/refs/heads/main/epg.xml
频道: [浙江卫视4K超高清（浙江卫视4K超高清）] | 日期: 2026-03-18 | 来源: https://github.com/zzzz0317/beijing-unicom-iptv-playlist/raw/refs/heads/main/epg.xml
频道: [浙江国际（浙江国际）] | 日期: 2026-03-14 | 来源: http://e.erw.cc/all.xml.gz
频道: [浙江国际（浙江国际）] | 日期: 2026-03-15 | 来源: http://e.erw.cc/all.xml.gz
频道: [浙江少儿（浙江少儿）] | 日期: 2026-03-15 | 来源: http://e.erw.cc/all.xml.gz
频道: [浙江教科影视（浙江教科影视）] | 日期: 2026-03-15 | 来源: http://e.erw.cc/all.xml.gz
频道: [浙江新闻（浙江新闻）] | 日期: 2026-03-15 | 来源: http://e.erw.cc/all.xml.gz
频道: [浙江民生休闲（浙江民生休闲）] | 日期: 2026-03-15 | 来源: http://e.erw.cc/all.xml.gz
频道: [浙江电视台国际频道（浙江电视台国际频道）] | 日期: 2026-03-14 | 来源: http://epg.cdn.loc.cc/xml
频道: [浙江电视台国际频道（浙江电视台国际频道）] | 日期: 2026-03-15 | 来源: http://epg.cdn.loc.cc/xml
频道: [浙江电视台国际频道（浙江电视台国际频道）] | 日期: 2026-03-16 | 来源: http://epg.cdn.loc.cc/xml
频道: [浙江电视台国际频道（浙江电视台国际频道）] | 日期: 2026-03-17 | 来源: http://epg.cdn.loc.cc/xml
频道: [浙江电视台国际频道（浙江电视台国际频道）] | 日期: 2026-03-18 | 来源: http://epg.cdn.loc.cc/xml
频道: [浙江电视台国际频道（浙江电视台国际频道）] | 日期: 2026-03-19 | 来源: http://epg.cdn.loc.cc/xml
频道: [浙江电视台国际频道（浙江电视台国际频道）] | 日期: 2026-03-20 | 来源: http://epg.cdn.loc.cc/xml
频道: [浙江电视台国际频道（浙江电视台国际频道）] | 日期: 2026-03-21 | 来源: http://epg.cdn.loc.cc/xml
频道: [浙江电视台国际频道（浙江电视台国际频道）] | 日期: 2026-03-22 | 来源: http://epg.cdn.loc.cc/xml
频道: [浙江电视台国际频道（浙江电视台国际频道）] | 日期: 2026-03-23 | 来源: http://epg.cdn.loc.cc/xml
频道: [浙江科教影视（浙江科教影视）] | 日期: 2026-03-15 | 来源: http://epg.51zmt.top:8000/e1.xml.gz
频道: [浙江经济生活（浙江经济生活）] | 日期: 2026-03-15 | 来源: http://e.erw.cc/all.xml.gz
频道: [浙江经视（浙江经视）] | 日期: 2026-03-15 | 来源: http://epg.51zmt.top:8000/e1.xml.gz
频道: [浙江钱江都市（浙江钱江都市）] | 日期: 2026-03-15 | 来源: https://liliu.serv00.net/epg/download.php?type=xml
频道: [海南公共（海南公共）] | 日期: 2026-03-15 | 来源: http://e.erw.cc/all.xml.gz
频道: [海南卫视（海南卫视）] | 日期: 2026-03-14 | 来源: https://epg.deny.vip/sh/tel-epg.xml
频道: [海南卫视（海南卫视）] | 日期: 2026-03-15 | 来源: https://epg.136605.xyz/9days.xml
频道: [海南卫视（海南卫视）] | 日期: 2026-03-16 | 来源: https://epg.136605.xyz/9days.xml
频道: [海南卫视（海南卫视）] | 日期: 2026-03-17 | 来源: https://epg.136605.xyz/9days.xml
频道: [海南卫视（海南卫视）] | 日期: 2026-03-18 | 来源: https://github.com/zzzz0317/beijing-unicom-iptv-playlist/raw/refs/heads/main/epg.xml
频道: [海南少儿（海南少儿）] | 日期: 2026-03-15 | 来源: http://e.erw.cc/all.xml.gz
频道: [海南文旅（海南文旅）] | 日期: 2026-03-15 | 来源: http://e.erw.cc/all.xml.gz
频道: [海南新闻（海南新闻）] | 日期: 2026-03-15 | 来源: http://e.erw.cc/all.xml.gz
频道: [海南综合（海南综合）] | 日期: 2026-03-15 | 来源: http://epg.51zmt.top:8000/e1.xml.gz
频道: [海南自贸（海南自贸）] | 日期: 2026-03-15 | 来源: http://e.erw.cc/all.xml.gz
频道: [海外剧场（海外剧场）] | 日期: 2026-03-15 | 来源: http://e.erw.cc/all.xml.gz
频道: [海峡卫视（海峡卫视）] | 日期: 2026-03-14 | 来源: https://epg.136605.xyz/9days.xml
频道: [海峡卫视（海峡卫视）] | 日期: 2026-03-15 | 来源: https://epg.136605.xyz/9days.xml
频道: [海峡卫视（海峡卫视）] | 日期: 2026-03-16 | 来源: https://epg.136605.xyz/9days.xml
频道: [海峡卫视（海峡卫视）] | 日期: 2026-03-17 | 来源: https://epg.136605.xyz/9days.xml
频道: [淘Baby（淘Baby）] | 日期: 2026-03-14 | 来源: https://github.com/zzzz0317/beijing-unicom-iptv-playlist/raw/refs/heads/main/epg.xml
频道: [淘Baby（淘Baby）] | 日期: 2026-03-15 | 来源: http://e.erw.cc/all.xml.gz
频道: [淘Baby（淘Baby）] | 日期: 2026-03-16 | 来源: https://github.com/zzzz0317/beijing-unicom-iptv-playlist/raw/refs/heads/main/epg.xml
频道: [淘Baby（淘Baby）] | 日期: 2026-03-17 | 来源: https://github.com/zzzz0317/beijing-unicom-iptv-playlist/raw/refs/heads/main/epg.xml
频道: [淘Baby（淘Baby）] | 日期: 2026-03-18 | 来源: https://github.com/zzzz0317/beijing-unicom-iptv-playlist/raw/refs/heads/main/epg.xml
频道: [淘Baby（淘Baby）] | 日期: 2026-03-19 | 来源: https://github.com/zzzz0317/beijing-unicom-iptv-playlist/raw/refs/heads/main/epg.xml
频道: [淘Baby（淘Baby）] | 日期: 2026-03-20 | 来源: https://github.com/zzzz0317/beijing-unicom-iptv-playlist/raw/refs/heads/main/epg.xml
频道: [淘Baby（淘Baby）] | 日期: 2026-03-21 | 来源: https://github.com/zzzz0317/beijing-unicom-iptv-playlist/raw/refs/heads/main/epg.xml
频道: [淘Baby（淘Baby）] | 日期: 2026-03-22 | 来源: https://github.com/zzzz0317/beijing-unicom-iptv-playlist/raw/refs/heads/main/epg.xml
频道: [淘剧场（淘剧场）] | 日期: 2026-03-14 | 来源: https://github.com/zzzz0317/beijing-unicom-iptv-playlist/raw/refs/heads/main/epg.xml
频道: [淘剧场（淘剧场）] | 日期: 2026-03-15 | 来源: http://e.erw.cc/all.xml.gz
频道: [淘剧场（淘剧场）] | 日期: 2026-03-16 | 来源: https://github.com/zzzz0317/beijing-unicom-iptv-playlist/raw/refs/heads/main/epg.xml
频道: [淘剧场（淘剧场）] | 日期: 2026-03-17 | 来源: https://github.com/zzzz0317/beijing-unicom-iptv-playlist/raw/refs/heads/main/epg.xml
频道: [淘剧场（淘剧场）] | 日期: 2026-03-18 | 来源: https://github.com/zzzz0317/beijing-unicom-iptv-playlist/raw/refs/heads/main/epg.xml
频道: [淘剧场（淘剧场）] | 日期: 2026-03-19 | 来源: https://github.com/zzzz0317/beijing-unicom-iptv-playlist/raw/refs/heads/main/epg.xml
频道: [淘剧场（淘剧场）] | 日期: 2026-03-20 | 来源: https://github.com/zzzz0317/beijing-unicom-iptv-playlist/raw/refs/heads/main/epg.xml
频道: [淘剧场（淘剧场）] | 日期: 2026-03-21 | 来源: https://github.com/zzzz0317/beijing-unicom-iptv-playlist/raw/refs/heads/main/epg.xml
频道: [淘剧场（淘剧场）] | 日期: 2026-03-22 | 来源: https://github.com/zzzz0317/beijing-unicom-iptv-playlist/raw/refs/heads/main/epg.xml
频道: [淘娱乐（淘娱乐）] | 日期: 2026-03-14 | 来源: https://github.com/zzzz0317/beijing-unicom-iptv-playlist/raw/refs/heads/main/epg.xml
频道: [淘娱乐（淘娱乐）] | 日期: 2026-03-15 | 来源: http://e.erw.cc/all.xml.gz
频道: [淘娱乐（淘娱乐）] | 日期: 2026-03-16 | 来源: https://github.com/zzzz0317/beijing-unicom-iptv-playlist/raw/refs/heads/main/epg.xml
频道: [淘娱乐（淘娱乐）] | 日期: 2026-03-17 | 来源: https://github.com/zzzz0317/beijing-unicom-iptv-playlist/raw/refs/heads/main/epg.xml
频道: [淘娱乐（淘娱乐）] | 日期: 2026-03-18 | 来源: https://github.com/zzzz0317/beijing-unicom-iptv-playlist/raw/refs/heads/main/epg.xml
频道: [淘娱乐（淘娱乐）] | 日期: 2026-03-19 | 来源: https://github.com/zzzz0317/beijing-unicom-iptv-playlist/raw/refs/heads/main/epg.xml
频道: [淘娱乐（淘娱乐）] | 日期: 2026-03-20 | 来源: https://github.com/zzzz0317/beijing-unicom-iptv-playlist/raw/refs/heads/main/epg.xml
频道: [淘电影（淘电影）] | 日期: 2026-03-14 | 来源: https://github.com/zzzz0317/beijing-unicom-iptv-playlist/raw/refs/heads/main/epg.xml
频道: [淘电影（淘电影）] | 日期: 2026-03-15 | 来源: http://e.erw.cc/all.xml.gz
频道: [淘电影（淘电影）] | 日期: 2026-03-16 | 来源: https://github.com/zzzz0317/beijing-unicom-iptv-playlist/raw/refs/heads/main/epg.xml
频道: [淘电影（淘电影）] | 日期: 2026-03-17 | 来源: https://github.com/zzzz0317/beijing-unicom-iptv-playlist/raw/refs/heads/main/epg.xml
频道: [淘电影（淘电影）] | 日期: 2026-03-18 | 来源: https://github.com/zzzz0317/beijing-unicom-iptv-playlist/raw/refs/heads/main/epg.xml
频道: [淘电影（淘电影）] | 日期: 2026-03-19 | 来源: https://github.com/zzzz0317/beijing-unicom-iptv-playlist/raw/refs/heads/main/epg.xml
频道: [淘电影（淘电影）] | 日期: 2026-03-20 | 来源: https://github.com/zzzz0317/beijing-unicom-iptv-playlist/raw/refs/heads/main/epg.xml
频道: [淘电影（淘电影）] | 日期: 2026-03-21 | 来源: https://github.com/zzzz0317/beijing-unicom-iptv-playlist/raw/refs/heads/main/epg.xml
频道: [淘电影（淘电影）] | 日期: 2026-03-22 | 来源: https://github.com/zzzz0317/beijing-unicom-iptv-playlist/raw/refs/heads/main/epg.xml
频道: [淮安公共（淮安公共）] | 日期: 2026-03-14 | 来源: https://epg.136605.xyz/9days.xml
频道: [淮安公共（淮安公共）] | 日期: 2026-03-15 | 来源: https://epg.136605.xyz/9days.xml
频道: [淮安公共（淮安公共）] | 日期: 2026-03-16 | 来源: https://epg.136605.xyz/9days.xml
频道: [淮安公共（淮安公共）] | 日期: 2026-03-17 | 来源: https://epg.136605.xyz/9days.xml
频道: [淮安影视娱乐（淮安影视娱乐）] | 日期: 2026-03-14 | 来源: https://epg.136605.xyz/9days.xml
频道: [淮安影视娱乐（淮安影视娱乐）] | 日期: 2026-03-15 | 来源: https://epg.136605.xyz/9days.xml
频道: [淮安影视娱乐（淮安影视娱乐）] | 日期: 2026-03-16 | 来源: https://epg.136605.xyz/9days.xml
频道: [淮安影视娱乐（淮安影视娱乐）] | 日期: 2026-03-17 | 来源: https://epg.136605.xyz/9days.xml
频道: [淮安新闻综合（淮安新闻综合）] | 日期: 2026-03-14 | 来源: https://epg.136605.xyz/9days.xml
频道: [淮安新闻综合（淮安新闻综合）] | 日期: 2026-03-15 | 来源: https://epg.136605.xyz/9days.xml
频道: [淮安新闻综合（淮安新闻综合）] | 日期: 2026-03-16 | 来源: https://epg.136605.xyz/9days.xml
频道: [淮安新闻综合（淮安新闻综合）] | 日期: 2026-03-17 | 来源: https://epg.136605.xyz/9days.xml
频道: [深圳体育健康（深圳体育健康）] | 日期: 2026-03-15 | 来源: http://e.erw.cc/all.xml.gz
频道: [深圳卫视（深圳卫视）] | 日期: 2026-03-14 | 来源: https://epg.136605.xyz/9days.xml
频道: [深圳卫视（深圳卫视）] | 日期: 2026-03-15 | 来源: https://epg.deny.vip/sh/tel-epg.xml
频道: [深圳卫视（深圳卫视）] | 日期: 2026-03-16 | 来源: https://epg.136605.xyz/9days.xml
频道: [深圳卫视（深圳卫视）] | 日期: 2026-03-17 | 来源: https://epg.136605.xyz/9days.xml
频道: [深圳卫视（深圳卫视）] | 日期: 2026-03-18 | 来源: https://github.com/zzzz0317/beijing-unicom-iptv-playlist/raw/refs/heads/main/epg.xml
频道: [深圳卫视（深圳卫视）] | 日期: 2026-03-19 | 来源: http://epg.cdn.loc.cc/xml
频道: [深圳卫视（深圳卫视）] | 日期: 2026-03-20 | 来源: http://epg.cdn.loc.cc/xml
频道: [深圳卫视4K（深圳卫视4K）] | 日期: 2026-03-15 | 来源: https://liliu.serv00.net/epg/download.php?type=xml
频道: [深圳卫视4K（深圳卫视4K）] | 日期: 2026-03-16 | 来源: https://github.com/litiande03/epg/raw/refs/heads/master/pl.xml.gz
频道: [深圳卫视4K（深圳卫视4K）] | 日期: 2026-03-17 | 来源: https://github.com/litiande03/epg/raw/refs/heads/master/pl.xml.gz
频道: [深圳卫视4K（深圳卫视4K）] | 日期: 2026-03-18 | 来源: https://github.com/litiande03/epg/raw/refs/heads/master/pl.xml.gz
频道: [深圳卫视4K超高清（深圳卫视4K超高清）] | 日期: 2026-03-14 | 来源: https://github.com/zzzz0317/beijing-unicom-iptv-playlist/raw/refs/heads/main/epg.xml
频道: [深圳卫视4K超高清（深圳卫视4K超高清）] | 日期: 2026-03-15 | 来源: https://github.com/zzzz0317/beijing-unicom-iptv-playlist/raw/refs/heads/main/epg.xml
频道: [深圳卫视4K超高清（深圳卫视4K超高清）] | 日期: 2026-03-16 | 来源: https://github.com/zzzz0317/beijing-unicom-iptv-playlist/raw/refs/heads/main/epg.xml
频道: [深圳卫视4K超高清（深圳卫视4K超高清）] | 日期: 2026-03-17 | 来源: https://github.com/zzzz0317/beijing-unicom-iptv-playlist/raw/refs/heads/main/epg.xml
频道: [深圳卫视4K超高清（深圳卫视4K超高清）] | 日期: 2026-03-18 | 来源: https://github.com/zzzz0317/beijing-unicom-iptv-playlist/raw/refs/heads/main/epg.xml
频道: [深圳卫视国际频道（深圳卫视国际频道）] | 日期: 2026-03-14 | 来源: http://epg.cdn.loc.cc/xml
频道: [深圳卫视国际频道（深圳卫视国际频道）] | 日期: 2026-03-15 | 来源: http://epg.cdn.loc.cc/xml
频道: [深圳卫视国际频道（深圳卫视国际频道）] | 日期: 2026-03-16 | 来源: http://epg.cdn.loc.cc/xml
频道: [深圳卫视国际频道（深圳卫视国际频道）] | 日期: 2026-03-17 | 来源: http://epg.cdn.loc.cc/xml
频道: [深圳卫视国际频道（深圳卫视国际频道）] | 日期: 2026-03-18 | 来源: http://epg.cdn.loc.cc/xml
频道: [深圳卫视国际频道（深圳卫视国际频道）] | 日期: 2026-03-19 | 来源: http://epg.cdn.loc.cc/xml
频道: [深圳卫视国际频道（深圳卫视国际频道）] | 日期: 2026-03-20 | 来源: http://epg.cdn.loc.cc/xml
频道: [深圳卫视国际频道（深圳卫视国际频道）] | 日期: 2026-03-21 | 来源: http://epg.cdn.loc.cc/xml
频道: [深圳卫视国际频道（深圳卫视国际频道）] | 日期: 2026-03-22 | 来源: http://epg.cdn.loc.cc/xml
频道: [深圳卫视国际频道（深圳卫视国际频道）] | 日期: 2026-03-23 | 来源: http://epg.cdn.loc.cc/xml
频道: [深圳国际（深圳国际）] | 日期: 2026-03-15 | 来源: http://e.erw.cc/all.xml.gz
频道: [深圳宝安（深圳宝安）] | 日期: 2026-03-14 | 来源: https://github.com/litiande03/epg/raw/refs/heads/master/pl.xml.gz
频道: [深圳宝安（深圳宝安）] | 日期: 2026-03-15 | 来源: https://github.com/litiande03/epg/raw/refs/heads/master/pl.xml.gz
频道: [深圳宝安（深圳宝安）] | 日期: 2026-03-16 | 来源: https://github.com/litiande03/epg/raw/refs/heads/master/pl.xml.gz
频道: [深圳宝安（深圳宝安）] | 日期: 2026-03-17 | 来源: https://github.com/litiande03/epg/raw/refs/heads/master/pl.xml.gz
频道: [深圳宝安（深圳宝安）] | 日期: 2026-03-18 | 来源: https://github.com/litiande03/epg/raw/refs/heads/master/pl.xml.gz
频道: [深圳少儿（深圳少儿）] | 日期: 2026-03-15 | 来源: http://e.erw.cc/all.xml.gz
频道: [深圳少儿（深圳少儿）] | 日期: 2026-03-16 | 来源: https://github.com/litiande03/epg/raw/refs/heads/master/pl.xml.gz
频道: [深圳少儿（深圳少儿）] | 日期: 2026-03-17 | 来源: https://github.com/litiande03/epg/raw/refs/heads/master/pl.xml.gz
频道: [深圳少儿（深圳少儿）] | 日期: 2026-03-18 | 来源: https://github.com/litiande03/epg/raw/refs/heads/master/pl.xml.gz
频道: [深圳电视剧（深圳电视剧）] | 日期: 2026-03-15 | 来源: https://github.com/litiande03/epg/raw/refs/heads/master/pl.xml.gz
频道: [深圳电视剧（深圳电视剧）] | 日期: 2026-03-16 | 来源: https://github.com/litiande03/epg/raw/refs/heads/master/pl.xml.gz
频道: [深圳电视剧（深圳电视剧）] | 日期: 2026-03-17 | 来源: https://github.com/litiande03/epg/raw/refs/heads/master/pl.xml.gz
频道: [深圳电视剧（深圳电视剧）] | 日期: 2026-03-18 | 来源: https://github.com/litiande03/epg/raw/refs/heads/master/pl.xml.gz
频道: [深圳移动（深圳移动）] | 日期: 2026-03-15 | 来源: http://e.erw.cc/all.xml.gz
频道: [深圳财经（深圳财经）] | 日期: 2026-03-15 | 来源: http://e.erw.cc/all.xml.gz
频道: [深圳都市（深圳都市）] | 日期: 2026-03-15 | 来源: https://github.com/litiande03/epg/raw/refs/heads/master/pl.xml.gz
频道: [深圳都市（深圳都市）] | 日期: 2026-03-16 | 来源: https://github.com/litiande03/epg/raw/refs/heads/master/pl.xml.gz
频道: [深圳都市（深圳都市）] | 日期: 2026-03-17 | 来源: https://github.com/litiande03/epg/raw/refs/heads/master/pl.xml.gz
频道: [深圳都市（深圳都市）] | 日期: 2026-03-18 | 来源: https://github.com/litiande03/epg/raw/refs/heads/master/pl.xml.gz
频道: [深圳龙岗（深圳龙岗）] | 日期: 2026-03-14 | 来源: https://github.com/litiande03/epg/raw/refs/heads/master/pl.xml.gz
频道: [深圳龙岗（深圳龙岗）] | 日期: 2026-03-15 | 来源: https://github.com/litiande03/epg/raw/refs/heads/master/pl.xml.gz
频道: [深圳龙岗（深圳龙岗）] | 日期: 2026-03-16 | 来源: https://github.com/litiande03/epg/raw/refs/heads/master/pl.xml.gz
频道: [深圳龙岗（深圳龙岗）] | 日期: 2026-03-17 | 来源: https://github.com/litiande03/epg/raw/refs/heads/master/pl.xml.gz
频道: [深圳龙岗（深圳龙岗）] | 日期: 2026-03-18 | 来源: https://github.com/litiande03/epg/raw/refs/heads/master/pl.xml.gz
频道: [清远新闻综合（清远新闻综合）] | 日期: 2026-03-15 | 来源: https://github.com/litiande03/epg/raw/refs/heads/master/pl.xml.gz
频道: [清远新闻综合（清远新闻综合）] | 日期: 2026-03-16 | 来源: https://github.com/litiande03/epg/raw/refs/heads/master/pl.xml.gz
频道: [清远新闻综合（清远新闻综合）] | 日期: 2026-03-17 | 来源: https://github.com/litiande03/epg/raw/refs/heads/master/pl.xml.gz
频道: [港台电视31（港台电视31）] | 日期: 2026-03-14 | 来源: https://epg.136605.xyz/9days.xml
频道: [港台电视31（港台电视31）] | 日期: 2026-03-15 | 来源: https://epg.136605.xyz/9days.xml
频道: [港台电视31（港台电视31）] | 日期: 2026-03-16 | 来源: https://epg.136605.xyz/9days.xml
频道: [港台电视31（港台电视31）] | 日期: 2026-03-17 | 来源: https://epg.136605.xyz/9days.xml
频道: [港台电视32（港台电视32）] | 日期: 2026-03-14 | 来源: https://epg.136605.xyz/9days.xml
频道: [港台电视32（港台电视32）] | 日期: 2026-03-15 | 来源: https://epg.136605.xyz/9days.xml
频道: [港台电视32（港台电视32）] | 日期: 2026-03-16 | 来源: https://epg.136605.xyz/9days.xml
频道: [港台电视32（港台电视32）] | 日期: 2026-03-17 | 来源: https://epg.136605.xyz/9days.xml
频道: [港台电视33（港台电视33）] | 日期: 2026-03-14 | 来源: https://epg.136605.xyz/9days.xml
频道: [港台电视33（港台电视33）] | 日期: 2026-03-15 | 来源: https://epg.136605.xyz/9days.xml
频道: [港台电视33（港台电视33）] | 日期: 2026-03-16 | 来源: https://epg.136605.xyz/9days.xml
频道: [港台电视33（港台电视33）] | 日期: 2026-03-17 | 来源: https://epg.136605.xyz/9days.xml
频道: [港台电视34（港台电视34）] | 日期: 2026-03-14 | 来源: https://epg.136605.xyz/9days.xml
频道: [港台电视34（港台电视34）] | 日期: 2026-03-15 | 来源: https://epg.136605.xyz/9days.xml
频道: [港台电视34（港台电视34）] | 日期: 2026-03-16 | 来源: https://epg.136605.xyz/9days.xml
频道: [港台电视34（港台电视34）] | 日期: 2026-03-17 | 来源: https://epg.136605.xyz/9days.xml
频道: [港台电视35（港台电视35）] | 日期: 2026-03-14 | 来源: https://epg.136605.xyz/9days.xml
频道: [港台电视35（港台电视35）] | 日期: 2026-03-15 | 来源: https://epg.136605.xyz/9days.xml
频道: [港台电视35（港台电视35）] | 日期: 2026-03-16 | 来源: https://epg.136605.xyz/9days.xml
频道: [港台电视35（港台电视35）] | 日期: 2026-03-17 | 来源: https://epg.136605.xyz/9days.xml
频道: [游戏风云（游戏风云）] | 日期: 2026-03-14 | 来源: https://epg.deny.vip/sh/tel-epg.xml
频道: [游戏风云（游戏风云）] | 日期: 2026-03-15 | 来源: http://epg.51zmt.top:8000/e1.xml.gz
频道: [游戏风云（游戏风云）] | 日期: 2026-03-16 | 来源: https://epg.deny.vip/sh/tel-epg.xml
频道: [湖北公共（湖北公共）] | 日期: 2026-03-15 | 来源: http://epg.51zmt.top:8000/e1.xml.gz
频道: [湖北公共新闻（湖北公共新闻）] | 日期: 2026-03-15 | 来源: http://e.erw.cc/all.xml.gz
频道: [湖北卫视（湖北卫视）] | 日期: 2026-03-14 | 来源: https://epg.136605.xyz/9days.xml
频道: [湖北卫视（湖北卫视）] | 日期: 2026-03-15 | 来源: https://epg.136605.xyz/9days.xml
频道: [湖北卫视（湖北卫视）] | 日期: 2026-03-16 | 来源: https://epg.136605.xyz/9days.xml
频道: [湖北卫视（湖北卫视）] | 日期: 2026-03-17 | 来源: https://github.com/litiande03/epg/raw/refs/heads/master/pl.xml.gz
频道: [湖北卫视（湖北卫视）] | 日期: 2026-03-18 | 来源: https://github.com/zzzz0317/beijing-unicom-iptv-playlist/raw/refs/heads/main/epg.xml
频道: [湖北垄上（湖北垄上）] | 日期: 2026-03-15 | 来源: http://e.erw.cc/all.xml.gz
频道: [湖北影视（湖北影视）] | 日期: 2026-03-15 | 来源: http://epg.51zmt.top:8000/e1.xml.gz
频道: [湖北教育（湖北教育）] | 日期: 2026-03-15 | 来源: http://e.erw.cc/all.xml.gz
频道: [湖北生活（湖北生活）] | 日期: 2026-03-15 | 来源: http://e.erw.cc/all.xml.gz
频道: [湖北经济（湖北经济）] | 日期: 2026-03-15 | 来源: http://epg.51zmt.top:8000/e1.xml.gz
频道: [湖北经视（湖北经视）] | 日期: 2026-03-15 | 来源: http://e.erw.cc/all.xml.gz
频道: [湖北综合（湖北综合）] | 日期: 2026-03-15 | 来源: http://e.erw.cc/all.xml.gz
频道: [湖南卫视（湖南卫视）] | 日期: 2026-03-14 | 来源: https://epg.deny.vip/sh/tel-epg.xml
频道: [湖南卫视（湖南卫视）] | 日期: 2026-03-15 | 来源: https://epg.136605.xyz/9days.xml
频道: [湖南卫视（湖南卫视）] | 日期: 2026-03-16 | 来源: https://epg.136605.xyz/9days.xml
频道: [湖南卫视（湖南卫视）] | 日期: 2026-03-17 | 来源: https://epg.136605.xyz/9days.xml
频道: [湖南卫视（湖南卫视）] | 日期: 2026-03-18 | 来源: https://github.com/zzzz0317/beijing-unicom-iptv-playlist/raw/refs/heads/main/epg.xml
频道: [湖南卫视4K（湖南卫视4K）] | 日期: 2026-03-15 | 来源: https://github.com/litiande03/epg/raw/refs/heads/master/pl.xml.gz
频道: [湖南卫视4K（湖南卫视4K）] | 日期: 2026-03-16 | 来源: https://github.com/litiande03/epg/raw/refs/heads/master/pl.xml.gz
频道: [湖南卫视4K（湖南卫视4K）] | 日期: 2026-03-17 | 来源: https://github.com/litiande03/epg/raw/refs/heads/master/pl.xml.gz
频道: [湖南卫视4K（湖南卫视4K）] | 日期: 2026-03-18 | 来源: https://github.com/litiande03/epg/raw/refs/heads/master/pl.xml.gz
频道: [湖南卫视4K超高清（湖南卫视4K超高清）] | 日期: 2026-03-14 | 来源: https://github.com/zzzz0317/beijing-unicom-iptv-playlist/raw/refs/heads/main/epg.xml
频道: [湖南卫视4K超高清（湖南卫视4K超高清）] | 日期: 2026-03-15 | 来源: https://github.com/zzzz0317/beijing-unicom-iptv-playlist/raw/refs/heads/main/epg.xml
频道: [湖南卫视4K超高清（湖南卫视4K超高清）] | 日期: 2026-03-16 | 来源: https://github.com/zzzz0317/beijing-unicom-iptv-playlist/raw/refs/heads/main/epg.xml
频道: [湖南卫视4K超高清（湖南卫视4K超高清）] | 日期: 2026-03-17 | 来源: https://github.com/zzzz0317/beijing-unicom-iptv-playlist/raw/refs/heads/main/epg.xml
频道: [湖南卫视4K超高清（湖南卫视4K超高清）] | 日期: 2026-03-18 | 来源: https://github.com/zzzz0317/beijing-unicom-iptv-playlist/raw/refs/heads/main/epg.xml
频道: [湖南国际（湖南国际）] | 日期: 2026-03-15 | 来源: http://e.erw.cc/all.xml.gz
频道: [湖南娱乐（湖南娱乐）] | 日期: 2026-03-15 | 来源: http://e.erw.cc/all.xml.gz
频道: [湖南爱晚（湖南爱晚）] | 日期: 2026-03-15 | 来源: http://e.erw.cc/all.xml.gz
频道: [湖南电影（湖南电影）] | 日期: 2026-03-15 | 来源: http://e.erw.cc/all.xml.gz
频道: [湖南电视剧（湖南电视剧）] | 日期: 2026-03-15 | 来源: http://epg.51zmt.top:8000/e1.xml.gz
频道: [湖南电视台国际频道（湖南电视台国际频道）] | 日期: 2026-03-14 | 来源: http://epg.cdn.loc.cc/xml
频道: [湖南电视台国际频道（湖南电视台国际频道）] | 日期: 2026-03-15 | 来源: http://epg.cdn.loc.cc/xml
频道: [湖南电视台国际频道（湖南电视台国际频道）] | 日期: 2026-03-16 | 来源: http://epg.cdn.loc.cc/xml
频道: [湖南电视台国际频道（湖南电视台国际频道）] | 日期: 2026-03-17 | 来源: http://epg.cdn.loc.cc/xml
频道: [湖南电视台国际频道（湖南电视台国际频道）] | 日期: 2026-03-18 | 来源: http://epg.cdn.loc.cc/xml
频道: [湖南电视台国际频道（湖南电视台国际频道）] | 日期: 2026-03-19 | 来源: http://epg.cdn.loc.cc/xml
频道: [湖南电视台国际频道（湖南电视台国际频道）] | 日期: 2026-03-20 | 来源: http://epg.cdn.loc.cc/xml
频道: [湖南电视台国际频道（湖南电视台国际频道）] | 日期: 2026-03-21 | 来源: http://epg.cdn.loc.cc/xml
频道: [湖南电视台国际频道（湖南电视台国际频道）] | 日期: 2026-03-22 | 来源: http://epg.cdn.loc.cc/xml
频道: [湖南电视台国际频道（湖南电视台国际频道）] | 日期: 2026-03-23 | 来源: http://epg.cdn.loc.cc/xml
频道: [湖南经视（湖南经视）] | 日期: 2026-03-15 | 来源: http://e.erw.cc/all.xml.gz
频道: [湖南都市（湖南都市）] | 日期: 2026-03-15 | 来源: http://e.erw.cc/all.xml.gz
频道: [滚动力rollor（滚动力rollor）] | 日期: 2026-03-15 | 来源: https://github.com/litiande03/epg/raw/refs/heads/master/pl.xml.gz
频道: [滚动力rollor（滚动力rollor）] | 日期: 2026-03-16 | 来源: https://github.com/litiande03/epg/raw/refs/heads/master/pl.xml.gz
频道: [滚动力rollor（滚动力rollor）] | 日期: 2026-03-17 | 来源: https://github.com/litiande03/epg/raw/refs/heads/master/pl.xml.gz
频道: [滨海新闻（滨海新闻）] | 日期: 2026-03-15 | 来源: https://liliu.serv00.net/epg/download.php?type=xml
频道: [滨海新闻（滨海新闻）] | 日期: 2026-03-16 | 来源: https://liliu.serv00.net/epg/download.php?type=xml
频道: [滨海综艺（滨海综艺）] | 日期: 2026-03-15 | 来源: https://liliu.serv00.net/epg/download.php?type=xml
频道: [滨海综艺（滨海综艺）] | 日期: 2026-03-16 | 来源: https://liliu.serv00.net/epg/download.php?type=xml
频道: [潮妈辣婆（潮妈辣婆）] | 日期: 2026-03-14 | 来源: https://epg.136605.xyz/9days.xml
频道: [潮妈辣婆（潮妈辣婆）] | 日期: 2026-03-15 | 来源: http://e.erw.cc/all.xml.gz
频道: [潮妈辣婆（潮妈辣婆）] | 日期: 2026-03-16 | 来源: https://epg.136605.xyz/9days.xml
频道: [潮妈辣婆（潮妈辣婆）] | 日期: 2026-03-17 | 来源: https://epg.136605.xyz/9days.xml
频道: [潮妈辣婆（潮妈辣婆）] | 日期: 2026-03-18 | 来源: https://epg.136605.xyz/9days.xml
频道: [潮州民生（潮州民生）] | 日期: 2026-03-15 | 来源: https://github.com/litiande03/epg/raw/refs/heads/master/pl.xml.gz
频道: [潮州民生（潮州民生）] | 日期: 2026-03-16 | 来源: https://github.com/litiande03/epg/raw/refs/heads/master/pl.xml.gz
频道: [潮州民生（潮州民生）] | 日期: 2026-03-17 | 来源: https://github.com/litiande03/epg/raw/refs/heads/master/pl.xml.gz
频道: [潮州综合（潮州综合）] | 日期: 2026-03-15 | 来源: https://github.com/litiande03/epg/raw/refs/heads/master/pl.xml.gz
频道: [潮州综合（潮州综合）] | 日期: 2026-03-16 | 来源: https://github.com/litiande03/epg/raw/refs/heads/master/pl.xml.gz
频道: [潮州综合（潮州综合）] | 日期: 2026-03-17 | 来源: https://github.com/litiande03/epg/raw/refs/heads/master/pl.xml.gz
频道: [澳视澳门（澳视澳门）] | 日期: 2026-03-14 | 来源: https://github.com/litiande03/epg/raw/refs/heads/master/pl.xml.gz
频道: [澳视澳门（澳视澳门）] | 日期: 2026-03-15 | 来源: https://github.com/litiande03/epg/raw/refs/heads/master/pl.xml.gz
频道: [澳视澳门（澳视澳门）] | 日期: 2026-03-16 | 来源: https://github.com/litiande03/epg/raw/refs/heads/master/pl.xml.gz
频道: [澳视澳门（澳视澳门）] | 日期: 2026-03-17 | 来源: https://github.com/litiande03/epg/raw/refs/heads/master/pl.xml.gz
频道: [澳视澳门（澳视澳门）] | 日期: 2026-03-18 | 来源: https://github.com/litiande03/epg/raw/refs/heads/master/pl.xml.gz
频道: [澳视葡文（澳视葡文）] | 日期: 2026-03-14 | 来源: https://github.com/litiande03/epg/raw/refs/heads/master/pl.xml.gz
频道: [澳视葡文（澳视葡文）] | 日期: 2026-03-15 | 来源: https://github.com/litiande03/epg/raw/refs/heads/master/pl.xml.gz
频道: [澳视葡文（澳视葡文）] | 日期: 2026-03-16 | 来源: https://github.com/litiande03/epg/raw/refs/heads/master/pl.xml.gz
频道: [澳视葡文（澳视葡文）] | 日期: 2026-03-17 | 来源: https://github.com/litiande03/epg/raw/refs/heads/master/pl.xml.gz
频道: [澳门-Macau（澳门-Macau）] | 日期: 2026-03-14 | 来源: https://github.com/litiande03/epg/raw/refs/heads/master/pl.xml.gz
频道: [澳门-Macau（澳门-Macau）] | 日期: 2026-03-15 | 来源: https://github.com/litiande03/epg/raw/refs/heads/master/pl.xml.gz
频道: [澳门-Macau（澳门-Macau）] | 日期: 2026-03-16 | 来源: https://github.com/litiande03/epg/raw/refs/heads/master/pl.xml.gz
频道: [澳门-Macau（澳门-Macau）] | 日期: 2026-03-17 | 来源: https://github.com/litiande03/epg/raw/refs/heads/master/pl.xml.gz
频道: [澳门体育（澳门体育）] | 日期: 2026-03-14 | 来源: https://github.com/litiande03/epg/raw/refs/heads/master/pl.xml.gz
频道: [澳门体育（澳门体育）] | 日期: 2026-03-15 | 来源: https://github.com/litiande03/epg/raw/refs/heads/master/pl.xml.gz
频道: [澳门体育（澳门体育）] | 日期: 2026-03-16 | 来源: https://github.com/litiande03/epg/raw/refs/heads/master/pl.xml.gz
频道: [澳门体育（澳门体育）] | 日期: 2026-03-17 | 来源: https://github.com/litiande03/epg/raw/refs/heads/master/pl.xml.gz
频道: [澳门体育（澳门体育）] | 日期: 2026-03-18 | 来源: https://github.com/litiande03/epg/raw/refs/heads/master/pl.xml.gz
频道: [澳门综艺（澳门综艺）] | 日期: 2026-03-14 | 来源: https://github.com/litiande03/epg/raw/refs/heads/master/pl.xml.gz
频道: [澳门综艺（澳门综艺）] | 日期: 2026-03-15 | 来源: https://github.com/litiande03/epg/raw/refs/heads/master/pl.xml.gz
频道: [澳门综艺（澳门综艺）] | 日期: 2026-03-16 | 来源: https://github.com/litiande03/epg/raw/refs/heads/master/pl.xml.gz
频道: [澳门综艺（澳门综艺）] | 日期: 2026-03-17 | 来源: https://github.com/litiande03/epg/raw/refs/heads/master/pl.xml.gz
频道: [澳门综艺（澳门综艺）] | 日期: 2026-03-18 | 来源: https://github.com/litiande03/epg/raw/refs/heads/master/pl.xml.gz
频道: [澳门资讯（澳门资讯）] | 日期: 2026-03-14 | 来源: https://github.com/litiande03/epg/raw/refs/heads/master/pl.xml.gz
频道: [澳门资讯（澳门资讯）] | 日期: 2026-03-15 | 来源: https://github.com/litiande03/epg/raw/refs/heads/master/pl.xml.gz
频道: [澳门资讯（澳门资讯）] | 日期: 2026-03-16 | 来源: https://github.com/litiande03/epg/raw/refs/heads/master/pl.xml.gz
频道: [澳门资讯（澳门资讯）] | 日期: 2026-03-17 | 来源: https://github.com/litiande03/epg/raw/refs/heads/master/pl.xml.gz
频道: [澳门资讯（澳门资讯）] | 日期: 2026-03-18 | 来源: https://github.com/litiande03/epg/raw/refs/heads/master/pl.xml.gz
频道: [炫舞未来（炫舞未来）] | 日期: 2026-03-14 | 来源: https://epg.136605.xyz/9days.xml
频道: [炫舞未来（炫舞未来）] | 日期: 2026-03-15 | 来源: http://e.erw.cc/all.xml.gz
频道: [炫舞未来（炫舞未来）] | 日期: 2026-03-16 | 来源: https://epg.136605.xyz/9days.xml
频道: [炫舞未来（炫舞未来）] | 日期: 2026-03-17 | 来源: https://epg.136605.xyz/9days.xml
频道: [热播剧场（热播剧场）] | 日期: 2026-03-15 | 来源: https://github.com/zzzz0317/beijing-unicom-iptv-playlist/raw/refs/heads/main/epg.xml
频道: [热播剧场（热播剧场）] | 日期: 2026-03-16 | 来源: https://github.com/litiande03/epg/raw/refs/heads/master/pl.xml.gz
频道: [热播剧场（热播剧场）] | 日期: 2026-03-17 | 来源: https://github.com/zzzz0317/beijing-unicom-iptv-playlist/raw/refs/heads/main/epg.xml
频道: [热播精选（热播精选）] | 日期: 2026-03-14 | 来源: https://epg.136605.xyz/9days.xml
频道: [热播精选（热播精选）] | 日期: 2026-03-15 | 来源: http://e.erw.cc/all.xml.gz
频道: [热播精选（热播精选）] | 日期: 2026-03-16 | 来源: https://epg.136605.xyz/9days.xml
频道: [热播精选（热播精选）] | 日期: 2026-03-17 | 来源: https://epg.136605.xyz/9days.xml
频道: [热门剧场专区（热门剧场专区）] | 日期: 2026-03-15 | 来源: https://github.com/mytv-android/SCTV_EPG/raw/refs/heads/main/epg.xml
频道: [热门综艺高清专区（热门综艺高清专区）] | 日期: 2026-03-15 | 来源: https://github.com/mytv-android/SCTV_EPG/raw/refs/heads/main/epg.xml
频道: [烽烟剧场（烽烟剧场）] | 日期: 2026-03-15 | 来源: http://e.erw.cc/all.xml.gz
频道: [熊猫TV（熊猫TV）] | 日期: 2026-03-14 | 来源: https://epg.136605.xyz/9days.xml
频道: [熊猫TV（熊猫TV）] | 日期: 2026-03-15 | 来源: https://epg.136605.xyz/9days.xml
频道: [熊猫TV（熊猫TV）] | 日期: 2026-03-16 | 来源: https://epg.136605.xyz/9days.xml
频道: [熊猫TV（熊猫TV）] | 日期: 2026-03-17 | 来源: https://epg.136605.xyz/9days.xml
频道: [熊猫TV（熊猫TV）] | 日期: 2026-03-18 | 来源: http://epg.cdn.loc.cc/xml
频道: [熊猫TV（熊猫TV）] | 日期: 2026-03-19 | 来源: http://epg.cdn.loc.cc/xml
频道: [熊猫TV（熊猫TV）] | 日期: 2026-03-20 | 来源: http://epg.cdn.loc.cc/xml
频道: [熊猫TV（熊猫TV）] | 日期: 2026-03-21 | 来源: http://epg.cdn.loc.cc/xml
频道: [爱上4K（爱上4K）] | 日期: 2026-03-15 | 来源: https://github.com/zzzz0317/beijing-unicom-iptv-playlist/raw/refs/heads/main/epg.xml
频道: [爱上4K（爱上4K）] | 日期: 2026-03-16 | 来源: https://github.com/zzzz0317/beijing-unicom-iptv-playlist/raw/refs/heads/main/epg.xml
频道: [爱上4K（爱上4K）] | 日期: 2026-03-17 | 来源: https://github.com/zzzz0317/beijing-unicom-iptv-playlist/raw/refs/heads/main/epg.xml
频道: [爱体育（爱体育）] | 日期: 2026-03-15 | 来源: https://liliu.serv00.net/epg/download.php?type=xml
频道: [爱体育（爱体育）] | 日期: 2026-03-16 | 来源: https://liliu.serv00.net/epg/download.php?type=xml
频道: [爱大剧（爱大剧）] | 日期: 2026-03-15 | 来源: https://liliu.serv00.net/epg/download.php?type=xml
频道: [爱大剧（爱大剧）] | 日期: 2026-03-16 | 来源: https://github.com/litiande03/epg/raw/refs/heads/master/pl.xml.gz
频道: [爱尔达体育1台（爱尔达体育1台）] | 日期: 2026-03-14 | 来源: http://epg.cdn.loc.cc/xml
频道: [爱尔达体育1台（爱尔达体育1台）] | 日期: 2026-03-15 | 来源: http://epg.cdn.loc.cc/xml
频道: [爱尔达体育1台（爱尔达体育1台）] | 日期: 2026-03-16 | 来源: http://epg.cdn.loc.cc/xml
频道: [爱尔达体育1台（爱尔达体育1台）] | 日期: 2026-03-17 | 来源: http://epg.cdn.loc.cc/xml
频道: [爱尔达体育1台（爱尔达体育1台）] | 日期: 2026-03-18 | 来源: http://epg.cdn.loc.cc/xml
频道: [爱尔达体育1台（爱尔达体育1台）] | 日期: 2026-03-19 | 来源: http://epg.cdn.loc.cc/xml
频道: [爱尔达体育1台（爱尔达体育1台）] | 日期: 2026-03-20 | 来源: http://epg.cdn.loc.cc/xml
频道: [爱尔达体育1台（爱尔达体育1台）] | 日期: 2026-03-21 | 来源: http://epg.cdn.loc.cc/xml
频道: [爱尔达体育2台（爱尔达体育2台）] | 日期: 2026-03-14 | 来源: http://epg.cdn.loc.cc/xml
频道: [爱尔达体育2台（爱尔达体育2台）] | 日期: 2026-03-15 | 来源: http://epg.cdn.loc.cc/xml
频道: [爱尔达体育2台（爱尔达体育2台）] | 日期: 2026-03-16 | 来源: http://epg.cdn.loc.cc/xml
频道: [爱尔达体育2台（爱尔达体育2台）] | 日期: 2026-03-17 | 来源: http://epg.cdn.loc.cc/xml
频道: [爱尔达体育2台（爱尔达体育2台）] | 日期: 2026-03-18 | 来源: http://epg.cdn.loc.cc/xml
频道: [爱尔达体育2台（爱尔达体育2台）] | 日期: 2026-03-19 | 来源: http://epg.cdn.loc.cc/xml
频道: [爱尔达体育2台（爱尔达体育2台）] | 日期: 2026-03-20 | 来源: http://epg.cdn.loc.cc/xml
频道: [爱尔达体育2台（爱尔达体育2台）] | 日期: 2026-03-21 | 来源: http://epg.cdn.loc.cc/xml
频道: [爱尔达体育3台（爱尔达体育3台）] | 日期: 2026-03-15 | 来源: http://epg.cdn.loc.cc/xml
频道: [爱尔达体育3台（爱尔达体育3台）] | 日期: 2026-03-16 | 来源: http://epg.cdn.loc.cc/xml
频道: [爱尔达体育3台（爱尔达体育3台）] | 日期: 2026-03-17 | 来源: http://epg.cdn.loc.cc/xml
频道: [爱尔达体育3台（爱尔达体育3台）] | 日期: 2026-03-18 | 来源: http://epg.cdn.loc.cc/xml
频道: [爱尔达体育3台（爱尔达体育3台）] | 日期: 2026-03-19 | 来源: http://epg.cdn.loc.cc/xml
频道: [爱尔达体育3台（爱尔达体育3台）] | 日期: 2026-03-20 | 来源: http://epg.cdn.loc.cc/xml
频道: [爱尔达体育3台（爱尔达体育3台）] | 日期: 2026-03-21 | 来源: http://epg.cdn.loc.cc/xml
频道: [爱尔达体育4台（爱尔达体育4台）] | 日期: 2026-03-14 | 来源: http://epg.cdn.loc.cc/xml
频道: [爱尔达体育4台（爱尔达体育4台）] | 日期: 2026-03-15 | 来源: http://epg.cdn.loc.cc/xml
频道: [爱尔达体育4台（爱尔达体育4台）] | 日期: 2026-03-16 | 来源: http://epg.cdn.loc.cc/xml
频道: [爱尔达体育4台（爱尔达体育4台）] | 日期: 2026-03-17 | 来源: http://epg.cdn.loc.cc/xml
频道: [爱尔达体育4台（爱尔达体育4台）] | 日期: 2026-03-18 | 来源: http://epg.cdn.loc.cc/xml
频道: [爱尔达体育4台（爱尔达体育4台）] | 日期: 2026-03-19 | 来源: http://epg.cdn.loc.cc/xml
频道: [爱尔达体育4台（爱尔达体育4台）] | 日期: 2026-03-20 | 来源: http://epg.cdn.loc.cc/xml
频道: [爱尔达体育4台（爱尔达体育4台）] | 日期: 2026-03-21 | 来源: http://epg.cdn.loc.cc/xml
频道: [爱尔达体育MAX1台（爱尔达体育MAX1台）] | 日期: 2026-03-14 | 来源: http://epg.cdn.loc.cc/xml
频道: [爱尔达体育MAX1台（爱尔达体育MAX1台）] | 日期: 2026-03-15 | 来源: http://epg.cdn.loc.cc/xml
频道: [爱尔达体育MAX1台（爱尔达体育MAX1台）] | 日期: 2026-03-16 | 来源: http://epg.cdn.loc.cc/xml
频道: [爱尔达体育MAX1台（爱尔达体育MAX1台）] | 日期: 2026-03-17 | 来源: http://epg.cdn.loc.cc/xml
频道: [爱尔达体育MAX1台（爱尔达体育MAX1台）] | 日期: 2026-03-18 | 来源: http://epg.cdn.loc.cc/xml
频道: [爱尔达体育MAX1台（爱尔达体育MAX1台）] | 日期: 2026-03-19 | 来源: http://epg.cdn.loc.cc/xml
频道: [爱尔达体育MAX1台（爱尔达体育MAX1台）] | 日期: 2026-03-20 | 来源: http://epg.cdn.loc.cc/xml
频道: [爱尔达体育MAX1台（爱尔达体育MAX1台）] | 日期: 2026-03-21 | 来源: http://epg.cdn.loc.cc/xml
频道: [爱尔达体育MAX2台（爱尔达体育MAX2台）] | 日期: 2026-03-14 | 来源: http://epg.cdn.loc.cc/xml
频道: [爱尔达体育MAX2台（爱尔达体育MAX2台）] | 日期: 2026-03-15 | 来源: http://epg.cdn.loc.cc/xml
频道: [爱尔达体育MAX2台（爱尔达体育MAX2台）] | 日期: 2026-03-16 | 来源: http://epg.cdn.loc.cc/xml
频道: [爱尔达体育MAX2台（爱尔达体育MAX2台）] | 日期: 2026-03-17 | 来源: http://epg.cdn.loc.cc/xml
频道: [爱尔达体育MAX2台（爱尔达体育MAX2台）] | 日期: 2026-03-18 | 来源: http://epg.cdn.loc.cc/xml
频道: [爱尔达体育MAX2台（爱尔达体育MAX2台）] | 日期: 2026-03-19 | 来源: http://epg.cdn.loc.cc/xml
频道: [爱尔达体育MAX2台（爱尔达体育MAX2台）] | 日期: 2026-03-20 | 来源: http://epg.cdn.loc.cc/xml
频道: [爱尔达体育MAX2台（爱尔达体育MAX2台）] | 日期: 2026-03-21 | 来源: http://epg.cdn.loc.cc/xml
频道: [爱尔达体育MAX3台（爱尔达体育MAX3台）] | 日期: 2026-03-14 | 来源: http://epg.cdn.loc.cc/xml
频道: [爱尔达体育MAX3台（爱尔达体育MAX3台）] | 日期: 2026-03-15 | 来源: http://epg.cdn.loc.cc/xml
频道: [爱尔达体育MAX3台（爱尔达体育MAX3台）] | 日期: 2026-03-16 | 来源: http://epg.cdn.loc.cc/xml
频道: [爱尔达体育MAX3台（爱尔达体育MAX3台）] | 日期: 2026-03-17 | 来源: http://epg.cdn.loc.cc/xml
频道: [爱尔达体育MAX3台（爱尔达体育MAX3台）] | 日期: 2026-03-18 | 来源: http://epg.cdn.loc.cc/xml
频道: [爱尔达体育MAX3台（爱尔达体育MAX3台）] | 日期: 2026-03-19 | 来源: http://epg.cdn.loc.cc/xml
频道: [爱尔达体育MAX3台（爱尔达体育MAX3台）] | 日期: 2026-03-20 | 来源: http://epg.cdn.loc.cc/xml
频道: [爱尔达体育MAX3台（爱尔达体育MAX3台）] | 日期: 2026-03-21 | 来源: http://epg.cdn.loc.cc/xml
频道: [爱尔达体育MAX4台（爱尔达体育MAX4台）] | 日期: 2026-03-14 | 来源: http://epg.cdn.loc.cc/xml
频道: [爱尔达体育MAX4台（爱尔达体育MAX4台）] | 日期: 2026-03-15 | 来源: http://epg.cdn.loc.cc/xml
频道: [爱尔达体育MAX4台（爱尔达体育MAX4台）] | 日期: 2026-03-16 | 来源: http://epg.cdn.loc.cc/xml
频道: [爱尔达体育MAX4台（爱尔达体育MAX4台）] | 日期: 2026-03-17 | 来源: http://epg.cdn.loc.cc/xml
频道: [爱尔达体育MAX4台（爱尔达体育MAX4台）] | 日期: 2026-03-18 | 来源: http://epg.cdn.loc.cc/xml
频道: [爱尔达体育MAX4台（爱尔达体育MAX4台）] | 日期: 2026-03-19 | 来源: http://epg.cdn.loc.cc/xml
频道: [爱尔达体育MAX4台（爱尔达体育MAX4台）] | 日期: 2026-03-20 | 来源: http://epg.cdn.loc.cc/xml
频道: [爱尔达体育MAX4台（爱尔达体育MAX4台）] | 日期: 2026-03-21 | 来源: http://epg.cdn.loc.cc/xml
频道: [爱尔达娱乐（爱尔达娱乐）] | 日期: 2026-03-15 | 来源: https://github.com/litiande03/epg/raw/refs/heads/master/pl.xml.gz
频道: [爱尔达娱乐（爱尔达娱乐）] | 日期: 2026-03-16 | 来源: https://github.com/litiande03/epg/raw/refs/heads/master/pl.xml.gz
频道: [爱尔达娱乐（爱尔达娱乐）] | 日期: 2026-03-17 | 来源: https://github.com/litiande03/epg/raw/refs/heads/master/pl.xml.gz
频道: [爱尔达娱乐台（爱尔达娱乐台）] | 日期: 2026-03-14 | 来源: https://epg.136605.xyz/9days.xml
频道: [爱尔达娱乐台（爱尔达娱乐台）] | 日期: 2026-03-15 | 来源: https://epg.136605.xyz/9days.xml
频道: [爱尔达娱乐台（爱尔达娱乐台）] | 日期: 2026-03-16 | 来源: https://epg.136605.xyz/9days.xml
频道: [爱尔达娱乐台（爱尔达娱乐台）] | 日期: 2026-03-17 | 来源: https://epg.136605.xyz/9days.xml
频道: [爱尔达娱乐台（爱尔达娱乐台）] | 日期: 2026-03-18 | 来源: http://epg.cdn.loc.cc/xml
频道: [爱尔达娱乐台（爱尔达娱乐台）] | 日期: 2026-03-19 | 来源: http://epg.cdn.loc.cc/xml
频道: [爱尔达娱乐台（爱尔达娱乐台）] | 日期: 2026-03-20 | 来源: http://epg.cdn.loc.cc/xml
频道: [爱尔达娱乐台（爱尔达娱乐台）] | 日期: 2026-03-21 | 来源: http://epg.cdn.loc.cc/xml
频道: [爱尔达影剧台（爱尔达影剧台）] | 日期: 2026-03-15 | 来源: http://epg.cdn.loc.cc/xml
频道: [爱尔达影剧台（爱尔达影剧台）] | 日期: 2026-03-16 | 来源: http://epg.cdn.loc.cc/xml
频道: [爱尔达影剧台（爱尔达影剧台）] | 日期: 2026-03-17 | 来源: http://epg.cdn.loc.cc/xml
频道: [爱尔达影剧台（爱尔达影剧台）] | 日期: 2026-03-18 | 来源: http://epg.cdn.loc.cc/xml
频道: [爱尔达影剧台（爱尔达影剧台）] | 日期: 2026-03-19 | 来源: http://epg.cdn.loc.cc/xml
频道: [爱尔达影剧台（爱尔达影剧台）] | 日期: 2026-03-20 | 来源: http://epg.cdn.loc.cc/xml
频道: [爱尔达影剧台（爱尔达影剧台）] | 日期: 2026-03-21 | 来源: http://epg.cdn.loc.cc/xml
频道: [爱尔达日韩台（爱尔达日韩台）] | 日期: 2026-03-15 | 来源: http://epg.cdn.loc.cc/xml
频道: [爱尔达日韩台（爱尔达日韩台）] | 日期: 2026-03-16 | 来源: http://epg.cdn.loc.cc/xml
频道: [爱尔达日韩台（爱尔达日韩台）] | 日期: 2026-03-17 | 来源: http://epg.cdn.loc.cc/xml
频道: [爱尔达日韩台（爱尔达日韩台）] | 日期: 2026-03-18 | 来源: http://epg.cdn.loc.cc/xml
频道: [爱尔达日韩台（爱尔达日韩台）] | 日期: 2026-03-19 | 来源: http://epg.cdn.loc.cc/xml
频道: [爱尔达日韩台（爱尔达日韩台）] | 日期: 2026-03-20 | 来源: http://epg.cdn.loc.cc/xml
频道: [爱尔达日韩台（爱尔达日韩台）] | 日期: 2026-03-21 | 来源: http://epg.cdn.loc.cc/xml
频道: [爱尔达生活旅游台（爱尔达生活旅游台）] | 日期: 2026-03-14 | 来源: https://epg.136605.xyz/9days.xml
频道: [爱尔达生活旅游台（爱尔达生活旅游台）] | 日期: 2026-03-15 | 来源: https://epg.136605.xyz/9days.xml
频道: [爱尔达生活旅游台（爱尔达生活旅游台）] | 日期: 2026-03-16 | 来源: https://epg.136605.xyz/9days.xml
频道: [爱尔达生活旅游台（爱尔达生活旅游台）] | 日期: 2026-03-17 | 来源: https://epg.136605.xyz/9days.xml
频道: [爱尔达生活旅游台（爱尔达生活旅游台）] | 日期: 2026-03-18 | 来源: https://github.com/litiande03/epg/raw/refs/heads/master/pl.xml.gz
频道: [爱尔达综合台（爱尔达综合台）] | 日期: 2026-03-15 | 来源: http://epg.cdn.loc.cc/xml
频道: [爱尔达综合台（爱尔达综合台）] | 日期: 2026-03-16 | 来源: http://epg.cdn.loc.cc/xml
频道: [爱尔达综合台（爱尔达综合台）] | 日期: 2026-03-17 | 来源: http://epg.cdn.loc.cc/xml
频道: [爱尔达综合台（爱尔达综合台）] | 日期: 2026-03-18 | 来源: http://epg.cdn.loc.cc/xml
频道: [爱尔达综合台（爱尔达综合台）] | 日期: 2026-03-19 | 来源: http://epg.cdn.loc.cc/xml
频道: [爱尔达综合台（爱尔达综合台）] | 日期: 2026-03-20 | 来源: http://epg.cdn.loc.cc/xml
频道: [爱尔达综合台（爱尔达综合台）] | 日期: 2026-03-21 | 来源: http://epg.cdn.loc.cc/xml
频道: [爱情喜剧（爱情喜剧）] | 日期: 2026-03-14 | 来源: https://epg.136605.xyz/9days.xml
频道: [爱情喜剧（爱情喜剧）] | 日期: 2026-03-15 | 来源: http://e.erw.cc/all.xml.gz
频道: [爱情喜剧（爱情喜剧）] | 日期: 2026-03-16 | 来源: https://epg.136605.xyz/9days.xml
频道: [爱情喜剧（爱情喜剧）] | 日期: 2026-03-17 | 来源: https://epg.136605.xyz/9days.xml
频道: [爱生活（爱生活）] | 日期: 2026-03-15 | 来源: https://github.com/zzzz0317/beijing-unicom-iptv-playlist/raw/refs/heads/main/epg.xml
频道: [爱生活（爱生活）] | 日期: 2026-03-16 | 来源: https://github.com/zzzz0317/beijing-unicom-iptv-playlist/raw/refs/heads/main/epg.xml
频道: [爱生活（爱生活）] | 日期: 2026-03-17 | 来源: https://github.com/zzzz0317/beijing-unicom-iptv-playlist/raw/refs/heads/main/epg.xml
频道: [爱电影（爱电影）] | 日期: 2026-03-15 | 来源: https://liliu.serv00.net/epg/download.php?type=xml
频道: [爱电影（爱电影）] | 日期: 2026-03-16 | 来源: https://github.com/litiande03/epg/raw/refs/heads/master/pl.xml.gz
频道: [爱看导视（爱看导视）] | 日期: 2026-03-15 | 来源: http://e.erw.cc/all.xml.gz
频道: [爱综艺（爱综艺）] | 日期: 2026-03-15 | 来源: https://liliu.serv00.net/epg/download.php?type=xml
频道: [爱综艺（爱综艺）] | 日期: 2026-03-16 | 来源: https://github.com/litiande03/epg/raw/refs/heads/master/pl.xml.gz
频道: [猪哥亮歌厅秀（猪哥亮歌厅秀）] | 日期: 2026-03-15 | 来源: http://epg.cdn.loc.cc/xml
频道: [猪哥亮歌厅秀（猪哥亮歌厅秀）] | 日期: 2026-03-16 | 来源: http://epg.cdn.loc.cc/xml
频道: [猪哥亮歌厅秀（猪哥亮歌厅秀）] | 日期: 2026-03-17 | 来源: http://epg.cdn.loc.cc/xml
频道: [猪哥亮歌厅秀（猪哥亮歌厅秀）] | 日期: 2026-03-18 | 来源: http://epg.cdn.loc.cc/xml
频道: [猪哥亮歌厅秀（猪哥亮歌厅秀）] | 日期: 2026-03-19 | 来源: http://epg.cdn.loc.cc/xml
频道: [猪哥亮歌厅秀（猪哥亮歌厅秀）] | 日期: 2026-03-20 | 来源: http://epg.cdn.loc.cc/xml
频道: [猪哥亮歌厅秀（猪哥亮歌厅秀）] | 日期: 2026-03-21 | 来源: http://epg.cdn.loc.cc/xml
频道: [环球奇观（环球奇观）] | 日期: 2026-03-14 | 来源: https://epg.136605.xyz/9days.xml
频道: [环球奇观（环球奇观）] | 日期: 2026-03-15 | 来源: http://e.erw.cc/all.xml.gz
频道: [环球奇观（环球奇观）] | 日期: 2026-03-16 | 来源: https://epg.136605.xyz/9days.xml
频道: [环球旅游（环球旅游）] | 日期: 2026-03-14 | 来源: https://github.com/plsy1/epg/raw/refs/heads/main/e/seven-days.xml.gz
频道: [环球旅游（环球旅游）] | 日期: 2026-03-15 | 来源: http://epg.51zmt.top:8000/e1.xml.gz
频道: [环球旅游（环球旅游）] | 日期: 2026-03-16 | 来源: https://github.com/mytv-android/SCTV_EPG/raw/refs/heads/main/epg.xml
频道: [环球经典（环球经典）] | 日期: 2026-03-15 | 来源: http://e.erw.cc/all.xml.gz
频道: [现代女性（现代女性）] | 日期: 2026-03-15 | 来源: http://e.erw.cc/all.xml.gz
频道: [现代教育（现代教育）] | 日期: 2026-03-15 | 来源: https://liliu.serv00.net/epg/download.php?type=xml
频道: [现代教育（现代教育）] | 日期: 2026-03-16 | 来源: https://github.com/litiande03/epg/raw/refs/heads/master/pl.xml.gz
频道: [现代教育（现代教育）] | 日期: 2026-03-17 | 来源: https://github.com/litiande03/epg/raw/refs/heads/master/pl.xml.gz
频道: [现代教育（现代教育）] | 日期: 2026-03-18 | 来源: https://github.com/litiande03/epg/raw/refs/heads/master/pl.xml.gz
频道: [珠海（珠海）] | 日期: 2026-03-15 | 来源: https://github.com/litiande03/epg/raw/refs/heads/master/pl.xml.gz
频道: [珠海（珠海）] | 日期: 2026-03-16 | 来源: https://github.com/litiande03/epg/raw/refs/heads/master/pl.xml.gz
频道: [珠海（珠海）] | 日期: 2026-03-17 | 来源: https://github.com/litiande03/epg/raw/refs/heads/master/pl.xml.gz
频道: [甘肃公共（甘肃公共）] | 日期: 2026-03-15 | 来源: http://epg.51zmt.top:8000/e1.xml.gz
频道: [甘肃公共应急（甘肃公共应急）] | 日期: 2026-03-15 | 来源: http://e.erw.cc/all.xml.gz
频道: [甘肃卫视（甘肃卫视）] | 日期: 2026-03-14 | 来源: https://epg.136605.xyz/9days.xml
频道: [甘肃卫视（甘肃卫视）] | 日期: 2026-03-15 | 来源: https://epg.136605.xyz/9days.xml
频道: [甘肃卫视（甘肃卫视）] | 日期: 2026-03-16 | 来源: https://epg.136605.xyz/9days.xml
频道: [甘肃卫视（甘肃卫视）] | 日期: 2026-03-17 | 来源: https://epg.136605.xyz/9days.xml
频道: [甘肃卫视（甘肃卫视）] | 日期: 2026-03-18 | 来源: https://github.com/zzzz0317/beijing-unicom-iptv-playlist/raw/refs/heads/main/epg.xml
频道: [甘肃少儿（甘肃少儿）] | 日期: 2026-03-15 | 来源: http://e.erw.cc/all.xml.gz
频道: [甘肃文化（甘肃文化）] | 日期: 2026-03-15 | 来源: http://epg.51zmt.top:8000/e1.xml.gz
频道: [甘肃文化影视（甘肃文化影视）] | 日期: 2026-03-15 | 来源: http://e.erw.cc/all.xml.gz
频道: [甘肃科教（甘肃科教）] | 日期: 2026-03-15 | 来源: http://e.erw.cc/all.xml.gz
频道: [生态环境（生态环境）] | 日期: 2026-03-14 | 来源: https://liliu.serv00.net/epg/download.php?type=xml
频道: [生态环境（生态环境）] | 日期: 2026-03-15 | 来源: https://liliu.serv00.net/epg/download.php?type=xml
频道: [生态环境（生态环境）] | 日期: 2026-03-16 | 来源: https://liliu.serv00.net/epg/download.php?type=xml
频道: [生活时尚（生活时尚）] | 日期: 2026-03-14 | 来源: https://github.com/plsy1/epg/raw/refs/heads/main/e/seven-days.xml.gz
频道: [生活时尚（生活时尚）] | 日期: 2026-03-15 | 来源: http://epg.51zmt.top:8000/e1.xml.gz
频道: [生活时尚（生活时尚）] | 日期: 2026-03-16 | 来源: https://epg.deny.vip/sh/tel-epg.xml
频道: [电影原声台CMusic（电影原声台CMusic）] | 日期: 2026-03-15 | 来源: http://epg.cdn.loc.cc/xml
频道: [电影原声台CMusic（电影原声台CMusic）] | 日期: 2026-03-16 | 来源: http://epg.cdn.loc.cc/xml
频道: [电影原声台CMusic（电影原声台CMusic）] | 日期: 2026-03-17 | 来源: http://epg.cdn.loc.cc/xml
频道: [电影原声台CMusic（电影原声台CMusic）] | 日期: 2026-03-18 | 来源: http://epg.cdn.loc.cc/xml
频道: [电影原声台CMusic（电影原声台CMusic）] | 日期: 2026-03-19 | 来源: http://epg.cdn.loc.cc/xml
频道: [电影原声台CMusic（电影原声台CMusic）] | 日期: 2026-03-20 | 来源: http://epg.cdn.loc.cc/xml
频道: [电影原声台CMusic（电影原声台CMusic）] | 日期: 2026-03-21 | 来源: http://epg.cdn.loc.cc/xml
频道: [电竞天堂高清专区（电竞天堂高清专区）] | 日期: 2026-03-15 | 来源: https://github.com/mytv-android/SCTV_EPG/raw/refs/heads/main/epg.xml
频道: [电视指南（电视指南）] | 日期: 2026-03-14 | 来源: https://epg.136605.xyz/9days.xml
频道: [电视指南（电视指南）] | 日期: 2026-03-15 | 来源: http://e.erw.cc/all.xml.gz
频道: [电视指南（电视指南）] | 日期: 2026-03-16 | 来源: https://epg.136605.xyz/9days.xml
频道: [电视指南（电视指南）] | 日期: 2026-03-17 | 来源: https://epg.136605.xyz/9days.xml
频道: [百变课堂专区（百变课堂专区）] | 日期: 2026-03-15 | 来源: https://github.com/mytv-android/SCTV_EPG/raw/refs/heads/main/epg.xml
频道: [百姓健康（百姓健康）] | 日期: 2026-03-15 | 来源: https://github.com/litiande03/epg/raw/refs/heads/master/pl.xml.gz
频道: [百姓健康（百姓健康）] | 日期: 2026-03-16 | 来源: https://github.com/litiande03/epg/raw/refs/heads/master/pl.xml.gz
频道: [百姓健康（百姓健康）] | 日期: 2026-03-17 | 来源: https://github.com/litiande03/epg/raw/refs/heads/master/pl.xml.gz
频道: [百姓健康（百姓健康）] | 日期: 2026-03-18 | 来源: https://github.com/litiande03/epg/raw/refs/heads/master/pl.xml.gz
频道: [盐城1（盐城1）] | 日期: 2026-03-14 | 来源: https://epg.136605.xyz/9days.xml
频道: [盐城1（盐城1）] | 日期: 2026-03-15 | 来源: https://epg.136605.xyz/9days.xml
频道: [盐城1（盐城1）] | 日期: 2026-03-16 | 来源: https://epg.136605.xyz/9days.xml
频道: [盐城1（盐城1）] | 日期: 2026-03-17 | 来源: https://epg.136605.xyz/9days.xml
频道: [盐城2（盐城2）] | 日期: 2026-03-14 | 来源: https://epg.136605.xyz/9days.xml
频道: [盐城2（盐城2）] | 日期: 2026-03-15 | 来源: https://epg.136605.xyz/9days.xml
频道: [盐城2（盐城2）] | 日期: 2026-03-16 | 来源: https://epg.136605.xyz/9days.xml
频道: [盐城2（盐城2）] | 日期: 2026-03-17 | 来源: https://epg.136605.xyz/9days.xml
频道: [直播室1（直播室1）] | 日期: 2026-03-15 | 来源: https://github.com/mytv-android/SCTV_EPG/raw/refs/heads/main/epg.xml
频道: [直播室2（直播室2）] | 日期: 2026-03-15 | 来源: https://github.com/mytv-android/SCTV_EPG/raw/refs/heads/main/epg.xml
频道: [直播室3（直播室3）] | 日期: 2026-03-15 | 来源: https://github.com/mytv-android/SCTV_EPG/raw/refs/heads/main/epg.xml
频道: [直播室4（直播室4）] | 日期: 2026-03-15 | 来源: https://github.com/mytv-android/SCTV_EPG/raw/refs/heads/main/epg.xml
频道: [直播室5（直播室5）] | 日期: 2026-03-15 | 来源: https://github.com/mytv-android/SCTV_EPG/raw/refs/heads/main/epg.xml
频道: [直播室6（直播室6）] | 日期: 2026-03-15 | 来源: https://github.com/mytv-android/SCTV_EPG/raw/refs/heads/main/epg.xml
频道: [直播室7（直播室7）] | 日期: 2026-03-15 | 来源: https://github.com/mytv-android/SCTV_EPG/raw/refs/heads/main/epg.xml
频道: [相声小品（相声小品）] | 日期: 2026-03-15 | 来源: https://github.com/plsy1/epg/raw/refs/heads/main/e/seven-days.xml.gz
频道: [相声小品（相声小品）] | 日期: 2026-03-16 | 来源: https://github.com/plsy1/epg/raw/refs/heads/main/e/seven-days.xml.gz
频道: [看天下精选专区（看天下精选专区）] | 日期: 2026-03-15 | 来源: https://github.com/mytv-android/SCTV_EPG/raw/refs/heads/main/epg.xml
频道: [真情SUPER煲（真情SUPER煲）] | 日期: 2026-03-14 | 来源: http://epg.cdn.loc.cc/xml
频道: [真情SUPER煲（真情SUPER煲）] | 日期: 2026-03-15 | 来源: http://epg.cdn.loc.cc/xml
频道: [真情SUPER煲（真情SUPER煲）] | 日期: 2026-03-16 | 来源: http://epg.cdn.loc.cc/xml
频道: [真情SUPER煲（真情SUPER煲）] | 日期: 2026-03-17 | 来源: http://epg.cdn.loc.cc/xml
频道: [真情SUPER煲（真情SUPER煲）] | 日期: 2026-03-18 | 来源: http://epg.cdn.loc.cc/xml
频道: [真情SUPER煲（真情SUPER煲）] | 日期: 2026-03-19 | 来源: http://epg.cdn.loc.cc/xml
频道: [真情SUPER煲（真情SUPER煲）] | 日期: 2026-03-20 | 来源: http://epg.cdn.loc.cc/xml
频道: [真情SUPER煲（真情SUPER煲）] | 日期: 2026-03-21 | 来源: http://epg.cdn.loc.cc/xml
频道: [真情SUPER煲（真情SUPER煲）] | 日期: 2026-03-22 | 来源: http://epg.cdn.loc.cc/xml
频道: [真情SUPER煲（真情SUPER煲）] | 日期: 2026-03-23 | 来源: http://epg.cdn.loc.cc/xml
频道: [睛彩中原（睛彩中原）] | 日期: 2026-03-15 | 来源: http://e.erw.cc/all.xml.gz
频道: [睛彩广场舞（睛彩广场舞）] | 日期: 2026-03-14 | 来源: https://github.com/zzzz0317/beijing-unicom-iptv-playlist/raw/refs/heads/main/epg.xml
频道: [睛彩广场舞（睛彩广场舞）] | 日期: 2026-03-15 | 来源: https://github.com/zzzz0317/beijing-unicom-iptv-playlist/raw/refs/heads/main/epg.xml
频道: [睛彩广场舞（睛彩广场舞）] | 日期: 2026-03-16 | 来源: https://github.com/zzzz0317/beijing-unicom-iptv-playlist/raw/refs/heads/main/epg.xml
频道: [睛彩广场舞（睛彩广场舞）] | 日期: 2026-03-17 | 来源: https://github.com/zzzz0317/beijing-unicom-iptv-playlist/raw/refs/heads/main/epg.xml
频道: [睛彩广场舞（睛彩广场舞）] | 日期: 2026-03-18 | 来源: https://github.com/zzzz0317/beijing-unicom-iptv-playlist/raw/refs/heads/main/epg.xml
频道: [睛彩广场舞（睛彩广场舞）] | 日期: 2026-03-19 | 来源: https://github.com/zzzz0317/beijing-unicom-iptv-playlist/raw/refs/heads/main/epg.xml
频道: [睛彩广场舞（睛彩广场舞）] | 日期: 2026-03-20 | 来源: https://github.com/zzzz0317/beijing-unicom-iptv-playlist/raw/refs/heads/main/epg.xml
频道: [睛彩广场舞（睛彩广场舞）] | 日期: 2026-03-21 | 来源: https://github.com/zzzz0317/beijing-unicom-iptv-playlist/raw/refs/heads/main/epg.xml
频道: [睛彩广场舞（睛彩广场舞）] | 日期: 2026-03-22 | 来源: https://github.com/zzzz0317/beijing-unicom-iptv-playlist/raw/refs/heads/main/epg.xml
频道: [睛彩河北（睛彩河北）] | 日期: 2026-03-15 | 来源: https://liliu.serv00.net/epg/download.php?type=xml
频道: [睛彩河北（睛彩河北）] | 日期: 2026-03-16 | 来源: https://liliu.serv00.net/epg/download.php?type=xml
频道: [睛彩河北（睛彩河北）] | 日期: 2026-03-17 | 来源: https://liliu.serv00.net/epg/download.php?type=xml
频道: [睛彩竞技（睛彩竞技）] | 日期: 2026-03-14 | 来源: https://github.com/zzzz0317/beijing-unicom-iptv-playlist/raw/refs/heads/main/epg.xml
频道: [睛彩竞技（睛彩竞技）] | 日期: 2026-03-15 | 来源: https://github.com/zzzz0317/beijing-unicom-iptv-playlist/raw/refs/heads/main/epg.xml
频道: [睛彩竞技（睛彩竞技）] | 日期: 2026-03-16 | 来源: https://github.com/zzzz0317/beijing-unicom-iptv-playlist/raw/refs/heads/main/epg.xml
频道: [睛彩竞技（睛彩竞技）] | 日期: 2026-03-17 | 来源: https://github.com/zzzz0317/beijing-unicom-iptv-playlist/raw/refs/heads/main/epg.xml
频道: [睛彩竞技（睛彩竞技）] | 日期: 2026-03-18 | 来源: https://github.com/zzzz0317/beijing-unicom-iptv-playlist/raw/refs/heads/main/epg.xml
频道: [睛彩竞技（睛彩竞技）] | 日期: 2026-03-19 | 来源: https://github.com/zzzz0317/beijing-unicom-iptv-playlist/raw/refs/heads/main/epg.xml
频道: [睛彩竞技（睛彩竞技）] | 日期: 2026-03-20 | 来源: https://github.com/zzzz0317/beijing-unicom-iptv-playlist/raw/refs/heads/main/epg.xml
频道: [睛彩竞技（睛彩竞技）] | 日期: 2026-03-21 | 来源: https://github.com/zzzz0317/beijing-unicom-iptv-playlist/raw/refs/heads/main/epg.xml
频道: [睛彩竞技（睛彩竞技）] | 日期: 2026-03-22 | 来源: https://github.com/zzzz0317/beijing-unicom-iptv-playlist/raw/refs/heads/main/epg.xml
频道: [睛彩篮球（睛彩篮球）] | 日期: 2026-03-14 | 来源: https://github.com/zzzz0317/beijing-unicom-iptv-playlist/raw/refs/heads/main/epg.xml
频道: [睛彩篮球（睛彩篮球）] | 日期: 2026-03-15 | 来源: https://github.com/zzzz0317/beijing-unicom-iptv-playlist/raw/refs/heads/main/epg.xml
频道: [睛彩篮球（睛彩篮球）] | 日期: 2026-03-16 | 来源: https://github.com/zzzz0317/beijing-unicom-iptv-playlist/raw/refs/heads/main/epg.xml
频道: [睛彩篮球（睛彩篮球）] | 日期: 2026-03-17 | 来源: https://github.com/zzzz0317/beijing-unicom-iptv-playlist/raw/refs/heads/main/epg.xml
频道: [睛彩篮球（睛彩篮球）] | 日期: 2026-03-18 | 来源: https://github.com/zzzz0317/beijing-unicom-iptv-playlist/raw/refs/heads/main/epg.xml
频道: [睛彩篮球（睛彩篮球）] | 日期: 2026-03-19 | 来源: https://github.com/zzzz0317/beijing-unicom-iptv-playlist/raw/refs/heads/main/epg.xml
频道: [睛彩篮球（睛彩篮球）] | 日期: 2026-03-20 | 来源: https://github.com/zzzz0317/beijing-unicom-iptv-playlist/raw/refs/heads/main/epg.xml
频道: [睛彩篮球（睛彩篮球）] | 日期: 2026-03-21 | 来源: https://github.com/zzzz0317/beijing-unicom-iptv-playlist/raw/refs/heads/main/epg.xml
频道: [睛彩篮球（睛彩篮球）] | 日期: 2026-03-22 | 来源: https://github.com/zzzz0317/beijing-unicom-iptv-playlist/raw/refs/heads/main/epg.xml
频道: [睛彩青少（睛彩青少）] | 日期: 2026-03-14 | 来源: https://github.com/zzzz0317/beijing-unicom-iptv-playlist/raw/refs/heads/main/epg.xml
频道: [睛彩青少（睛彩青少）] | 日期: 2026-03-15 | 来源: https://github.com/zzzz0317/beijing-unicom-iptv-playlist/raw/refs/heads/main/epg.xml
频道: [睛彩青少（睛彩青少）] | 日期: 2026-03-16 | 来源: https://github.com/zzzz0317/beijing-unicom-iptv-playlist/raw/refs/heads/main/epg.xml
频道: [睛彩青少（睛彩青少）] | 日期: 2026-03-17 | 来源: https://github.com/zzzz0317/beijing-unicom-iptv-playlist/raw/refs/heads/main/epg.xml
频道: [睛彩青少（睛彩青少）] | 日期: 2026-03-18 | 来源: https://github.com/zzzz0317/beijing-unicom-iptv-playlist/raw/refs/heads/main/epg.xml
频道: [睛彩青少（睛彩青少）] | 日期: 2026-03-19 | 来源: https://github.com/zzzz0317/beijing-unicom-iptv-playlist/raw/refs/heads/main/epg.xml
频道: [睛彩青少（睛彩青少）] | 日期: 2026-03-20 | 来源: https://github.com/zzzz0317/beijing-unicom-iptv-playlist/raw/refs/heads/main/epg.xml
频道: [睛彩青少（睛彩青少）] | 日期: 2026-03-21 | 来源: https://github.com/zzzz0317/beijing-unicom-iptv-playlist/raw/refs/heads/main/epg.xml
频道: [睛彩青少（睛彩青少）] | 日期: 2026-03-22 | 来源: https://github.com/zzzz0317/beijing-unicom-iptv-playlist/raw/refs/heads/main/epg.xml
频道: [睢宁三农（睢宁三农）] | 日期: 2026-03-14 | 来源: https://epg.136605.xyz/9days.xml
频道: [睢宁三农（睢宁三农）] | 日期: 2026-03-15 | 来源: https://epg.136605.xyz/9days.xml
频道: [睢宁三农（睢宁三农）] | 日期: 2026-03-16 | 来源: https://epg.136605.xyz/9days.xml
频道: [睢宁综合（睢宁综合）] | 日期: 2026-03-14 | 来源: https://epg.136605.xyz/9days.xml
频道: [睢宁综合（睢宁综合）] | 日期: 2026-03-15 | 来源: https://epg.136605.xyz/9days.xml
频道: [睢宁综合（睢宁综合）] | 日期: 2026-03-16 | 来源: https://epg.136605.xyz/9days.xml
频道: [睢宁资讯（睢宁资讯）] | 日期: 2026-03-14 | 来源: https://epg.136605.xyz/9days.xml
频道: [睢宁资讯（睢宁资讯）] | 日期: 2026-03-15 | 来源: https://epg.136605.xyz/9days.xml
频道: [睢宁资讯（睢宁资讯）] | 日期: 2026-03-16 | 来源: https://epg.136605.xyz/9days.xml
频道: [福建乡村振兴（福建乡村振兴）] | 日期: 2026-03-14 | 来源: https://epg.136605.xyz/9days.xml
频道: [福建乡村振兴（福建乡村振兴）] | 日期: 2026-03-15 | 来源: https://epg.136605.xyz/9days.xml
频道: [福建乡村振兴（福建乡村振兴）] | 日期: 2026-03-16 | 来源: https://epg.136605.xyz/9days.xml
频道: [福建乡村振兴（福建乡村振兴）] | 日期: 2026-03-17 | 来源: https://epg.136605.xyz/9days.xml
频道: [福建体育（福建体育）] | 日期: 2026-03-15 | 来源: http://epg.51zmt.top:8000/e1.xml.gz
频道: [福建公共（福建公共）] | 日期: 2026-03-15 | 来源: http://e.erw.cc/all.xml.gz
频道: [福建少儿（福建少儿）] | 日期: 2026-03-14 | 来源: https://epg.136605.xyz/9days.xml
频道: [福建少儿（福建少儿）] | 日期: 2026-03-15 | 来源: https://epg.136605.xyz/9days.xml
频道: [福建少儿（福建少儿）] | 日期: 2026-03-16 | 来源: https://epg.136605.xyz/9days.xml
频道: [福建少儿（福建少儿）] | 日期: 2026-03-17 | 来源: https://epg.136605.xyz/9days.xml
频道: [福建少儿（福建少儿）] | 日期: 2026-03-18 | 来源: https://epg.136605.xyz/9days.xml
频道: [福建教育（福建教育）] | 日期: 2026-03-14 | 来源: https://epg.136605.xyz/9days.xml
频道: [福建教育（福建教育）] | 日期: 2026-03-15 | 来源: https://epg.136605.xyz/9days.xml
频道: [福建教育（福建教育）] | 日期: 2026-03-16 | 来源: https://epg.136605.xyz/9days.xml
频道: [福建教育（福建教育）] | 日期: 2026-03-17 | 来源: https://epg.136605.xyz/9days.xml
频道: [福建教育（福建教育）] | 日期: 2026-03-18 | 来源: https://epg.136605.xyz/9days.xml
频道: [福建文体（福建文体）] | 日期: 2026-03-14 | 来源: https://epg.136605.xyz/9days.xml
频道: [福建文体（福建文体）] | 日期: 2026-03-15 | 来源: https://epg.136605.xyz/9days.xml
频道: [福建文体（福建文体）] | 日期: 2026-03-16 | 来源: https://epg.136605.xyz/9days.xml
频道: [福建文体（福建文体）] | 日期: 2026-03-17 | 来源: https://epg.136605.xyz/9days.xml
频道: [福建文体（福建文体）] | 日期: 2026-03-18 | 来源: https://epg.136605.xyz/9days.xml
频道: [福建新闻（福建新闻）] | 日期: 2026-03-14 | 来源: https://epg.136605.xyz/9days.xml
频道: [福建新闻（福建新闻）] | 日期: 2026-03-15 | 来源: https://epg.136605.xyz/9days.xml
频道: [福建新闻（福建新闻）] | 日期: 2026-03-16 | 来源: https://epg.136605.xyz/9days.xml
频道: [福建新闻（福建新闻）] | 日期: 2026-03-17 | 来源: https://epg.136605.xyz/9days.xml
频道: [福建旅游（福建旅游）] | 日期: 2026-03-14 | 来源: https://epg.136605.xyz/9days.xml
频道: [福建旅游（福建旅游）] | 日期: 2026-03-15 | 来源: https://epg.136605.xyz/9days.xml
频道: [福建旅游（福建旅游）] | 日期: 2026-03-16 | 来源: https://epg.136605.xyz/9days.xml
频道: [福建旅游（福建旅游）] | 日期: 2026-03-17 | 来源: https://epg.136605.xyz/9days.xml
频道: [福建海峡卫视国际频道（福建海峡卫视国际频道）] | 日期: 2026-03-14 | 来源: http://epg.cdn.loc.cc/xml
频道: [福建海峡卫视国际频道（福建海峡卫视国际频道）] | 日期: 2026-03-15 | 来源: http://epg.cdn.loc.cc/xml
频道: [福建海峡卫视国际频道（福建海峡卫视国际频道）] | 日期: 2026-03-16 | 来源: http://epg.cdn.loc.cc/xml
频道: [福建海峡卫视国际频道（福建海峡卫视国际频道）] | 日期: 2026-03-17 | 来源: http://epg.cdn.loc.cc/xml
频道: [福建海峡卫视国际频道（福建海峡卫视国际频道）] | 日期: 2026-03-18 | 来源: http://epg.cdn.loc.cc/xml
频道: [福建海峡卫视国际频道（福建海峡卫视国际频道）] | 日期: 2026-03-19 | 来源: http://epg.cdn.loc.cc/xml
频道: [福建海峡卫视国际频道（福建海峡卫视国际频道）] | 日期: 2026-03-20 | 来源: http://epg.cdn.loc.cc/xml
频道: [福建海峡卫视国际频道（福建海峡卫视国际频道）] | 日期: 2026-03-21 | 来源: http://epg.cdn.loc.cc/xml
频道: [福建海峡卫视国际频道（福建海峡卫视国际频道）] | 日期: 2026-03-22 | 来源: http://epg.cdn.loc.cc/xml
频道: [福建海峡卫视国际频道（福建海峡卫视国际频道）] | 日期: 2026-03-23 | 来源: http://epg.cdn.loc.cc/xml
频道: [福建电视剧（福建电视剧）] | 日期: 2026-03-14 | 来源: https://epg.136605.xyz/9days.xml
频道: [福建电视剧（福建电视剧）] | 日期: 2026-03-15 | 来源: http://epg.51zmt.top:8000/e1.xml.gz
频道: [福建电视剧（福建电视剧）] | 日期: 2026-03-16 | 来源: https://epg.136605.xyz/9days.xml
频道: [福建电视剧（福建电视剧）] | 日期: 2026-03-17 | 来源: https://epg.136605.xyz/9days.xml
频道: [福建经济（福建经济）] | 日期: 2026-03-14 | 来源: https://epg.136605.xyz/9days.xml
频道: [福建经济（福建经济）] | 日期: 2026-03-15 | 来源: https://epg.136605.xyz/9days.xml
频道: [福建经济（福建经济）] | 日期: 2026-03-16 | 来源: https://epg.136605.xyz/9days.xml
频道: [福建经济（福建经济）] | 日期: 2026-03-17 | 来源: https://epg.136605.xyz/9days.xml
频道: [福建经济（福建经济）] | 日期: 2026-03-18 | 来源: https://epg.136605.xyz/9days.xml
频道: [福建综合（福建综合）] | 日期: 2026-03-14 | 来源: https://epg.136605.xyz/9days.xml
频道: [福建综合（福建综合）] | 日期: 2026-03-15 | 来源: https://epg.136605.xyz/9days.xml
频道: [福建综合（福建综合）] | 日期: 2026-03-16 | 来源: https://epg.136605.xyz/9days.xml
频道: [福建综合（福建综合）] | 日期: 2026-03-17 | 来源: https://epg.136605.xyz/9days.xml
频道: [福建综合（福建综合）] | 日期: 2026-03-18 | 来源: https://epg.136605.xyz/9days.xml
频道: [移动戏曲（移动戏曲）] | 日期: 2026-03-15 | 来源: https://liliu.serv00.net/epg/download.php?type=xml
频道: [空中英语教室（空中英语教室）] | 日期: 2026-03-15 | 来源: http://epg.cdn.loc.cc/xml
频道: [空中英语教室（空中英语教室）] | 日期: 2026-03-16 | 来源: http://epg.cdn.loc.cc/xml
频道: [空中英语教室（空中英语教室）] | 日期: 2026-03-17 | 来源: http://epg.cdn.loc.cc/xml
频道: [空中英语教室（空中英语教室）] | 日期: 2026-03-18 | 来源: http://epg.cdn.loc.cc/xml
频道: [空中英语教室（空中英语教室）] | 日期: 2026-03-19 | 来源: http://epg.cdn.loc.cc/xml
频道: [空中英语教室（空中英语教室）] | 日期: 2026-03-20 | 来源: http://epg.cdn.loc.cc/xml
频道: [第1商业（第1商业）] | 日期: 2026-03-15 | 来源: https://github.com/litiande03/epg/raw/refs/heads/master/pl.xml.gz
频道: [第1商业（第1商业）] | 日期: 2026-03-16 | 来源: https://github.com/litiande03/epg/raw/refs/heads/master/pl.xml.gz
频道: [第1商业（第1商业）] | 日期: 2026-03-17 | 来源: https://github.com/litiande03/epg/raw/refs/heads/master/pl.xml.gz
频道: [第一剧场（第一剧场）] | 日期: 2026-03-14 | 来源: https://epg.deny.vip/sh/tel-epg.xml
频道: [第一剧场（第一剧场）] | 日期: 2026-03-15 | 来源: https://epg.deny.vip/sh/tel-epg.xml
频道: [第一剧场（第一剧场）] | 日期: 2026-03-16 | 来源: https://epg.deny.vip/sh/tel-epg.xml
频道: [第一剧场（第一剧场）] | 日期: 2026-03-17 | 来源: https://epg.136605.xyz/9days.xml
频道: [第一剧场（第一剧场）] | 日期: 2026-03-18 | 来源: http://epg.cdn.loc.cc/xml
频道: [第一剧场（第一剧场）] | 日期: 2026-03-19 | 来源: http://epg.cdn.loc.cc/xml
频道: [第一剧场（第一剧场）] | 日期: 2026-03-20 | 来源: http://epg.cdn.loc.cc/xml
频道: [第一剧场（第一剧场）] | 日期: 2026-03-21 | 来源: http://epg.cdn.loc.cc/xml
频道: [第一剧场（第一剧场）] | 日期: 2026-03-22 | 来源: http://epg.cdn.loc.cc/xml
频道: [第一剧场（第一剧场）] | 日期: 2026-03-23 | 来源: http://epg.cdn.loc.cc/xml
频道: [第一财经（第一财经）] | 日期: 2026-03-14 | 来源: https://epg.deny.vip/sh/tel-epg.xml
频道: [第一财经（第一财经）] | 日期: 2026-03-15 | 来源: https://epg.deny.vip/sh/tel-epg.xml
频道: [第一财经（第一财经）] | 日期: 2026-03-16 | 来源: https://epg.deny.vip/sh/tel-epg.xml
频道: [粤语片台（粤语片台）] | 日期: 2026-03-14 | 来源: http://epg.cdn.loc.cc/xml
频道: [粤语片台（粤语片台）] | 日期: 2026-03-15 | 来源: https://epg.136605.xyz/9days.xml
频道: [粤语片台（粤语片台）] | 日期: 2026-03-16 | 来源: https://epg.136605.xyz/9days.xml
频道: [粤语片台（粤语片台）] | 日期: 2026-03-17 | 来源: https://epg.136605.xyz/9days.xml
频道: [粤语片台（粤语片台）] | 日期: 2026-03-18 | 来源: http://epg.cdn.loc.cc/xml
频道: [粤语片台（粤语片台）] | 日期: 2026-03-19 | 来源: http://epg.cdn.loc.cc/xml
频道: [粤语片台（粤语片台）] | 日期: 2026-03-20 | 来源: http://epg.cdn.loc.cc/xml
频道: [粤语片台（粤语片台）] | 日期: 2026-03-21 | 来源: http://epg.cdn.loc.cc/xml
频道: [粤语片台（粤语片台）] | 日期: 2026-03-22 | 来源: http://epg.cdn.loc.cc/xml
频道: [粤语片台（粤语片台）] | 日期: 2026-03-23 | 来源: http://epg.cdn.loc.cc/xml
频道: [精品体育（精品体育）] | 日期: 2026-03-14 | 来源: https://epg.136605.xyz/9days.xml
频道: [精品体育（精品体育）] | 日期: 2026-03-15 | 来源: http://e.erw.cc/all.xml.gz
频道: [精品体育（精品体育）] | 日期: 2026-03-16 | 来源: https://epg.136605.xyz/9days.xml
频道: [精品体育（精品体育）] | 日期: 2026-03-17 | 来源: https://epg.136605.xyz/9days.xml
频道: [精品剧场（精品剧场）] | 日期: 2026-03-15 | 来源: https://liliu.serv00.net/epg/download.php?type=xml
频道: [精品剧场（精品剧场）] | 日期: 2026-03-16 | 来源: https://liliu.serv00.net/epg/download.php?type=xml
频道: [精品剧场（精品剧场）] | 日期: 2026-03-17 | 来源: https://liliu.serv00.net/epg/download.php?type=xml
频道: [精品大剧（精品大剧）] | 日期: 2026-03-14 | 来源: https://epg.136605.xyz/9days.xml
频道: [精品大剧（精品大剧）] | 日期: 2026-03-15 | 来源: http://e.erw.cc/all.xml.gz
频道: [精品大剧（精品大剧）] | 日期: 2026-03-16 | 来源: https://epg.136605.xyz/9days.xml
频道: [精品大剧（精品大剧）] | 日期: 2026-03-17 | 来源: https://epg.136605.xyz/9days.xml
频道: [精品纪录（精品纪录）] | 日期: 2026-03-14 | 来源: https://epg.136605.xyz/9days.xml
频道: [精品纪录（精品纪录）] | 日期: 2026-03-15 | 来源: https://liliu.serv00.net/epg/download.php?type=xml
频道: [精品纪录（精品纪录）] | 日期: 2026-03-16 | 来源: https://epg.136605.xyz/9days.xml
频道: [精品纪录（精品纪录）] | 日期: 2026-03-17 | 来源: https://epg.136605.xyz/9days.xml
频道: [精品综合（精品综合）] | 日期: 2026-03-14 | 来源: https://epg.136605.xyz/9days.xml
频道: [精品综合（精品综合）] | 日期: 2026-03-15 | 来源: https://epg.136605.xyz/9days.xml
频道: [精品综合（精品综合）] | 日期: 2026-03-16 | 来源: https://epg.136605.xyz/9days.xml
频道: [精品综合（精品综合）] | 日期: 2026-03-17 | 来源: https://epg.136605.xyz/9days.xml
频道: [精品萌宠（精品萌宠）] | 日期: 2026-03-14 | 来源: https://epg.136605.xyz/9days.xml
频道: [精品萌宠（精品萌宠）] | 日期: 2026-03-15 | 来源: http://e.erw.cc/all.xml.gz
频道: [精品萌宠（精品萌宠）] | 日期: 2026-03-16 | 来源: https://epg.136605.xyz/9days.xml
频道: [精品萌宠（精品萌宠）] | 日期: 2026-03-17 | 来源: https://epg.136605.xyz/9days.xml
频道: [精彩影视（精彩影视）] | 日期: 2026-03-15 | 来源: http://e.erw.cc/all.xml.gz
频道: [精彩影视（精彩影视）] | 日期: 2026-03-16 | 来源: https://github.com/mytv-android/SCTV_EPG/raw/refs/heads/main/epg.xml
频道: [精彩电影（精彩电影）] | 日期: 2026-03-15 | 来源: http://e.erw.cc/all.xml.gz
频道: [精选（精选）] | 日期: 2026-03-15 | 来源: https://github.com/zzzz0317/beijing-unicom-iptv-playlist/raw/refs/heads/main/epg.xml
频道: [精选（精选）] | 日期: 2026-03-16 | 来源: https://github.com/zzzz0317/beijing-unicom-iptv-playlist/raw/refs/heads/main/epg.xml
频道: [精选（精选）] | 日期: 2026-03-17 | 来源: https://github.com/zzzz0317/beijing-unicom-iptv-playlist/raw/refs/heads/main/epg.xml
频道: [精选动漫台（精选动漫台）] | 日期: 2026-03-15 | 来源: https://github.com/litiande03/epg/raw/refs/heads/master/pl.xml.gz
频道: [精选动漫台（精选动漫台）] | 日期: 2026-03-16 | 来源: https://github.com/litiande03/epg/raw/refs/heads/master/pl.xml.gz
频道: [精选动漫台（精选动漫台）] | 日期: 2026-03-17 | 来源: https://github.com/litiande03/epg/raw/refs/heads/master/pl.xml.gz
频道: [红色影院（红色影院）] | 日期: 2026-03-15 | 来源: https://github.com/zzzz0317/beijing-unicom-iptv-playlist/raw/refs/heads/main/epg.xml
频道: [红色影院（红色影院）] | 日期: 2026-03-16 | 来源: https://github.com/zzzz0317/beijing-unicom-iptv-playlist/raw/refs/heads/main/epg.xml
频道: [红色影院（红色影院）] | 日期: 2026-03-17 | 来源: https://github.com/zzzz0317/beijing-unicom-iptv-playlist/raw/refs/heads/main/epg.xml
频道: [纪实科教（纪实科教）] | 日期: 2026-03-14 | 来源: https://epg.136605.xyz/9days.xml
频道: [纪实科教（纪实科教）] | 日期: 2026-03-15 | 来源: https://epg.136605.xyz/9days.xml
频道: [纪实科教（纪实科教）] | 日期: 2026-03-16 | 来源: https://epg.136605.xyz/9days.xml
频道: [纪实科教（纪实科教）] | 日期: 2026-03-17 | 来源: https://epg.136605.xyz/9days.xml
频道: [纪实科教（纪实科教）] | 日期: 2026-03-18 | 来源: https://epg.136605.xyz/9days.xml
频道: [纬来体育台（纬来体育台）] | 日期: 2026-03-15 | 来源: http://e.erw.cc/all.xml.gz
频道: [纬来戏剧台（纬来戏剧台）] | 日期: 2026-03-15 | 来源: http://e.erw.cc/all.xml.gz
频道: [纬来电影台（纬来电影台）] | 日期: 2026-03-15 | 来源: http://e.erw.cc/all.xml.gz
频道: [纬来精彩台（纬来精彩台）] | 日期: 2026-03-14 | 来源: http://e.erw.cc/all.xml.gz
频道: [纬来精彩台（纬来精彩台）] | 日期: 2026-03-15 | 来源: http://e.erw.cc/all.xml.gz
频道: [纬来综合台（纬来综合台）] | 日期: 2026-03-15 | 来源: http://e.erw.cc/all.xml.gz
频道: [纬来音乐台（纬来音乐台）] | 日期: 2026-03-15 | 来源: http://e.erw.cc/all.xml.gz
频道: [纯享4K（纯享4K）] | 日期: 2026-03-14 | 来源: https://epg.136605.xyz/9days.xml
频道: [纯享4K（纯享4K）] | 日期: 2026-03-15 | 来源: http://e.erw.cc/all.xml.gz
频道: [纯享4K（纯享4K）] | 日期: 2026-03-16 | 来源: https://epg.136605.xyz/9days.xml
频道: [纯享4K（纯享4K）] | 日期: 2026-03-17 | 来源: https://epg.136605.xyz/9days.xml
频道: [绍兴公共频道（绍兴公共频道）] | 日期: 2026-03-15 | 来源: http://e.erw.cc/all.xml.gz
频道: [绍兴文化影视（绍兴文化影视）] | 日期: 2026-03-15 | 来源: http://e.erw.cc/all.xml.gz
频道: [绍兴新闻综合（绍兴新闻综合）] | 日期: 2026-03-15 | 来源: http://e.erw.cc/all.xml.gz
频道: [经典剧场（经典剧场）] | 日期: 2026-03-15 | 来源: https://github.com/zzzz0317/beijing-unicom-iptv-playlist/raw/refs/heads/main/epg.xml
频道: [经典剧场（经典剧场）] | 日期: 2026-03-16 | 来源: https://github.com/zzzz0317/beijing-unicom-iptv-playlist/raw/refs/heads/main/epg.xml
频道: [经典剧场（经典剧场）] | 日期: 2026-03-17 | 来源: https://github.com/zzzz0317/beijing-unicom-iptv-playlist/raw/refs/heads/main/epg.xml
频道: [经典卡通台（经典卡通台）] | 日期: 2026-03-14 | 来源: https://epg.136605.xyz/9days.xml
频道: [经典卡通台（经典卡通台）] | 日期: 2026-03-15 | 来源: https://epg.136605.xyz/9days.xml
频道: [经典卡通台（经典卡通台）] | 日期: 2026-03-16 | 来源: https://epg.136605.xyz/9days.xml
频道: [经典卡通台（经典卡通台）] | 日期: 2026-03-17 | 来源: https://epg.136605.xyz/9days.xml
频道: [经典电影（经典电影）] | 日期: 2026-03-15 | 来源: http://e.erw.cc/all.xml.gz
频道: [经典电影（经典电影）] | 日期: 2026-03-16 | 来源: https://github.com/litiande03/epg/raw/refs/heads/master/pl.xml.gz
频道: [经典电影（经典电影）] | 日期: 2026-03-17 | 来源: https://github.com/zzzz0317/beijing-unicom-iptv-playlist/raw/refs/heads/main/epg.xml
频道: [经典电影台（经典电影台）] | 日期: 2026-03-14 | 来源: https://epg.136605.xyz/9days.xml
频道: [经典电影台（经典电影台）] | 日期: 2026-03-15 | 来源: https://epg.136605.xyz/9days.xml
频道: [经典电影台（经典电影台）] | 日期: 2026-03-16 | 来源: https://epg.136605.xyz/9days.xml
频道: [经典电影台（经典电影台）] | 日期: 2026-03-17 | 来源: https://epg.136605.xyz/9days.xml
频道: [经典电影台（经典电影台）] | 日期: 2026-03-18 | 来源: https://github.com/litiande03/epg/raw/refs/heads/master/pl.xml.gz
频道: [经济科教（经济科教）] | 日期: 2026-03-15 | 来源: https://github.com/litiande03/epg/raw/refs/heads/master/pl.xml.gz
频道: [经济科教（经济科教）] | 日期: 2026-03-16 | 来源: https://github.com/litiande03/epg/raw/refs/heads/master/pl.xml.gz
频道: [经济科教（经济科教）] | 日期: 2026-03-17 | 来源: https://github.com/litiande03/epg/raw/refs/heads/master/pl.xml.gz
频道: [维吾尔语影视（维吾尔语影视）] | 日期: 2026-03-15 | 来源: http://e.erw.cc/all.xml.gz
频道: [维吾尔语新闻综合（维吾尔语新闻综合）] | 日期: 2026-03-15 | 来源: http://e.erw.cc/all.xml.gz
频道: [维吾尔语经济生活（维吾尔语经济生活）] | 日期: 2026-03-15 | 来源: http://e.erw.cc/all.xml.gz
频道: [综合体育（综合体育）] | 日期: 2026-03-15 | 来源: http://e.erw.cc/all.xml.gz
频道: [罪案+侦缉（罪案+侦缉）] | 日期: 2026-03-14 | 来源: https://epg.136605.xyz/9days.xml
频道: [罪案+侦缉（罪案+侦缉）] | 日期: 2026-03-15 | 来源: http://epg.cdn.loc.cc/xml
频道: [罪案+侦缉（罪案+侦缉）] | 日期: 2026-03-16 | 来源: http://epg.cdn.loc.cc/xml
频道: [罪案+侦缉（罪案+侦缉）] | 日期: 2026-03-17 | 来源: http://epg.cdn.loc.cc/xml
频道: [罪案+侦缉（罪案+侦缉）] | 日期: 2026-03-18 | 来源: http://epg.cdn.loc.cc/xml
频道: [罪案+侦缉（罪案+侦缉）] | 日期: 2026-03-19 | 来源: http://epg.cdn.loc.cc/xml
频道: [罪案+侦缉（罪案+侦缉）] | 日期: 2026-03-20 | 来源: http://epg.cdn.loc.cc/xml
频道: [罪案+侦缉（罪案+侦缉）] | 日期: 2026-03-21 | 来源: http://epg.cdn.loc.cc/xml
频道: [罪案侦缉频道（罪案侦缉频道）] | 日期: 2026-03-14 | 来源: http://epg.cdn.loc.cc/xml
频道: [罪案侦缉频道（罪案侦缉频道）] | 日期: 2026-03-15 | 来源: http://epg.cdn.loc.cc/xml
频道: [罪案侦缉频道（罪案侦缉频道）] | 日期: 2026-03-16 | 来源: http://epg.cdn.loc.cc/xml
频道: [罪案侦缉频道（罪案侦缉频道）] | 日期: 2026-03-17 | 来源: http://epg.cdn.loc.cc/xml
频道: [罪案侦缉频道（罪案侦缉频道）] | 日期: 2026-03-18 | 来源: http://epg.cdn.loc.cc/xml
频道: [罪案侦缉频道（罪案侦缉频道）] | 日期: 2026-03-19 | 来源: http://epg.cdn.loc.cc/xml
频道: [罪案侦缉频道（罪案侦缉频道）] | 日期: 2026-03-20 | 来源: http://epg.cdn.loc.cc/xml
频道: [罪案侦缉频道（罪案侦缉频道）] | 日期: 2026-03-21 | 来源: http://epg.cdn.loc.cc/xml
频道: [美亚电影（美亚电影）] | 日期: 2026-03-14 | 来源: http://e.erw.cc/all.xml.gz
频道: [美亚电影（美亚电影）] | 日期: 2026-03-15 | 来源: http://e.erw.cc/all.xml.gz
频道: [美亚电影台（美亚电影台）] | 日期: 2026-03-14 | 来源: http://epg.cdn.loc.cc/xml
频道: [美亚电影台（美亚电影台）] | 日期: 2026-03-15 | 来源: https://epg.136605.xyz/9days.xml
频道: [美亚电影台（美亚电影台）] | 日期: 2026-03-16 | 来源: https://epg.136605.xyz/9days.xml
频道: [美亚电影台（美亚电影台）] | 日期: 2026-03-17 | 来源: https://epg.136605.xyz/9days.xml
频道: [美亚电影台（美亚电影台）] | 日期: 2026-03-18 | 来源: http://epg.cdn.loc.cc/xml
频道: [美亚电影台（美亚电影台）] | 日期: 2026-03-19 | 来源: http://epg.cdn.loc.cc/xml
频道: [美亚电影台（美亚电影台）] | 日期: 2026-03-20 | 来源: http://epg.cdn.loc.cc/xml
频道: [美亚电影台（美亚电影台）] | 日期: 2026-03-21 | 来源: http://epg.cdn.loc.cc/xml
频道: [美亚电影台（美亚电影台）] | 日期: 2026-03-22 | 来源: http://epg.cdn.loc.cc/xml
频道: [美亚电影台（美亚电影台）] | 日期: 2026-03-23 | 来源: http://epg.cdn.loc.cc/xml
频道: [美人（美人）] | 日期: 2026-03-15 | 来源: https://github.com/zzzz0317/beijing-unicom-iptv-playlist/raw/refs/heads/main/epg.xml
频道: [美人（美人）] | 日期: 2026-03-16 | 来源: https://github.com/zzzz0317/beijing-unicom-iptv-playlist/raw/refs/heads/main/epg.xml
频道: [美人（美人）] | 日期: 2026-03-17 | 来源: https://github.com/zzzz0317/beijing-unicom-iptv-playlist/raw/refs/heads/main/epg.xml
频道: [美妆（美妆）] | 日期: 2026-03-15 | 来源: https://github.com/zzzz0317/beijing-unicom-iptv-playlist/raw/refs/heads/main/epg.xml
频道: [美妆（美妆）] | 日期: 2026-03-16 | 来源: https://github.com/zzzz0317/beijing-unicom-iptv-playlist/raw/refs/heads/main/epg.xml
频道: [美妆（美妆）] | 日期: 2026-03-17 | 来源: https://github.com/zzzz0317/beijing-unicom-iptv-playlist/raw/refs/heads/main/epg.xml
频道: [羽球精品赛事（羽球精品赛事）] | 日期: 2026-03-15 | 来源: https://liliu.serv00.net/epg/download.php?type=xml
频道: [羽球精品赛事（羽球精品赛事）] | 日期: 2026-03-16 | 来源: https://liliu.serv00.net/epg/download.php?type=xml
频道: [翡翠台（翡翠台）] | 日期: 2026-03-14 | 来源: http://epg.cdn.loc.cc/xml
频道: [翡翠台（翡翠台）] | 日期: 2026-03-15 | 来源: http://epg.cdn.loc.cc/xml
频道: [翡翠台（翡翠台）] | 日期: 2026-03-16 | 来源: http://epg.cdn.loc.cc/xml
频道: [翡翠台（翡翠台）] | 日期: 2026-03-17 | 来源: http://epg.cdn.loc.cc/xml
频道: [翡翠台（翡翠台）] | 日期: 2026-03-18 | 来源: http://epg.cdn.loc.cc/xml
频道: [翡翠台（翡翠台）] | 日期: 2026-03-19 | 来源: http://epg.cdn.loc.cc/xml
频道: [翡翠台（翡翠台）] | 日期: 2026-03-20 | 来源: http://epg.cdn.loc.cc/xml
频道: [翡翠台（翡翠台）] | 日期: 2026-03-21 | 来源: http://epg.cdn.loc.cc/xml
频道: [翡翠台（翡翠台）] | 日期: 2026-03-22 | 来源: http://epg.cdn.loc.cc/xml
频道: [翡翠台（翡翠台）] | 日期: 2026-03-23 | 来源: http://epg.cdn.loc.cc/xml
频道: [老故事（老故事）] | 日期: 2026-03-14 | 来源: https://github.com/zzzz0317/beijing-unicom-iptv-playlist/raw/refs/heads/main/epg.xml
频道: [老故事（老故事）] | 日期: 2026-03-15 | 来源: http://epg.51zmt.top:8000/e1.xml.gz
频道: [老故事（老故事）] | 日期: 2026-03-16 | 来源: https://github.com/plsy1/epg/raw/refs/heads/main/e/seven-days.xml.gz
频道: [老故事（老故事）] | 日期: 2026-03-17 | 来源: https://github.com/litiande03/epg/raw/refs/heads/master/pl.xml.gz
频道: [老故事（老故事）] | 日期: 2026-03-18 | 来源: https://github.com/zzzz0317/beijing-unicom-iptv-playlist/raw/refs/heads/main/epg.xml
频道: [老故事（老故事）] | 日期: 2026-03-19 | 来源: https://github.com/zzzz0317/beijing-unicom-iptv-playlist/raw/refs/heads/main/epg.xml
频道: [老故事（老故事）] | 日期: 2026-03-20 | 来源: https://github.com/zzzz0317/beijing-unicom-iptv-playlist/raw/refs/heads/main/epg.xml
频道: [老故事（老故事）] | 日期: 2026-03-21 | 来源: https://github.com/zzzz0317/beijing-unicom-iptv-playlist/raw/refs/heads/main/epg.xml
频道: [老故事（老故事）] | 日期: 2026-03-22 | 来源: https://github.com/zzzz0317/beijing-unicom-iptv-playlist/raw/refs/heads/main/epg.xml
频道: [聚鲨环球（聚鲨环球）] | 日期: 2026-03-14 | 来源: https://github.com/zzzz0317/beijing-unicom-iptv-playlist/raw/refs/heads/main/epg.xml
频道: [聚鲨环球（聚鲨环球）] | 日期: 2026-03-15 | 来源: https://github.com/zzzz0317/beijing-unicom-iptv-playlist/raw/refs/heads/main/epg.xml
频道: [聚鲨环球（聚鲨环球）] | 日期: 2026-03-16 | 来源: https://github.com/zzzz0317/beijing-unicom-iptv-playlist/raw/refs/heads/main/epg.xml
频道: [聚鲨环球（聚鲨环球）] | 日期: 2026-03-17 | 来源: https://github.com/zzzz0317/beijing-unicom-iptv-playlist/raw/refs/heads/main/epg.xml
频道: [聚鲨环球（聚鲨环球）] | 日期: 2026-03-18 | 来源: https://github.com/zzzz0317/beijing-unicom-iptv-playlist/raw/refs/heads/main/epg.xml
频道: [聚鲨环球（聚鲨环球）] | 日期: 2026-03-19 | 来源: https://github.com/zzzz0317/beijing-unicom-iptv-playlist/raw/refs/heads/main/epg.xml
频道: [聚鲨环球（聚鲨环球）] | 日期: 2026-03-20 | 来源: https://github.com/zzzz0317/beijing-unicom-iptv-playlist/raw/refs/heads/main/epg.xml
频道: [聚鲨环球（聚鲨环球）] | 日期: 2026-03-21 | 来源: https://github.com/zzzz0317/beijing-unicom-iptv-playlist/raw/refs/heads/main/epg.xml
频道: [聚鲨环球（聚鲨环球）] | 日期: 2026-03-22 | 来源: https://github.com/zzzz0317/beijing-unicom-iptv-playlist/raw/refs/heads/main/epg.xml
频道: [聚鲨环球精选（聚鲨环球精选）] | 日期: 2026-03-14 | 来源: https://github.com/zzzz0317/beijing-unicom-iptv-playlist/raw/refs/heads/main/epg.xml
频道: [聚鲨环球精选（聚鲨环球精选）] | 日期: 2026-03-15 | 来源: https://github.com/zzzz0317/beijing-unicom-iptv-playlist/raw/refs/heads/main/epg.xml
频道: [聚鲨环球精选（聚鲨环球精选）] | 日期: 2026-03-16 | 来源: https://github.com/zzzz0317/beijing-unicom-iptv-playlist/raw/refs/heads/main/epg.xml
频道: [聚鲨环球精选（聚鲨环球精选）] | 日期: 2026-03-17 | 来源: https://github.com/zzzz0317/beijing-unicom-iptv-playlist/raw/refs/heads/main/epg.xml
频道: [聚鲨环球精选（聚鲨环球精选）] | 日期: 2026-03-18 | 来源: https://github.com/zzzz0317/beijing-unicom-iptv-playlist/raw/refs/heads/main/epg.xml
频道: [聚鲨环球精选（聚鲨环球精选）] | 日期: 2026-03-19 | 来源: https://github.com/zzzz0317/beijing-unicom-iptv-playlist/raw/refs/heads/main/epg.xml
频道: [聚鲨环球精选（聚鲨环球精选）] | 日期: 2026-03-20 | 来源: https://github.com/zzzz0317/beijing-unicom-iptv-playlist/raw/refs/heads/main/epg.xml
频道: [聚鲨环球精选（聚鲨环球精选）] | 日期: 2026-03-21 | 来源: https://github.com/zzzz0317/beijing-unicom-iptv-playlist/raw/refs/heads/main/epg.xml
频道: [聚鲨环球精选（聚鲨环球精选）] | 日期: 2026-03-22 | 来源: https://github.com/zzzz0317/beijing-unicom-iptv-playlist/raw/refs/heads/main/epg.xml
频道: [肇庆新闻综合（肇庆新闻综合）] | 日期: 2026-03-15 | 来源: https://github.com/litiande03/epg/raw/refs/heads/master/pl.xml.gz
频道: [肇庆新闻综合（肇庆新闻综合）] | 日期: 2026-03-16 | 来源: https://github.com/litiande03/epg/raw/refs/heads/master/pl.xml.gz
频道: [肇庆新闻综合（肇庆新闻综合）] | 日期: 2026-03-17 | 来源: https://github.com/litiande03/epg/raw/refs/heads/master/pl.xml.gz
频道: [肇庆生活服务（肇庆生活服务）] | 日期: 2026-03-15 | 来源: https://github.com/litiande03/epg/raw/refs/heads/master/pl.xml.gz
频道: [肇庆生活服务（肇庆生活服务）] | 日期: 2026-03-16 | 来源: https://github.com/litiande03/epg/raw/refs/heads/master/pl.xml.gz
频道: [肇庆生活服务（肇庆生活服务）] | 日期: 2026-03-17 | 来源: https://github.com/litiande03/epg/raw/refs/heads/master/pl.xml.gz
频道: [苏州文化生活（苏州文化生活）] | 日期: 2026-03-14 | 来源: http://e.erw.cc/all.xml.gz
频道: [苏州文化生活（苏州文化生活）] | 日期: 2026-03-15 | 来源: http://e.erw.cc/all.xml.gz
频道: [苏州新闻综合（苏州新闻综合）] | 日期: 2026-03-14 | 来源: http://e.erw.cc/all.xml.gz
频道: [苏州新闻综合（苏州新闻综合）] | 日期: 2026-03-15 | 来源: http://e.erw.cc/all.xml.gz
频道: [苏州生活资讯（苏州生活资讯）] | 日期: 2026-03-14 | 来源: http://e.erw.cc/all.xml.gz
频道: [苏州生活资讯（苏州生活资讯）] | 日期: 2026-03-15 | 来源: http://e.erw.cc/all.xml.gz
频道: [苏州社会经济（苏州社会经济）] | 日期: 2026-03-14 | 来源: http://e.erw.cc/all.xml.gz
频道: [苏州社会经济（苏州社会经济）] | 日期: 2026-03-15 | 来源: http://e.erw.cc/all.xml.gz
频道: [茂名文化生活（茂名文化生活）] | 日期: 2026-03-15 | 来源: https://github.com/litiande03/epg/raw/refs/heads/master/pl.xml.gz
频道: [茂名文化生活（茂名文化生活）] | 日期: 2026-03-16 | 来源: https://github.com/litiande03/epg/raw/refs/heads/master/pl.xml.gz
频道: [茂名文化生活（茂名文化生活）] | 日期: 2026-03-17 | 来源: https://github.com/litiande03/epg/raw/refs/heads/master/pl.xml.gz
频道: [茂名综合（茂名综合）] | 日期: 2026-03-15 | 来源: https://github.com/litiande03/epg/raw/refs/heads/master/pl.xml.gz
频道: [茂名综合（茂名综合）] | 日期: 2026-03-16 | 来源: https://github.com/litiande03/epg/raw/refs/heads/master/pl.xml.gz
频道: [茂名综合（茂名综合）] | 日期: 2026-03-17 | 来源: https://github.com/litiande03/epg/raw/refs/heads/master/pl.xml.gz
频道: [茶（茶）] | 日期: 2026-03-14 | 来源: https://epg.deny.vip/sh/tel-epg.xml
频道: [茶（茶）] | 日期: 2026-03-15 | 来源: https://epg.136605.xyz/9days.xml
频道: [茶（茶）] | 日期: 2026-03-16 | 来源: https://epg.136605.xyz/9days.xml
频道: [茶（茶）] | 日期: 2026-03-17 | 来源: https://github.com/litiande03/epg/raw/refs/heads/master/pl.xml.gz
频道: [茶（茶）] | 日期: 2026-03-18 | 来源: https://github.com/zzzz0317/beijing-unicom-iptv-playlist/raw/refs/heads/main/epg.xml
频道: [茶（茶）] | 日期: 2026-03-19 | 来源: https://github.com/zzzz0317/beijing-unicom-iptv-playlist/raw/refs/heads/main/epg.xml
频道: [茶（茶）] | 日期: 2026-03-20 | 来源: https://github.com/zzzz0317/beijing-unicom-iptv-playlist/raw/refs/heads/main/epg.xml
频道: [茶（茶）] | 日期: 2026-03-21 | 来源: https://github.com/zzzz0317/beijing-unicom-iptv-playlist/raw/refs/heads/main/epg.xml
频道: [茶（茶）] | 日期: 2026-03-22 | 来源: https://github.com/zzzz0317/beijing-unicom-iptv-playlist/raw/refs/heads/main/epg.xml
频道: [萌宠TV（萌宠TV）] | 日期: 2026-03-14 | 来源: https://github.com/zzzz0317/beijing-unicom-iptv-playlist/raw/refs/heads/main/epg.xml
频道: [萌宠TV（萌宠TV）] | 日期: 2026-03-15 | 来源: http://e.erw.cc/all.xml.gz
频道: [萌宠TV（萌宠TV）] | 日期: 2026-03-16 | 来源: https://github.com/zzzz0317/beijing-unicom-iptv-playlist/raw/refs/heads/main/epg.xml
频道: [蒙语卫视（蒙语卫视）] | 日期: 2026-03-15 | 来源: http://e.erw.cc/all.xml.gz
频道: [藏语卫视（藏语卫视）] | 日期: 2026-03-15 | 来源: http://e.erw.cc/all.xml.gz
频道: [西安丝路（西安丝路）] | 日期: 2026-03-15 | 来源: http://e.erw.cc/all.xml.gz
频道: [西安商务资讯（西安商务资讯）] | 日期: 2026-03-15 | 来源: http://e.erw.cc/all.xml.gz
频道: [西安影视（西安影视）] | 日期: 2026-03-15 | 来源: http://e.erw.cc/all.xml.gz
频道: [西安新闻综合（西安新闻综合）] | 日期: 2026-03-15 | 来源: http://e.erw.cc/all.xml.gz
频道: [西安都市（西安都市）] | 日期: 2026-03-15 | 来源: http://e.erw.cc/all.xml.gz
频道: [西湖明珠（西湖明珠）] | 日期: 2026-03-15 | 来源: http://e.erw.cc/all.xml.gz
频道: [西藏卫视（西藏卫视）] | 日期: 2026-03-14 | 来源: https://epg.136605.xyz/9days.xml
频道: [西藏卫视（西藏卫视）] | 日期: 2026-03-15 | 来源: https://epg.deny.vip/sh/tel-epg.xml
频道: [西藏卫视（西藏卫视）] | 日期: 2026-03-16 | 来源: https://epg.deny.vip/sh/tel-epg.xml
频道: [西藏卫视（西藏卫视）] | 日期: 2026-03-17 | 来源: https://github.com/zzzz0317/beijing-unicom-iptv-playlist/raw/refs/heads/main/epg.xml
频道: [西藏卫视（西藏卫视）] | 日期: 2026-03-18 | 来源: https://github.com/zzzz0317/beijing-unicom-iptv-playlist/raw/refs/heads/main/epg.xml
频道: [西藏影视文化（西藏影视文化）] | 日期: 2026-03-15 | 来源: http://e.erw.cc/all.xml.gz
频道: [观众票选-追剧马拉松（观众票选-追剧马拉松）] | 日期: 2026-03-14 | 来源: http://epg.cdn.loc.cc/xml
频道: [观众票选-追剧马拉松（观众票选-追剧马拉松）] | 日期: 2026-03-15 | 来源: http://epg.cdn.loc.cc/xml
频道: [观众票选-追剧马拉松（观众票选-追剧马拉松）] | 日期: 2026-03-16 | 来源: http://epg.cdn.loc.cc/xml
频道: [观众票选-追剧马拉松（观众票选-追剧马拉松）] | 日期: 2026-03-17 | 来源: http://epg.cdn.loc.cc/xml
频道: [观众票选-追剧马拉松（观众票选-追剧马拉松）] | 日期: 2026-03-18 | 来源: http://epg.cdn.loc.cc/xml
频道: [观众票选-追剧马拉松（观众票选-追剧马拉松）] | 日期: 2026-03-19 | 来源: http://epg.cdn.loc.cc/xml
频道: [观众票选-追剧马拉松（观众票选-追剧马拉松）] | 日期: 2026-03-20 | 来源: http://epg.cdn.loc.cc/xml
频道: [观众票选-追剧马拉松（观众票选-追剧马拉松）] | 日期: 2026-03-21 | 来源: http://epg.cdn.loc.cc/xml
频道: [观众票选-追剧马拉松（观众票选-追剧马拉松）] | 日期: 2026-03-22 | 来源: http://epg.cdn.loc.cc/xml
频道: [观众票选-追剧马拉松（观众票选-追剧马拉松）] | 日期: 2026-03-23 | 来源: http://epg.cdn.loc.cc/xml
频道: [视纳华仁纪实频道（视纳华仁纪实频道）] | 日期: 2026-03-15 | 来源: https://github.com/litiande03/epg/raw/refs/heads/master/pl.xml.gz
频道: [视纳华仁纪实频道（视纳华仁纪实频道）] | 日期: 2026-03-16 | 来源: https://github.com/litiande03/epg/raw/refs/heads/master/pl.xml.gz
频道: [视纳华仁纪实频道（视纳华仁纪实频道）] | 日期: 2026-03-17 | 来源: https://github.com/litiande03/epg/raw/refs/heads/master/pl.xml.gz
频道: [解密（解密）] | 日期: 2026-03-15 | 来源: https://github.com/zzzz0317/beijing-unicom-iptv-playlist/raw/refs/heads/main/epg.xml
频道: [解密（解密）] | 日期: 2026-03-16 | 来源: https://github.com/zzzz0317/beijing-unicom-iptv-playlist/raw/refs/heads/main/epg.xml
频道: [解密（解密）] | 日期: 2026-03-17 | 来源: https://github.com/zzzz0317/beijing-unicom-iptv-playlist/raw/refs/heads/main/epg.xml
频道: [证券资讯（证券资讯）] | 日期: 2026-03-15 | 来源: http://epg.51zmt.top:8000/e1.xml.gz
频道: [谍战剧场（谍战剧场）] | 日期: 2026-03-15 | 来源: https://liliu.serv00.net/epg/download.php?type=xml
频道: [谍战剧场（谍战剧场）] | 日期: 2026-03-16 | 来源: https://liliu.serv00.net/epg/download.php?type=xml
频道: [谍战剧场专区（谍战剧场专区）] | 日期: 2026-03-15 | 来源: https://github.com/mytv-android/SCTV_EPG/raw/refs/heads/main/epg.xml
频道: [谍战大剧（谍战大剧）] | 日期: 2026-03-15 | 来源: http://e.erw.cc/all.xml.gz
频道: [财富天下（财富天下）] | 日期: 2026-03-14 | 来源: https://epg.deny.vip/sh/tel-epg.xml
频道: [财富天下（财富天下）] | 日期: 2026-03-15 | 来源: https://epg.deny.vip/sh/tel-epg.xml
频道: [财富天下（财富天下）] | 日期: 2026-03-16 | 来源: https://epg.deny.vip/sh/tel-epg.xml
频道: [贵州公共（贵州公共）] | 日期: 2026-03-15 | 来源: http://e.erw.cc/all.xml.gz
频道: [贵州卫视（贵州卫视）] | 日期: 2026-03-14 | 来源: https://epg.deny.vip/sh/tel-epg.xml
频道: [贵州卫视（贵州卫视）] | 日期: 2026-03-15 | 来源: https://epg.136605.xyz/9days.xml
频道: [贵州卫视（贵州卫视）] | 日期: 2026-03-16 | 来源: https://epg.136605.xyz/9days.xml
频道: [贵州卫视（贵州卫视）] | 日期: 2026-03-17 | 来源: https://epg.136605.xyz/9days.xml
频道: [贵州卫视（贵州卫视）] | 日期: 2026-03-18 | 来源: https://github.com/zzzz0317/beijing-unicom-iptv-playlist/raw/refs/heads/main/epg.xml
频道: [贵州大众（贵州大众）] | 日期: 2026-03-15 | 来源: http://epg.51zmt.top:8000/e1.xml.gz
频道: [贵州大众生活（贵州大众生活）] | 日期: 2026-03-15 | 来源: http://e.erw.cc/all.xml.gz
频道: [贵州影视（贵州影视）] | 日期: 2026-03-15 | 来源: http://epg.51zmt.top:8000/e1.xml.gz
频道: [贵州影视文艺（贵州影视文艺）] | 日期: 2026-03-15 | 来源: http://e.erw.cc/all.xml.gz
频道: [贵州法制（贵州法制）] | 日期: 2026-03-15 | 来源: http://e.erw.cc/all.xml.gz
频道: [贵州生态（贵州生态）] | 日期: 2026-03-15 | 来源: http://epg.51zmt.top:8000/e1.xml.gz
频道: [贵州科教（贵州科教）] | 日期: 2026-03-15 | 来源: http://epg.51zmt.top:8000/e1.xml.gz
频道: [贵州科教健康（贵州科教健康）] | 日期: 2026-03-15 | 来源: http://e.erw.cc/all.xml.gz
频道: [赣榆综合（赣榆综合）] | 日期: 2026-03-14 | 来源: https://epg.136605.xyz/9days.xml
频道: [赣榆综合（赣榆综合）] | 日期: 2026-03-15 | 来源: https://epg.136605.xyz/9days.xml
频道: [赣榆综合（赣榆综合）] | 日期: 2026-03-16 | 来源: https://epg.136605.xyz/9days.xml
频道: [超级体育（超级体育）] | 日期: 2026-03-15 | 来源: http://e.erw.cc/all.xml.gz
频道: [超级电影（超级电影）] | 日期: 2026-03-15 | 来源: http://e.erw.cc/all.xml.gz
频道: [超级电视剧（超级电视剧）] | 日期: 2026-03-15 | 来源: http://e.erw.cc/all.xml.gz
频道: [超级综艺（超级综艺）] | 日期: 2026-03-15 | 来源: http://e.erw.cc/all.xml.gz
频道: [足球（足球）] | 日期: 2026-03-15 | 来源: https://github.com/zzzz0317/beijing-unicom-iptv-playlist/raw/refs/heads/main/epg.xml
频道: [足球（足球）] | 日期: 2026-03-16 | 来源: https://github.com/zzzz0317/beijing-unicom-iptv-playlist/raw/refs/heads/main/epg.xml
频道: [足球（足球）] | 日期: 2026-03-17 | 来源: https://github.com/zzzz0317/beijing-unicom-iptv-playlist/raw/refs/heads/main/epg.xml
频道: [车迷TV（车迷TV）] | 日期: 2026-03-15 | 来源: https://github.com/litiande03/epg/raw/refs/heads/master/pl.xml.gz
频道: [车迷TV（车迷TV）] | 日期: 2026-03-16 | 来源: https://github.com/litiande03/epg/raw/refs/heads/master/pl.xml.gz
频道: [车迷TV（车迷TV）] | 日期: 2026-03-17 | 来源: https://github.com/litiande03/epg/raw/refs/heads/master/pl.xml.gz
频道: [车迷TV（车迷TV）] | 日期: 2026-03-18 | 来源: https://github.com/litiande03/epg/raw/refs/heads/master/pl.xml.gz
频道: [辽宁体育（辽宁体育）] | 日期: 2026-03-15 | 来源: http://epg.51zmt.top:8000/e1.xml.gz
频道: [辽宁体育休闲（辽宁体育休闲）] | 日期: 2026-03-15 | 来源: http://e.erw.cc/all.xml.gz
频道: [辽宁公共（辽宁公共）] | 日期: 2026-03-15 | 来源: http://e.erw.cc/all.xml.gz
频道: [辽宁北方（辽宁北方）] | 日期: 2026-03-15 | 来源: http://e.erw.cc/all.xml.gz
频道: [辽宁卫视（辽宁卫视）] | 日期: 2026-03-14 | 来源: https://epg.136605.xyz/9days.xml
频道: [辽宁卫视（辽宁卫视）] | 日期: 2026-03-15 | 来源: https://epg.136605.xyz/9days.xml
频道: [辽宁卫视（辽宁卫视）] | 日期: 2026-03-16 | 来源: https://epg.136605.xyz/9days.xml
频道: [辽宁卫视（辽宁卫视）] | 日期: 2026-03-17 | 来源: https://epg.136605.xyz/9days.xml
频道: [辽宁卫视（辽宁卫视）] | 日期: 2026-03-18 | 来源: https://github.com/zzzz0317/beijing-unicom-iptv-playlist/raw/refs/heads/main/epg.xml
频道: [辽宁影视剧（辽宁影视剧）] | 日期: 2026-03-15 | 来源: http://e.erw.cc/all.xml.gz
频道: [辽宁教育青少（辽宁教育青少）] | 日期: 2026-03-15 | 来源: http://e.erw.cc/all.xml.gz
频道: [辽宁生活（辽宁生活）] | 日期: 2026-03-15 | 来源: http://epg.51zmt.top:8000/e1.xml.gz
频道: [辽宁经济（辽宁经济）] | 日期: 2026-03-15 | 来源: http://e.erw.cc/all.xml.gz
频道: [辽宁都市（辽宁都市）] | 日期: 2026-03-15 | 来源: http://e.erw.cc/all.xml.gz
频道: [辽宁青少（辽宁青少）] | 日期: 2026-03-15 | 来源: http://epg.51zmt.top:8000/e1.xml.gz
频道: [达文西频道（达文西频道）] | 日期: 2026-03-15 | 来源: http://epg.cdn.loc.cc/xml
频道: [达文西频道（达文西频道）] | 日期: 2026-03-16 | 来源: http://epg.cdn.loc.cc/xml
频道: [达文西频道（达文西频道）] | 日期: 2026-03-17 | 来源: http://epg.cdn.loc.cc/xml
频道: [达文西频道（达文西频道）] | 日期: 2026-03-18 | 来源: http://epg.cdn.loc.cc/xml
频道: [达文西频道（达文西频道）] | 日期: 2026-03-19 | 来源: http://epg.cdn.loc.cc/xml
频道: [达文西频道（达文西频道）] | 日期: 2026-03-20 | 来源: http://epg.cdn.loc.cc/xml
频道: [达文西频道（达文西频道）] | 日期: 2026-03-21 | 来源: http://epg.cdn.loc.cc/xml
频道: [连云港公共频道（连云港公共频道）] | 日期: 2026-03-14 | 来源: https://epg.136605.xyz/9days.xml
频道: [连云港公共频道（连云港公共频道）] | 日期: 2026-03-15 | 来源: https://epg.136605.xyz/9days.xml
频道: [连云港公共频道（连云港公共频道）] | 日期: 2026-03-16 | 来源: https://epg.136605.xyz/9days.xml
频道: [连云港公共频道（连云港公共频道）] | 日期: 2026-03-17 | 来源: https://epg.136605.xyz/9days.xml
频道: [连云港新闻综合（连云港新闻综合）] | 日期: 2026-03-14 | 来源: https://epg.136605.xyz/9days.xml
频道: [连云港新闻综合（连云港新闻综合）] | 日期: 2026-03-15 | 来源: https://epg.136605.xyz/9days.xml
频道: [连云港新闻综合（连云港新闻综合）] | 日期: 2026-03-16 | 来源: https://epg.136605.xyz/9days.xml
频道: [连云港新闻综合（连云港新闻综合）] | 日期: 2026-03-17 | 来源: https://epg.136605.xyz/9days.xml
频道: [邳州综合（邳州综合）] | 日期: 2026-03-14 | 来源: https://epg.136605.xyz/9days.xml
频道: [邳州综合（邳州综合）] | 日期: 2026-03-15 | 来源: https://epg.136605.xyz/9days.xml
频道: [邳州综合（邳州综合）] | 日期: 2026-03-16 | 来源: https://epg.136605.xyz/9days.xml
频道: [都市剧场（都市剧场）] | 日期: 2026-03-14 | 来源: https://github.com/plsy1/epg/raw/refs/heads/main/e/seven-days.xml.gz
频道: [都市剧场（都市剧场）] | 日期: 2026-03-15 | 来源: https://epg.deny.vip/sh/tel-epg.xml
频道: [都市剧场（都市剧场）] | 日期: 2026-03-16 | 来源: https://epg.deny.vip/sh/tel-epg.xml
频道: [都市频道（都市频道）] | 日期: 2026-03-14 | 来源: https://epg.deny.vip/sh/tel-epg.xml
频道: [都市频道（都市频道）] | 日期: 2026-03-15 | 来源: https://epg.deny.vip/sh/tel-epg.xml
频道: [都市频道（都市频道）] | 日期: 2026-03-16 | 来源: https://epg.deny.vip/sh/tel-epg.xml
频道: [采昌影剧（采昌影剧）] | 日期: 2026-03-15 | 来源: https://github.com/litiande03/epg/raw/refs/heads/master/pl.xml.gz
频道: [采昌影剧（采昌影剧）] | 日期: 2026-03-16 | 来源: https://github.com/litiande03/epg/raw/refs/heads/master/pl.xml.gz
频道: [采昌影剧（采昌影剧）] | 日期: 2026-03-17 | 来源: https://github.com/litiande03/epg/raw/refs/heads/master/pl.xml.gz
频道: [采昌影剧（采昌影剧）] | 日期: 2026-03-18 | 来源: https://github.com/litiande03/epg/raw/refs/heads/master/pl.xml.gz
频道: [采昌影剧台（采昌影剧台）] | 日期: 2026-03-15 | 来源: http://epg.cdn.loc.cc/xml
频道: [采昌影剧台（采昌影剧台）] | 日期: 2026-03-16 | 来源: http://epg.cdn.loc.cc/xml
频道: [采昌影剧台（采昌影剧台）] | 日期: 2026-03-17 | 来源: http://epg.cdn.loc.cc/xml
频道: [采昌影剧台（采昌影剧台）] | 日期: 2026-03-18 | 来源: http://epg.cdn.loc.cc/xml
频道: [采昌影剧台（采昌影剧台）] | 日期: 2026-03-19 | 来源: http://epg.cdn.loc.cc/xml
频道: [采昌影剧台（采昌影剧台）] | 日期: 2026-03-20 | 来源: http://epg.cdn.loc.cc/xml
频道: [采昌影剧台（采昌影剧台）] | 日期: 2026-03-21 | 来源: http://epg.cdn.loc.cc/xml
频道: [重庆党员教育（重庆党员教育）] | 日期: 2026-03-15 | 来源: http://e.erw.cc/all.xml.gz
频道: [重庆卫视（重庆卫视）] | 日期: 2026-03-14 | 来源: https://epg.deny.vip/sh/tel-epg.xml
频道: [重庆卫视（重庆卫视）] | 日期: 2026-03-15 | 来源: https://epg.deny.vip/sh/tel-epg.xml
频道: [重庆卫视（重庆卫视）] | 日期: 2026-03-16 | 来源: https://epg.deny.vip/sh/tel-epg.xml
频道: [重庆卫视（重庆卫视）] | 日期: 2026-03-17 | 来源: https://epg.136605.xyz/9days.xml
频道: [重庆卫视（重庆卫视）] | 日期: 2026-03-18 | 来源: https://github.com/zzzz0317/beijing-unicom-iptv-playlist/raw/refs/heads/main/epg.xml
频道: [重庆少儿（重庆少儿）] | 日期: 2026-03-15 | 来源: http://epg.51zmt.top:8000/e1.xml.gz
频道: [重庆影视（重庆影视）] | 日期: 2026-03-15 | 来源: http://epg.51zmt.top:8000/e1.xml.gz
频道: [重庆影视剧（重庆影视剧）] | 日期: 2026-03-15 | 来源: http://e.erw.cc/all.xml.gz
频道: [重庆文体娱乐（重庆文体娱乐）] | 日期: 2026-03-15 | 来源: http://e.erw.cc/all.xml.gz
频道: [重庆新农村（重庆新农村）] | 日期: 2026-03-15 | 来源: http://e.erw.cc/all.xml.gz
频道: [重庆新闻（重庆新闻）] | 日期: 2026-03-15 | 来源: http://e.erw.cc/all.xml.gz
频道: [重庆社会与法（重庆社会与法）] | 日期: 2026-03-15 | 来源: http://e.erw.cc/all.xml.gz
频道: [重庆移动（重庆移动）] | 日期: 2026-03-15 | 来源: http://e.erw.cc/all.xml.gz
频道: [重庆红叶（重庆红叶）] | 日期: 2026-03-15 | 来源: http://e.erw.cc/all.xml.gz
频道: [重庆红岩文化（重庆红岩文化）] | 日期: 2026-03-15 | 来源: http://e.erw.cc/all.xml.gz
频道: [金光布袋戏（金光布袋戏）] | 日期: 2026-03-15 | 来源: http://epg.cdn.loc.cc/xml
频道: [金光布袋戏（金光布袋戏）] | 日期: 2026-03-16 | 来源: https://github.com/litiande03/epg/raw/refs/heads/master/pl.xml.gz
频道: [金光布袋戏（金光布袋戏）] | 日期: 2026-03-17 | 来源: https://github.com/litiande03/epg/raw/refs/heads/master/pl.xml.gz
频道: [金光布袋戏（金光布袋戏）] | 日期: 2026-03-18 | 来源: http://epg.cdn.loc.cc/xml
频道: [金光布袋戏（金光布袋戏）] | 日期: 2026-03-19 | 来源: http://epg.cdn.loc.cc/xml
频道: [金光布袋戏（金光布袋戏）] | 日期: 2026-03-20 | 来源: http://epg.cdn.loc.cc/xml
频道: [金光布袋戏（金光布袋戏）] | 日期: 2026-03-21 | 来源: http://epg.cdn.loc.cc/xml
频道: [金牌综艺（金牌综艺）] | 日期: 2026-03-14 | 来源: https://epg.136605.xyz/9days.xml
频道: [金牌综艺（金牌综艺）] | 日期: 2026-03-15 | 来源: https://liliu.serv00.net/epg/download.php?type=xml
频道: [金牌综艺（金牌综艺）] | 日期: 2026-03-16 | 来源: https://epg.136605.xyz/9days.xml
频道: [金牌综艺（金牌综艺）] | 日期: 2026-03-17 | 来源: https://epg.136605.xyz/9days.xml
频道: [金色（金色）] | 日期: 2026-03-15 | 来源: http://epg.51zmt.top:8000/e1.xml.gz
频道: [金色学堂（金色学堂）] | 日期: 2026-03-14 | 来源: https://epg.deny.vip/sh/tel-epg.xml
频道: [金色学堂（金色学堂）] | 日期: 2026-03-15 | 来源: https://epg.deny.vip/sh/tel-epg.xml
频道: [金色学堂（金色学堂）] | 日期: 2026-03-16 | 来源: https://epg.deny.vip/sh/tel-epg.xml
频道: [金鹰卡通（金鹰卡通）] | 日期: 2026-03-14 | 来源: https://epg.deny.vip/sh/tel-epg.xml
频道: [金鹰卡通（金鹰卡通）] | 日期: 2026-03-15 | 来源: https://epg.136605.xyz/9days.xml
频道: [金鹰卡通（金鹰卡通）] | 日期: 2026-03-16 | 来源: https://epg.deny.vip/sh/tel-epg.xml
频道: [金鹰卡通（金鹰卡通）] | 日期: 2026-03-17 | 来源: https://github.com/zzzz0317/beijing-unicom-iptv-playlist/raw/refs/heads/main/epg.xml
频道: [金鹰卡通（金鹰卡通）] | 日期: 2026-03-18 | 来源: https://github.com/zzzz0317/beijing-unicom-iptv-playlist/raw/refs/heads/main/epg.xml
频道: [金鹰纪实（金鹰纪实）] | 日期: 2026-03-14 | 来源: https://epg.deny.vip/sh/tel-epg.xml
频道: [金鹰纪实（金鹰纪实）] | 日期: 2026-03-15 | 来源: https://epg.136605.xyz/9days.xml
频道: [金鹰纪实（金鹰纪实）] | 日期: 2026-03-16 | 来源: https://github.com/zzzz0317/beijing-unicom-iptv-playlist/raw/refs/heads/main/epg.xml
频道: [金鹰纪实（金鹰纪实）] | 日期: 2026-03-17 | 来源: https://github.com/zzzz0317/beijing-unicom-iptv-playlist/raw/refs/heads/main/epg.xml
频道: [金鹰纪实（金鹰纪实）] | 日期: 2026-03-18 | 来源: https://github.com/zzzz0317/beijing-unicom-iptv-playlist/raw/refs/heads/main/epg.xml
频道: [鉴赏（鉴赏）] | 日期: 2026-03-15 | 来源: https://github.com/zzzz0317/beijing-unicom-iptv-playlist/raw/refs/heads/main/epg.xml
频道: [鉴赏（鉴赏）] | 日期: 2026-03-16 | 来源: https://github.com/zzzz0317/beijing-unicom-iptv-playlist/raw/refs/heads/main/epg.xml
频道: [鉴赏（鉴赏）] | 日期: 2026-03-17 | 来源: https://github.com/zzzz0317/beijing-unicom-iptv-playlist/raw/refs/heads/main/epg.xml
频道: [钱江都市（钱江都市）] | 日期: 2026-03-15 | 来源: http://e.erw.cc/all.xml.gz
频道: [铜山1（铜山1）] | 日期: 2026-03-14 | 来源: https://epg.136605.xyz/9days.xml
频道: [铜山1（铜山1）] | 日期: 2026-03-15 | 来源: https://epg.136605.xyz/9days.xml
频道: [铜山1（铜山1）] | 日期: 2026-03-16 | 来源: https://epg.136605.xyz/9days.xml
频道: [铜山2（铜山2）] | 日期: 2026-03-14 | 来源: https://epg.136605.xyz/9days.xml
频道: [铜山2（铜山2）] | 日期: 2026-03-15 | 来源: https://epg.136605.xyz/9days.xml
频道: [铜山2（铜山2）] | 日期: 2026-03-16 | 来源: https://epg.136605.xyz/9days.xml
频道: [铜山3（铜山3）] | 日期: 2026-03-14 | 来源: https://epg.136605.xyz/9days.xml
频道: [铜山3（铜山3）] | 日期: 2026-03-15 | 来源: https://epg.136605.xyz/9days.xml
频道: [铜山3（铜山3）] | 日期: 2026-03-16 | 来源: https://epg.136605.xyz/9days.xml
频道: [铜山4（铜山4）] | 日期: 2026-03-14 | 来源: https://epg.136605.xyz/9days.xml
频道: [铜山4（铜山4）] | 日期: 2026-03-15 | 来源: https://epg.136605.xyz/9days.xml
频道: [铜山4（铜山4）] | 日期: 2026-03-16 | 来源: https://epg.136605.xyz/9days.xml
频道: [镇江1（镇江1）] | 日期: 2026-03-14 | 来源: https://epg.136605.xyz/9days.xml
频道: [镇江1（镇江1）] | 日期: 2026-03-15 | 来源: https://epg.136605.xyz/9days.xml
频道: [镇江1（镇江1）] | 日期: 2026-03-16 | 来源: https://epg.136605.xyz/9days.xml
频道: [镇江2（镇江2）] | 日期: 2026-03-14 | 来源: https://epg.136605.xyz/9days.xml
频道: [镇江2（镇江2）] | 日期: 2026-03-15 | 来源: https://epg.136605.xyz/9days.xml
频道: [镇江2（镇江2）] | 日期: 2026-03-16 | 来源: https://epg.136605.xyz/9days.xml
频道: [镜电视新闻台（镜电视新闻台）] | 日期: 2026-03-15 | 来源: http://epg.cdn.loc.cc/xml
频道: [镜电视新闻台（镜电视新闻台）] | 日期: 2026-03-16 | 来源: http://epg.cdn.loc.cc/xml
频道: [镜电视新闻台（镜电视新闻台）] | 日期: 2026-03-17 | 来源: http://epg.cdn.loc.cc/xml
频道: [镜电视新闻台（镜电视新闻台）] | 日期: 2026-03-18 | 来源: http://epg.cdn.loc.cc/xml
频道: [镜电视新闻台（镜电视新闻台）] | 日期: 2026-03-19 | 来源: http://epg.cdn.loc.cc/xml
频道: [镜电视新闻台（镜电视新闻台）] | 日期: 2026-03-20 | 来源: http://epg.cdn.loc.cc/xml
频道: [镜电视新闻台（镜电视新闻台）] | 日期: 2026-03-21 | 来源: http://epg.cdn.loc.cc/xml
频道: [阳江-1（阳江-1）] | 日期: 2026-03-15 | 来源: https://github.com/litiande03/epg/raw/refs/heads/master/pl.xml.gz
频道: [阳江-1（阳江-1）] | 日期: 2026-03-16 | 来源: https://github.com/litiande03/epg/raw/refs/heads/master/pl.xml.gz
频道: [阳江-1（阳江-1）] | 日期: 2026-03-17 | 来源: https://github.com/litiande03/epg/raw/refs/heads/master/pl.xml.gz
频道: [阳江-1（阳江-1）] | 日期: 2026-03-18 | 来源: https://github.com/litiande03/epg/raw/refs/heads/master/pl.xml.gz
频道: [阳江-2（阳江-2）] | 日期: 2026-03-15 | 来源: https://github.com/litiande03/epg/raw/refs/heads/master/pl.xml.gz
频道: [阳江-2（阳江-2）] | 日期: 2026-03-16 | 来源: https://github.com/litiande03/epg/raw/refs/heads/master/pl.xml.gz
频道: [阳江-2（阳江-2）] | 日期: 2026-03-17 | 来源: https://github.com/litiande03/epg/raw/refs/heads/master/pl.xml.gz
频道: [阳江-2（阳江-2）] | 日期: 2026-03-18 | 来源: https://github.com/litiande03/epg/raw/refs/heads/master/pl.xml.gz
频道: [陕西体育（陕西体育）] | 日期: 2026-03-15 | 来源: http://epg.51zmt.top:8000/e1.xml.gz
频道: [陕西体育休闲（陕西体育休闲）] | 日期: 2026-03-15 | 来源: http://e.erw.cc/all.xml.gz
频道: [陕西卫视（陕西卫视）] | 日期: 2026-03-14 | 来源: https://epg.136605.xyz/9days.xml
频道: [陕西卫视（陕西卫视）] | 日期: 2026-03-15 | 来源: https://epg.136605.xyz/9days.xml
频道: [陕西卫视（陕西卫视）] | 日期: 2026-03-16 | 来源: https://epg.136605.xyz/9days.xml
频道: [陕西卫视（陕西卫视）] | 日期: 2026-03-17 | 来源: https://epg.136605.xyz/9days.xml
频道: [陕西卫视（陕西卫视）] | 日期: 2026-03-18 | 来源: https://github.com/zzzz0317/beijing-unicom-iptv-playlist/raw/refs/heads/main/epg.xml
频道: [陕西新闻（陕西新闻）] | 日期: 2026-03-15 | 来源: http://epg.51zmt.top:8000/e1.xml.gz
频道: [陕西新闻资讯（陕西新闻资讯）] | 日期: 2026-03-15 | 来源: http://e.erw.cc/all.xml.gz
频道: [陕西秦腔（陕西秦腔）] | 日期: 2026-03-15 | 来源: http://e.erw.cc/all.xml.gz
频道: [陕西都市（陕西都市）] | 日期: 2026-03-15 | 来源: http://epg.51zmt.top:8000/e1.xml.gz
频道: [陕西都市青春（陕西都市青春）] | 日期: 2026-03-15 | 来源: http://e.erw.cc/all.xml.gz
频道: [陕西银龄（陕西银龄）] | 日期: 2026-03-15 | 来源: http://e.erw.cc/all.xml.gz
频道: [青岛影视（青岛影视）] | 日期: 2026-03-15 | 来源: http://e.erw.cc/all.xml.gz
频道: [青岛教育（青岛教育）] | 日期: 2026-03-15 | 来源: http://e.erw.cc/all.xml.gz
频道: [青岛新闻综合（青岛新闻综合）] | 日期: 2026-03-15 | 来源: http://e.erw.cc/all.xml.gz
频道: [青岛生活服务（青岛生活服务）] | 日期: 2026-03-15 | 来源: http://e.erw.cc/all.xml.gz
频道: [青岛财经资讯（青岛财经资讯）] | 日期: 2026-03-15 | 来源: http://e.erw.cc/all.xml.gz
频道: [青岛都市（青岛都市）] | 日期: 2026-03-15 | 来源: http://e.erw.cc/all.xml.gz
频道: [青春动漫专区（青春动漫专区）] | 日期: 2026-03-15 | 来源: https://github.com/mytv-android/SCTV_EPG/raw/refs/heads/main/epg.xml
频道: [青海卫视（青海卫视）] | 日期: 2026-03-14 | 来源: https://epg.deny.vip/sh/tel-epg.xml
频道: [青海卫视（青海卫视）] | 日期: 2026-03-15 | 来源: https://epg.136605.xyz/9days.xml
频道: [青海卫视（青海卫视）] | 日期: 2026-03-16 | 来源: https://epg.136605.xyz/9days.xml
频道: [青海卫视（青海卫视）] | 日期: 2026-03-17 | 来源: https://epg.136605.xyz/9days.xml
频道: [青海卫视（青海卫视）] | 日期: 2026-03-18 | 来源: https://epg.136605.xyz/9days.xml
频道: [青海经视（青海经视）] | 日期: 2026-03-15 | 来源: http://e.erw.cc/all.xml.gz
频道: [青海综合（青海综合）] | 日期: 2026-03-15 | 来源: http://e.erw.cc/all.xml.gz
频道: [青海都市（青海都市）] | 日期: 2026-03-15 | 来源: http://e.erw.cc/all.xml.gz
频道: [靖天中文台（靖天中文台）] | 日期: 2026-03-14 | 来源: http://epg.cdn.loc.cc/xml
频道: [靖天中文台（靖天中文台）] | 日期: 2026-03-15 | 来源: http://epg.cdn.loc.cc/xml
频道: [靖天中文台（靖天中文台）] | 日期: 2026-03-16 | 来源: http://epg.cdn.loc.cc/xml
频道: [靖天中文台（靖天中文台）] | 日期: 2026-03-17 | 来源: http://epg.cdn.loc.cc/xml
频道: [靖天中文台（靖天中文台）] | 日期: 2026-03-18 | 来源: http://epg.cdn.loc.cc/xml
频道: [靖天中文台（靖天中文台）] | 日期: 2026-03-19 | 来源: http://epg.cdn.loc.cc/xml
频道: [靖天中文台（靖天中文台）] | 日期: 2026-03-20 | 来源: http://epg.cdn.loc.cc/xml
频道: [靖天中文台（靖天中文台）] | 日期: 2026-03-21 | 来源: http://epg.cdn.loc.cc/xml
频道: [靖天卡通台（靖天卡通台）] | 日期: 2026-03-15 | 来源: https://github.com/litiande03/epg/raw/refs/heads/master/pl.xml.gz
频道: [靖天卡通台（靖天卡通台）] | 日期: 2026-03-16 | 来源: https://github.com/litiande03/epg/raw/refs/heads/master/pl.xml.gz
频道: [靖天卡通台（靖天卡通台）] | 日期: 2026-03-17 | 来源: https://github.com/litiande03/epg/raw/refs/heads/master/pl.xml.gz
频道: [靖天国际台（靖天国际台）] | 日期: 2026-03-15 | 来源: https://github.com/litiande03/epg/raw/refs/heads/master/pl.xml.gz
频道: [靖天国际台（靖天国际台）] | 日期: 2026-03-16 | 来源: https://github.com/litiande03/epg/raw/refs/heads/master/pl.xml.gz
频道: [靖天国际台（靖天国际台）] | 日期: 2026-03-17 | 来源: https://github.com/litiande03/epg/raw/refs/heads/master/pl.xml.gz
频道: [靖天戏剧（靖天戏剧）] | 日期: 2026-03-15 | 来源: https://github.com/litiande03/epg/raw/refs/heads/master/pl.xml.gz
频道: [靖天戏剧（靖天戏剧）] | 日期: 2026-03-16 | 来源: https://github.com/litiande03/epg/raw/refs/heads/master/pl.xml.gz
频道: [靖天戏剧（靖天戏剧）] | 日期: 2026-03-17 | 来源: https://github.com/litiande03/epg/raw/refs/heads/master/pl.xml.gz
频道: [靖天戏剧台（靖天戏剧台）] | 日期: 2026-03-14 | 来源: https://epg.136605.xyz/9days.xml
频道: [靖天戏剧台（靖天戏剧台）] | 日期: 2026-03-15 | 来源: https://epg.136605.xyz/9days.xml
频道: [靖天戏剧台（靖天戏剧台）] | 日期: 2026-03-16 | 来源: https://epg.136605.xyz/9days.xml
频道: [靖天戏剧台（靖天戏剧台）] | 日期: 2026-03-17 | 来源: https://epg.136605.xyz/9days.xml
频道: [靖天日本台（靖天日本台）] | 日期: 2026-03-15 | 来源: http://epg.cdn.loc.cc/xml
频道: [靖天日本台（靖天日本台）] | 日期: 2026-03-16 | 来源: http://epg.cdn.loc.cc/xml
频道: [靖天日本台（靖天日本台）] | 日期: 2026-03-17 | 来源: http://epg.cdn.loc.cc/xml
频道: [靖天日本台（靖天日本台）] | 日期: 2026-03-18 | 来源: http://epg.cdn.loc.cc/xml
频道: [靖天日本台（靖天日本台）] | 日期: 2026-03-19 | 来源: http://epg.cdn.loc.cc/xml
频道: [靖天日本台（靖天日本台）] | 日期: 2026-03-20 | 来源: http://epg.cdn.loc.cc/xml
频道: [靖天日本台（靖天日本台）] | 日期: 2026-03-21 | 来源: http://epg.cdn.loc.cc/xml
频道: [靖天映画（靖天映画）] | 日期: 2026-03-15 | 来源: https://github.com/litiande03/epg/raw/refs/heads/master/pl.xml.gz
频道: [靖天映画（靖天映画）] | 日期: 2026-03-16 | 来源: https://github.com/litiande03/epg/raw/refs/heads/master/pl.xml.gz
频道: [靖天映画（靖天映画）] | 日期: 2026-03-17 | 来源: https://github.com/litiande03/epg/raw/refs/heads/master/pl.xml.gz
频道: [靖天映画（靖天映画）] | 日期: 2026-03-18 | 来源: https://github.com/litiande03/epg/raw/refs/heads/master/pl.xml.gz
频道: [靖天映画台（靖天映画台）] | 日期: 2026-03-15 | 来源: https://github.com/litiande03/epg/raw/refs/heads/master/pl.xml.gz
频道: [靖天映画台（靖天映画台）] | 日期: 2026-03-16 | 来源: https://github.com/litiande03/epg/raw/refs/heads/master/pl.xml.gz
频道: [靖天映画台（靖天映画台）] | 日期: 2026-03-17 | 来源: https://github.com/litiande03/epg/raw/refs/heads/master/pl.xml.gz
频道: [靖天映画台（靖天映画台）] | 日期: 2026-03-18 | 来源: https://github.com/litiande03/epg/raw/refs/heads/master/pl.xml.gz
频道: [靖天电影（靖天电影）] | 日期: 2026-03-15 | 来源: https://github.com/litiande03/epg/raw/refs/heads/master/pl.xml.gz
频道: [靖天电影（靖天电影）] | 日期: 2026-03-16 | 来源: https://github.com/litiande03/epg/raw/refs/heads/master/pl.xml.gz
频道: [靖天电影（靖天电影）] | 日期: 2026-03-17 | 来源: https://github.com/litiande03/epg/raw/refs/heads/master/pl.xml.gz
频道: [靖天电影（靖天电影）] | 日期: 2026-03-18 | 来源: https://github.com/litiande03/epg/raw/refs/heads/master/pl.xml.gz
频道: [靖天电影台（靖天电影台）] | 日期: 2026-03-15 | 来源: https://github.com/litiande03/epg/raw/refs/heads/master/pl.xml.gz
频道: [靖天电影台（靖天电影台）] | 日期: 2026-03-16 | 来源: https://github.com/litiande03/epg/raw/refs/heads/master/pl.xml.gz
频道: [靖天电影台（靖天电影台）] | 日期: 2026-03-17 | 来源: https://github.com/litiande03/epg/raw/refs/heads/master/pl.xml.gz
频道: [靖天电影台（靖天电影台）] | 日期: 2026-03-18 | 来源: https://github.com/litiande03/epg/raw/refs/heads/master/pl.xml.gz
频道: [靖天综合台（靖天综合台）] | 日期: 2026-03-15 | 来源: https://github.com/litiande03/epg/raw/refs/heads/master/pl.xml.gz
频道: [靖天综合台（靖天综合台）] | 日期: 2026-03-16 | 来源: https://github.com/litiande03/epg/raw/refs/heads/master/pl.xml.gz
频道: [靖天综合台（靖天综合台）] | 日期: 2026-03-17 | 来源: https://github.com/litiande03/epg/raw/refs/heads/master/pl.xml.gz
频道: [靖天育乐（靖天育乐）] | 日期: 2026-03-15 | 来源: https://github.com/litiande03/epg/raw/refs/heads/master/pl.xml.gz
频道: [靖天育乐（靖天育乐）] | 日期: 2026-03-16 | 来源: https://github.com/litiande03/epg/raw/refs/heads/master/pl.xml.gz
频道: [靖天育乐（靖天育乐）] | 日期: 2026-03-17 | 来源: https://github.com/litiande03/epg/raw/refs/heads/master/pl.xml.gz
频道: [靖天育乐台（靖天育乐台）] | 日期: 2026-03-15 | 来源: http://epg.cdn.loc.cc/xml
频道: [靖天育乐台（靖天育乐台）] | 日期: 2026-03-16 | 来源: http://epg.cdn.loc.cc/xml
频道: [靖天育乐台（靖天育乐台）] | 日期: 2026-03-17 | 来源: http://epg.cdn.loc.cc/xml
频道: [靖天育乐台（靖天育乐台）] | 日期: 2026-03-18 | 来源: http://epg.cdn.loc.cc/xml
频道: [靖天育乐台（靖天育乐台）] | 日期: 2026-03-19 | 来源: http://epg.cdn.loc.cc/xml
频道: [靖天育乐台（靖天育乐台）] | 日期: 2026-03-20 | 来源: http://epg.cdn.loc.cc/xml
频道: [靖天育乐台（靖天育乐台）] | 日期: 2026-03-21 | 来源: http://epg.cdn.loc.cc/xml
频道: [靖天资讯（靖天资讯）] | 日期: 2026-03-15 | 来源: https://github.com/litiande03/epg/raw/refs/heads/master/pl.xml.gz
频道: [靖天资讯（靖天资讯）] | 日期: 2026-03-16 | 来源: https://github.com/litiande03/epg/raw/refs/heads/master/pl.xml.gz
频道: [靖天资讯（靖天资讯）] | 日期: 2026-03-17 | 来源: https://github.com/litiande03/epg/raw/refs/heads/master/pl.xml.gz
频道: [靖天资讯台（靖天资讯台）] | 日期: 2026-03-15 | 来源: https://github.com/litiande03/epg/raw/refs/heads/master/pl.xml.gz
频道: [靖天资讯台（靖天资讯台）] | 日期: 2026-03-16 | 来源: https://github.com/litiande03/epg/raw/refs/heads/master/pl.xml.gz
频道: [靖天资讯台（靖天资讯台）] | 日期: 2026-03-17 | 来源: https://github.com/litiande03/epg/raw/refs/heads/master/pl.xml.gz
频道: [靖洋卡通Nice Bingo（靖洋卡通Nice Bingo）] | 日期: 2026-03-15 | 来源: https://github.com/litiande03/epg/raw/refs/heads/master/pl.xml.gz
频道: [靖洋卡通Nice Bingo（靖洋卡通Nice Bingo）] | 日期: 2026-03-16 | 来源: https://github.com/litiande03/epg/raw/refs/heads/master/pl.xml.gz
频道: [靖洋卡通Nice Bingo（靖洋卡通Nice Bingo）] | 日期: 2026-03-17 | 来源: https://github.com/litiande03/epg/raw/refs/heads/master/pl.xml.gz
频道: [靖洋戏剧台（靖洋戏剧台）] | 日期: 2026-03-15 | 来源: http://epg.cdn.loc.cc/xml
频道: [靖洋戏剧台（靖洋戏剧台）] | 日期: 2026-03-16 | 来源: http://epg.cdn.loc.cc/xml
频道: [靖洋戏剧台（靖洋戏剧台）] | 日期: 2026-03-17 | 来源: http://epg.cdn.loc.cc/xml
频道: [靖洋戏剧台（靖洋戏剧台）] | 日期: 2026-03-18 | 来源: http://epg.cdn.loc.cc/xml
频道: [靖洋戏剧台（靖洋戏剧台）] | 日期: 2026-03-19 | 来源: http://epg.cdn.loc.cc/xml
频道: [靖洋戏剧台（靖洋戏剧台）] | 日期: 2026-03-20 | 来源: http://epg.cdn.loc.cc/xml
频道: [靖洋戏剧台（靖洋戏剧台）] | 日期: 2026-03-21 | 来源: http://epg.cdn.loc.cc/xml
频道: [非凡商业台（非凡商业台）] | 日期: 2026-03-15 | 来源: http://epg.cdn.loc.cc/xml
频道: [非凡商业台（非凡商业台）] | 日期: 2026-03-16 | 来源: http://epg.cdn.loc.cc/xml
频道: [非凡商业台（非凡商业台）] | 日期: 2026-03-17 | 来源: http://epg.cdn.loc.cc/xml
频道: [非凡商业台（非凡商业台）] | 日期: 2026-03-18 | 来源: http://epg.cdn.loc.cc/xml
频道: [非凡商业台（非凡商业台）] | 日期: 2026-03-19 | 来源: http://epg.cdn.loc.cc/xml
频道: [非凡商业台（非凡商业台）] | 日期: 2026-03-20 | 来源: http://epg.cdn.loc.cc/xml
频道: [非凡商业台（非凡商业台）] | 日期: 2026-03-21 | 来源: http://epg.cdn.loc.cc/xml
频道: [非凡新闻台（非凡新闻台）] | 日期: 2026-03-15 | 来源: https://github.com/litiande03/epg/raw/refs/heads/master/pl.xml.gz
频道: [非凡新闻台（非凡新闻台）] | 日期: 2026-03-16 | 来源: http://epg.cdn.loc.cc/xml
频道: [非凡新闻台（非凡新闻台）] | 日期: 2026-03-17 | 来源: http://epg.cdn.loc.cc/xml
频道: [非凡新闻台（非凡新闻台）] | 日期: 2026-03-18 | 来源: http://epg.cdn.loc.cc/xml
频道: [非凡新闻台（非凡新闻台）] | 日期: 2026-03-19 | 来源: http://epg.cdn.loc.cc/xml
频道: [非凡新闻台（非凡新闻台）] | 日期: 2026-03-20 | 来源: http://epg.cdn.loc.cc/xml
频道: [非凡新闻台（非凡新闻台）] | 日期: 2026-03-21 | 来源: http://epg.cdn.loc.cc/xml
频道: [音乐现场（音乐现场）] | 日期: 2026-03-15 | 来源: https://github.com/zzzz0317/beijing-unicom-iptv-playlist/raw/refs/heads/main/epg.xml
频道: [音乐现场（音乐现场）] | 日期: 2026-03-16 | 来源: https://github.com/zzzz0317/beijing-unicom-iptv-playlist/raw/refs/heads/main/epg.xml
频道: [音乐现场（音乐现场）] | 日期: 2026-03-17 | 来源: https://github.com/zzzz0317/beijing-unicom-iptv-playlist/raw/refs/heads/main/epg.xml
频道: [韶关新闻综合（韶关新闻综合）] | 日期: 2026-03-15 | 来源: https://github.com/litiande03/epg/raw/refs/heads/master/pl.xml.gz
频道: [韶关新闻综合（韶关新闻综合）] | 日期: 2026-03-16 | 来源: https://github.com/litiande03/epg/raw/refs/heads/master/pl.xml.gz
频道: [韶关新闻综合（韶关新闻综合）] | 日期: 2026-03-17 | 来源: https://github.com/litiande03/epg/raw/refs/heads/master/pl.xml.gz
频道: [风云剧场（风云剧场）] | 日期: 2026-03-14 | 来源: https://epg.136605.xyz/9days.xml
频道: [风云剧场（风云剧场）] | 日期: 2026-03-15 | 来源: https://epg.deny.vip/sh/tel-epg.xml
频道: [风云剧场（风云剧场）] | 日期: 2026-03-16 | 来源: https://epg.deny.vip/sh/tel-epg.xml
频道: [风云剧场（风云剧场）] | 日期: 2026-03-17 | 来源: https://github.com/litiande03/epg/raw/refs/heads/master/pl.xml.gz
频道: [风云剧场（风云剧场）] | 日期: 2026-03-18 | 来源: https://github.com/litiande03/epg/raw/refs/heads/master/pl.xml.gz
频道: [风云足球（风云足球）] | 日期: 2026-03-14 | 来源: https://epg.deny.vip/sh/tel-epg.xml
频道: [风云足球（风云足球）] | 日期: 2026-03-15 | 来源: http://epg.51zmt.top:8000/e1.xml.gz
频道: [风云足球（风云足球）] | 日期: 2026-03-16 | 来源: https://epg.136605.xyz/9days.xml
频道: [风云足球（风云足球）] | 日期: 2026-03-17 | 来源: https://epg.136605.xyz/9days.xml
频道: [风云音乐（风云音乐）] | 日期: 2026-03-14 | 来源: https://epg.deny.vip/sh/tel-epg.xml
频道: [风云音乐（风云音乐）] | 日期: 2026-03-15 | 来源: https://epg.136605.xyz/9days.xml
频道: [风云音乐（风云音乐）] | 日期: 2026-03-16 | 来源: https://epg.136605.xyz/9days.xml
频道: [风云音乐（风云音乐）] | 日期: 2026-03-17 | 来源: https://github.com/litiande03/epg/raw/refs/heads/master/pl.xml.gz
频道: [风云音乐（风云音乐）] | 日期: 2026-03-18 | 来源: https://github.com/litiande03/epg/raw/refs/heads/master/pl.xml.gz
频道: [香港卫视（香港卫视）] | 日期: 2026-03-14 | 来源: https://github.com/litiande03/epg/raw/refs/heads/master/pl.xml.gz
频道: [香港卫视（香港卫视）] | 日期: 2026-03-15 | 来源: http://e.erw.cc/all.xml.gz
频道: [香港卫视（香港卫视）] | 日期: 2026-03-16 | 来源: https://github.com/litiande03/epg/raw/refs/heads/master/pl.xml.gz
频道: [香港卫视（香港卫视）] | 日期: 2026-03-17 | 来源: https://github.com/litiande03/epg/raw/refs/heads/master/pl.xml.gz
频道: [香港卫视（香港卫视）] | 日期: 2026-03-18 | 来源: https://github.com/litiande03/epg/raw/refs/heads/master/pl.xml.gz
频道: [高尔夫（高尔夫）] | 日期: 2026-03-14 | 来源: https://epg.136605.xyz/9days.xml
频道: [高尔夫（高尔夫）] | 日期: 2026-03-15 | 来源: https://epg.136605.xyz/9days.xml
频道: [高尔夫（高尔夫）] | 日期: 2026-03-16 | 来源: https://epg.136605.xyz/9days.xml
频道: [高尔夫（高尔夫）] | 日期: 2026-03-17 | 来源: https://epg.136605.xyz/9days.xml
频道: [高尔夫网球（高尔夫网球）] | 日期: 2026-03-14 | 来源: https://epg.deny.vip/sh/tel-epg.xml
频道: [高尔夫网球（高尔夫网球）] | 日期: 2026-03-15 | 来源: http://epg.51zmt.top:8000/e1.xml.gz
频道: [高尔夫网球（高尔夫网球）] | 日期: 2026-03-16 | 来源: https://epg.deny.vip/sh/tel-epg.xml
频道: [高尔夫网球（高尔夫网球）] | 日期: 2026-03-17 | 来源: https://github.com/litiande03/epg/raw/refs/heads/master/pl.xml.gz
频道: [高尔夫网球（高尔夫网球）] | 日期: 2026-03-18 | 来源: https://github.com/litiande03/epg/raw/refs/heads/master/pl.xml.gz
频道: [魅力时尚（魅力时尚）] | 日期: 2026-03-15 | 来源: https://github.com/zzzz0317/beijing-unicom-iptv-playlist/raw/refs/heads/main/epg.xml
频道: [魅力时尚（魅力时尚）] | 日期: 2026-03-16 | 来源: https://github.com/litiande03/epg/raw/refs/heads/master/pl.xml.gz
频道: [魅力时尚（魅力时尚）] | 日期: 2026-03-17 | 来源: https://github.com/zzzz0317/beijing-unicom-iptv-playlist/raw/refs/heads/main/epg.xml
频道: [魅力潇湘（魅力潇湘）] | 日期: 2026-03-15 | 来源: https://liliu.serv00.net/epg/download.php?type=xml
频道: [魅力足球（魅力足球）] | 日期: 2026-03-15 | 来源: http://epg.51zmt.top:8000/e1.xml.gz
频道: [麦卡贝综艺（麦卡贝综艺）] | 日期: 2026-03-15 | 来源: http://epg.cdn.loc.cc/xml
频道: [麦卡贝综艺（麦卡贝综艺）] | 日期: 2026-03-16 | 来源: http://epg.cdn.loc.cc/xml
频道: [麦卡贝综艺（麦卡贝综艺）] | 日期: 2026-03-17 | 来源: http://epg.cdn.loc.cc/xml
频道: [麦卡贝综艺（麦卡贝综艺）] | 日期: 2026-03-18 | 来源: http://epg.cdn.loc.cc/xml
频道: [麦卡贝综艺（麦卡贝综艺）] | 日期: 2026-03-19 | 来源: http://epg.cdn.loc.cc/xml
频道: [麦卡贝综艺（麦卡贝综艺）] | 日期: 2026-03-20 | 来源: http://epg.cdn.loc.cc/xml
频道: [麦卡贝综艺（麦卡贝综艺）] | 日期: 2026-03-21 | 来源: http://epg.cdn.loc.cc/xml
频道: [麦哲伦频道（麦哲伦频道）] | 日期: 2026-03-15 | 来源: http://epg.cdn.loc.cc/xml
频道: [麦哲伦频道（麦哲伦频道）] | 日期: 2026-03-16 | 来源: http://epg.cdn.loc.cc/xml
频道: [麦哲伦频道（麦哲伦频道）] | 日期: 2026-03-17 | 来源: http://epg.cdn.loc.cc/xml
频道: [麦哲伦频道（麦哲伦频道）] | 日期: 2026-03-18 | 来源: http://epg.cdn.loc.cc/xml
频道: [麦哲伦频道（麦哲伦频道）] | 日期: 2026-03-19 | 来源: http://epg.cdn.loc.cc/xml
频道: [麦哲伦频道（麦哲伦频道）] | 日期: 2026-03-20 | 来源: http://epg.cdn.loc.cc/xml
频道: [麦哲伦频道（麦哲伦频道）] | 日期: 2026-03-21 | 来源: http://epg.cdn.loc.cc/xml
频道: [黄河卫视（黄河卫视）] | 日期: 2026-03-15 | 来源: https://liliu.serv00.net/epg/download.php?type=xml
频道: [黄河电视台（黄河电视台）] | 日期: 2026-03-14 | 来源: http://e.erw.cc/all.xml.gz
频道: [黄河电视台（黄河电视台）] | 日期: 2026-03-15 | 来源: http://e.erw.cc/all.xml.gz
频道: [黄金八点档（黄金八点档）] | 日期: 2026-03-15 | 来源: https://github.com/litiande03/epg/raw/refs/heads/master/pl.xml.gz
频道: [黄金八点档（黄金八点档）] | 日期: 2026-03-16 | 来源: https://github.com/litiande03/epg/raw/refs/heads/master/pl.xml.gz
频道: [黄金八点档（黄金八点档）] | 日期: 2026-03-17 | 来源: https://github.com/litiande03/epg/raw/refs/heads/master/pl.xml.gz
频道: [黄金华剧台（黄金华剧台）] | 日期: 2026-03-14 | 来源: http://epg.cdn.loc.cc/xml
频道: [黄金华剧台（黄金华剧台）] | 日期: 2026-03-15 | 来源: https://epg.136605.xyz/9days.xml
频道: [黄金华剧台（黄金华剧台）] | 日期: 2026-03-16 | 来源: https://epg.136605.xyz/9days.xml
频道: [黄金华剧台（黄金华剧台）] | 日期: 2026-03-17 | 来源: https://epg.136605.xyz/9days.xml
频道: [黄金华剧台（黄金华剧台）] | 日期: 2026-03-18 | 来源: http://epg.cdn.loc.cc/xml
频道: [黄金华剧台（黄金华剧台）] | 日期: 2026-03-19 | 来源: http://epg.cdn.loc.cc/xml
频道: [黄金华剧台（黄金华剧台）] | 日期: 2026-03-20 | 来源: http://epg.cdn.loc.cc/xml
频道: [黄金华剧台（黄金华剧台）] | 日期: 2026-03-21 | 来源: http://epg.cdn.loc.cc/xml
频道: [黄金华剧台（黄金华剧台）] | 日期: 2026-03-22 | 来源: http://epg.cdn.loc.cc/xml
频道: [黄金华剧台（黄金华剧台）] | 日期: 2026-03-23 | 来源: http://epg.cdn.loc.cc/xml
频道: [黄金翡翠台（黄金翡翠台）] | 日期: 2026-03-14 | 来源: http://epg.cdn.loc.cc/xml
频道: [黄金翡翠台（黄金翡翠台）] | 日期: 2026-03-15 | 来源: https://epg.136605.xyz/9days.xml
频道: [黄金翡翠台（黄金翡翠台）] | 日期: 2026-03-16 | 来源: https://epg.136605.xyz/9days.xml
频道: [黄金翡翠台（黄金翡翠台）] | 日期: 2026-03-17 | 来源: https://epg.136605.xyz/9days.xml
频道: [黄金翡翠台（黄金翡翠台）] | 日期: 2026-03-18 | 来源: http://epg.cdn.loc.cc/xml
频道: [黄金翡翠台（黄金翡翠台）] | 日期: 2026-03-19 | 来源: http://epg.cdn.loc.cc/xml
频道: [黄金翡翠台（黄金翡翠台）] | 日期: 2026-03-20 | 来源: http://epg.cdn.loc.cc/xml
频道: [黄金翡翠台（黄金翡翠台）] | 日期: 2026-03-21 | 来源: http://epg.cdn.loc.cc/xml
频道: [黄金翡翠台（黄金翡翠台）] | 日期: 2026-03-22 | 来源: http://epg.cdn.loc.cc/xml
频道: [黄金翡翠台（黄金翡翠台）] | 日期: 2026-03-23 | 来源: http://epg.cdn.loc.cc/xml
频道: [黑莓动画（黑莓动画）] | 日期: 2026-03-14 | 来源: https://epg.136605.xyz/9days.xml
频道: [黑莓动画（黑莓动画）] | 日期: 2026-03-15 | 来源: http://e.erw.cc/all.xml.gz
频道: [黑莓动画（黑莓动画）] | 日期: 2026-03-16 | 来源: https://epg.136605.xyz/9days.xml
频道: [黑莓动画（黑莓动画）] | 日期: 2026-03-17 | 来源: https://epg.136605.xyz/9days.xml
频道: [黑莓影视（黑莓影视）] | 日期: 2026-03-14 | 来源: https://epg.136605.xyz/9days.xml
频道: [黑莓影视（黑莓影视）] | 日期: 2026-03-15 | 来源: https://liliu.serv00.net/epg/download.php?type=xml
频道: [黑莓影视（黑莓影视）] | 日期: 2026-03-16 | 来源: https://liliu.serv00.net/epg/download.php?type=xml
频道: [黑莓影视（黑莓影视）] | 日期: 2026-03-17 | 来源: https://liliu.serv00.net/epg/download.php?type=xml
频道: [黑莓电影（黑莓电影）] | 日期: 2026-03-14 | 来源: https://epg.136605.xyz/9days.xml
频道: [黑莓电影（黑莓电影）] | 日期: 2026-03-15 | 来源: http://e.erw.cc/all.xml.gz
频道: [黑莓电影（黑莓电影）] | 日期: 2026-03-16 | 来源: https://epg.136605.xyz/9days.xml
频道: [黑莓电影（黑莓电影）] | 日期: 2026-03-17 | 来源: https://epg.136605.xyz/9days.xml
频道: [黑龙江农业科教（黑龙江农业科教）] | 日期: 2026-03-15 | 来源: http://e.erw.cc/all.xml.gz
频道: [黑龙江卫视（黑龙江卫视）] | 日期: 2026-03-14 | 来源: https://epg.136605.xyz/9days.xml
频道: [黑龙江卫视（黑龙江卫视）] | 日期: 2026-03-15 | 来源: https://epg.136605.xyz/9days.xml
频道: [黑龙江卫视（黑龙江卫视）] | 日期: 2026-03-16 | 来源: https://epg.136605.xyz/9days.xml
频道: [黑龙江卫视（黑龙江卫视）] | 日期: 2026-03-17 | 来源: https://epg.136605.xyz/9days.xml
频道: [黑龙江卫视（黑龙江卫视）] | 日期: 2026-03-18 | 来源: https://epg.136605.xyz/9days.xml
频道: [黑龙江少儿（黑龙江少儿）] | 日期: 2026-03-15 | 来源: http://e.erw.cc/all.xml.gz
频道: [黑龙江影视（黑龙江影视）] | 日期: 2026-03-15 | 来源: http://e.erw.cc/all.xml.gz
频道: [黑龙江文体（黑龙江文体）] | 日期: 2026-03-15 | 来源: http://e.erw.cc/all.xml.gz
频道: [黑龙江新闻法治（黑龙江新闻法治）] | 日期: 2026-03-15 | 来源: http://e.erw.cc/all.xml.gz
频道: [黑龙江都市（黑龙江都市）] | 日期: 2026-03-15 | 来源: http://e.erw.cc/all.xml.gz
频道: [龙华偶像（龙华偶像）] | 日期: 2026-03-15 | 来源: http://epg.cdn.loc.cc/xml
频道: [龙华偶像（龙华偶像）] | 日期: 2026-03-16 | 来源: http://epg.cdn.loc.cc/xml
频道: [龙华偶像（龙华偶像）] | 日期: 2026-03-17 | 来源: http://epg.cdn.loc.cc/xml
频道: [龙华偶像（龙华偶像）] | 日期: 2026-03-18 | 来源: http://epg.cdn.loc.cc/xml
频道: [龙华偶像（龙华偶像）] | 日期: 2026-03-19 | 来源: http://epg.cdn.loc.cc/xml
频道: [龙华偶像（龙华偶像）] | 日期: 2026-03-20 | 来源: http://epg.cdn.loc.cc/xml
频道: [龙华偶像（龙华偶像）] | 日期: 2026-03-21 | 来源: http://epg.cdn.loc.cc/xml
频道: [龙华偶像台（龙华偶像台）] | 日期: 2026-03-15 | 来源: https://github.com/litiande03/epg/raw/refs/heads/master/pl.xml.gz
频道: [龙华偶像台（龙华偶像台）] | 日期: 2026-03-16 | 来源: https://github.com/litiande03/epg/raw/refs/heads/master/pl.xml.gz
频道: [龙华偶像台（龙华偶像台）] | 日期: 2026-03-17 | 来源: https://github.com/litiande03/epg/raw/refs/heads/master/pl.xml.gz
频道: [龙华卡通台（龙华卡通台）] | 日期: 2026-03-15 | 来源: https://github.com/litiande03/epg/raw/refs/heads/master/pl.xml.gz
频道: [龙华卡通台（龙华卡通台）] | 日期: 2026-03-16 | 来源: https://github.com/litiande03/epg/raw/refs/heads/master/pl.xml.gz
频道: [龙华卡通台（龙华卡通台）] | 日期: 2026-03-17 | 来源: https://github.com/litiande03/epg/raw/refs/heads/master/pl.xml.gz
频道: [龙华影剧（龙华影剧）] | 日期: 2026-03-15 | 来源: http://epg.cdn.loc.cc/xml
频道: [龙华影剧（龙华影剧）] | 日期: 2026-03-16 | 来源: http://epg.cdn.loc.cc/xml
频道: [龙华影剧（龙华影剧）] | 日期: 2026-03-17 | 来源: http://epg.cdn.loc.cc/xml
频道: [龙华影剧（龙华影剧）] | 日期: 2026-03-18 | 来源: http://epg.cdn.loc.cc/xml
频道: [龙华影剧（龙华影剧）] | 日期: 2026-03-19 | 来源: http://epg.cdn.loc.cc/xml
频道: [龙华影剧（龙华影剧）] | 日期: 2026-03-20 | 来源: http://epg.cdn.loc.cc/xml
频道: [龙华影剧（龙华影剧）] | 日期: 2026-03-21 | 来源: http://epg.cdn.loc.cc/xml
频道: [龙华戏剧（龙华戏剧）] | 日期: 2026-03-15 | 来源: http://epg.cdn.loc.cc/xml
频道: [龙华戏剧（龙华戏剧）] | 日期: 2026-03-16 | 来源: http://epg.cdn.loc.cc/xml
频道: [龙华戏剧（龙华戏剧）] | 日期: 2026-03-17 | 来源: http://epg.cdn.loc.cc/xml
频道: [龙华戏剧（龙华戏剧）] | 日期: 2026-03-18 | 来源: http://epg.cdn.loc.cc/xml
频道: [龙华戏剧（龙华戏剧）] | 日期: 2026-03-19 | 来源: http://epg.cdn.loc.cc/xml
频道: [龙华戏剧（龙华戏剧）] | 日期: 2026-03-20 | 来源: http://epg.cdn.loc.cc/xml
频道: [龙华戏剧（龙华戏剧）] | 日期: 2026-03-21 | 来源: http://epg.cdn.loc.cc/xml
频道: [龙华戏剧台（龙华戏剧台）] | 日期: 2026-03-15 | 来源: https://github.com/litiande03/epg/raw/refs/heads/master/pl.xml.gz
频道: [龙华戏剧台（龙华戏剧台）] | 日期: 2026-03-16 | 来源: https://github.com/litiande03/epg/raw/refs/heads/master/pl.xml.gz
频道: [龙华戏剧台（龙华戏剧台）] | 日期: 2026-03-17 | 来源: https://github.com/litiande03/epg/raw/refs/heads/master/pl.xml.gz
频道: [龙华日韩台（龙华日韩台）] | 日期: 2026-03-15 | 来源: https://github.com/litiande03/epg/raw/refs/heads/master/pl.xml.gz
频道: [龙华日韩台（龙华日韩台）] | 日期: 2026-03-16 | 来源: https://github.com/litiande03/epg/raw/refs/heads/master/pl.xml.gz
频道: [龙华日韩台（龙华日韩台）] | 日期: 2026-03-17 | 来源: https://github.com/litiande03/epg/raw/refs/heads/master/pl.xml.gz
频道: [龙华洋片台（龙华洋片台）] | 日期: 2026-03-14 | 来源: http://epg.cdn.loc.cc/xml
频道: [龙华洋片台（龙华洋片台）] | 日期: 2026-03-15 | 来源: https://github.com/litiande03/epg/raw/refs/heads/master/pl.xml.gz
频道: [龙华洋片台（龙华洋片台）] | 日期: 2026-03-16 | 来源: https://github.com/litiande03/epg/raw/refs/heads/master/pl.xml.gz
频道: [龙华洋片台（龙华洋片台）] | 日期: 2026-03-17 | 来源: https://github.com/litiande03/epg/raw/refs/heads/master/pl.xml.gz
频道: [龙华洋片台（龙华洋片台）] | 日期: 2026-03-18 | 来源: http://epg.cdn.loc.cc/xml
频道: [龙华洋片台（龙华洋片台）] | 日期: 2026-03-19 | 来源: http://epg.cdn.loc.cc/xml
频道: [龙华洋片台（龙华洋片台）] | 日期: 2026-03-20 | 来源: http://epg.cdn.loc.cc/xml
频道: [龙华洋片台（龙华洋片台）] | 日期: 2026-03-21 | 来源: http://epg.cdn.loc.cc/xml
频道: [龙华电影（龙华电影）] | 日期: 2026-03-14 | 来源: http://epg.cdn.loc.cc/xml
频道: [龙华电影（龙华电影）] | 日期: 2026-03-15 | 来源: http://epg.cdn.loc.cc/xml
频道: [龙华电影（龙华电影）] | 日期: 2026-03-16 | 来源: http://epg.cdn.loc.cc/xml
频道: [龙华电影（龙华电影）] | 日期: 2026-03-17 | 来源: http://epg.cdn.loc.cc/xml
频道: [龙华电影（龙华电影）] | 日期: 2026-03-18 | 来源: http://epg.cdn.loc.cc/xml
频道: [龙华电影（龙华电影）] | 日期: 2026-03-19 | 来源: http://epg.cdn.loc.cc/xml
频道: [龙华电影（龙华电影）] | 日期: 2026-03-20 | 来源: http://epg.cdn.loc.cc/xml
频道: [龙华电影（龙华电影）] | 日期: 2026-03-21 | 来源: http://epg.cdn.loc.cc/xml
频道: [龙华电影台（龙华电影台）] | 日期: 2026-03-15 | 来源: https://github.com/litiande03/epg/raw/refs/heads/master/pl.xml.gz
频道: [龙华电影台（龙华电影台）] | 日期: 2026-03-16 | 来源: https://github.com/litiande03/epg/raw/refs/heads/master/pl.xml.gz
频道: [龙华电影台（龙华电影台）] | 日期: 2026-03-17 | 来源: https://github.com/litiande03/epg/raw/refs/heads/master/pl.xml.gz
频道: [龙华电影台（龙华电影台）] | 日期: 2026-03-18 | 来源: https://github.com/litiande03/epg/raw/refs/heads/master/pl.xml.gz
频道: [龙华经典台（龙华经典台）] | 日期: 2026-03-15 | 来源: https://github.com/litiande03/epg/raw/refs/heads/master/pl.xml.gz
频道: [龙华经典台（龙华经典台）] | 日期: 2026-03-16 | 来源: https://github.com/litiande03/epg/raw/refs/heads/master/pl.xml.gz
频道: [龙华经典台（龙华经典台）] | 日期: 2026-03-17 | 来源: https://github.com/litiande03/epg/raw/refs/heads/master/pl.xml.gz
频道: [龙华经典台（龙华经典台）] | 日期: 2026-03-18 | 来源: https://github.com/litiande03/epg/raw/refs/heads/master/pl.xml.gz
