[2026-03-08] 频道: cctv1 | 数据源: https://github.com/litiande03/epg/raw/refs/heads/master/pl.xml.gz
[2026-03-09] 频道: cctv1 | 数据源: https://github.com/litiande03/epg/raw/refs/heads/master/pl.xml.gz
[2026-03-10] 频道: cctv1 | 数据源: https://github.com/litiande03/epg/raw/refs/heads/master/pl.xml.gz
[2026-03-11] 频道: cctv1 | 数据源: https://github.com/litiande03/epg/raw/refs/heads/master/pl.xml.gz
[2026-03-12] 频道: cctv1 | 数据源: https://github.com/litiande03/epg/raw/refs/heads/master/pl.xml.gz
[2026-03-13] 频道: cctv1 | 数据源: https://github.com/litiande03/epg/raw/refs/heads/master/pl.xml.gz
[2026-03-14] 频道: cctv1 | 数据源: https://github.com/frankwuzp/iptv-cn/raw/refs/heads/main/guide.xml
[2026-03-15] 频道: cctv1 | 数据源: https://github.com/frankwuzp/iptv-cn/raw/refs/heads/main/guide.xml
[2026-03-16] 频道: cctv1 | 数据源: https://github.com/frankwuzp/iptv-cn/raw/refs/heads/main/guide.xml
[2026-03-17] 频道: cctv1 | 数据源: https://github.com/litiande03/epg/raw/refs/heads/master/pl.xml.gz
[2026-03-08] 频道: cctv2 | 数据源: https://github.com/litiande03/epg/raw/refs/heads/master/pl.xml.gz
[2026-03-09] 频道: cctv2 | 数据源: https://github.com/litiande03/epg/raw/refs/heads/master/pl.xml.gz
[2026-03-10] 频道: cctv2 | 数据源: https://github.com/litiande03/epg/raw/refs/heads/master/pl.xml.gz
[2026-03-11] 频道: cctv2 | 数据源: https://github.com/litiande03/epg/raw/refs/heads/master/pl.xml.gz
[2026-03-12] 频道: cctv2 | 数据源: https://github.com/litiande03/epg/raw/refs/heads/master/pl.xml.gz
[2026-03-13] 频道: cctv2 | 数据源: https://github.com/litiande03/epg/raw/refs/heads/master/pl.xml.gz
[2026-03-14] 频道: cctv2 | 数据源: https://github.com/frankwuzp/iptv-cn/raw/refs/heads/main/guide.xml
[2026-03-15] 频道: cctv2 | 数据源: https://github.com/frankwuzp/iptv-cn/raw/refs/heads/main/guide.xml
[2026-03-16] 频道: cctv2 | 数据源: https://github.com/frankwuzp/iptv-cn/raw/refs/heads/main/guide.xml
[2026-03-17] 频道: cctv2 | 数据源: https://github.com/litiande03/epg/raw/refs/heads/master/pl.xml.gz
[2026-03-08] 频道: cctv3 | 数据源: https://github.com/litiande03/epg/raw/refs/heads/master/pl.xml.gz
[2026-03-09] 频道: cctv3 | 数据源: https://github.com/litiande03/epg/raw/refs/heads/master/pl.xml.gz
[2026-03-10] 频道: cctv3 | 数据源: https://github.com/litiande03/epg/raw/refs/heads/master/pl.xml.gz
[2026-03-11] 频道: cctv3 | 数据源: https://github.com/litiande03/epg/raw/refs/heads/master/pl.xml.gz
[2026-03-12] 频道: cctv3 | 数据源: https://github.com/litiande03/epg/raw/refs/heads/master/pl.xml.gz
[2026-03-13] 频道: cctv3 | 数据源: https://github.com/litiande03/epg/raw/refs/heads/master/pl.xml.gz
[2026-03-14] 频道: cctv3 | 数据源: https://github.com/frankwuzp/iptv-cn/raw/refs/heads/main/guide.xml
[2026-03-15] 频道: cctv3 | 数据源: https://github.com/frankwuzp/iptv-cn/raw/refs/heads/main/guide.xml
[2026-03-16] 频道: cctv3 | 数据源: https://github.com/frankwuzp/iptv-cn/raw/refs/heads/main/guide.xml
[2026-03-17] 频道: cctv3 | 数据源: https://github.com/litiande03/epg/raw/refs/heads/master/pl.xml.gz
[2026-03-14] 频道: cctv4 | 数据源: https://github.com/frankwuzp/iptv-cn/raw/refs/heads/main/guide.xml
[2026-03-15] 频道: cctv4 | 数据源: https://github.com/frankwuzp/iptv-cn/raw/refs/heads/main/guide.xml
[2026-03-16] 频道: cctv4 | 数据源: https://github.com/frankwuzp/iptv-cn/raw/refs/heads/main/guide.xml
[2026-03-08] 频道: cctv5 | 数据源: https://github.com/litiande03/epg/raw/refs/heads/master/pl.xml.gz
[2026-03-09] 频道: cctv5 | 数据源: https://github.com/litiande03/epg/raw/refs/heads/master/pl.xml.gz
[2026-03-10] 频道: cctv5 | 数据源: https://github.com/litiande03/epg/raw/refs/heads/master/pl.xml.gz
[2026-03-11] 频道: cctv5 | 数据源: https://github.com/litiande03/epg/raw/refs/heads/master/pl.xml.gz
[2026-03-12] 频道: cctv5 | 数据源: https://github.com/litiande03/epg/raw/refs/heads/master/pl.xml.gz
[2026-03-13] 频道: cctv5 | 数据源: https://github.com/litiande03/epg/raw/refs/heads/master/pl.xml.gz
[2026-03-14] 频道: cctv5 | 数据源: https://github.com/frankwuzp/iptv-cn/raw/refs/heads/main/guide.xml
[2026-03-15] 频道: cctv5 | 数据源: https://github.com/frankwuzp/iptv-cn/raw/refs/heads/main/guide.xml
[2026-03-16] 频道: cctv5 | 数据源: https://github.com/frankwuzp/iptv-cn/raw/refs/heads/main/guide.xml
[2026-03-17] 频道: cctv5 | 数据源: https://github.com/litiande03/epg/raw/refs/heads/master/pl.xml.gz
[2026-03-08] 频道: cctv5plus | 数据源: https://github.com/litiande03/epg/raw/refs/heads/master/pl.xml.gz
[2026-03-09] 频道: cctv5plus | 数据源: https://github.com/litiande03/epg/raw/refs/heads/master/pl.xml.gz
[2026-03-10] 频道: cctv5plus | 数据源: https://github.com/litiande03/epg/raw/refs/heads/master/pl.xml.gz
[2026-03-11] 频道: cctv5plus | 数据源: https://github.com/litiande03/epg/raw/refs/heads/master/pl.xml.gz
[2026-03-12] 频道: cctv5plus | 数据源: https://github.com/litiande03/epg/raw/refs/heads/master/pl.xml.gz
[2026-03-13] 频道: cctv5plus | 数据源: https://github.com/litiande03/epg/raw/refs/heads/master/pl.xml.gz
[2026-03-14] 频道: cctv5plus | 数据源: https://github.com/litiande03/epg/raw/refs/heads/master/pl.xml.gz
[2026-03-15] 频道: cctv5plus | 数据源: https://github.com/frankwuzp/iptv-cn/raw/refs/heads/main/guide.xml
[2026-03-16] 频道: cctv5plus | 数据源: https://github.com/frankwuzp/iptv-cn/raw/refs/heads/main/guide.xml
[2026-03-17] 频道: cctv5plus | 数据源: https://github.com/litiande03/epg/raw/refs/heads/master/pl.xml.gz
[2026-03-08] 频道: cctv6 | 数据源: https://github.com/litiande03/epg/raw/refs/heads/master/pl.xml.gz
[2026-03-09] 频道: cctv6 | 数据源: https://github.com/litiande03/epg/raw/refs/heads/master/pl.xml.gz
[2026-03-10] 频道: cctv6 | 数据源: https://github.com/litiande03/epg/raw/refs/heads/master/pl.xml.gz
[2026-03-11] 频道: cctv6 | 数据源: https://github.com/litiande03/epg/raw/refs/heads/master/pl.xml.gz
[2026-03-12] 频道: cctv6 | 数据源: https://github.com/litiande03/epg/raw/refs/heads/master/pl.xml.gz
[2026-03-13] 频道: cctv6 | 数据源: https://github.com/litiande03/epg/raw/refs/heads/master/pl.xml.gz
[2026-03-14] 频道: cctv6 | 数据源: https://github.com/litiande03/epg/raw/refs/heads/master/pl.xml.gz
[2026-03-15] 频道: cctv6 | 数据源: https://github.com/litiande03/epg/raw/refs/heads/master/pl.xml.gz
[2026-03-16] 频道: cctv6 | 数据源: https://github.com/litiande03/epg/raw/refs/heads/master/pl.xml.gz
[2026-03-17] 频道: cctv6 | 数据源: https://github.com/litiande03/epg/raw/refs/heads/master/pl.xml.gz
[2026-03-14] 频道: cctv7 | 数据源: https://github.com/frankwuzp/iptv-cn/raw/refs/heads/main/guide.xml
[2026-03-15] 频道: cctv7 | 数据源: https://github.com/frankwuzp/iptv-cn/raw/refs/heads/main/guide.xml
[2026-03-16] 频道: cctv7 | 数据源: https://github.com/frankwuzp/iptv-cn/raw/refs/heads/main/guide.xml
[2026-03-08] 频道: cctv8 | 数据源: https://github.com/litiande03/epg/raw/refs/heads/master/pl.xml.gz
[2026-03-09] 频道: cctv8 | 数据源: https://github.com/litiande03/epg/raw/refs/heads/master/pl.xml.gz
[2026-03-10] 频道: cctv8 | 数据源: https://github.com/litiande03/epg/raw/refs/heads/master/pl.xml.gz
[2026-03-11] 频道: cctv8 | 数据源: https://github.com/litiande03/epg/raw/refs/heads/master/pl.xml.gz
[2026-03-12] 频道: cctv8 | 数据源: https://github.com/litiande03/epg/raw/refs/heads/master/pl.xml.gz
[2026-03-13] 频道: cctv8 | 数据源: https://github.com/litiande03/epg/raw/refs/heads/master/pl.xml.gz
[2026-03-14] 频道: cctv8 | 数据源: https://github.com/frankwuzp/iptv-cn/raw/refs/heads/main/guide.xml
[2026-03-15] 频道: cctv8 | 数据源: https://github.com/frankwuzp/iptv-cn/raw/refs/heads/main/guide.xml
[2026-03-16] 频道: cctv8 | 数据源: https://github.com/frankwuzp/iptv-cn/raw/refs/heads/main/guide.xml
[2026-03-17] 频道: cctv8 | 数据源: https://github.com/litiande03/epg/raw/refs/heads/master/pl.xml.gz
[2026-03-14] 频道: cctvjilu | 数据源: https://github.com/frankwuzp/iptv-cn/raw/refs/heads/main/guide.xml
[2026-03-15] 频道: cctvjilu | 数据源: https://github.com/frankwuzp/iptv-cn/raw/refs/heads/main/guide.xml
[2026-03-16] 频道: cctvjilu | 数据源: https://github.com/frankwuzp/iptv-cn/raw/refs/heads/main/guide.xml
[2026-03-08] 频道: cctv10 | 数据源: https://github.com/litiande03/epg/raw/refs/heads/master/pl.xml.gz
[2026-03-09] 频道: cctv10 | 数据源: https://github.com/litiande03/epg/raw/refs/heads/master/pl.xml.gz
[2026-03-10] 频道: cctv10 | 数据源: https://github.com/litiande03/epg/raw/refs/heads/master/pl.xml.gz
[2026-03-11] 频道: cctv10 | 数据源: https://github.com/litiande03/epg/raw/refs/heads/master/pl.xml.gz
[2026-03-12] 频道: cctv10 | 数据源: https://github.com/litiande03/epg/raw/refs/heads/master/pl.xml.gz
[2026-03-13] 频道: cctv10 | 数据源: https://github.com/litiande03/epg/raw/refs/heads/master/pl.xml.gz
[2026-03-14] 频道: cctv10 | 数据源: https://github.com/frankwuzp/iptv-cn/raw/refs/heads/main/guide.xml
[2026-03-15] 频道: cctv10 | 数据源: https://github.com/frankwuzp/iptv-cn/raw/refs/heads/main/guide.xml
[2026-03-16] 频道: cctv10 | 数据源: https://github.com/frankwuzp/iptv-cn/raw/refs/heads/main/guide.xml
[2026-03-17] 频道: cctv10 | 数据源: https://github.com/litiande03/epg/raw/refs/heads/master/pl.xml.gz
[2026-03-08] 频道: cctv11 | 数据源: https://github.com/litiande03/epg/raw/refs/heads/master/pl.xml.gz
[2026-03-09] 频道: cctv11 | 数据源: https://github.com/litiande03/epg/raw/refs/heads/master/pl.xml.gz
[2026-03-10] 频道: cctv11 | 数据源: https://github.com/litiande03/epg/raw/refs/heads/master/pl.xml.gz
[2026-03-11] 频道: cctv11 | 数据源: https://github.com/litiande03/epg/raw/refs/heads/master/pl.xml.gz
[2026-03-12] 频道: cctv11 | 数据源: https://github.com/litiande03/epg/raw/refs/heads/master/pl.xml.gz
[2026-03-13] 频道: cctv11 | 数据源: https://github.com/litiande03/epg/raw/refs/heads/master/pl.xml.gz
[2026-03-14] 频道: cctv11 | 数据源: https://github.com/frankwuzp/iptv-cn/raw/refs/heads/main/guide.xml
[2026-03-15] 频道: cctv11 | 数据源: https://github.com/frankwuzp/iptv-cn/raw/refs/heads/main/guide.xml
[2026-03-16] 频道: cctv11 | 数据源: https://github.com/frankwuzp/iptv-cn/raw/refs/heads/main/guide.xml
[2026-03-17] 频道: cctv11 | 数据源: https://github.com/litiande03/epg/raw/refs/heads/master/pl.xml.gz
[2026-03-08] 频道: cctv12 | 数据源: https://github.com/litiande03/epg/raw/refs/heads/master/pl.xml.gz
[2026-03-09] 频道: cctv12 | 数据源: https://github.com/litiande03/epg/raw/refs/heads/master/pl.xml.gz
[2026-03-10] 频道: cctv12 | 数据源: https://github.com/litiande03/epg/raw/refs/heads/master/pl.xml.gz
[2026-03-11] 频道: cctv12 | 数据源: https://github.com/litiande03/epg/raw/refs/heads/master/pl.xml.gz
[2026-03-12] 频道: cctv12 | 数据源: https://github.com/litiande03/epg/raw/refs/heads/master/pl.xml.gz
[2026-03-13] 频道: cctv12 | 数据源: https://github.com/litiande03/epg/raw/refs/heads/master/pl.xml.gz
[2026-03-14] 频道: cctv12 | 数据源: https://github.com/frankwuzp/iptv-cn/raw/refs/heads/main/guide.xml
[2026-03-15] 频道: cctv12 | 数据源: https://github.com/frankwuzp/iptv-cn/raw/refs/heads/main/guide.xml
[2026-03-16] 频道: cctv12 | 数据源: https://github.com/frankwuzp/iptv-cn/raw/refs/heads/main/guide.xml
[2026-03-17] 频道: cctv12 | 数据源: https://github.com/litiande03/epg/raw/refs/heads/master/pl.xml.gz
[2026-03-08] 频道: cctvchild | 数据源: https://github.com/litiande03/epg/raw/refs/heads/master/pl.xml.gz
[2026-03-09] 频道: cctvchild | 数据源: https://github.com/litiande03/epg/raw/refs/heads/master/pl.xml.gz
[2026-03-10] 频道: cctvchild | 数据源: https://github.com/litiande03/epg/raw/refs/heads/master/pl.xml.gz
[2026-03-11] 频道: cctvchild | 数据源: https://github.com/litiande03/epg/raw/refs/heads/master/pl.xml.gz
[2026-03-12] 频道: cctvchild | 数据源: https://github.com/litiande03/epg/raw/refs/heads/master/pl.xml.gz
[2026-03-13] 频道: cctvchild | 数据源: https://github.com/litiande03/epg/raw/refs/heads/master/pl.xml.gz
[2026-03-14] 频道: cctvchild | 数据源: https://github.com/frankwuzp/iptv-cn/raw/refs/heads/main/guide.xml
[2026-03-15] 频道: cctvchild | 数据源: https://github.com/frankwuzp/iptv-cn/raw/refs/heads/main/guide.xml
[2026-03-16] 频道: cctvchild | 数据源: https://github.com/frankwuzp/iptv-cn/raw/refs/heads/main/guide.xml
[2026-03-17] 频道: cctvchild | 数据源: https://github.com/litiande03/epg/raw/refs/heads/master/pl.xml.gz
[2026-03-08] 频道: cctv15 | 数据源: https://github.com/litiande03/epg/raw/refs/heads/master/pl.xml.gz
[2026-03-09] 频道: cctv15 | 数据源: https://github.com/litiande03/epg/raw/refs/heads/master/pl.xml.gz
[2026-03-10] 频道: cctv15 | 数据源: https://github.com/litiande03/epg/raw/refs/heads/master/pl.xml.gz
[2026-03-11] 频道: cctv15 | 数据源: https://github.com/litiande03/epg/raw/refs/heads/master/pl.xml.gz
[2026-03-12] 频道: cctv15 | 数据源: https://github.com/litiande03/epg/raw/refs/heads/master/pl.xml.gz
[2026-03-13] 频道: cctv15 | 数据源: https://github.com/litiande03/epg/raw/refs/heads/master/pl.xml.gz
[2026-03-14] 频道: cctv15 | 数据源: https://github.com/frankwuzp/iptv-cn/raw/refs/heads/main/guide.xml
[2026-03-15] 频道: cctv15 | 数据源: https://github.com/frankwuzp/iptv-cn/raw/refs/heads/main/guide.xml
[2026-03-16] 频道: cctv15 | 数据源: https://github.com/frankwuzp/iptv-cn/raw/refs/heads/main/guide.xml
[2026-03-17] 频道: cctv15 | 数据源: https://github.com/litiande03/epg/raw/refs/heads/master/pl.xml.gz
[2026-03-14] 频道: cctv16 | 数据源: https://github.com/frankwuzp/iptv-cn/raw/refs/heads/main/guide.xml
[2026-03-15] 频道: cctv16 | 数据源: https://github.com/frankwuzp/iptv-cn/raw/refs/heads/main/guide.xml
[2026-03-16] 频道: cctv16 | 数据源: https://github.com/frankwuzp/iptv-cn/raw/refs/heads/main/guide.xml
[2026-03-14] 频道: cctv17 | 数据源: https://github.com/frankwuzp/iptv-cn/raw/refs/heads/main/guide.xml
[2026-03-15] 频道: cctv17 | 数据源: https://github.com/frankwuzp/iptv-cn/raw/refs/heads/main/guide.xml
[2026-03-16] 频道: cctv17 | 数据源: https://github.com/frankwuzp/iptv-cn/raw/refs/heads/main/guide.xml
[2026-03-07] 频道: cctv4k | 数据源: https://github.com/mytv-android/SCTV_EPG/raw/refs/heads/main/epg.xml
[2026-03-08] 频道: cctv4k | 数据源: https://github.com/mytv-android/SCTV_EPG/raw/refs/heads/main/epg.xml
[2026-03-09] 频道: cctv4k | 数据源: https://github.com/mytv-android/SCTV_EPG/raw/refs/heads/main/epg.xml
[2026-03-10] 频道: cctv4k | 数据源: https://github.com/mytv-android/SCTV_EPG/raw/refs/heads/main/epg.xml
[2026-03-11] 频道: cctv4k | 数据源: https://github.com/mytv-android/SCTV_EPG/raw/refs/heads/main/epg.xml
[2026-03-12] 频道: cctv4k | 数据源: https://github.com/mytv-android/SCTV_EPG/raw/refs/heads/main/epg.xml
[2026-03-13] 频道: cctv4k | 数据源: https://github.com/mytv-android/SCTV_EPG/raw/refs/heads/main/epg.xml
[2026-03-14] 频道: cctv4k | 数据源: https://github.com/frankwuzp/iptv-cn/raw/refs/heads/main/guide.xml
[2026-03-15] 频道: cctv4k | 数据源: https://github.com/frankwuzp/iptv-cn/raw/refs/heads/main/guide.xml
[2026-03-16] 频道: cctv4k | 数据源: https://github.com/frankwuzp/iptv-cn/raw/refs/heads/main/guide.xml
[2026-03-17] 频道: cctv4k | 数据源: https://github.com/litiande03/epg/raw/refs/heads/master/pl.xml.gz
[2026-03-07] 频道: cetv1 | 数据源: https://github.com/mytv-android/SCTV_EPG/raw/refs/heads/main/epg.xml
[2026-03-08] 频道: cetv1 | 数据源: https://github.com/mytv-android/SCTV_EPG/raw/refs/heads/main/epg.xml
[2026-03-09] 频道: cetv1 | 数据源: https://github.com/mytv-android/SCTV_EPG/raw/refs/heads/main/epg.xml
[2026-03-10] 频道: cetv1 | 数据源: https://github.com/mytv-android/SCTV_EPG/raw/refs/heads/main/epg.xml
[2026-03-11] 频道: cetv1 | 数据源: https://github.com/mytv-android/SCTV_EPG/raw/refs/heads/main/epg.xml
[2026-03-12] 频道: cetv1 | 数据源: https://github.com/mytv-android/SCTV_EPG/raw/refs/heads/main/epg.xml
[2026-03-13] 频道: cetv1 | 数据源: https://github.com/mytv-android/SCTV_EPG/raw/refs/heads/main/epg.xml
[2026-03-14] 频道: cetv1 | 数据源: https://github.com/mytv-android/SCTV_EPG/raw/refs/heads/main/epg.xml
[2026-03-15] 频道: cetv1 | 数据源: https://github.com/mytv-android/SCTV_EPG/raw/refs/heads/main/epg.xml
[2026-03-16] 频道: cetv1 | 数据源: https://github.com/litiande03/epg/raw/refs/heads/master/pl.xml.gz
[2026-03-17] 频道: cetv1 | 数据源: https://github.com/litiande03/epg/raw/refs/heads/master/pl.xml.gz
[2026-03-07] 频道: cetv2 | 数据源: https://github.com/mytv-android/SCTV_EPG/raw/refs/heads/main/epg.xml
[2026-03-08] 频道: cetv2 | 数据源: https://github.com/mytv-android/SCTV_EPG/raw/refs/heads/main/epg.xml
[2026-03-09] 频道: cetv2 | 数据源: https://github.com/mytv-android/SCTV_EPG/raw/refs/heads/main/epg.xml
[2026-03-10] 频道: cetv2 | 数据源: https://github.com/mytv-android/SCTV_EPG/raw/refs/heads/main/epg.xml
[2026-03-11] 频道: cetv2 | 数据源: https://github.com/mytv-android/SCTV_EPG/raw/refs/heads/main/epg.xml
[2026-03-12] 频道: cetv2 | 数据源: https://github.com/mytv-android/SCTV_EPG/raw/refs/heads/main/epg.xml
[2026-03-13] 频道: cetv2 | 数据源: https://github.com/mytv-android/SCTV_EPG/raw/refs/heads/main/epg.xml
[2026-03-14] 频道: cetv2 | 数据源: https://github.com/mytv-android/SCTV_EPG/raw/refs/heads/main/epg.xml
[2026-03-15] 频道: cetv2 | 数据源: https://github.com/mytv-android/SCTV_EPG/raw/refs/heads/main/epg.xml
[2026-03-16] 频道: cetv2 | 数据源: https://github.com/frankwuzp/iptv-cn/raw/refs/heads/main/guide.xml
[2026-03-14] 频道: cetv3 | 数据源: https://github.com/frankwuzp/iptv-cn/raw/refs/heads/main/guide.xml
[2026-03-15] 频道: cetv3 | 数据源: https://github.com/frankwuzp/iptv-cn/raw/refs/heads/main/guide.xml
[2026-03-16] 频道: cetv3 | 数据源: https://github.com/frankwuzp/iptv-cn/raw/refs/heads/main/guide.xml
[2026-03-07] 频道: cetv4 | 数据源: https://github.com/mytv-android/SCTV_EPG/raw/refs/heads/main/epg.xml
[2026-03-08] 频道: cetv4 | 数据源: https://github.com/mytv-android/SCTV_EPG/raw/refs/heads/main/epg.xml
[2026-03-09] 频道: cetv4 | 数据源: https://github.com/mytv-android/SCTV_EPG/raw/refs/heads/main/epg.xml
[2026-03-10] 频道: cetv4 | 数据源: https://github.com/mytv-android/SCTV_EPG/raw/refs/heads/main/epg.xml
[2026-03-11] 频道: cetv4 | 数据源: https://github.com/mytv-android/SCTV_EPG/raw/refs/heads/main/epg.xml
[2026-03-12] 频道: cetv4 | 数据源: https://github.com/mytv-android/SCTV_EPG/raw/refs/heads/main/epg.xml
[2026-03-13] 频道: cetv4 | 数据源: https://github.com/mytv-android/SCTV_EPG/raw/refs/heads/main/epg.xml
[2026-03-14] 频道: cetv4 | 数据源: https://github.com/mytv-android/SCTV_EPG/raw/refs/heads/main/epg.xml
[2026-03-15] 频道: cetv4 | 数据源: https://github.com/mytv-android/SCTV_EPG/raw/refs/heads/main/epg.xml
[2026-03-16] 频道: cetv4 | 数据源: https://github.com/frankwuzp/iptv-cn/raw/refs/heads/main/guide.xml
[2026-03-07] 频道: btv1 | 数据源: https://github.com/plsy1/epg/raw/refs/heads/main/e/seven-days.xml.gz
[2026-03-08] 频道: btv1 | 数据源: https://github.com/plsy1/epg/raw/refs/heads/main/e/seven-days.xml.gz
[2026-03-09] 频道: btv1 | 数据源: https://github.com/plsy1/epg/raw/refs/heads/main/e/seven-days.xml.gz
[2026-03-10] 频道: btv1 | 数据源: https://github.com/plsy1/epg/raw/refs/heads/main/e/seven-days.xml.gz
[2026-03-11] 频道: btv1 | 数据源: https://github.com/plsy1/epg/raw/refs/heads/main/e/seven-days.xml.gz
[2026-03-12] 频道: btv1 | 数据源: https://github.com/plsy1/epg/raw/refs/heads/main/e/seven-days.xml.gz
[2026-03-13] 频道: btv1 | 数据源: https://github.com/plsy1/epg/raw/refs/heads/main/e/seven-days.xml.gz
[2026-03-14] 频道: btv1 | 数据源: https://github.com/plsy1/epg/raw/refs/heads/main/e/seven-days.xml.gz
[2026-03-15] 频道: btv1 | 数据源: https://github.com/mytv-android/SCTV_EPG/raw/refs/heads/main/epg.xml
[2026-03-16] 频道: btv1 | 数据源: https://epg.136605.xyz/9days.xml
[2026-03-17] 频道: btv1 | 数据源: https://epg.136605.xyz/9days.xml
[2026-03-14] 频道: btvjishi | 数据源: https://github.com/frankwuzp/iptv-cn/raw/refs/heads/main/guide.xml
[2026-03-15] 频道: btvjishi | 数据源: https://github.com/frankwuzp/iptv-cn/raw/refs/heads/main/guide.xml
[2026-03-16] 频道: btvjishi | 数据源: https://github.com/frankwuzp/iptv-cn/raw/refs/heads/main/guide.xml
[2026-03-07] 频道: dongfang | 数据源: https://github.com/plsy1/epg/raw/refs/heads/main/e/seven-days.xml.gz
[2026-03-08] 频道: dongfang | 数据源: https://github.com/zzzz0317/beijing-unicom-iptv-playlist/raw/refs/heads/main/epg.xml
[2026-03-09] 频道: dongfang | 数据源: https://github.com/mytv-android/SCTV_EPG/raw/refs/heads/main/epg.xml
[2026-03-10] 频道: dongfang | 数据源: https://github.com/zzzz0317/beijing-unicom-iptv-playlist/raw/refs/heads/main/epg.xml
[2026-03-11] 频道: dongfang | 数据源: https://github.com/mytv-android/SCTV_EPG/raw/refs/heads/main/epg.xml
[2026-03-12] 频道: dongfang | 数据源: https://github.com/mytv-android/SCTV_EPG/raw/refs/heads/main/epg.xml
[2026-03-13] 频道: dongfang | 数据源: https://github.com/mytv-android/SCTV_EPG/raw/refs/heads/main/epg.xml
[2026-03-14] 频道: dongfang | 数据源: https://epg.deny.vip/sh/tel-epg.xml
[2026-03-15] 频道: dongfang | 数据源: https://epg.deny.vip/sh/tel-epg.xml
[2026-03-16] 频道: dongfang | 数据源: https://github.com/zzzz0317/beijing-unicom-iptv-playlist/raw/refs/heads/main/epg.xml
[2026-03-17] 频道: dongfang | 数据源: https://github.com/zzzz0317/beijing-unicom-iptv-playlist/raw/refs/heads/main/epg.xml
[2026-03-07] 频道: hunan | 数据源: https://github.com/plsy1/epg/raw/refs/heads/main/e/seven-days.xml.gz
[2026-03-08] 频道: hunan | 数据源: https://github.com/litiande03/epg/raw/refs/heads/master/pl.xml.gz
[2026-03-09] 频道: hunan | 数据源: https://github.com/litiande03/epg/raw/refs/heads/master/pl.xml.gz
[2026-03-10] 频道: hunan | 数据源: https://github.com/litiande03/epg/raw/refs/heads/master/pl.xml.gz
[2026-03-11] 频道: hunan | 数据源: https://github.com/litiande03/epg/raw/refs/heads/master/pl.xml.gz
[2026-03-12] 频道: hunan | 数据源: https://github.com/litiande03/epg/raw/refs/heads/master/pl.xml.gz
[2026-03-13] 频道: hunan | 数据源: https://github.com/litiande03/epg/raw/refs/heads/master/pl.xml.gz
[2026-03-14] 频道: hunan | 数据源: https://github.com/litiande03/epg/raw/refs/heads/master/pl.xml.gz
[2026-03-15] 频道: hunan | 数据源: https://epg.136605.xyz/9days.xml
[2026-03-16] 频道: hunan | 数据源: https://epg.136605.xyz/9days.xml
[2026-03-17] 频道: hunan | 数据源: https://github.com/zzzz0317/beijing-unicom-iptv-playlist/raw/refs/heads/main/epg.xml
[2026-03-07] 频道: shandong | 数据源: https://github.com/zzzz0317/beijing-unicom-iptv-playlist/raw/refs/heads/main/epg.xml
[2026-03-08] 频道: shandong | 数据源: https://epg.136605.xyz/9days.xml
[2026-03-09] 频道: shandong | 数据源: https://epg.136605.xyz/9days.xml
[2026-03-10] 频道: shandong | 数据源: https://github.com/litiande03/epg/raw/refs/heads/master/pl.xml.gz
[2026-03-11] 频道: shandong | 数据源: https://epg.136605.xyz/9days.xml
[2026-03-12] 频道: shandong | 数据源: https://epg.136605.xyz/9days.xml
[2026-03-13] 频道: shandong | 数据源: https://epg.136605.xyz/9days.xml
[2026-03-14] 频道: shandong | 数据源: https://epg.136605.xyz/9days.xml
[2026-03-15] 频道: shandong | 数据源: https://epg.136605.xyz/9days.xml
[2026-03-16] 频道: shandong | 数据源: https://epg.136605.xyz/9days.xml
[2026-03-17] 频道: shandong | 数据源: https://github.com/zzzz0317/beijing-unicom-iptv-playlist/raw/refs/heads/main/epg.xml
[2026-03-07] 频道: zhejiang | 数据源: https://github.com/zzzz0317/beijing-unicom-iptv-playlist/raw/refs/heads/main/epg.xml
[2026-03-08] 频道: zhejiang | 数据源: https://github.com/litiande03/epg/raw/refs/heads/master/pl.xml.gz
[2026-03-09] 频道: zhejiang | 数据源: https://github.com/litiande03/epg/raw/refs/heads/master/pl.xml.gz
[2026-03-10] 频道: zhejiang | 数据源: https://github.com/litiande03/epg/raw/refs/heads/master/pl.xml.gz
[2026-03-11] 频道: zhejiang | 数据源: https://github.com/litiande03/epg/raw/refs/heads/master/pl.xml.gz
[2026-03-12] 频道: zhejiang | 数据源: https://github.com/litiande03/epg/raw/refs/heads/master/pl.xml.gz
[2026-03-13] 频道: zhejiang | 数据源: https://github.com/litiande03/epg/raw/refs/heads/master/pl.xml.gz
[2026-03-14] 频道: zhejiang | 数据源: https://github.com/litiande03/epg/raw/refs/heads/master/pl.xml.gz
[2026-03-15] 频道: zhejiang | 数据源: https://epg.136605.xyz/9days.xml
[2026-03-16] 频道: zhejiang | 数据源: https://epg.136605.xyz/9days.xml
[2026-03-17] 频道: zhejiang | 数据源: https://github.com/zzzz0317/beijing-unicom-iptv-playlist/raw/refs/heads/main/epg.xml
[2026-03-07] 频道: jiangsu | 数据源: https://github.com/plsy1/epg/raw/refs/heads/main/e/seven-days.xml.gz
[2026-03-08] 频道: jiangsu | 数据源: https://github.com/litiande03/epg/raw/refs/heads/master/pl.xml.gz
[2026-03-09] 频道: jiangsu | 数据源: https://epg.136605.xyz/9days.xml
[2026-03-10] 频道: jiangsu | 数据源: https://github.com/litiande03/epg/raw/refs/heads/master/pl.xml.gz
[2026-03-11] 频道: jiangsu | 数据源: https://github.com/litiande03/epg/raw/refs/heads/master/pl.xml.gz
[2026-03-12] 频道: jiangsu | 数据源: https://epg.136605.xyz/9days.xml
[2026-03-13] 频道: jiangsu | 数据源: https://epg.136605.xyz/9days.xml
[2026-03-14] 频道: jiangsu | 数据源: https://github.com/litiande03/epg/raw/refs/heads/master/pl.xml.gz
[2026-03-15] 频道: jiangsu | 数据源: https://epg.136605.xyz/9days.xml
[2026-03-16] 频道: jiangsu | 数据源: https://epg.136605.xyz/9days.xml
[2026-03-17] 频道: jiangsu | 数据源: https://github.com/zzzz0317/beijing-unicom-iptv-playlist/raw/refs/heads/main/epg.xml
[2026-03-07] 频道: guangdong | 数据源: https://github.com/zzzz0317/beijing-unicom-iptv-playlist/raw/refs/heads/main/epg.xml
[2026-03-08] 频道: guangdong | 数据源: https://github.com/zzzz0317/beijing-unicom-iptv-playlist/raw/refs/heads/main/epg.xml
[2026-03-09] 频道: guangdong | 数据源: https://epg.136605.xyz/9days.xml
[2026-03-10] 频道: guangdong | 数据源: https://epg.136605.xyz/9days.xml
[2026-03-11] 频道: guangdong | 数据源: https://epg.136605.xyz/9days.xml
[2026-03-12] 频道: guangdong | 数据源: https://epg.136605.xyz/9days.xml
[2026-03-13] 频道: guangdong | 数据源: https://epg.136605.xyz/9days.xml
[2026-03-14] 频道: guangdong | 数据源: https://epg.136605.xyz/9days.xml
[2026-03-15] 频道: guangdong | 数据源: https://epg.136605.xyz/9days.xml
[2026-03-16] 频道: guangdong | 数据源: https://github.com/zzzz0317/beijing-unicom-iptv-playlist/raw/refs/heads/main/epg.xml
[2026-03-17] 频道: guangdong | 数据源: https://github.com/zzzz0317/beijing-unicom-iptv-playlist/raw/refs/heads/main/epg.xml
[2026-03-07] 频道: dongnan | 数据源: https://github.com/zzzz0317/beijing-unicom-iptv-playlist/raw/refs/heads/main/epg.xml
[2026-03-08] 频道: dongnan | 数据源: https://github.com/litiande03/epg/raw/refs/heads/master/pl.xml.gz
[2026-03-09] 频道: dongnan | 数据源: https://epg.136605.xyz/9days.xml
[2026-03-10] 频道: dongnan | 数据源: https://github.com/litiande03/epg/raw/refs/heads/master/pl.xml.gz
[2026-03-11] 频道: dongnan | 数据源: https://github.com/litiande03/epg/raw/refs/heads/master/pl.xml.gz
[2026-03-12] 频道: dongnan | 数据源: https://github.com/litiande03/epg/raw/refs/heads/master/pl.xml.gz
[2026-03-13] 频道: dongnan | 数据源: https://github.com/litiande03/epg/raw/refs/heads/master/pl.xml.gz
[2026-03-14] 频道: dongnan | 数据源: https://github.com/litiande03/epg/raw/refs/heads/master/pl.xml.gz
[2026-03-15] 频道: dongnan | 数据源: https://epg.136605.xyz/9days.xml
[2026-03-16] 频道: dongnan | 数据源: https://github.com/litiande03/epg/raw/refs/heads/master/pl.xml.gz
[2026-03-17] 频道: dongnan | 数据源: https://github.com/zzzz0317/beijing-unicom-iptv-playlist/raw/refs/heads/main/epg.xml
[2026-03-07] 频道: anhui | 数据源: https://github.com/plsy1/epg/raw/refs/heads/main/e/seven-days.xml.gz
[2026-03-08] 频道: anhui | 数据源: https://github.com/litiande03/epg/raw/refs/heads/master/pl.xml.gz
[2026-03-09] 频道: anhui | 数据源: https://epg.136605.xyz/9days.xml
[2026-03-10] 频道: anhui | 数据源: https://github.com/litiande03/epg/raw/refs/heads/master/pl.xml.gz
[2026-03-11] 频道: anhui | 数据源: https://epg.136605.xyz/9days.xml
[2026-03-12] 频道: anhui | 数据源: https://epg.136605.xyz/9days.xml
[2026-03-13] 频道: anhui | 数据源: https://github.com/litiande03/epg/raw/refs/heads/master/pl.xml.gz
[2026-03-14] 频道: anhui | 数据源: https://github.com/litiande03/epg/raw/refs/heads/master/pl.xml.gz
[2026-03-15] 频道: anhui | 数据源: https://github.com/zzzz0317/beijing-unicom-iptv-playlist/raw/refs/heads/main/epg.xml
[2026-03-16] 频道: anhui | 数据源: https://github.com/zzzz0317/beijing-unicom-iptv-playlist/raw/refs/heads/main/epg.xml
[2026-03-17] 频道: anhui | 数据源: https://github.com/zzzz0317/beijing-unicom-iptv-playlist/raw/refs/heads/main/epg.xml
[2026-03-07] 频道: gansu | 数据源: https://github.com/plsy1/epg/raw/refs/heads/main/e/seven-days.xml.gz
[2026-03-08] 频道: gansu | 数据源: http://e.erw.cc/all.xml.gz
[2026-03-09] 频道: gansu | 数据源: https://github.com/litiande03/epg/raw/refs/heads/master/pl.xml.gz
[2026-03-10] 频道: gansu | 数据源: https://github.com/litiande03/epg/raw/refs/heads/master/pl.xml.gz
[2026-03-11] 频道: gansu | 数据源: https://github.com/litiande03/epg/raw/refs/heads/master/pl.xml.gz
[2026-03-12] 频道: gansu | 数据源: https://github.com/litiande03/epg/raw/refs/heads/master/pl.xml.gz
[2026-03-13] 频道: gansu | 数据源: https://github.com/litiande03/epg/raw/refs/heads/master/pl.xml.gz
[2026-03-14] 频道: gansu | 数据源: https://github.com/litiande03/epg/raw/refs/heads/master/pl.xml.gz
[2026-03-15] 频道: gansu | 数据源: http://epg.51zmt.top:8000/e1.xml.gz
[2026-03-16] 频道: gansu | 数据源: https://github.com/frankwuzp/iptv-cn/raw/refs/heads/main/guide.xml
[2026-03-17] 频道: gansu | 数据源: https://github.com/zzzz0317/beijing-unicom-iptv-playlist/raw/refs/heads/main/epg.xml
[2026-03-07] 频道: liaoning | 数据源: https://github.com/zzzz0317/beijing-unicom-iptv-playlist/raw/refs/heads/main/epg.xml
[2026-03-08] 频道: liaoning | 数据源: https://github.com/litiande03/epg/raw/refs/heads/master/pl.xml.gz
[2026-03-09] 频道: liaoning | 数据源: https://epg.136605.xyz/9days.xml
[2026-03-10] 频道: liaoning | 数据源: https://epg.136605.xyz/9days.xml
[2026-03-11] 频道: liaoning | 数据源: https://epg.136605.xyz/9days.xml
[2026-03-12] 频道: liaoning | 数据源: https://epg.136605.xyz/9days.xml
[2026-03-13] 频道: liaoning | 数据源: https://github.com/litiande03/epg/raw/refs/heads/master/pl.xml.gz
[2026-03-14] 频道: liaoning | 数据源: https://epg.136605.xyz/9days.xml
[2026-03-15] 频道: liaoning | 数据源: https://epg.136605.xyz/9days.xml
[2026-03-16] 频道: liaoning | 数据源: https://epg.136605.xyz/9days.xml
[2026-03-17] 频道: liaoning | 数据源: https://github.com/zzzz0317/beijing-unicom-iptv-playlist/raw/refs/heads/main/epg.xml
[2026-03-06] 频道: travel | 数据源: https://github.com/plsy1/epg/raw/refs/heads/main/e/seven-days.xml.gz
[2026-03-07] 频道: travel | 数据源: https://github.com/plsy1/epg/raw/refs/heads/main/e/seven-days.xml.gz
[2026-03-08] 频道: travel | 数据源: https://epg.136605.xyz/9days.xml
[2026-03-09] 频道: travel | 数据源: https://epg.136605.xyz/9days.xml
[2026-03-10] 频道: travel | 数据源: https://github.com/litiande03/epg/raw/refs/heads/master/pl.xml.gz
[2026-03-11] 频道: travel | 数据源: https://epg.136605.xyz/9days.xml
[2026-03-12] 频道: travel | 数据源: https://epg.136605.xyz/9days.xml
[2026-03-13] 频道: travel | 数据源: https://epg.136605.xyz/9days.xml
[2026-03-14] 频道: travel | 数据源: https://github.com/litiande03/epg/raw/refs/heads/master/pl.xml.gz
[2026-03-15] 频道: travel | 数据源: https://epg.136605.xyz/9days.xml
[2026-03-16] 频道: travel | 数据源: https://epg.136605.xyz/9days.xml
[2026-03-17] 频道: travel | 数据源: https://epg.136605.xyz/9days.xml
[2026-03-06] 频道: neimenggu | 数据源: https://github.com/plsy1/epg/raw/refs/heads/main/e/seven-days.xml.gz
[2026-03-07] 频道: neimenggu | 数据源: https://github.com/plsy1/epg/raw/refs/heads/main/e/seven-days.xml.gz
[2026-03-08] 频道: neimenggu | 数据源: https://github.com/litiande03/epg/raw/refs/heads/master/pl.xml.gz
[2026-03-09] 频道: neimenggu | 数据源: https://github.com/litiande03/epg/raw/refs/heads/master/pl.xml.gz
[2026-03-10] 频道: neimenggu | 数据源: https://github.com/litiande03/epg/raw/refs/heads/master/pl.xml.gz
[2026-03-11] 频道: neimenggu | 数据源: https://github.com/litiande03/epg/raw/refs/heads/master/pl.xml.gz
[2026-03-12] 频道: neimenggu | 数据源: https://github.com/litiande03/epg/raw/refs/heads/master/pl.xml.gz
[2026-03-13] 频道: neimenggu | 数据源: https://github.com/litiande03/epg/raw/refs/heads/master/pl.xml.gz
[2026-03-14] 频道: neimenggu | 数据源: https://github.com/litiande03/epg/raw/refs/heads/master/pl.xml.gz
[2026-03-15] 频道: neimenggu | 数据源: https://github.com/litiande03/epg/raw/refs/heads/master/pl.xml.gz
[2026-03-16] 频道: neimenggu | 数据源: https://github.com/litiande03/epg/raw/refs/heads/master/pl.xml.gz
[2026-03-17] 频道: neimenggu | 数据源: https://github.com/litiande03/epg/raw/refs/heads/master/pl.xml.gz
[2026-03-07] 频道: ningxia | 数据源: https://github.com/zzzz0317/beijing-unicom-iptv-playlist/raw/refs/heads/main/epg.xml
[2026-03-08] 频道: ningxia | 数据源: https://github.com/zzzz0317/beijing-unicom-iptv-playlist/raw/refs/heads/main/epg.xml
[2026-03-09] 频道: ningxia | 数据源: https://github.com/zzzz0317/beijing-unicom-iptv-playlist/raw/refs/heads/main/epg.xml
[2026-03-10] 频道: ningxia | 数据源: https://github.com/zzzz0317/beijing-unicom-iptv-playlist/raw/refs/heads/main/epg.xml
[2026-03-11] 频道: ningxia | 数据源: https://github.com/zzzz0317/beijing-unicom-iptv-playlist/raw/refs/heads/main/epg.xml
[2026-03-12] 频道: ningxia | 数据源: https://github.com/zzzz0317/beijing-unicom-iptv-playlist/raw/refs/heads/main/epg.xml
[2026-03-13] 频道: ningxia | 数据源: https://github.com/zzzz0317/beijing-unicom-iptv-playlist/raw/refs/heads/main/epg.xml
[2026-03-14] 频道: ningxia | 数据源: http://epg.51zmt.top:8000/e1.xml.gz
[2026-03-15] 频道: ningxia | 数据源: https://github.com/litiande03/epg/raw/refs/heads/master/pl.xml.gz
[2026-03-16] 频道: ningxia | 数据源: https://github.com/litiande03/epg/raw/refs/heads/master/pl.xml.gz
[2026-03-17] 频道: ningxia | 数据源: https://github.com/litiande03/epg/raw/refs/heads/master/pl.xml.gz
[2026-03-07] 频道: qinghai | 数据源: https://github.com/plsy1/epg/raw/refs/heads/main/e/seven-days.xml.gz
[2026-03-08] 频道: qinghai | 数据源: https://github.com/litiande03/epg/raw/refs/heads/master/pl.xml.gz
[2026-03-09] 频道: qinghai | 数据源: https://github.com/litiande03/epg/raw/refs/heads/master/pl.xml.gz
[2026-03-10] 频道: qinghai | 数据源: https://github.com/litiande03/epg/raw/refs/heads/master/pl.xml.gz
[2026-03-11] 频道: qinghai | 数据源: https://github.com/litiande03/epg/raw/refs/heads/master/pl.xml.gz
[2026-03-12] 频道: qinghai | 数据源: https://github.com/litiande03/epg/raw/refs/heads/master/pl.xml.gz
[2026-03-13] 频道: qinghai | 数据源: https://github.com/litiande03/epg/raw/refs/heads/master/pl.xml.gz
[2026-03-14] 频道: qinghai | 数据源: https://github.com/litiande03/epg/raw/refs/heads/master/pl.xml.gz
[2026-03-15] 频道: qinghai | 数据源: http://epg.51zmt.top:8000/e1.xml.gz
[2026-03-16] 频道: qinghai | 数据源: https://github.com/frankwuzp/iptv-cn/raw/refs/heads/main/guide.xml
[2026-03-07] 频道: xiamen | 数据源: https://github.com/plsy1/epg/raw/refs/heads/main/e/seven-days.xml.gz
[2026-03-08] 频道: xiamen | 数据源: https://github.com/plsy1/epg/raw/refs/heads/main/e/seven-days.xml.gz
[2026-03-09] 频道: xiamen | 数据源: https://github.com/plsy1/epg/raw/refs/heads/main/e/seven-days.xml.gz
[2026-03-10] 频道: xiamen | 数据源: https://github.com/plsy1/epg/raw/refs/heads/main/e/seven-days.xml.gz
[2026-03-11] 频道: xiamen | 数据源: https://github.com/plsy1/epg/raw/refs/heads/main/e/seven-days.xml.gz
[2026-03-12] 频道: xiamen | 数据源: https://github.com/plsy1/epg/raw/refs/heads/main/e/seven-days.xml.gz
[2026-03-13] 频道: xiamen | 数据源: https://github.com/plsy1/epg/raw/refs/heads/main/e/seven-days.xml.gz
[2026-03-14] 频道: xiamen | 数据源: https://github.com/plsy1/epg/raw/refs/heads/main/e/seven-days.xml.gz
[2026-03-15] 频道: xiamen | 数据源: https://github.com/plsy1/epg/raw/refs/heads/main/e/seven-days.xml.gz
[2026-03-16] 频道: xiamen | 数据源: https://github.com/frankwuzp/iptv-cn/raw/refs/heads/main/guide.xml
[2026-03-17] 频道: xiamen | 数据源: https://epg.136605.xyz/9days.xml
[2026-03-06] 频道: yunnan | 数据源: https://github.com/plsy1/epg/raw/refs/heads/main/e/seven-days.xml.gz
[2026-03-07] 频道: yunnan | 数据源: https://github.com/plsy1/epg/raw/refs/heads/main/e/seven-days.xml.gz
[2026-03-08] 频道: yunnan | 数据源: https://github.com/litiande03/epg/raw/refs/heads/master/pl.xml.gz
[2026-03-09] 频道: yunnan | 数据源: https://github.com/litiande03/epg/raw/refs/heads/master/pl.xml.gz
[2026-03-10] 频道: yunnan | 数据源: https://github.com/litiande03/epg/raw/refs/heads/master/pl.xml.gz
[2026-03-11] 频道: yunnan | 数据源: https://github.com/litiande03/epg/raw/refs/heads/master/pl.xml.gz
[2026-03-12] 频道: yunnan | 数据源: https://github.com/litiande03/epg/raw/refs/heads/master/pl.xml.gz
[2026-03-13] 频道: yunnan | 数据源: https://github.com/litiande03/epg/raw/refs/heads/master/pl.xml.gz
[2026-03-14] 频道: yunnan | 数据源: https://github.com/litiande03/epg/raw/refs/heads/master/pl.xml.gz
[2026-03-15] 频道: yunnan | 数据源: https://github.com/litiande03/epg/raw/refs/heads/master/pl.xml.gz
[2026-03-16] 频道: yunnan | 数据源: https://github.com/litiande03/epg/raw/refs/heads/master/pl.xml.gz
[2026-03-17] 频道: yunnan | 数据源: https://github.com/litiande03/epg/raw/refs/heads/master/pl.xml.gz
[2026-03-06] 频道: chongqing | 数据源: https://github.com/plsy1/epg/raw/refs/heads/main/e/seven-days.xml.gz
[2026-03-07] 频道: chongqing | 数据源: https://github.com/zzzz0317/beijing-unicom-iptv-playlist/raw/refs/heads/main/epg.xml
[2026-03-08] 频道: chongqing | 数据源: https://github.com/litiande03/epg/raw/refs/heads/master/pl.xml.gz
[2026-03-09] 频道: chongqing | 数据源: https://github.com/litiande03/epg/raw/refs/heads/master/pl.xml.gz
[2026-03-10] 频道: chongqing | 数据源: http://e.erw.cc/all.xml.gz
[2026-03-11] 频道: chongqing | 数据源: https://github.com/litiande03/epg/raw/refs/heads/master/pl.xml.gz
[2026-03-12] 频道: chongqing | 数据源: https://github.com/litiande03/epg/raw/refs/heads/master/pl.xml.gz
[2026-03-13] 频道: chongqing | 数据源: http://e.erw.cc/all.xml.gz
[2026-03-14] 频道: chongqing | 数据源: https://github.com/litiande03/epg/raw/refs/heads/master/pl.xml.gz
[2026-03-15] 频道: chongqing | 数据源: http://epg.51zmt.top:8000/e1.xml.gz
[2026-03-16] 频道: chongqing | 数据源: https://github.com/zzzz0317/beijing-unicom-iptv-playlist/raw/refs/heads/main/epg.xml
[2026-03-17] 频道: chongqing | 数据源: https://github.com/zzzz0317/beijing-unicom-iptv-playlist/raw/refs/heads/main/epg.xml
[2026-03-06] 频道: jiangxi | 数据源: https://github.com/plsy1/epg/raw/refs/heads/main/e/seven-days.xml.gz
[2026-03-07] 频道: jiangxi | 数据源: https://github.com/zzzz0317/beijing-unicom-iptv-playlist/raw/refs/heads/main/epg.xml
[2026-03-08] 频道: jiangxi | 数据源: https://epg.136605.xyz/9days.xml
[2026-03-09] 频道: jiangxi | 数据源: https://epg.136605.xyz/9days.xml
[2026-03-10] 频道: jiangxi | 数据源: https://github.com/litiande03/epg/raw/refs/heads/master/pl.xml.gz
[2026-03-11] 频道: jiangxi | 数据源: https://github.com/litiande03/epg/raw/refs/heads/master/pl.xml.gz
[2026-03-12] 频道: jiangxi | 数据源: https://github.com/litiande03/epg/raw/refs/heads/master/pl.xml.gz
[2026-03-13] 频道: jiangxi | 数据源: https://epg.136605.xyz/9days.xml
[2026-03-14] 频道: jiangxi | 数据源: https://epg.136605.xyz/9days.xml
[2026-03-15] 频道: jiangxi | 数据源: https://epg.136605.xyz/9days.xml
[2026-03-16] 频道: jiangxi | 数据源: https://epg.136605.xyz/9days.xml
[2026-03-17] 频道: jiangxi | 数据源: https://github.com/zzzz0317/beijing-unicom-iptv-playlist/raw/refs/heads/main/epg.xml
[2026-03-07] 频道: shan1xi | 数据源: https://github.com/mytv-android/SCTV_EPG/raw/refs/heads/main/epg.xml
[2026-03-08] 频道: shan1xi | 数据源: https://github.com/litiande03/epg/raw/refs/heads/master/pl.xml.gz
[2026-03-09] 频道: shan1xi | 数据源: https://epg.136605.xyz/9days.xml
[2026-03-10] 频道: shan1xi | 数据源: https://epg.136605.xyz/9days.xml
[2026-03-11] 频道: shan1xi | 数据源: https://github.com/litiande03/epg/raw/refs/heads/master/pl.xml.gz
[2026-03-12] 频道: shan1xi | 数据源: https://github.com/litiande03/epg/raw/refs/heads/master/pl.xml.gz
[2026-03-13] 频道: shan1xi | 数据源: https://github.com/litiande03/epg/raw/refs/heads/master/pl.xml.gz
[2026-03-14] 频道: shan1xi | 数据源: https://epg.136605.xyz/9days.xml
[2026-03-15] 频道: shan1xi | 数据源: https://epg.136605.xyz/9days.xml
[2026-03-16] 频道: shan1xi | 数据源: https://epg.136605.xyz/9days.xml
[2026-03-17] 频道: shan1xi | 数据源: https://epg.136605.xyz/9days.xml
[2026-03-06] 频道: shan3xi | 数据源: https://github.com/plsy1/epg/raw/refs/heads/main/e/seven-days.xml.gz
[2026-03-07] 频道: shan3xi | 数据源: https://github.com/plsy1/epg/raw/refs/heads/main/e/seven-days.xml.gz
[2026-03-08] 频道: shan3xi | 数据源: https://github.com/litiande03/epg/raw/refs/heads/master/pl.xml.gz
[2026-03-09] 频道: shan3xi | 数据源: https://github.com/litiande03/epg/raw/refs/heads/master/pl.xml.gz
[2026-03-10] 频道: shan3xi | 数据源: https://github.com/litiande03/epg/raw/refs/heads/master/pl.xml.gz
[2026-03-11] 频道: shan3xi | 数据源: https://github.com/litiande03/epg/raw/refs/heads/master/pl.xml.gz
[2026-03-12] 频道: shan3xi | 数据源: https://github.com/litiande03/epg/raw/refs/heads/master/pl.xml.gz
[2026-03-13] 频道: shan3xi | 数据源: https://github.com/litiande03/epg/raw/refs/heads/master/pl.xml.gz
[2026-03-14] 频道: shan3xi | 数据源: https://github.com/litiande03/epg/raw/refs/heads/master/pl.xml.gz
[2026-03-15] 频道: shan3xi | 数据源: https://github.com/mytv-android/SCTV_EPG/raw/refs/heads/main/epg.xml
[2026-03-16] 频道: shan3xi | 数据源: https://github.com/frankwuzp/iptv-cn/raw/refs/heads/main/guide.xml
[2026-03-07] 频道: shenzhen | 数据源: https://github.com/plsy1/epg/raw/refs/heads/main/e/seven-days.xml.gz
[2026-03-08] 频道: shenzhen | 数据源: https://github.com/plsy1/epg/raw/refs/heads/main/e/seven-days.xml.gz
[2026-03-09] 频道: shenzhen | 数据源: https://github.com/plsy1/epg/raw/refs/heads/main/e/seven-days.xml.gz
[2026-03-10] 频道: shenzhen | 数据源: https://github.com/plsy1/epg/raw/refs/heads/main/e/seven-days.xml.gz
[2026-03-11] 频道: shenzhen | 数据源: https://github.com/plsy1/epg/raw/refs/heads/main/e/seven-days.xml.gz
[2026-03-12] 频道: shenzhen | 数据源: https://github.com/plsy1/epg/raw/refs/heads/main/e/seven-days.xml.gz
[2026-03-13] 频道: shenzhen | 数据源: https://github.com/plsy1/epg/raw/refs/heads/main/e/seven-days.xml.gz
[2026-03-14] 频道: shenzhen | 数据源: https://github.com/plsy1/epg/raw/refs/heads/main/e/seven-days.xml.gz
[2026-03-15] 频道: shenzhen | 数据源: https://github.com/plsy1/epg/raw/refs/heads/main/e/seven-days.xml.gz
[2026-03-16] 频道: shenzhen | 数据源: https://github.com/frankwuzp/iptv-cn/raw/refs/heads/main/guide.xml
[2026-03-07] 频道: sichuan | 数据源: https://github.com/plsy1/epg/raw/refs/heads/main/e/seven-days.xml.gz
[2026-03-08] 频道: sichuan | 数据源: https://github.com/litiande03/epg/raw/refs/heads/master/pl.xml.gz
[2026-03-09] 频道: sichuan | 数据源: https://github.com/litiande03/epg/raw/refs/heads/master/pl.xml.gz
[2026-03-10] 频道: sichuan | 数据源: https://github.com/litiande03/epg/raw/refs/heads/master/pl.xml.gz
[2026-03-11] 频道: sichuan | 数据源: https://github.com/litiande03/epg/raw/refs/heads/master/pl.xml.gz
[2026-03-12] 频道: sichuan | 数据源: https://github.com/litiande03/epg/raw/refs/heads/master/pl.xml.gz
[2026-03-13] 频道: sichuan | 数据源: https://github.com/litiande03/epg/raw/refs/heads/master/pl.xml.gz
[2026-03-14] 频道: sichuan | 数据源: https://github.com/litiande03/epg/raw/refs/heads/master/pl.xml.gz
[2026-03-15] 频道: sichuan | 数据源: https://epg.136605.xyz/9days.xml
[2026-03-16] 频道: sichuan | 数据源: https://epg.136605.xyz/9days.xml
[2026-03-17] 频道: sichuan | 数据源: https://epg.136605.xyz/9days.xml
[2026-03-07] 频道: tianjin | 数据源: https://github.com/zzzz0317/beijing-unicom-iptv-playlist/raw/refs/heads/main/epg.xml
[2026-03-08] 频道: tianjin | 数据源: https://github.com/litiande03/epg/raw/refs/heads/master/pl.xml.gz
[2026-03-09] 频道: tianjin | 数据源: https://epg.136605.xyz/9days.xml
[2026-03-10] 频道: tianjin | 数据源: https://github.com/litiande03/epg/raw/refs/heads/master/pl.xml.gz
[2026-03-11] 频道: tianjin | 数据源: https://epg.136605.xyz/9days.xml
[2026-03-12] 频道: tianjin | 数据源: https://epg.136605.xyz/9days.xml
[2026-03-13] 频道: tianjin | 数据源: https://github.com/litiande03/epg/raw/refs/heads/master/pl.xml.gz
[2026-03-14] 频道: tianjin | 数据源: https://epg.136605.xyz/9days.xml
[2026-03-15] 频道: tianjin | 数据源: https://epg.136605.xyz/9days.xml
[2026-03-16] 频道: tianjin | 数据源: https://epg.136605.xyz/9days.xml
[2026-03-17] 频道: tianjin | 数据源: https://github.com/zzzz0317/beijing-unicom-iptv-playlist/raw/refs/heads/main/epg.xml
[2026-03-06] 频道: guangxi | 数据源: https://github.com/plsy1/epg/raw/refs/heads/main/e/seven-days.xml.gz
[2026-03-07] 频道: guangxi | 数据源: https://github.com/plsy1/epg/raw/refs/heads/main/e/seven-days.xml.gz
[2026-03-08] 频道: guangxi | 数据源: https://github.com/litiande03/epg/raw/refs/heads/master/pl.xml.gz
[2026-03-09] 频道: guangxi | 数据源: https://github.com/litiande03/epg/raw/refs/heads/master/pl.xml.gz
[2026-03-10] 频道: guangxi | 数据源: https://github.com/litiande03/epg/raw/refs/heads/master/pl.xml.gz
[2026-03-11] 频道: guangxi | 数据源: https://github.com/litiande03/epg/raw/refs/heads/master/pl.xml.gz
[2026-03-12] 频道: guangxi | 数据源: https://github.com/litiande03/epg/raw/refs/heads/master/pl.xml.gz
[2026-03-13] 频道: guangxi | 数据源: https://github.com/litiande03/epg/raw/refs/heads/master/pl.xml.gz
[2026-03-14] 频道: guangxi | 数据源: https://github.com/litiande03/epg/raw/refs/heads/master/pl.xml.gz
[2026-03-15] 频道: guangxi | 数据源: https://epg.136605.xyz/9days.xml
[2026-03-16] 频道: guangxi | 数据源: https://epg.136605.xyz/9days.xml
[2026-03-17] 频道: guangxi | 数据源: https://epg.136605.xyz/9days.xml
[2026-03-07] 频道: guizhou | 数据源: https://github.com/plsy1/epg/raw/refs/heads/main/e/seven-days.xml.gz
[2026-03-08] 频道: guizhou | 数据源: https://github.com/mytv-android/SCTV_EPG/raw/refs/heads/main/epg.xml
[2026-03-09] 频道: guizhou | 数据源: https://github.com/plsy1/epg/raw/refs/heads/main/e/seven-days.xml.gz
[2026-03-10] 频道: guizhou | 数据源: https://github.com/litiande03/epg/raw/refs/heads/master/pl.xml.gz
[2026-03-11] 频道: guizhou | 数据源: https://github.com/litiande03/epg/raw/refs/heads/master/pl.xml.gz
[2026-03-12] 频道: guizhou | 数据源: https://github.com/litiande03/epg/raw/refs/heads/master/pl.xml.gz
[2026-03-13] 频道: guizhou | 数据源: https://github.com/plsy1/epg/raw/refs/heads/main/e/seven-days.xml.gz
[2026-03-14] 频道: guizhou | 数据源: https://github.com/litiande03/epg/raw/refs/heads/master/pl.xml.gz
[2026-03-15] 频道: guizhou | 数据源: http://epg.51zmt.top:8000/e1.xml.gz
[2026-03-16] 频道: guizhou | 数据源: https://github.com/zzzz0317/beijing-unicom-iptv-playlist/raw/refs/heads/main/epg.xml
[2026-03-17] 频道: guizhou | 数据源: https://github.com/zzzz0317/beijing-unicom-iptv-playlist/raw/refs/heads/main/epg.xml
[2026-03-07] 频道: hebei | 数据源: https://github.com/plsy1/epg/raw/refs/heads/main/e/seven-days.xml.gz
[2026-03-08] 频道: hebei | 数据源: https://github.com/litiande03/epg/raw/refs/heads/master/pl.xml.gz
[2026-03-09] 频道: hebei | 数据源: https://epg.136605.xyz/9days.xml
[2026-03-10] 频道: hebei | 数据源: https://github.com/litiande03/epg/raw/refs/heads/master/pl.xml.gz
[2026-03-11] 频道: hebei | 数据源: https://epg.136605.xyz/9days.xml
[2026-03-12] 频道: hebei | 数据源: https://github.com/litiande03/epg/raw/refs/heads/master/pl.xml.gz
[2026-03-13] 频道: hebei | 数据源: https://github.com/litiande03/epg/raw/refs/heads/master/pl.xml.gz
[2026-03-14] 频道: hebei | 数据源: https://epg.136605.xyz/9days.xml
[2026-03-15] 频道: hebei | 数据源: https://epg.136605.xyz/9days.xml
[2026-03-16] 频道: hebei | 数据源: https://epg.136605.xyz/9days.xml
[2026-03-17] 频道: hebei | 数据源: https://epg.136605.xyz/9days.xml
[2026-03-06] 频道: henan | 数据源: https://github.com/plsy1/epg/raw/refs/heads/main/e/seven-days.xml.gz
[2026-03-07] 频道: henan | 数据源: https://github.com/zzzz0317/beijing-unicom-iptv-playlist/raw/refs/heads/main/epg.xml
[2026-03-08] 频道: henan | 数据源: https://github.com/zzzz0317/beijing-unicom-iptv-playlist/raw/refs/heads/main/epg.xml
[2026-03-09] 频道: henan | 数据源: https://github.com/litiande03/epg/raw/refs/heads/master/pl.xml.gz
[2026-03-10] 频道: henan | 数据源: https://epg.136605.xyz/9days.xml
[2026-03-11] 频道: henan | 数据源: https://epg.136605.xyz/9days.xml
[2026-03-12] 频道: henan | 数据源: https://epg.136605.xyz/9days.xml
[2026-03-13] 频道: henan | 数据源: https://github.com/litiande03/epg/raw/refs/heads/master/pl.xml.gz
[2026-03-14] 频道: henan | 数据源: https://epg.136605.xyz/9days.xml
[2026-03-15] 频道: henan | 数据源: https://epg.136605.xyz/9days.xml
[2026-03-16] 频道: henan | 数据源: https://epg.136605.xyz/9days.xml
[2026-03-17] 频道: henan | 数据源: https://github.com/zzzz0317/beijing-unicom-iptv-playlist/raw/refs/heads/main/epg.xml
[2026-03-07] 频道: heilongjiang | 数据源: https://github.com/zzzz0317/beijing-unicom-iptv-playlist/raw/refs/heads/main/epg.xml
[2026-03-08] 频道: heilongjiang | 数据源: https://github.com/litiande03/epg/raw/refs/heads/master/pl.xml.gz
[2026-03-09] 频道: heilongjiang | 数据源: https://epg.136605.xyz/9days.xml
[2026-03-10] 频道: heilongjiang | 数据源: https://epg.136605.xyz/9days.xml
[2026-03-11] 频道: heilongjiang | 数据源: https://github.com/litiande03/epg/raw/refs/heads/master/pl.xml.gz
[2026-03-12] 频道: heilongjiang | 数据源: https://epg.136605.xyz/9days.xml
[2026-03-13] 频道: heilongjiang | 数据源: https://github.com/litiande03/epg/raw/refs/heads/master/pl.xml.gz
[2026-03-14] 频道: heilongjiang | 数据源: https://epg.136605.xyz/9days.xml
[2026-03-15] 频道: heilongjiang | 数据源: https://epg.136605.xyz/9days.xml
[2026-03-16] 频道: heilongjiang | 数据源: https://epg.136605.xyz/9days.xml
[2026-03-17] 频道: heilongjiang | 数据源: https://epg.136605.xyz/9days.xml
[2026-03-07] 频道: hubei | 数据源: https://github.com/zzzz0317/beijing-unicom-iptv-playlist/raw/refs/heads/main/epg.xml
[2026-03-08] 频道: hubei | 数据源: https://github.com/litiande03/epg/raw/refs/heads/master/pl.xml.gz
[2026-03-09] 频道: hubei | 数据源: https://github.com/litiande03/epg/raw/refs/heads/master/pl.xml.gz
[2026-03-10] 频道: hubei | 数据源: https://github.com/litiande03/epg/raw/refs/heads/master/pl.xml.gz
[2026-03-11] 频道: hubei | 数据源: https://github.com/litiande03/epg/raw/refs/heads/master/pl.xml.gz
[2026-03-12] 频道: hubei | 数据源: https://github.com/litiande03/epg/raw/refs/heads/master/pl.xml.gz
[2026-03-13] 频道: hubei | 数据源: https://github.com/litiande03/epg/raw/refs/heads/master/pl.xml.gz
[2026-03-14] 频道: hubei | 数据源: https://github.com/litiande03/epg/raw/refs/heads/master/pl.xml.gz
[2026-03-15] 频道: hubei | 数据源: https://epg.136605.xyz/9days.xml
[2026-03-16] 频道: hubei | 数据源: https://github.com/frankwuzp/iptv-cn/raw/refs/heads/main/guide.xml
[2026-03-17] 频道: hubei | 数据源: https://github.com/zzzz0317/beijing-unicom-iptv-playlist/raw/refs/heads/main/epg.xml
[2026-03-07] 频道: jilin | 数据源: https://github.com/zzzz0317/beijing-unicom-iptv-playlist/raw/refs/heads/main/epg.xml
[2026-03-08] 频道: jilin | 数据源: https://epg.136605.xyz/9days.xml
[2026-03-09] 频道: jilin | 数据源: https://github.com/litiande03/epg/raw/refs/heads/master/pl.xml.gz
[2026-03-10] 频道: jilin | 数据源: https://github.com/litiande03/epg/raw/refs/heads/master/pl.xml.gz
[2026-03-11] 频道: jilin | 数据源: https://github.com/litiande03/epg/raw/refs/heads/master/pl.xml.gz
[2026-03-12] 频道: jilin | 数据源: https://epg.136605.xyz/9days.xml
[2026-03-13] 频道: jilin | 数据源: https://github.com/litiande03/epg/raw/refs/heads/master/pl.xml.gz
[2026-03-14] 频道: jilin | 数据源: https://epg.136605.xyz/9days.xml
[2026-03-15] 频道: jilin | 数据源: https://epg.136605.xyz/9days.xml
[2026-03-16] 频道: jilin | 数据源: https://epg.136605.xyz/9days.xml
[2026-03-17] 频道: jilin | 数据源: https://epg.136605.xyz/9days.xml
[2026-03-07] 频道: yanbian | 数据源: https://github.com/mytv-android/SCTV_EPG/raw/refs/heads/main/epg.xml
[2026-03-08] 频道: yanbian | 数据源: https://github.com/mytv-android/SCTV_EPG/raw/refs/heads/main/epg.xml
[2026-03-09] 频道: yanbian | 数据源: https://github.com/mytv-android/SCTV_EPG/raw/refs/heads/main/epg.xml
[2026-03-10] 频道: yanbian | 数据源: https://github.com/mytv-android/SCTV_EPG/raw/refs/heads/main/epg.xml
[2026-03-11] 频道: yanbian | 数据源: https://github.com/mytv-android/SCTV_EPG/raw/refs/heads/main/epg.xml
[2026-03-12] 频道: yanbian | 数据源: https://github.com/mytv-android/SCTV_EPG/raw/refs/heads/main/epg.xml
[2026-03-13] 频道: yanbian | 数据源: https://github.com/mytv-android/SCTV_EPG/raw/refs/heads/main/epg.xml
[2026-03-14] 频道: yanbian | 数据源: https://github.com/mytv-android/SCTV_EPG/raw/refs/heads/main/epg.xml
[2026-03-15] 频道: yanbian | 数据源: https://github.com/mytv-android/SCTV_EPG/raw/refs/heads/main/epg.xml
[2026-03-16] 频道: yanbian | 数据源: https://github.com/frankwuzp/iptv-cn/raw/refs/heads/main/guide.xml
[2026-03-17] 频道: yanbian | 数据源: https://epg.136605.xyz/9days.xml
[2026-03-07] 频道: xizang | 数据源: https://github.com/zzzz0317/beijing-unicom-iptv-playlist/raw/refs/heads/main/epg.xml
[2026-03-08] 频道: xizang | 数据源: https://github.com/zzzz0317/beijing-unicom-iptv-playlist/raw/refs/heads/main/epg.xml
[2026-03-09] 频道: xizang | 数据源: https://github.com/zzzz0317/beijing-unicom-iptv-playlist/raw/refs/heads/main/epg.xml
[2026-03-10] 频道: xizang | 数据源: https://github.com/zzzz0317/beijing-unicom-iptv-playlist/raw/refs/heads/main/epg.xml
[2026-03-11] 频道: xizang | 数据源: https://github.com/zzzz0317/beijing-unicom-iptv-playlist/raw/refs/heads/main/epg.xml
[2026-03-12] 频道: xizang | 数据源: https://github.com/zzzz0317/beijing-unicom-iptv-playlist/raw/refs/heads/main/epg.xml
[2026-03-13] 频道: xizang | 数据源: https://github.com/zzzz0317/beijing-unicom-iptv-playlist/raw/refs/heads/main/epg.xml
[2026-03-14] 频道: xizang | 数据源: https://github.com/zzzz0317/beijing-unicom-iptv-playlist/raw/refs/heads/main/epg.xml
[2026-03-15] 频道: xizang | 数据源: https://github.com/zzzz0317/beijing-unicom-iptv-playlist/raw/refs/heads/main/epg.xml
[2026-03-16] 频道: xizang | 数据源: https://github.com/zzzz0317/beijing-unicom-iptv-playlist/raw/refs/heads/main/epg.xml
[2026-03-17] 频道: xizang | 数据源: https://github.com/zzzz0317/beijing-unicom-iptv-playlist/raw/refs/heads/main/epg.xml
[2026-03-06] 频道: xinjiang | 数据源: https://github.com/plsy1/epg/raw/refs/heads/main/e/seven-days.xml.gz
[2026-03-07] 频道: xinjiang | 数据源: https://github.com/zzzz0317/beijing-unicom-iptv-playlist/raw/refs/heads/main/epg.xml
[2026-03-08] 频道: xinjiang | 数据源: https://github.com/litiande03/epg/raw/refs/heads/master/pl.xml.gz
[2026-03-09] 频道: xinjiang | 数据源: https://github.com/litiande03/epg/raw/refs/heads/master/pl.xml.gz
[2026-03-10] 频道: xinjiang | 数据源: https://github.com/litiande03/epg/raw/refs/heads/master/pl.xml.gz
[2026-03-11] 频道: xinjiang | 数据源: https://github.com/litiande03/epg/raw/refs/heads/master/pl.xml.gz
[2026-03-12] 频道: xinjiang | 数据源: https://github.com/litiande03/epg/raw/refs/heads/master/pl.xml.gz
[2026-03-13] 频道: xinjiang | 数据源: https://github.com/litiande03/epg/raw/refs/heads/master/pl.xml.gz
[2026-03-14] 频道: xinjiang | 数据源: https://github.com/litiande03/epg/raw/refs/heads/master/pl.xml.gz
[2026-03-15] 频道: xinjiang | 数据源: https://github.com/litiande03/epg/raw/refs/heads/master/pl.xml.gz
[2026-03-16] 频道: xinjiang | 数据源: https://github.com/litiande03/epg/raw/refs/heads/master/pl.xml.gz
[2026-03-17] 频道: xinjiang | 数据源: https://github.com/zzzz0317/beijing-unicom-iptv-playlist/raw/refs/heads/main/epg.xml
[2026-03-07] 频道: bingtuan | 数据源: https://github.com/mytv-android/SCTV_EPG/raw/refs/heads/main/epg.xml
[2026-03-08] 频道: bingtuan | 数据源: https://github.com/litiande03/epg/raw/refs/heads/master/pl.xml.gz
[2026-03-09] 频道: bingtuan | 数据源: https://epg.136605.xyz/9days.xml
[2026-03-10] 频道: bingtuan | 数据源: https://github.com/litiande03/epg/raw/refs/heads/master/pl.xml.gz
[2026-03-11] 频道: bingtuan | 数据源: https://github.com/litiande03/epg/raw/refs/heads/master/pl.xml.gz
[2026-03-12] 频道: bingtuan | 数据源: https://epg.136605.xyz/9days.xml
[2026-03-13] 频道: bingtuan | 数据源: https://github.com/litiande03/epg/raw/refs/heads/master/pl.xml.gz
[2026-03-14] 频道: bingtuan | 数据源: https://github.com/litiande03/epg/raw/refs/heads/master/pl.xml.gz
[2026-03-15] 频道: bingtuan | 数据源: https://epg.136605.xyz/9days.xml
[2026-03-16] 频道: bingtuan | 数据源: https://github.com/litiande03/epg/raw/refs/heads/master/pl.xml.gz
[2026-03-17] 频道: bingtuan | 数据源: https://epg.136605.xyz/9days.xml
[2026-03-14] 频道: btvchild | 数据源: https://github.com/frankwuzp/iptv-cn/raw/refs/heads/main/guide.xml
[2026-03-15] 频道: btvchild | 数据源: https://github.com/frankwuzp/iptv-cn/raw/refs/heads/main/guide.xml
[2026-03-16] 频道: btvchild | 数据源: https://github.com/frankwuzp/iptv-cn/raw/refs/heads/main/guide.xml
[2026-03-14] 频道: sdetv | 数据源: https://github.com/frankwuzp/iptv-cn/raw/refs/heads/main/guide.xml
[2026-03-15] 频道: sdetv | 数据源: https://github.com/frankwuzp/iptv-cn/raw/refs/heads/main/guide.xml
[2026-03-16] 频道: sdetv | 数据源: https://github.com/frankwuzp/iptv-cn/raw/refs/heads/main/guide.xml
[2026-03-07] 频道: 1 | 数据源: https://github.com/zzzz0317/beijing-unicom-iptv-playlist/raw/refs/heads/main/epg.xml
[2026-03-08] 频道: 1 | 数据源: https://github.com/zzzz0317/beijing-unicom-iptv-playlist/raw/refs/heads/main/epg.xml
[2026-03-09] 频道: 1 | 数据源: https://github.com/mytv-android/SCTV_EPG/raw/refs/heads/main/epg.xml
[2026-03-10] 频道: 1 | 数据源: https://github.com/zzzz0317/beijing-unicom-iptv-playlist/raw/refs/heads/main/epg.xml
[2026-03-11] 频道: 1 | 数据源: https://github.com/mytv-android/SCTV_EPG/raw/refs/heads/main/epg.xml
[2026-03-12] 频道: 1 | 数据源: https://github.com/zzzz0317/beijing-unicom-iptv-playlist/raw/refs/heads/main/epg.xml
[2026-03-13] 频道: 1 | 数据源: https://github.com/mytv-android/SCTV_EPG/raw/refs/heads/main/epg.xml
[2026-03-14] 频道: 1 | 数据源: http://epg.51zmt.top:8000/e1.xml.gz
[2026-03-15] 频道: 1 | 数据源: http://epg.51zmt.top:8000/e1.xml.gz
[2026-03-16] 频道: 1 | 数据源: https://github.com/zzzz0317/beijing-unicom-iptv-playlist/raw/refs/heads/main/epg.xml
[2026-03-17] 频道: 1 | 数据源: https://github.com/zzzz0317/beijing-unicom-iptv-playlist/raw/refs/heads/main/epg.xml
[2026-03-06] 频道: 2 | 数据源: https://github.com/plsy1/epg/raw/refs/heads/main/e/seven-days.xml.gz
[2026-03-07] 频道: 2 | 数据源: https://github.com/zzzz0317/beijing-unicom-iptv-playlist/raw/refs/heads/main/epg.xml
[2026-03-08] 频道: 2 | 数据源: https://github.com/mytv-android/SCTV_EPG/raw/refs/heads/main/epg.xml
[2026-03-09] 频道: 2 | 数据源: https://github.com/zzzz0317/beijing-unicom-iptv-playlist/raw/refs/heads/main/epg.xml
[2026-03-10] 频道: 2 | 数据源: https://github.com/mytv-android/SCTV_EPG/raw/refs/heads/main/epg.xml
[2026-03-11] 频道: 2 | 数据源: https://github.com/plsy1/epg/raw/refs/heads/main/e/seven-days.xml.gz
[2026-03-12] 频道: 2 | 数据源: https://github.com/plsy1/epg/raw/refs/heads/main/e/seven-days.xml.gz
[2026-03-13] 频道: 2 | 数据源: https://github.com/zzzz0317/beijing-unicom-iptv-playlist/raw/refs/heads/main/epg.xml
[2026-03-14] 频道: 2 | 数据源: http://epg.51zmt.top:8000/e1.xml.gz
[2026-03-15] 频道: 2 | 数据源: http://epg.51zmt.top:8000/e1.xml.gz
[2026-03-16] 频道: 2 | 数据源: https://github.com/zzzz0317/beijing-unicom-iptv-playlist/raw/refs/heads/main/epg.xml
[2026-03-17] 频道: 2 | 数据源: https://github.com/zzzz0317/beijing-unicom-iptv-playlist/raw/refs/heads/main/epg.xml
[2026-03-07] 频道: 3 | 数据源: https://github.com/zzzz0317/beijing-unicom-iptv-playlist/raw/refs/heads/main/epg.xml
[2026-03-08] 频道: 3 | 数据源: https://github.com/mytv-android/SCTV_EPG/raw/refs/heads/main/epg.xml
[2026-03-09] 频道: 3 | 数据源: https://github.com/zzzz0317/beijing-unicom-iptv-playlist/raw/refs/heads/main/epg.xml
[2026-03-10] 频道: 3 | 数据源: https://github.com/mytv-android/SCTV_EPG/raw/refs/heads/main/epg.xml
[2026-03-11] 频道: 3 | 数据源: https://github.com/mytv-android/SCTV_EPG/raw/refs/heads/main/epg.xml
[2026-03-12] 频道: 3 | 数据源: https://github.com/mytv-android/SCTV_EPG/raw/refs/heads/main/epg.xml
[2026-03-13] 频道: 3 | 数据源: https://github.com/zzzz0317/beijing-unicom-iptv-playlist/raw/refs/heads/main/epg.xml
[2026-03-14] 频道: 3 | 数据源: http://epg.51zmt.top:8000/e1.xml.gz
[2026-03-15] 频道: 3 | 数据源: http://epg.51zmt.top:8000/e1.xml.gz
[2026-03-16] 频道: 3 | 数据源: https://epg.136605.xyz/9days.xml
[2026-03-17] 频道: 3 | 数据源: https://epg.136605.xyz/9days.xml
[2026-03-07] 频道: 4 | 数据源: https://github.com/plsy1/epg/raw/refs/heads/main/e/seven-days.xml.gz
[2026-03-08] 频道: 4 | 数据源: https://github.com/plsy1/epg/raw/refs/heads/main/e/seven-days.xml.gz
[2026-03-09] 频道: 4 | 数据源: https://github.com/mytv-android/SCTV_EPG/raw/refs/heads/main/epg.xml
[2026-03-10] 频道: 4 | 数据源: https://github.com/plsy1/epg/raw/refs/heads/main/e/seven-days.xml.gz
[2026-03-11] 频道: 4 | 数据源: https://github.com/zzzz0317/beijing-unicom-iptv-playlist/raw/refs/heads/main/epg.xml
[2026-03-12] 频道: 4 | 数据源: https://github.com/plsy1/epg/raw/refs/heads/main/e/seven-days.xml.gz
[2026-03-13] 频道: 4 | 数据源: https://github.com/plsy1/epg/raw/refs/heads/main/e/seven-days.xml.gz
[2026-03-14] 频道: 4 | 数据源: http://epg.51zmt.top:8000/e1.xml.gz
[2026-03-15] 频道: 4 | 数据源: http://epg.51zmt.top:8000/e1.xml.gz
[2026-03-16] 频道: 4 | 数据源: https://github.com/zzzz0317/beijing-unicom-iptv-playlist/raw/refs/heads/main/epg.xml
[2026-03-17] 频道: 4 | 数据源: https://github.com/zzzz0317/beijing-unicom-iptv-playlist/raw/refs/heads/main/epg.xml
[2026-03-07] 频道: 5 | 数据源: https://github.com/plsy1/epg/raw/refs/heads/main/e/seven-days.xml.gz
[2026-03-08] 频道: 5 | 数据源: https://github.com/plsy1/epg/raw/refs/heads/main/e/seven-days.xml.gz
[2026-03-09] 频道: 5 | 数据源: https://github.com/plsy1/epg/raw/refs/heads/main/e/seven-days.xml.gz
[2026-03-10] 频道: 5 | 数据源: https://github.com/plsy1/epg/raw/refs/heads/main/e/seven-days.xml.gz
[2026-03-11] 频道: 5 | 数据源: https://github.com/plsy1/epg/raw/refs/heads/main/e/seven-days.xml.gz
[2026-03-12] 频道: 5 | 数据源: https://github.com/plsy1/epg/raw/refs/heads/main/e/seven-days.xml.gz
[2026-03-13] 频道: 5 | 数据源: https://github.com/plsy1/epg/raw/refs/heads/main/e/seven-days.xml.gz
[2026-03-14] 频道: 5 | 数据源: http://epg.51zmt.top:8000/e1.xml.gz
[2026-03-15] 频道: 5 | 数据源: http://epg.51zmt.top:8000/e1.xml.gz
[2026-03-16] 频道: 5 | 数据源: https://epg.136605.xyz/9days.xml
[2026-03-17] 频道: 5 | 数据源: https://epg.136605.xyz/9days.xml
[2026-03-07] 频道: 6 | 数据源: https://github.com/plsy1/epg/raw/refs/heads/main/e/seven-days.xml.gz
[2026-03-08] 频道: 6 | 数据源: http://e.erw.cc/all.xml.gz
[2026-03-09] 频道: 6 | 数据源: http://e.erw.cc/all.xml.gz
[2026-03-10] 频道: 6 | 数据源: http://e.erw.cc/all.xml.gz
[2026-03-11] 频道: 6 | 数据源: http://e.erw.cc/all.xml.gz
[2026-03-12] 频道: 6 | 数据源: http://e.erw.cc/all.xml.gz
[2026-03-13] 频道: 6 | 数据源: http://e.erw.cc/all.xml.gz
[2026-03-14] 频道: 6 | 数据源: http://epg.51zmt.top:8000/e1.xml.gz
[2026-03-15] 频道: 6 | 数据源: http://epg.51zmt.top:8000/e1.xml.gz
[2026-03-16] 频道: 6 | 数据源: https://epg.136605.xyz/9days.xml
[2026-03-17] 频道: 6 | 数据源: https://epg.136605.xyz/9days.xml
[2026-03-07] 频道: 7 | 数据源: https://github.com/zzzz0317/beijing-unicom-iptv-playlist/raw/refs/heads/main/epg.xml
[2026-03-08] 频道: 7 | 数据源: https://github.com/zzzz0317/beijing-unicom-iptv-playlist/raw/refs/heads/main/epg.xml
[2026-03-09] 频道: 7 | 数据源: https://github.com/mytv-android/SCTV_EPG/raw/refs/heads/main/epg.xml
[2026-03-10] 频道: 7 | 数据源: https://github.com/zzzz0317/beijing-unicom-iptv-playlist/raw/refs/heads/main/epg.xml
[2026-03-11] 频道: 7 | 数据源: https://github.com/zzzz0317/beijing-unicom-iptv-playlist/raw/refs/heads/main/epg.xml
[2026-03-12] 频道: 7 | 数据源: http://e.erw.cc/all.xml.gz
[2026-03-13] 频道: 7 | 数据源: https://github.com/zzzz0317/beijing-unicom-iptv-playlist/raw/refs/heads/main/epg.xml
[2026-03-14] 频道: 7 | 数据源: http://e.erw.cc/all.xml.gz
[2026-03-15] 频道: 7 | 数据源: https://epg.136605.xyz/9days.xml
[2026-03-16] 频道: 7 | 数据源: https://github.com/zzzz0317/beijing-unicom-iptv-playlist/raw/refs/heads/main/epg.xml
[2026-03-17] 频道: 7 | 数据源: https://github.com/zzzz0317/beijing-unicom-iptv-playlist/raw/refs/heads/main/epg.xml
[2026-03-07] 频道: 8 | 数据源: https://github.com/plsy1/epg/raw/refs/heads/main/e/seven-days.xml.gz
[2026-03-08] 频道: 8 | 数据源: https://github.com/plsy1/epg/raw/refs/heads/main/e/seven-days.xml.gz
[2026-03-09] 频道: 8 | 数据源: https://github.com/plsy1/epg/raw/refs/heads/main/e/seven-days.xml.gz
[2026-03-10] 频道: 8 | 数据源: https://github.com/plsy1/epg/raw/refs/heads/main/e/seven-days.xml.gz
[2026-03-11] 频道: 8 | 数据源: https://github.com/plsy1/epg/raw/refs/heads/main/e/seven-days.xml.gz
[2026-03-12] 频道: 8 | 数据源: https://github.com/plsy1/epg/raw/refs/heads/main/e/seven-days.xml.gz
[2026-03-13] 频道: 8 | 数据源: https://github.com/plsy1/epg/raw/refs/heads/main/e/seven-days.xml.gz
[2026-03-14] 频道: 8 | 数据源: https://github.com/plsy1/epg/raw/refs/heads/main/e/seven-days.xml.gz
[2026-03-15] 频道: 8 | 数据源: https://github.com/plsy1/epg/raw/refs/heads/main/e/seven-days.xml.gz
[2026-03-16] 频道: 8 | 数据源: https://epg.136605.xyz/9days.xml
[2026-03-17] 频道: 8 | 数据源: https://epg.136605.xyz/9days.xml
[2026-03-07] 频道: 9 | 数据源: https://github.com/zzzz0317/beijing-unicom-iptv-playlist/raw/refs/heads/main/epg.xml
[2026-03-08] 频道: 9 | 数据源: https://github.com/mytv-android/SCTV_EPG/raw/refs/heads/main/epg.xml
[2026-03-09] 频道: 9 | 数据源: https://github.com/zzzz0317/beijing-unicom-iptv-playlist/raw/refs/heads/main/epg.xml
[2026-03-10] 频道: 9 | 数据源: https://github.com/mytv-android/SCTV_EPG/raw/refs/heads/main/epg.xml
[2026-03-11] 频道: 9 | 数据源: https://github.com/zzzz0317/beijing-unicom-iptv-playlist/raw/refs/heads/main/epg.xml
[2026-03-12] 频道: 9 | 数据源: https://github.com/mytv-android/SCTV_EPG/raw/refs/heads/main/epg.xml
[2026-03-13] 频道: 9 | 数据源: https://github.com/zzzz0317/beijing-unicom-iptv-playlist/raw/refs/heads/main/epg.xml
[2026-03-14] 频道: 9 | 数据源: https://github.com/zzzz0317/beijing-unicom-iptv-playlist/raw/refs/heads/main/epg.xml
[2026-03-15] 频道: 9 | 数据源: http://epg.51zmt.top:8000/e1.xml.gz
[2026-03-16] 频道: 9 | 数据源: https://github.com/zzzz0317/beijing-unicom-iptv-playlist/raw/refs/heads/main/epg.xml
[2026-03-17] 频道: 9 | 数据源: https://github.com/zzzz0317/beijing-unicom-iptv-playlist/raw/refs/heads/main/epg.xml
[2026-03-07] 频道: 10 | 数据源: https://github.com/plsy1/epg/raw/refs/heads/main/e/seven-days.xml.gz
[2026-03-08] 频道: 10 | 数据源: https://epg.136605.xyz/9days.xml
[2026-03-09] 频道: 10 | 数据源: https://epg.136605.xyz/9days.xml
[2026-03-10] 频道: 10 | 数据源: https://epg.136605.xyz/9days.xml
[2026-03-11] 频道: 10 | 数据源: https://epg.136605.xyz/9days.xml
[2026-03-12] 频道: 10 | 数据源: https://epg.136605.xyz/9days.xml
[2026-03-13] 频道: 10 | 数据源: http://e.erw.cc/all.xml.gz
[2026-03-14] 频道: 10 | 数据源: http://epg.51zmt.top:8000/e1.xml.gz
[2026-03-15] 频道: 10 | 数据源: http://epg.51zmt.top:8000/e1.xml.gz
[2026-03-16] 频道: 10 | 数据源: https://github.com/zzzz0317/beijing-unicom-iptv-playlist/raw/refs/heads/main/epg.xml
[2026-03-17] 频道: 10 | 数据源: https://github.com/zzzz0317/beijing-unicom-iptv-playlist/raw/refs/heads/main/epg.xml
[2026-03-07] 频道: 11 | 数据源: https://github.com/zzzz0317/beijing-unicom-iptv-playlist/raw/refs/heads/main/epg.xml
[2026-03-08] 频道: 11 | 数据源: https://github.com/zzzz0317/beijing-unicom-iptv-playlist/raw/refs/heads/main/epg.xml
[2026-03-09] 频道: 11 | 数据源: https://github.com/zzzz0317/beijing-unicom-iptv-playlist/raw/refs/heads/main/epg.xml
[2026-03-10] 频道: 11 | 数据源: https://github.com/zzzz0317/beijing-unicom-iptv-playlist/raw/refs/heads/main/epg.xml
[2026-03-11] 频道: 11 | 数据源: https://github.com/zzzz0317/beijing-unicom-iptv-playlist/raw/refs/heads/main/epg.xml
[2026-03-12] 频道: 11 | 数据源: https://github.com/zzzz0317/beijing-unicom-iptv-playlist/raw/refs/heads/main/epg.xml
[2026-03-13] 频道: 11 | 数据源: http://e.erw.cc/all.xml.gz
[2026-03-14] 频道: 11 | 数据源: http://epg.51zmt.top:8000/e1.xml.gz
[2026-03-15] 频道: 11 | 数据源: http://epg.51zmt.top:8000/e1.xml.gz
[2026-03-16] 频道: 11 | 数据源: https://github.com/zzzz0317/beijing-unicom-iptv-playlist/raw/refs/heads/main/epg.xml
[2026-03-17] 频道: 11 | 数据源: https://github.com/zzzz0317/beijing-unicom-iptv-playlist/raw/refs/heads/main/epg.xml
[2026-03-06] 频道: 12 | 数据源: https://github.com/plsy1/epg/raw/refs/heads/main/e/seven-days.xml.gz
[2026-03-07] 频道: 12 | 数据源: https://github.com/zzzz0317/beijing-unicom-iptv-playlist/raw/refs/heads/main/epg.xml
[2026-03-08] 频道: 12 | 数据源: https://github.com/mytv-android/SCTV_EPG/raw/refs/heads/main/epg.xml
[2026-03-09] 频道: 12 | 数据源: https://github.com/mytv-android/SCTV_EPG/raw/refs/heads/main/epg.xml
[2026-03-10] 频道: 12 | 数据源: http://e.erw.cc/all.xml.gz
[2026-03-11] 频道: 12 | 数据源: http://e.erw.cc/all.xml.gz
[2026-03-12] 频道: 12 | 数据源: http://e.erw.cc/all.xml.gz
[2026-03-13] 频道: 12 | 数据源: http://e.erw.cc/all.xml.gz
[2026-03-14] 频道: 12 | 数据源: http://epg.51zmt.top:8000/e1.xml.gz
[2026-03-15] 频道: 12 | 数据源: http://epg.51zmt.top:8000/e1.xml.gz
[2026-03-16] 频道: 12 | 数据源: https://github.com/zzzz0317/beijing-unicom-iptv-playlist/raw/refs/heads/main/epg.xml
[2026-03-17] 频道: 12 | 数据源: https://github.com/zzzz0317/beijing-unicom-iptv-playlist/raw/refs/heads/main/epg.xml
[2026-03-07] 频道: 13 | 数据源: https://github.com/plsy1/epg/raw/refs/heads/main/e/seven-days.xml.gz
[2026-03-08] 频道: 13 | 数据源: http://e.erw.cc/all.xml.gz
[2026-03-09] 频道: 13 | 数据源: http://e.erw.cc/all.xml.gz
[2026-03-10] 频道: 13 | 数据源: http://e.erw.cc/all.xml.gz
[2026-03-11] 频道: 13 | 数据源: https://github.com/plsy1/epg/raw/refs/heads/main/e/seven-days.xml.gz
[2026-03-12] 频道: 13 | 数据源: https://github.com/plsy1/epg/raw/refs/heads/main/e/seven-days.xml.gz
[2026-03-13] 频道: 13 | 数据源: https://github.com/plsy1/epg/raw/refs/heads/main/e/seven-days.xml.gz
[2026-03-14] 频道: 13 | 数据源: http://epg.51zmt.top:8000/e1.xml.gz
[2026-03-15] 频道: 13 | 数据源: http://epg.51zmt.top:8000/e1.xml.gz
[2026-03-16] 频道: 13 | 数据源: https://github.com/zzzz0317/beijing-unicom-iptv-playlist/raw/refs/heads/main/epg.xml
[2026-03-17] 频道: 13 | 数据源: https://github.com/zzzz0317/beijing-unicom-iptv-playlist/raw/refs/heads/main/epg.xml
[2026-03-07] 频道: 14 | 数据源: https://github.com/plsy1/epg/raw/refs/heads/main/e/seven-days.xml.gz
[2026-03-08] 频道: 14 | 数据源: https://epg.136605.xyz/9days.xml
[2026-03-09] 频道: 14 | 数据源: https://github.com/plsy1/epg/raw/refs/heads/main/e/seven-days.xml.gz
[2026-03-10] 频道: 14 | 数据源: https://github.com/plsy1/epg/raw/refs/heads/main/e/seven-days.xml.gz
[2026-03-11] 频道: 14 | 数据源: https://github.com/plsy1/epg/raw/refs/heads/main/e/seven-days.xml.gz
[2026-03-12] 频道: 14 | 数据源: https://github.com/plsy1/epg/raw/refs/heads/main/e/seven-days.xml.gz
[2026-03-13] 频道: 14 | 数据源: https://github.com/plsy1/epg/raw/refs/heads/main/e/seven-days.xml.gz
[2026-03-14] 频道: 14 | 数据源: https://github.com/plsy1/epg/raw/refs/heads/main/e/seven-days.xml.gz
[2026-03-15] 频道: 14 | 数据源: http://epg.51zmt.top:8000/e1.xml.gz
[2026-03-16] 频道: 14 | 数据源: https://epg.136605.xyz/9days.xml
[2026-03-17] 频道: 14 | 数据源: https://github.com/zzzz0317/beijing-unicom-iptv-playlist/raw/refs/heads/main/epg.xml
[2026-03-07] 频道: 15 | 数据源: https://github.com/zzzz0317/beijing-unicom-iptv-playlist/raw/refs/heads/main/epg.xml
[2026-03-08] 频道: 15 | 数据源: https://github.com/mytv-android/SCTV_EPG/raw/refs/heads/main/epg.xml
[2026-03-09] 频道: 15 | 数据源: https://github.com/zzzz0317/beijing-unicom-iptv-playlist/raw/refs/heads/main/epg.xml
[2026-03-10] 频道: 15 | 数据源: https://github.com/mytv-android/SCTV_EPG/raw/refs/heads/main/epg.xml
[2026-03-11] 频道: 15 | 数据源: https://github.com/zzzz0317/beijing-unicom-iptv-playlist/raw/refs/heads/main/epg.xml
[2026-03-12] 频道: 15 | 数据源: https://github.com/zzzz0317/beijing-unicom-iptv-playlist/raw/refs/heads/main/epg.xml
[2026-03-13] 频道: 15 | 数据源: https://github.com/zzzz0317/beijing-unicom-iptv-playlist/raw/refs/heads/main/epg.xml
[2026-03-14] 频道: 15 | 数据源: http://epg.51zmt.top:8000/e1.xml.gz
[2026-03-15] 频道: 15 | 数据源: https://github.com/mytv-android/SCTV_EPG/raw/refs/heads/main/epg.xml
[2026-03-16] 频道: 15 | 数据源: https://github.com/zzzz0317/beijing-unicom-iptv-playlist/raw/refs/heads/main/epg.xml
[2026-03-17] 频道: 15 | 数据源: https://github.com/zzzz0317/beijing-unicom-iptv-playlist/raw/refs/heads/main/epg.xml
[2026-03-07] 频道: 16 | 数据源: https://github.com/zzzz0317/beijing-unicom-iptv-playlist/raw/refs/heads/main/epg.xml
[2026-03-08] 频道: 16 | 数据源: https://github.com/zzzz0317/beijing-unicom-iptv-playlist/raw/refs/heads/main/epg.xml
[2026-03-09] 频道: 16 | 数据源: https://github.com/zzzz0317/beijing-unicom-iptv-playlist/raw/refs/heads/main/epg.xml
[2026-03-10] 频道: 16 | 数据源: https://github.com/zzzz0317/beijing-unicom-iptv-playlist/raw/refs/heads/main/epg.xml
[2026-03-11] 频道: 16 | 数据源: https://github.com/zzzz0317/beijing-unicom-iptv-playlist/raw/refs/heads/main/epg.xml
[2026-03-12] 频道: 16 | 数据源: https://github.com/zzzz0317/beijing-unicom-iptv-playlist/raw/refs/heads/main/epg.xml
[2026-03-13] 频道: 16 | 数据源: https://github.com/zzzz0317/beijing-unicom-iptv-playlist/raw/refs/heads/main/epg.xml
[2026-03-14] 频道: 16 | 数据源: https://github.com/zzzz0317/beijing-unicom-iptv-playlist/raw/refs/heads/main/epg.xml
[2026-03-15] 频道: 16 | 数据源: https://github.com/zzzz0317/beijing-unicom-iptv-playlist/raw/refs/heads/main/epg.xml
[2026-03-16] 频道: 16 | 数据源: https://epg.136605.xyz/9days.xml
[2026-03-17] 频道: 16 | 数据源: https://epg.136605.xyz/9days.xml
[2026-03-07] 频道: 17 | 数据源: https://github.com/zzzz0317/beijing-unicom-iptv-playlist/raw/refs/heads/main/epg.xml
[2026-03-08] 频道: 17 | 数据源: http://e.erw.cc/all.xml.gz
[2026-03-09] 频道: 17 | 数据源: http://e.erw.cc/all.xml.gz
[2026-03-10] 频道: 17 | 数据源: http://e.erw.cc/all.xml.gz
[2026-03-11] 频道: 17 | 数据源: http://e.erw.cc/all.xml.gz
[2026-03-12] 频道: 17 | 数据源: http://e.erw.cc/all.xml.gz
[2026-03-13] 频道: 17 | 数据源: http://e.erw.cc/all.xml.gz
[2026-03-14] 频道: 17 | 数据源: http://epg.51zmt.top:8000/e1.xml.gz
[2026-03-15] 频道: 17 | 数据源: http://epg.51zmt.top:8000/e1.xml.gz
[2026-03-16] 频道: 17 | 数据源: https://epg.136605.xyz/9days.xml
[2026-03-17] 频道: 17 | 数据源: https://github.com/zzzz0317/beijing-unicom-iptv-playlist/raw/refs/heads/main/epg.xml
[2026-03-06] 频道: 18 | 数据源: https://github.com/plsy1/epg/raw/refs/heads/main/e/seven-days.xml.gz
[2026-03-07] 频道: 18 | 数据源: https://github.com/zzzz0317/beijing-unicom-iptv-playlist/raw/refs/heads/main/epg.xml
[2026-03-08] 频道: 18 | 数据源: https://github.com/zzzz0317/beijing-unicom-iptv-playlist/raw/refs/heads/main/epg.xml
[2026-03-09] 频道: 18 | 数据源: https://github.com/zzzz0317/beijing-unicom-iptv-playlist/raw/refs/heads/main/epg.xml
[2026-03-10] 频道: 18 | 数据源: https://github.com/zzzz0317/beijing-unicom-iptv-playlist/raw/refs/heads/main/epg.xml
[2026-03-11] 频道: 18 | 数据源: https://github.com/zzzz0317/beijing-unicom-iptv-playlist/raw/refs/heads/main/epg.xml
[2026-03-12] 频道: 18 | 数据源: https://github.com/zzzz0317/beijing-unicom-iptv-playlist/raw/refs/heads/main/epg.xml
[2026-03-13] 频道: 18 | 数据源: https://github.com/zzzz0317/beijing-unicom-iptv-playlist/raw/refs/heads/main/epg.xml
[2026-03-14] 频道: 18 | 数据源: https://github.com/zzzz0317/beijing-unicom-iptv-playlist/raw/refs/heads/main/epg.xml
[2026-03-15] 频道: 18 | 数据源: https://github.com/zzzz0317/beijing-unicom-iptv-playlist/raw/refs/heads/main/epg.xml
[2026-03-16] 频道: 18 | 数据源: https://epg.136605.xyz/9days.xml
[2026-03-17] 频道: 18 | 数据源: https://epg.136605.xyz/9days.xml
[2026-03-07] 频道: 19 | 数据源: https://github.com/zzzz0317/beijing-unicom-iptv-playlist/raw/refs/heads/main/epg.xml
[2026-03-08] 频道: 19 | 数据源: https://github.com/zzzz0317/beijing-unicom-iptv-playlist/raw/refs/heads/main/epg.xml
[2026-03-09] 频道: 19 | 数据源: https://github.com/zzzz0317/beijing-unicom-iptv-playlist/raw/refs/heads/main/epg.xml
[2026-03-10] 频道: 19 | 数据源: https://github.com/zzzz0317/beijing-unicom-iptv-playlist/raw/refs/heads/main/epg.xml
[2026-03-11] 频道: 19 | 数据源: https://github.com/zzzz0317/beijing-unicom-iptv-playlist/raw/refs/heads/main/epg.xml
[2026-03-12] 频道: 19 | 数据源: https://github.com/zzzz0317/beijing-unicom-iptv-playlist/raw/refs/heads/main/epg.xml
[2026-03-13] 频道: 19 | 数据源: https://github.com/zzzz0317/beijing-unicom-iptv-playlist/raw/refs/heads/main/epg.xml
[2026-03-14] 频道: 19 | 数据源: https://github.com/zzzz0317/beijing-unicom-iptv-playlist/raw/refs/heads/main/epg.xml
[2026-03-15] 频道: 19 | 数据源: https://github.com/zzzz0317/beijing-unicom-iptv-playlist/raw/refs/heads/main/epg.xml
[2026-03-16] 频道: 19 | 数据源: https://github.com/zzzz0317/beijing-unicom-iptv-playlist/raw/refs/heads/main/epg.xml
[2026-03-17] 频道: 19 | 数据源: https://github.com/zzzz0317/beijing-unicom-iptv-playlist/raw/refs/heads/main/epg.xml
[2026-03-18] 频道: 19 | 数据源: https://github.com/zzzz0317/beijing-unicom-iptv-playlist/raw/refs/heads/main/epg.xml
[2026-03-19] 频道: 19 | 数据源: https://github.com/zzzz0317/beijing-unicom-iptv-playlist/raw/refs/heads/main/epg.xml
[2026-03-20] 频道: 19 | 数据源: https://github.com/zzzz0317/beijing-unicom-iptv-playlist/raw/refs/heads/main/epg.xml
[2026-03-21] 频道: 19 | 数据源: https://github.com/zzzz0317/beijing-unicom-iptv-playlist/raw/refs/heads/main/epg.xml
[2026-03-06] 频道: 20 | 数据源: https://github.com/plsy1/epg/raw/refs/heads/main/e/seven-days.xml.gz
[2026-03-07] 频道: 20 | 数据源: https://github.com/plsy1/epg/raw/refs/heads/main/e/seven-days.xml.gz
[2026-03-08] 频道: 20 | 数据源: http://e.erw.cc/all.xml.gz
[2026-03-09] 频道: 20 | 数据源: http://e.erw.cc/all.xml.gz
[2026-03-10] 频道: 20 | 数据源: http://e.erw.cc/all.xml.gz
[2026-03-11] 频道: 20 | 数据源: http://e.erw.cc/all.xml.gz
[2026-03-12] 频道: 20 | 数据源: http://e.erw.cc/all.xml.gz
[2026-03-13] 频道: 20 | 数据源: http://e.erw.cc/all.xml.gz
[2026-03-14] 频道: 20 | 数据源: http://e.erw.cc/all.xml.gz
[2026-03-15] 频道: 20 | 数据源: https://epg.136605.xyz/9days.xml
[2026-03-16] 频道: 20 | 数据源: https://epg.136605.xyz/9days.xml
[2026-03-17] 频道: 20 | 数据源: https://github.com/zzzz0317/beijing-unicom-iptv-playlist/raw/refs/heads/main/epg.xml
[2026-03-18] 频道: 20 | 数据源: https://github.com/zzzz0317/beijing-unicom-iptv-playlist/raw/refs/heads/main/epg.xml
[2026-03-19] 频道: 20 | 数据源: https://github.com/zzzz0317/beijing-unicom-iptv-playlist/raw/refs/heads/main/epg.xml
[2026-03-20] 频道: 20 | 数据源: https://github.com/zzzz0317/beijing-unicom-iptv-playlist/raw/refs/heads/main/epg.xml
[2026-03-21] 频道: 20 | 数据源: https://github.com/zzzz0317/beijing-unicom-iptv-playlist/raw/refs/heads/main/epg.xml
[2026-03-06] 频道: 21 | 数据源: https://github.com/plsy1/epg/raw/refs/heads/main/e/seven-days.xml.gz
[2026-03-07] 频道: 21 | 数据源: https://github.com/zzzz0317/beijing-unicom-iptv-playlist/raw/refs/heads/main/epg.xml
[2026-03-08] 频道: 21 | 数据源: https://github.com/zzzz0317/beijing-unicom-iptv-playlist/raw/refs/heads/main/epg.xml
[2026-03-09] 频道: 21 | 数据源: https://github.com/zzzz0317/beijing-unicom-iptv-playlist/raw/refs/heads/main/epg.xml
[2026-03-10] 频道: 21 | 数据源: https://github.com/zzzz0317/beijing-unicom-iptv-playlist/raw/refs/heads/main/epg.xml
[2026-03-11] 频道: 21 | 数据源: https://github.com/zzzz0317/beijing-unicom-iptv-playlist/raw/refs/heads/main/epg.xml
[2026-03-12] 频道: 21 | 数据源: https://github.com/zzzz0317/beijing-unicom-iptv-playlist/raw/refs/heads/main/epg.xml
[2026-03-13] 频道: 21 | 数据源: https://github.com/zzzz0317/beijing-unicom-iptv-playlist/raw/refs/heads/main/epg.xml
[2026-03-14] 频道: 21 | 数据源: https://github.com/zzzz0317/beijing-unicom-iptv-playlist/raw/refs/heads/main/epg.xml
[2026-03-15] 频道: 21 | 数据源: https://github.com/zzzz0317/beijing-unicom-iptv-playlist/raw/refs/heads/main/epg.xml
[2026-03-16] 频道: 21 | 数据源: https://github.com/zzzz0317/beijing-unicom-iptv-playlist/raw/refs/heads/main/epg.xml
[2026-03-17] 频道: 21 | 数据源: https://github.com/zzzz0317/beijing-unicom-iptv-playlist/raw/refs/heads/main/epg.xml
[2026-03-18] 频道: 21 | 数据源: https://github.com/zzzz0317/beijing-unicom-iptv-playlist/raw/refs/heads/main/epg.xml
[2026-03-19] 频道: 21 | 数据源: https://github.com/zzzz0317/beijing-unicom-iptv-playlist/raw/refs/heads/main/epg.xml
[2026-03-20] 频道: 21 | 数据源: https://github.com/zzzz0317/beijing-unicom-iptv-playlist/raw/refs/heads/main/epg.xml
[2026-03-21] 频道: 21 | 数据源: https://github.com/zzzz0317/beijing-unicom-iptv-playlist/raw/refs/heads/main/epg.xml
[2026-03-06] 频道: 22 | 数据源: https://github.com/plsy1/epg/raw/refs/heads/main/e/seven-days.xml.gz
[2026-03-07] 频道: 22 | 数据源: https://github.com/zzzz0317/beijing-unicom-iptv-playlist/raw/refs/heads/main/epg.xml
[2026-03-08] 频道: 22 | 数据源: https://github.com/zzzz0317/beijing-unicom-iptv-playlist/raw/refs/heads/main/epg.xml
[2026-03-09] 频道: 22 | 数据源: https://github.com/zzzz0317/beijing-unicom-iptv-playlist/raw/refs/heads/main/epg.xml
[2026-03-10] 频道: 22 | 数据源: https://github.com/zzzz0317/beijing-unicom-iptv-playlist/raw/refs/heads/main/epg.xml
[2026-03-11] 频道: 22 | 数据源: https://github.com/zzzz0317/beijing-unicom-iptv-playlist/raw/refs/heads/main/epg.xml
[2026-03-12] 频道: 22 | 数据源: https://github.com/zzzz0317/beijing-unicom-iptv-playlist/raw/refs/heads/main/epg.xml
[2026-03-13] 频道: 22 | 数据源: https://github.com/zzzz0317/beijing-unicom-iptv-playlist/raw/refs/heads/main/epg.xml
[2026-03-14] 频道: 22 | 数据源: http://epg.51zmt.top:8000/e1.xml.gz
[2026-03-15] 频道: 22 | 数据源: http://epg.51zmt.top:8000/e1.xml.gz
[2026-03-16] 频道: 22 | 数据源: https://github.com/zzzz0317/beijing-unicom-iptv-playlist/raw/refs/heads/main/epg.xml
[2026-03-17] 频道: 22 | 数据源: https://github.com/zzzz0317/beijing-unicom-iptv-playlist/raw/refs/heads/main/epg.xml
[2026-03-18] 频道: 22 | 数据源: https://github.com/zzzz0317/beijing-unicom-iptv-playlist/raw/refs/heads/main/epg.xml
[2026-03-19] 频道: 22 | 数据源: https://github.com/zzzz0317/beijing-unicom-iptv-playlist/raw/refs/heads/main/epg.xml
[2026-03-20] 频道: 22 | 数据源: https://github.com/zzzz0317/beijing-unicom-iptv-playlist/raw/refs/heads/main/epg.xml
[2026-03-21] 频道: 22 | 数据源: https://github.com/zzzz0317/beijing-unicom-iptv-playlist/raw/refs/heads/main/epg.xml
[2026-03-06] 频道: 23 | 数据源: https://github.com/plsy1/epg/raw/refs/heads/main/e/seven-days.xml.gz
[2026-03-07] 频道: 23 | 数据源: https://github.com/zzzz0317/beijing-unicom-iptv-playlist/raw/refs/heads/main/epg.xml
[2026-03-08] 频道: 23 | 数据源: https://github.com/zzzz0317/beijing-unicom-iptv-playlist/raw/refs/heads/main/epg.xml
[2026-03-09] 频道: 23 | 数据源: https://github.com/zzzz0317/beijing-unicom-iptv-playlist/raw/refs/heads/main/epg.xml
[2026-03-10] 频道: 23 | 数据源: https://github.com/zzzz0317/beijing-unicom-iptv-playlist/raw/refs/heads/main/epg.xml
[2026-03-11] 频道: 23 | 数据源: https://github.com/zzzz0317/beijing-unicom-iptv-playlist/raw/refs/heads/main/epg.xml
[2026-03-12] 频道: 23 | 数据源: https://github.com/zzzz0317/beijing-unicom-iptv-playlist/raw/refs/heads/main/epg.xml
[2026-03-13] 频道: 23 | 数据源: https://github.com/zzzz0317/beijing-unicom-iptv-playlist/raw/refs/heads/main/epg.xml
[2026-03-14] 频道: 23 | 数据源: http://epg.51zmt.top:8000/e1.xml.gz
[2026-03-15] 频道: 23 | 数据源: http://epg.51zmt.top:8000/e1.xml.gz
[2026-03-16] 频道: 23 | 数据源: https://github.com/zzzz0317/beijing-unicom-iptv-playlist/raw/refs/heads/main/epg.xml
[2026-03-17] 频道: 23 | 数据源: https://github.com/zzzz0317/beijing-unicom-iptv-playlist/raw/refs/heads/main/epg.xml
[2026-03-18] 频道: 23 | 数据源: https://github.com/zzzz0317/beijing-unicom-iptv-playlist/raw/refs/heads/main/epg.xml
[2026-03-19] 频道: 23 | 数据源: https://github.com/zzzz0317/beijing-unicom-iptv-playlist/raw/refs/heads/main/epg.xml
[2026-03-20] 频道: 23 | 数据源: https://github.com/zzzz0317/beijing-unicom-iptv-playlist/raw/refs/heads/main/epg.xml
[2026-03-21] 频道: 23 | 数据源: https://github.com/zzzz0317/beijing-unicom-iptv-playlist/raw/refs/heads/main/epg.xml
[2026-03-07] 频道: 24 | 数据源: https://github.com/zzzz0317/beijing-unicom-iptv-playlist/raw/refs/heads/main/epg.xml
[2026-03-08] 频道: 24 | 数据源: https://github.com/zzzz0317/beijing-unicom-iptv-playlist/raw/refs/heads/main/epg.xml
[2026-03-09] 频道: 24 | 数据源: https://github.com/zzzz0317/beijing-unicom-iptv-playlist/raw/refs/heads/main/epg.xml
[2026-03-10] 频道: 24 | 数据源: https://github.com/zzzz0317/beijing-unicom-iptv-playlist/raw/refs/heads/main/epg.xml
[2026-03-11] 频道: 24 | 数据源: https://github.com/zzzz0317/beijing-unicom-iptv-playlist/raw/refs/heads/main/epg.xml
[2026-03-12] 频道: 24 | 数据源: https://github.com/zzzz0317/beijing-unicom-iptv-playlist/raw/refs/heads/main/epg.xml
[2026-03-13] 频道: 24 | 数据源: https://github.com/zzzz0317/beijing-unicom-iptv-playlist/raw/refs/heads/main/epg.xml
[2026-03-14] 频道: 24 | 数据源: https://github.com/zzzz0317/beijing-unicom-iptv-playlist/raw/refs/heads/main/epg.xml
[2026-03-15] 频道: 24 | 数据源: https://github.com/zzzz0317/beijing-unicom-iptv-playlist/raw/refs/heads/main/epg.xml
[2026-03-16] 频道: 24 | 数据源: https://github.com/zzzz0317/beijing-unicom-iptv-playlist/raw/refs/heads/main/epg.xml
[2026-03-17] 频道: 24 | 数据源: https://github.com/zzzz0317/beijing-unicom-iptv-playlist/raw/refs/heads/main/epg.xml
[2026-03-18] 频道: 24 | 数据源: https://github.com/zzzz0317/beijing-unicom-iptv-playlist/raw/refs/heads/main/epg.xml
[2026-03-19] 频道: 24 | 数据源: https://github.com/zzzz0317/beijing-unicom-iptv-playlist/raw/refs/heads/main/epg.xml
[2026-03-06] 频道: 25 | 数据源: https://github.com/plsy1/epg/raw/refs/heads/main/e/seven-days.xml.gz
[2026-03-07] 频道: 25 | 数据源: https://github.com/plsy1/epg/raw/refs/heads/main/e/seven-days.xml.gz
[2026-03-08] 频道: 25 | 数据源: https://github.com/plsy1/epg/raw/refs/heads/main/e/seven-days.xml.gz
[2026-03-09] 频道: 25 | 数据源: https://github.com/plsy1/epg/raw/refs/heads/main/e/seven-days.xml.gz
[2026-03-10] 频道: 25 | 数据源: https://github.com/plsy1/epg/raw/refs/heads/main/e/seven-days.xml.gz
[2026-03-11] 频道: 25 | 数据源: https://github.com/plsy1/epg/raw/refs/heads/main/e/seven-days.xml.gz
[2026-03-12] 频道: 25 | 数据源: https://github.com/plsy1/epg/raw/refs/heads/main/e/seven-days.xml.gz
[2026-03-13] 频道: 25 | 数据源: https://github.com/plsy1/epg/raw/refs/heads/main/e/seven-days.xml.gz
[2026-03-14] 频道: 25 | 数据源: https://github.com/plsy1/epg/raw/refs/heads/main/e/seven-days.xml.gz
[2026-03-15] 频道: 25 | 数据源: https://github.com/zzzz0317/beijing-unicom-iptv-playlist/raw/refs/heads/main/epg.xml
[2026-03-16] 频道: 25 | 数据源: https://github.com/zzzz0317/beijing-unicom-iptv-playlist/raw/refs/heads/main/epg.xml
[2026-03-17] 频道: 25 | 数据源: https://github.com/zzzz0317/beijing-unicom-iptv-playlist/raw/refs/heads/main/epg.xml
[2026-03-18] 频道: 25 | 数据源: https://github.com/zzzz0317/beijing-unicom-iptv-playlist/raw/refs/heads/main/epg.xml
[2026-03-19] 频道: 25 | 数据源: https://github.com/zzzz0317/beijing-unicom-iptv-playlist/raw/refs/heads/main/epg.xml
[2026-03-20] 频道: 25 | 数据源: https://github.com/zzzz0317/beijing-unicom-iptv-playlist/raw/refs/heads/main/epg.xml
[2026-03-21] 频道: 25 | 数据源: https://github.com/zzzz0317/beijing-unicom-iptv-playlist/raw/refs/heads/main/epg.xml
[2026-03-06] 频道: 26 | 数据源: https://github.com/plsy1/epg/raw/refs/heads/main/e/seven-days.xml.gz
[2026-03-07] 频道: 26 | 数据源: https://github.com/zzzz0317/beijing-unicom-iptv-playlist/raw/refs/heads/main/epg.xml
[2026-03-08] 频道: 26 | 数据源: https://epg.136605.xyz/9days.xml
[2026-03-09] 频道: 26 | 数据源: https://epg.136605.xyz/9days.xml
[2026-03-10] 频道: 26 | 数据源: https://epg.136605.xyz/9days.xml
[2026-03-11] 频道: 26 | 数据源: https://epg.136605.xyz/9days.xml
[2026-03-12] 频道: 26 | 数据源: https://epg.136605.xyz/9days.xml
[2026-03-13] 频道: 26 | 数据源: https://epg.136605.xyz/9days.xml
[2026-03-14] 频道: 26 | 数据源: https://epg.136605.xyz/9days.xml
[2026-03-15] 频道: 26 | 数据源: https://epg.136605.xyz/9days.xml
[2026-03-16] 频道: 26 | 数据源: https://epg.136605.xyz/9days.xml
[2026-03-17] 频道: 26 | 数据源: https://github.com/zzzz0317/beijing-unicom-iptv-playlist/raw/refs/heads/main/epg.xml
[2026-03-18] 频道: 26 | 数据源: https://github.com/zzzz0317/beijing-unicom-iptv-playlist/raw/refs/heads/main/epg.xml
[2026-03-19] 频道: 26 | 数据源: https://github.com/zzzz0317/beijing-unicom-iptv-playlist/raw/refs/heads/main/epg.xml
[2026-03-20] 频道: 26 | 数据源: https://github.com/zzzz0317/beijing-unicom-iptv-playlist/raw/refs/heads/main/epg.xml
[2026-03-21] 频道: 26 | 数据源: https://github.com/zzzz0317/beijing-unicom-iptv-playlist/raw/refs/heads/main/epg.xml
[2026-03-06] 频道: 27 | 数据源: https://github.com/plsy1/epg/raw/refs/heads/main/e/seven-days.xml.gz
[2026-03-07] 频道: 27 | 数据源: https://github.com/zzzz0317/beijing-unicom-iptv-playlist/raw/refs/heads/main/epg.xml
[2026-03-08] 频道: 27 | 数据源: http://e.erw.cc/all.xml.gz
[2026-03-09] 频道: 27 | 数据源: http://e.erw.cc/all.xml.gz
[2026-03-10] 频道: 27 | 数据源: http://e.erw.cc/all.xml.gz
[2026-03-11] 频道: 27 | 数据源: http://e.erw.cc/all.xml.gz
[2026-03-12] 频道: 27 | 数据源: http://e.erw.cc/all.xml.gz
[2026-03-13] 频道: 27 | 数据源: http://e.erw.cc/all.xml.gz
[2026-03-14] 频道: 27 | 数据源: http://e.erw.cc/all.xml.gz
[2026-03-15] 频道: 27 | 数据源: https://github.com/zzzz0317/beijing-unicom-iptv-playlist/raw/refs/heads/main/epg.xml
[2026-03-16] 频道: 27 | 数据源: https://github.com/zzzz0317/beijing-unicom-iptv-playlist/raw/refs/heads/main/epg.xml
[2026-03-17] 频道: 27 | 数据源: https://github.com/zzzz0317/beijing-unicom-iptv-playlist/raw/refs/heads/main/epg.xml
[2026-03-18] 频道: 27 | 数据源: https://github.com/zzzz0317/beijing-unicom-iptv-playlist/raw/refs/heads/main/epg.xml
[2026-03-19] 频道: 27 | 数据源: https://github.com/zzzz0317/beijing-unicom-iptv-playlist/raw/refs/heads/main/epg.xml
[2026-03-20] 频道: 27 | 数据源: https://github.com/zzzz0317/beijing-unicom-iptv-playlist/raw/refs/heads/main/epg.xml
[2026-03-21] 频道: 27 | 数据源: https://github.com/zzzz0317/beijing-unicom-iptv-playlist/raw/refs/heads/main/epg.xml
[2026-03-07] 频道: 28 | 数据源: https://github.com/zzzz0317/beijing-unicom-iptv-playlist/raw/refs/heads/main/epg.xml
[2026-03-08] 频道: 28 | 数据源: https://github.com/zzzz0317/beijing-unicom-iptv-playlist/raw/refs/heads/main/epg.xml
[2026-03-09] 频道: 28 | 数据源: https://github.com/zzzz0317/beijing-unicom-iptv-playlist/raw/refs/heads/main/epg.xml
[2026-03-10] 频道: 28 | 数据源: https://github.com/zzzz0317/beijing-unicom-iptv-playlist/raw/refs/heads/main/epg.xml
[2026-03-11] 频道: 28 | 数据源: https://github.com/zzzz0317/beijing-unicom-iptv-playlist/raw/refs/heads/main/epg.xml
[2026-03-12] 频道: 28 | 数据源: https://github.com/zzzz0317/beijing-unicom-iptv-playlist/raw/refs/heads/main/epg.xml
[2026-03-13] 频道: 28 | 数据源: https://github.com/zzzz0317/beijing-unicom-iptv-playlist/raw/refs/heads/main/epg.xml
[2026-03-14] 频道: 28 | 数据源: https://github.com/zzzz0317/beijing-unicom-iptv-playlist/raw/refs/heads/main/epg.xml
[2026-03-15] 频道: 28 | 数据源: https://github.com/zzzz0317/beijing-unicom-iptv-playlist/raw/refs/heads/main/epg.xml
[2026-03-16] 频道: 28 | 数据源: https://github.com/zzzz0317/beijing-unicom-iptv-playlist/raw/refs/heads/main/epg.xml
[2026-03-17] 频道: 28 | 数据源: https://github.com/zzzz0317/beijing-unicom-iptv-playlist/raw/refs/heads/main/epg.xml
[2026-03-18] 频道: 28 | 数据源: https://github.com/zzzz0317/beijing-unicom-iptv-playlist/raw/refs/heads/main/epg.xml
[2026-03-19] 频道: 28 | 数据源: https://github.com/zzzz0317/beijing-unicom-iptv-playlist/raw/refs/heads/main/epg.xml
[2026-03-20] 频道: 28 | 数据源: https://github.com/zzzz0317/beijing-unicom-iptv-playlist/raw/refs/heads/main/epg.xml
[2026-03-21] 频道: 28 | 数据源: https://github.com/zzzz0317/beijing-unicom-iptv-playlist/raw/refs/heads/main/epg.xml
[2026-03-07] 频道: 29 | 数据源: https://github.com/zzzz0317/beijing-unicom-iptv-playlist/raw/refs/heads/main/epg.xml
[2026-03-08] 频道: 29 | 数据源: http://e.erw.cc/all.xml.gz
[2026-03-09] 频道: 29 | 数据源: http://e.erw.cc/all.xml.gz
[2026-03-10] 频道: 29 | 数据源: http://e.erw.cc/all.xml.gz
[2026-03-11] 频道: 29 | 数据源: http://e.erw.cc/all.xml.gz
[2026-03-12] 频道: 29 | 数据源: http://e.erw.cc/all.xml.gz
[2026-03-13] 频道: 29 | 数据源: http://e.erw.cc/all.xml.gz
[2026-03-14] 频道: 29 | 数据源: http://e.erw.cc/all.xml.gz
[2026-03-15] 频道: 29 | 数据源: https://github.com/zzzz0317/beijing-unicom-iptv-playlist/raw/refs/heads/main/epg.xml
[2026-03-16] 频道: 29 | 数据源: https://github.com/zzzz0317/beijing-unicom-iptv-playlist/raw/refs/heads/main/epg.xml
[2026-03-17] 频道: 29 | 数据源: https://github.com/zzzz0317/beijing-unicom-iptv-playlist/raw/refs/heads/main/epg.xml
[2026-03-18] 频道: 29 | 数据源: https://github.com/zzzz0317/beijing-unicom-iptv-playlist/raw/refs/heads/main/epg.xml
[2026-03-19] 频道: 29 | 数据源: https://github.com/zzzz0317/beijing-unicom-iptv-playlist/raw/refs/heads/main/epg.xml
[2026-03-20] 频道: 29 | 数据源: https://github.com/zzzz0317/beijing-unicom-iptv-playlist/raw/refs/heads/main/epg.xml
[2026-03-21] 频道: 29 | 数据源: https://github.com/zzzz0317/beijing-unicom-iptv-playlist/raw/refs/heads/main/epg.xml
[2026-03-07] 频道: 111 | 数据源: https://github.com/plsy1/epg/raw/refs/heads/main/e/seven-days.xml.gz
[2026-03-08] 频道: 111 | 数据源: https://github.com/plsy1/epg/raw/refs/heads/main/e/seven-days.xml.gz
[2026-03-09] 频道: 111 | 数据源: https://github.com/plsy1/epg/raw/refs/heads/main/e/seven-days.xml.gz
[2026-03-10] 频道: 111 | 数据源: https://github.com/plsy1/epg/raw/refs/heads/main/e/seven-days.xml.gz
[2026-03-11] 频道: 111 | 数据源: https://github.com/plsy1/epg/raw/refs/heads/main/e/seven-days.xml.gz
[2026-03-12] 频道: 111 | 数据源: https://github.com/plsy1/epg/raw/refs/heads/main/e/seven-days.xml.gz
[2026-03-13] 频道: 111 | 数据源: https://github.com/plsy1/epg/raw/refs/heads/main/e/seven-days.xml.gz
[2026-03-14] 频道: 111 | 数据源: https://github.com/plsy1/epg/raw/refs/heads/main/e/seven-days.xml.gz
[2026-03-15] 频道: 111 | 数据源: https://github.com/mytv-android/SCTV_EPG/raw/refs/heads/main/epg.xml
[2026-03-16] 频道: 111 | 数据源: https://epg.136605.xyz/9days.xml
[2026-03-08] 频道: 113 | 数据源: https://epg.136605.xyz/9days.xml
[2026-03-09] 频道: 113 | 数据源: http://e.erw.cc/all.xml.gz
[2026-03-10] 频道: 113 | 数据源: https://epg.136605.xyz/9days.xml
[2026-03-11] 频道: 113 | 数据源: https://epg.136605.xyz/9days.xml
[2026-03-12] 频道: 113 | 数据源: http://e.erw.cc/all.xml.gz
[2026-03-13] 频道: 113 | 数据源: https://epg.136605.xyz/9days.xml
[2026-03-14] 频道: 113 | 数据源: https://epg.deny.vip/sh/tel-epg.xml
[2026-03-15] 频道: 113 | 数据源: https://epg.deny.vip/sh/tel-epg.xml
[2026-03-16] 频道: 113 | 数据源: https://epg.136605.xyz/9days.xml
[2026-03-17] 频道: 113 | 数据源: https://epg.136605.xyz/9days.xml
[2026-03-07] 频道: 114 | 数据源: https://github.com/plsy1/epg/raw/refs/heads/main/e/seven-days.xml.gz
[2026-03-08] 频道: 114 | 数据源: https://github.com/plsy1/epg/raw/refs/heads/main/e/seven-days.xml.gz
[2026-03-09] 频道: 114 | 数据源: https://github.com/plsy1/epg/raw/refs/heads/main/e/seven-days.xml.gz
[2026-03-10] 频道: 114 | 数据源: https://github.com/plsy1/epg/raw/refs/heads/main/e/seven-days.xml.gz
[2026-03-11] 频道: 114 | 数据源: https://github.com/plsy1/epg/raw/refs/heads/main/e/seven-days.xml.gz
[2026-03-12] 频道: 114 | 数据源: https://github.com/plsy1/epg/raw/refs/heads/main/e/seven-days.xml.gz
[2026-03-13] 频道: 114 | 数据源: https://github.com/plsy1/epg/raw/refs/heads/main/e/seven-days.xml.gz
[2026-03-14] 频道: 114 | 数据源: https://github.com/plsy1/epg/raw/refs/heads/main/e/seven-days.xml.gz
[2026-03-15] 频道: 114 | 数据源: https://github.com/mytv-android/SCTV_EPG/raw/refs/heads/main/epg.xml
[2026-03-16] 频道: 114 | 数据源: https://epg.136605.xyz/9days.xml
[2026-03-17] 频道: 114 | 数据源: https://epg.136605.xyz/9days.xml
[2026-03-07] 频道: 115 | 数据源: https://github.com/plsy1/epg/raw/refs/heads/main/e/seven-days.xml.gz
[2026-03-08] 频道: 115 | 数据源: https://epg.136605.xyz/9days.xml
[2026-03-09] 频道: 115 | 数据源: https://epg.136605.xyz/9days.xml
[2026-03-10] 频道: 115 | 数据源: https://epg.136605.xyz/9days.xml
[2026-03-11] 频道: 115 | 数据源: https://epg.136605.xyz/9days.xml
[2026-03-12] 频道: 115 | 数据源: https://epg.136605.xyz/9days.xml
[2026-03-13] 频道: 115 | 数据源: https://epg.136605.xyz/9days.xml
[2026-03-14] 频道: 115 | 数据源: https://epg.136605.xyz/9days.xml
[2026-03-15] 频道: 115 | 数据源: https://epg.136605.xyz/9days.xml
[2026-03-16] 频道: 115 | 数据源: https://epg.136605.xyz/9days.xml
[2026-03-08] 频道: 116 | 数据源: https://epg.136605.xyz/9days.xml
[2026-03-09] 频道: 116 | 数据源: https://epg.136605.xyz/9days.xml
[2026-03-10] 频道: 116 | 数据源: https://epg.136605.xyz/9days.xml
[2026-03-11] 频道: 116 | 数据源: https://epg.136605.xyz/9days.xml
[2026-03-12] 频道: 116 | 数据源: https://epg.136605.xyz/9days.xml
[2026-03-13] 频道: 116 | 数据源: https://epg.136605.xyz/9days.xml
[2026-03-14] 频道: 116 | 数据源: https://epg.deny.vip/sh/tel-epg.xml
[2026-03-15] 频道: 116 | 数据源: https://epg.deny.vip/sh/tel-epg.xml
[2026-03-16] 频道: 116 | 数据源: https://epg.deny.vip/sh/tel-epg.xml
[2026-03-07] 频道: 117 | 数据源: https://github.com/plsy1/epg/raw/refs/heads/main/e/seven-days.xml.gz
[2026-03-08] 频道: 117 | 数据源: https://github.com/plsy1/epg/raw/refs/heads/main/e/seven-days.xml.gz
[2026-03-09] 频道: 117 | 数据源: https://github.com/plsy1/epg/raw/refs/heads/main/e/seven-days.xml.gz
[2026-03-10] 频道: 117 | 数据源: https://github.com/plsy1/epg/raw/refs/heads/main/e/seven-days.xml.gz
[2026-03-11] 频道: 117 | 数据源: https://github.com/plsy1/epg/raw/refs/heads/main/e/seven-days.xml.gz
[2026-03-12] 频道: 117 | 数据源: https://github.com/plsy1/epg/raw/refs/heads/main/e/seven-days.xml.gz
[2026-03-13] 频道: 117 | 数据源: https://github.com/plsy1/epg/raw/refs/heads/main/e/seven-days.xml.gz
[2026-03-14] 频道: 117 | 数据源: https://github.com/plsy1/epg/raw/refs/heads/main/e/seven-days.xml.gz
[2026-03-15] 频道: 117 | 数据源: https://github.com/mytv-android/SCTV_EPG/raw/refs/heads/main/epg.xml
[2026-03-07] 频道: 118 | 数据源: https://github.com/plsy1/epg/raw/refs/heads/main/e/seven-days.xml.gz
[2026-03-08] 频道: 118 | 数据源: https://github.com/mytv-android/SCTV_EPG/raw/refs/heads/main/epg.xml
[2026-03-09] 频道: 118 | 数据源: https://github.com/mytv-android/SCTV_EPG/raw/refs/heads/main/epg.xml
[2026-03-10] 频道: 118 | 数据源: https://github.com/mytv-android/SCTV_EPG/raw/refs/heads/main/epg.xml
[2026-03-11] 频道: 118 | 数据源: https://github.com/mytv-android/SCTV_EPG/raw/refs/heads/main/epg.xml
[2026-03-12] 频道: 118 | 数据源: https://github.com/mytv-android/SCTV_EPG/raw/refs/heads/main/epg.xml
[2026-03-13] 频道: 118 | 数据源: https://github.com/mytv-android/SCTV_EPG/raw/refs/heads/main/epg.xml
[2026-03-14] 频道: 118 | 数据源: https://epg.deny.vip/sh/tel-epg.xml
[2026-03-15] 频道: 118 | 数据源: https://epg.deny.vip/sh/tel-epg.xml
[2026-03-16] 频道: 118 | 数据源: https://epg.deny.vip/sh/tel-epg.xml
[2026-03-07] 频道: 119 | 数据源: https://github.com/plsy1/epg/raw/refs/heads/main/e/seven-days.xml.gz
[2026-03-08] 频道: 119 | 数据源: https://epg.136605.xyz/9days.xml
[2026-03-09] 频道: 119 | 数据源: https://epg.136605.xyz/9days.xml
[2026-03-10] 频道: 119 | 数据源: https://epg.136605.xyz/9days.xml
[2026-03-11] 频道: 119 | 数据源: https://github.com/plsy1/epg/raw/refs/heads/main/e/seven-days.xml.gz
[2026-03-12] 频道: 119 | 数据源: https://epg.136605.xyz/9days.xml
[2026-03-13] 频道: 119 | 数据源: https://epg.136605.xyz/9days.xml
[2026-03-14] 频道: 119 | 数据源: https://epg.136605.xyz/9days.xml
[2026-03-15] 频道: 119 | 数据源: https://epg.136605.xyz/9days.xml
[2026-03-07] 频道: 120 | 数据源: https://github.com/plsy1/epg/raw/refs/heads/main/e/seven-days.xml.gz
[2026-03-08] 频道: 120 | 数据源: http://e.erw.cc/all.xml.gz
[2026-03-09] 频道: 120 | 数据源: http://e.erw.cc/all.xml.gz
[2026-03-10] 频道: 120 | 数据源: http://e.erw.cc/all.xml.gz
[2026-03-11] 频道: 120 | 数据源: http://e.erw.cc/all.xml.gz
[2026-03-12] 频道: 120 | 数据源: http://e.erw.cc/all.xml.gz
[2026-03-13] 频道: 120 | 数据源: https://epg.deny.vip/sh/tel-epg.xml
[2026-03-14] 频道: 120 | 数据源: https://epg.deny.vip/sh/tel-epg.xml
[2026-03-15] 频道: 120 | 数据源: https://github.com/mytv-android/SCTV_EPG/raw/refs/heads/main/epg.xml
[2026-03-16] 频道: 120 | 数据源: https://epg.136605.xyz/9days.xml
[2026-03-07] 频道: 121 | 数据源: https://github.com/zzzz0317/beijing-unicom-iptv-playlist/raw/refs/heads/main/epg.xml
[2026-03-08] 频道: 121 | 数据源: https://github.com/zzzz0317/beijing-unicom-iptv-playlist/raw/refs/heads/main/epg.xml
[2026-03-09] 频道: 121 | 数据源: https://github.com/zzzz0317/beijing-unicom-iptv-playlist/raw/refs/heads/main/epg.xml
[2026-03-10] 频道: 121 | 数据源: https://github.com/zzzz0317/beijing-unicom-iptv-playlist/raw/refs/heads/main/epg.xml
[2026-03-11] 频道: 121 | 数据源: https://github.com/zzzz0317/beijing-unicom-iptv-playlist/raw/refs/heads/main/epg.xml
[2026-03-12] 频道: 121 | 数据源: https://github.com/zzzz0317/beijing-unicom-iptv-playlist/raw/refs/heads/main/epg.xml
[2026-03-13] 频道: 121 | 数据源: https://github.com/zzzz0317/beijing-unicom-iptv-playlist/raw/refs/heads/main/epg.xml
[2026-03-14] 频道: 121 | 数据源: https://github.com/zzzz0317/beijing-unicom-iptv-playlist/raw/refs/heads/main/epg.xml
[2026-03-15] 频道: 121 | 数据源: https://github.com/zzzz0317/beijing-unicom-iptv-playlist/raw/refs/heads/main/epg.xml
[2026-03-16] 频道: 121 | 数据源: https://github.com/zzzz0317/beijing-unicom-iptv-playlist/raw/refs/heads/main/epg.xml
[2026-03-17] 频道: 121 | 数据源: https://github.com/zzzz0317/beijing-unicom-iptv-playlist/raw/refs/heads/main/epg.xml
[2026-03-18] 频道: 121 | 数据源: https://github.com/zzzz0317/beijing-unicom-iptv-playlist/raw/refs/heads/main/epg.xml
[2026-03-19] 频道: 121 | 数据源: https://github.com/zzzz0317/beijing-unicom-iptv-playlist/raw/refs/heads/main/epg.xml
[2026-03-20] 频道: 121 | 数据源: https://github.com/zzzz0317/beijing-unicom-iptv-playlist/raw/refs/heads/main/epg.xml
[2026-03-21] 频道: 121 | 数据源: https://github.com/zzzz0317/beijing-unicom-iptv-playlist/raw/refs/heads/main/epg.xml
[2026-03-07] 频道: 122 | 数据源: https://github.com/zzzz0317/beijing-unicom-iptv-playlist/raw/refs/heads/main/epg.xml
[2026-03-08] 频道: 122 | 数据源: http://e.erw.cc/all.xml.gz
[2026-03-09] 频道: 122 | 数据源: http://e.erw.cc/all.xml.gz
[2026-03-10] 频道: 122 | 数据源: http://e.erw.cc/all.xml.gz
[2026-03-11] 频道: 122 | 数据源: http://e.erw.cc/all.xml.gz
[2026-03-12] 频道: 122 | 数据源: http://e.erw.cc/all.xml.gz
[2026-03-13] 频道: 122 | 数据源: http://e.erw.cc/all.xml.gz
[2026-03-14] 频道: 122 | 数据源: http://e.erw.cc/all.xml.gz
[2026-03-15] 频道: 122 | 数据源: https://github.com/zzzz0317/beijing-unicom-iptv-playlist/raw/refs/heads/main/epg.xml
[2026-03-16] 频道: 122 | 数据源: https://github.com/zzzz0317/beijing-unicom-iptv-playlist/raw/refs/heads/main/epg.xml
[2026-03-17] 频道: 122 | 数据源: https://github.com/zzzz0317/beijing-unicom-iptv-playlist/raw/refs/heads/main/epg.xml
[2026-03-18] 频道: 122 | 数据源: https://github.com/zzzz0317/beijing-unicom-iptv-playlist/raw/refs/heads/main/epg.xml
[2026-03-19] 频道: 122 | 数据源: https://github.com/zzzz0317/beijing-unicom-iptv-playlist/raw/refs/heads/main/epg.xml
[2026-03-20] 频道: 122 | 数据源: https://github.com/zzzz0317/beijing-unicom-iptv-playlist/raw/refs/heads/main/epg.xml
[2026-03-21] 频道: 122 | 数据源: https://github.com/zzzz0317/beijing-unicom-iptv-playlist/raw/refs/heads/main/epg.xml
[2026-03-07] 频道: 123 | 数据源: https://github.com/zzzz0317/beijing-unicom-iptv-playlist/raw/refs/heads/main/epg.xml
[2026-03-08] 频道: 123 | 数据源: http://e.erw.cc/all.xml.gz
[2026-03-09] 频道: 123 | 数据源: http://e.erw.cc/all.xml.gz
[2026-03-10] 频道: 123 | 数据源: http://e.erw.cc/all.xml.gz
[2026-03-11] 频道: 123 | 数据源: http://e.erw.cc/all.xml.gz
[2026-03-12] 频道: 123 | 数据源: http://e.erw.cc/all.xml.gz
[2026-03-13] 频道: 123 | 数据源: http://e.erw.cc/all.xml.gz
[2026-03-14] 频道: 123 | 数据源: http://e.erw.cc/all.xml.gz
[2026-03-15] 频道: 123 | 数据源: https://epg.deny.vip/sh/tel-epg.xml
[2026-03-16] 频道: 123 | 数据源: https://github.com/zzzz0317/beijing-unicom-iptv-playlist/raw/refs/heads/main/epg.xml
[2026-03-17] 频道: 123 | 数据源: https://github.com/zzzz0317/beijing-unicom-iptv-playlist/raw/refs/heads/main/epg.xml
[2026-03-18] 频道: 123 | 数据源: https://github.com/zzzz0317/beijing-unicom-iptv-playlist/raw/refs/heads/main/epg.xml
[2026-03-19] 频道: 123 | 数据源: https://github.com/zzzz0317/beijing-unicom-iptv-playlist/raw/refs/heads/main/epg.xml
[2026-03-20] 频道: 123 | 数据源: https://github.com/zzzz0317/beijing-unicom-iptv-playlist/raw/refs/heads/main/epg.xml
[2026-03-21] 频道: 123 | 数据源: https://github.com/zzzz0317/beijing-unicom-iptv-playlist/raw/refs/heads/main/epg.xml
[2026-03-07] 频道: 124 | 数据源: https://github.com/zzzz0317/beijing-unicom-iptv-playlist/raw/refs/heads/main/epg.xml
[2026-03-08] 频道: 124 | 数据源: https://github.com/zzzz0317/beijing-unicom-iptv-playlist/raw/refs/heads/main/epg.xml
[2026-03-09] 频道: 124 | 数据源: https://github.com/zzzz0317/beijing-unicom-iptv-playlist/raw/refs/heads/main/epg.xml
[2026-03-10] 频道: 124 | 数据源: https://github.com/zzzz0317/beijing-unicom-iptv-playlist/raw/refs/heads/main/epg.xml
[2026-03-11] 频道: 124 | 数据源: https://github.com/zzzz0317/beijing-unicom-iptv-playlist/raw/refs/heads/main/epg.xml
[2026-03-12] 频道: 124 | 数据源: https://github.com/zzzz0317/beijing-unicom-iptv-playlist/raw/refs/heads/main/epg.xml
[2026-03-13] 频道: 124 | 数据源: https://github.com/zzzz0317/beijing-unicom-iptv-playlist/raw/refs/heads/main/epg.xml
[2026-03-14] 频道: 124 | 数据源: https://github.com/zzzz0317/beijing-unicom-iptv-playlist/raw/refs/heads/main/epg.xml
[2026-03-15] 频道: 124 | 数据源: https://github.com/zzzz0317/beijing-unicom-iptv-playlist/raw/refs/heads/main/epg.xml
[2026-03-16] 频道: 124 | 数据源: https://github.com/zzzz0317/beijing-unicom-iptv-playlist/raw/refs/heads/main/epg.xml
[2026-03-17] 频道: 124 | 数据源: https://github.com/zzzz0317/beijing-unicom-iptv-playlist/raw/refs/heads/main/epg.xml
[2026-03-18] 频道: 124 | 数据源: https://github.com/zzzz0317/beijing-unicom-iptv-playlist/raw/refs/heads/main/epg.xml
[2026-03-19] 频道: 124 | 数据源: https://github.com/zzzz0317/beijing-unicom-iptv-playlist/raw/refs/heads/main/epg.xml
[2026-03-07] 频道: 125 | 数据源: https://github.com/zzzz0317/beijing-unicom-iptv-playlist/raw/refs/heads/main/epg.xml
[2026-03-08] 频道: 125 | 数据源: https://github.com/zzzz0317/beijing-unicom-iptv-playlist/raw/refs/heads/main/epg.xml
[2026-03-09] 频道: 125 | 数据源: https://github.com/zzzz0317/beijing-unicom-iptv-playlist/raw/refs/heads/main/epg.xml
[2026-03-10] 频道: 125 | 数据源: https://github.com/zzzz0317/beijing-unicom-iptv-playlist/raw/refs/heads/main/epg.xml
[2026-03-11] 频道: 125 | 数据源: https://github.com/zzzz0317/beijing-unicom-iptv-playlist/raw/refs/heads/main/epg.xml
[2026-03-12] 频道: 125 | 数据源: https://github.com/zzzz0317/beijing-unicom-iptv-playlist/raw/refs/heads/main/epg.xml
[2026-03-13] 频道: 125 | 数据源: https://github.com/zzzz0317/beijing-unicom-iptv-playlist/raw/refs/heads/main/epg.xml
[2026-03-14] 频道: 125 | 数据源: https://epg.deny.vip/sh/tel-epg.xml
[2026-03-15] 频道: 125 | 数据源: https://epg.deny.vip/sh/tel-epg.xml
[2026-03-16] 频道: 125 | 数据源: https://github.com/zzzz0317/beijing-unicom-iptv-playlist/raw/refs/heads/main/epg.xml
[2026-03-17] 频道: 125 | 数据源: https://github.com/zzzz0317/beijing-unicom-iptv-playlist/raw/refs/heads/main/epg.xml
[2026-03-18] 频道: 125 | 数据源: https://github.com/zzzz0317/beijing-unicom-iptv-playlist/raw/refs/heads/main/epg.xml
[2026-03-19] 频道: 125 | 数据源: https://github.com/zzzz0317/beijing-unicom-iptv-playlist/raw/refs/heads/main/epg.xml
[2026-03-20] 频道: 125 | 数据源: https://github.com/zzzz0317/beijing-unicom-iptv-playlist/raw/refs/heads/main/epg.xml
[2026-03-21] 频道: 125 | 数据源: https://github.com/zzzz0317/beijing-unicom-iptv-playlist/raw/refs/heads/main/epg.xml
[2026-03-08] 频道: 126 | 数据源: http://e.erw.cc/all.xml.gz
[2026-03-09] 频道: 126 | 数据源: http://e.erw.cc/all.xml.gz
[2026-03-10] 频道: 126 | 数据源: https://epg.136605.xyz/9days.xml
[2026-03-11] 频道: 126 | 数据源: https://epg.136605.xyz/9days.xml
[2026-03-12] 频道: 126 | 数据源: http://e.erw.cc/all.xml.gz
[2026-03-13] 频道: 126 | 数据源: http://e.erw.cc/all.xml.gz
[2026-03-14] 频道: 126 | 数据源: http://e.erw.cc/all.xml.gz
[2026-03-15] 频道: 126 | 数据源: https://epg.136605.xyz/9days.xml
[2026-03-16] 频道: 126 | 数据源: https://epg.136605.xyz/9days.xml
[2026-03-07] 频道: 127 | 数据源: https://github.com/zzzz0317/beijing-unicom-iptv-playlist/raw/refs/heads/main/epg.xml
[2026-03-08] 频道: 127 | 数据源: https://github.com/zzzz0317/beijing-unicom-iptv-playlist/raw/refs/heads/main/epg.xml
[2026-03-09] 频道: 127 | 数据源: https://github.com/zzzz0317/beijing-unicom-iptv-playlist/raw/refs/heads/main/epg.xml
[2026-03-10] 频道: 127 | 数据源: https://github.com/zzzz0317/beijing-unicom-iptv-playlist/raw/refs/heads/main/epg.xml
[2026-03-11] 频道: 127 | 数据源: https://github.com/zzzz0317/beijing-unicom-iptv-playlist/raw/refs/heads/main/epg.xml
[2026-03-12] 频道: 127 | 数据源: https://github.com/zzzz0317/beijing-unicom-iptv-playlist/raw/refs/heads/main/epg.xml
[2026-03-13] 频道: 127 | 数据源: https://github.com/zzzz0317/beijing-unicom-iptv-playlist/raw/refs/heads/main/epg.xml
[2026-03-14] 频道: 127 | 数据源: https://github.com/zzzz0317/beijing-unicom-iptv-playlist/raw/refs/heads/main/epg.xml
[2026-03-15] 频道: 127 | 数据源: https://github.com/zzzz0317/beijing-unicom-iptv-playlist/raw/refs/heads/main/epg.xml
[2026-03-16] 频道: 127 | 数据源: https://github.com/zzzz0317/beijing-unicom-iptv-playlist/raw/refs/heads/main/epg.xml
[2026-03-17] 频道: 127 | 数据源: https://github.com/zzzz0317/beijing-unicom-iptv-playlist/raw/refs/heads/main/epg.xml
[2026-03-18] 频道: 127 | 数据源: https://github.com/zzzz0317/beijing-unicom-iptv-playlist/raw/refs/heads/main/epg.xml
[2026-03-19] 频道: 127 | 数据源: https://github.com/zzzz0317/beijing-unicom-iptv-playlist/raw/refs/heads/main/epg.xml
[2026-03-20] 频道: 127 | 数据源: https://github.com/zzzz0317/beijing-unicom-iptv-playlist/raw/refs/heads/main/epg.xml
[2026-03-21] 频道: 127 | 数据源: https://github.com/zzzz0317/beijing-unicom-iptv-playlist/raw/refs/heads/main/epg.xml
[2026-03-07] 频道: 128 | 数据源: https://github.com/zzzz0317/beijing-unicom-iptv-playlist/raw/refs/heads/main/epg.xml
[2026-03-08] 频道: 128 | 数据源: https://github.com/zzzz0317/beijing-unicom-iptv-playlist/raw/refs/heads/main/epg.xml
[2026-03-09] 频道: 128 | 数据源: https://github.com/zzzz0317/beijing-unicom-iptv-playlist/raw/refs/heads/main/epg.xml
[2026-03-10] 频道: 128 | 数据源: https://github.com/zzzz0317/beijing-unicom-iptv-playlist/raw/refs/heads/main/epg.xml
[2026-03-11] 频道: 128 | 数据源: https://github.com/zzzz0317/beijing-unicom-iptv-playlist/raw/refs/heads/main/epg.xml
[2026-03-12] 频道: 128 | 数据源: https://github.com/zzzz0317/beijing-unicom-iptv-playlist/raw/refs/heads/main/epg.xml
[2026-03-13] 频道: 128 | 数据源: https://github.com/zzzz0317/beijing-unicom-iptv-playlist/raw/refs/heads/main/epg.xml
[2026-03-14] 频道: 128 | 数据源: https://github.com/zzzz0317/beijing-unicom-iptv-playlist/raw/refs/heads/main/epg.xml
[2026-03-15] 频道: 128 | 数据源: https://github.com/zzzz0317/beijing-unicom-iptv-playlist/raw/refs/heads/main/epg.xml
[2026-03-16] 频道: 128 | 数据源: https://github.com/zzzz0317/beijing-unicom-iptv-playlist/raw/refs/heads/main/epg.xml
[2026-03-17] 频道: 128 | 数据源: https://github.com/zzzz0317/beijing-unicom-iptv-playlist/raw/refs/heads/main/epg.xml
[2026-03-18] 频道: 128 | 数据源: https://github.com/zzzz0317/beijing-unicom-iptv-playlist/raw/refs/heads/main/epg.xml
[2026-03-19] 频道: 128 | 数据源: https://github.com/zzzz0317/beijing-unicom-iptv-playlist/raw/refs/heads/main/epg.xml
[2026-03-20] 频道: 128 | 数据源: https://github.com/zzzz0317/beijing-unicom-iptv-playlist/raw/refs/heads/main/epg.xml
[2026-03-21] 频道: 128 | 数据源: https://github.com/zzzz0317/beijing-unicom-iptv-playlist/raw/refs/heads/main/epg.xml
[2026-03-07] 频道: 129 | 数据源: https://github.com/zzzz0317/beijing-unicom-iptv-playlist/raw/refs/heads/main/epg.xml
[2026-03-08] 频道: 129 | 数据源: http://e.erw.cc/all.xml.gz
[2026-03-09] 频道: 129 | 数据源: http://e.erw.cc/all.xml.gz
[2026-03-10] 频道: 129 | 数据源: http://e.erw.cc/all.xml.gz
[2026-03-11] 频道: 129 | 数据源: http://e.erw.cc/all.xml.gz
[2026-03-12] 频道: 129 | 数据源: http://e.erw.cc/all.xml.gz
[2026-03-13] 频道: 129 | 数据源: http://e.erw.cc/all.xml.gz
[2026-03-14] 频道: 129 | 数据源: http://e.erw.cc/all.xml.gz
[2026-03-15] 频道: 129 | 数据源: https://epg.136605.xyz/9days.xml
[2026-03-16] 频道: 129 | 数据源: https://github.com/zzzz0317/beijing-unicom-iptv-playlist/raw/refs/heads/main/epg.xml
[2026-03-17] 频道: 129 | 数据源: https://github.com/zzzz0317/beijing-unicom-iptv-playlist/raw/refs/heads/main/epg.xml
[2026-03-18] 频道: 129 | 数据源: https://github.com/zzzz0317/beijing-unicom-iptv-playlist/raw/refs/heads/main/epg.xml
[2026-03-19] 频道: 129 | 数据源: https://github.com/zzzz0317/beijing-unicom-iptv-playlist/raw/refs/heads/main/epg.xml
[2026-03-20] 频道: 129 | 数据源: https://github.com/zzzz0317/beijing-unicom-iptv-playlist/raw/refs/heads/main/epg.xml
[2026-03-21] 频道: 129 | 数据源: https://github.com/zzzz0317/beijing-unicom-iptv-playlist/raw/refs/heads/main/epg.xml
[2026-03-07] 频道: 130 | 数据源: https://github.com/plsy1/epg/raw/refs/heads/main/e/seven-days.xml.gz
[2026-03-08] 频道: 130 | 数据源: https://epg.136605.xyz/9days.xml
[2026-03-09] 频道: 130 | 数据源: https://epg.136605.xyz/9days.xml
[2026-03-10] 频道: 130 | 数据源: https://epg.136605.xyz/9days.xml
[2026-03-11] 频道: 130 | 数据源: https://epg.136605.xyz/9days.xml
[2026-03-12] 频道: 130 | 数据源: https://epg.136605.xyz/9days.xml
[2026-03-13] 频道: 130 | 数据源: https://epg.136605.xyz/9days.xml
[2026-03-14] 频道: 130 | 数据源: https://epg.136605.xyz/9days.xml
[2026-03-15] 频道: 130 | 数据源: https://epg.136605.xyz/9days.xml
[2026-03-16] 频道: 130 | 数据源: https://epg.136605.xyz/9days.xml
[2026-03-07] 频道: 131 | 数据源: https://github.com/plsy1/epg/raw/refs/heads/main/e/seven-days.xml.gz
[2026-03-08] 频道: 131 | 数据源: https://github.com/plsy1/epg/raw/refs/heads/main/e/seven-days.xml.gz
[2026-03-09] 频道: 131 | 数据源: https://github.com/plsy1/epg/raw/refs/heads/main/e/seven-days.xml.gz
[2026-03-10] 频道: 131 | 数据源: https://github.com/plsy1/epg/raw/refs/heads/main/e/seven-days.xml.gz
[2026-03-11] 频道: 131 | 数据源: https://github.com/plsy1/epg/raw/refs/heads/main/e/seven-days.xml.gz
[2026-03-12] 频道: 131 | 数据源: https://github.com/plsy1/epg/raw/refs/heads/main/e/seven-days.xml.gz
[2026-03-13] 频道: 131 | 数据源: https://github.com/plsy1/epg/raw/refs/heads/main/e/seven-days.xml.gz
[2026-03-14] 频道: 131 | 数据源: https://github.com/plsy1/epg/raw/refs/heads/main/e/seven-days.xml.gz
[2026-03-15] 频道: 131 | 数据源: https://github.com/plsy1/epg/raw/refs/heads/main/e/seven-days.xml.gz
[2026-03-16] 频道: 131 | 数据源: https://github.com/zzzz0317/beijing-unicom-iptv-playlist/raw/refs/heads/main/epg.xml
[2026-03-17] 频道: 131 | 数据源: https://github.com/zzzz0317/beijing-unicom-iptv-playlist/raw/refs/heads/main/epg.xml
[2026-03-18] 频道: 131 | 数据源: https://github.com/zzzz0317/beijing-unicom-iptv-playlist/raw/refs/heads/main/epg.xml
[2026-03-19] 频道: 131 | 数据源: https://github.com/zzzz0317/beijing-unicom-iptv-playlist/raw/refs/heads/main/epg.xml
[2026-03-20] 频道: 131 | 数据源: https://github.com/zzzz0317/beijing-unicom-iptv-playlist/raw/refs/heads/main/epg.xml
[2026-03-21] 频道: 131 | 数据源: https://github.com/zzzz0317/beijing-unicom-iptv-playlist/raw/refs/heads/main/epg.xml
[2026-03-07] 频道: 132 | 数据源: https://github.com/plsy1/epg/raw/refs/heads/main/e/seven-days.xml.gz
[2026-03-08] 频道: 132 | 数据源: https://github.com/plsy1/epg/raw/refs/heads/main/e/seven-days.xml.gz
[2026-03-09] 频道: 132 | 数据源: https://github.com/plsy1/epg/raw/refs/heads/main/e/seven-days.xml.gz
[2026-03-10] 频道: 132 | 数据源: https://github.com/plsy1/epg/raw/refs/heads/main/e/seven-days.xml.gz
[2026-03-11] 频道: 132 | 数据源: https://github.com/plsy1/epg/raw/refs/heads/main/e/seven-days.xml.gz
[2026-03-12] 频道: 132 | 数据源: https://github.com/plsy1/epg/raw/refs/heads/main/e/seven-days.xml.gz
[2026-03-13] 频道: 132 | 数据源: https://github.com/plsy1/epg/raw/refs/heads/main/e/seven-days.xml.gz
[2026-03-14] 频道: 132 | 数据源: https://github.com/plsy1/epg/raw/refs/heads/main/e/seven-days.xml.gz
[2026-03-15] 频道: 132 | 数据源: https://epg.deny.vip/sh/tel-epg.xml
[2026-03-16] 频道: 132 | 数据源: https://epg.136605.xyz/9days.xml
[2026-03-07] 频道: 133 | 数据源: https://github.com/plsy1/epg/raw/refs/heads/main/e/seven-days.xml.gz
[2026-03-08] 频道: 133 | 数据源: https://github.com/plsy1/epg/raw/refs/heads/main/e/seven-days.xml.gz
[2026-03-09] 频道: 133 | 数据源: https://github.com/plsy1/epg/raw/refs/heads/main/e/seven-days.xml.gz
[2026-03-10] 频道: 133 | 数据源: https://github.com/plsy1/epg/raw/refs/heads/main/e/seven-days.xml.gz
[2026-03-11] 频道: 133 | 数据源: https://github.com/plsy1/epg/raw/refs/heads/main/e/seven-days.xml.gz
[2026-03-12] 频道: 133 | 数据源: https://github.com/plsy1/epg/raw/refs/heads/main/e/seven-days.xml.gz
[2026-03-13] 频道: 133 | 数据源: https://github.com/plsy1/epg/raw/refs/heads/main/e/seven-days.xml.gz
[2026-03-14] 频道: 133 | 数据源: https://github.com/plsy1/epg/raw/refs/heads/main/e/seven-days.xml.gz
[2026-03-15] 频道: 133 | 数据源: https://github.com/plsy1/epg/raw/refs/heads/main/e/seven-days.xml.gz
[2026-03-16] 频道: 133 | 数据源: https://epg.136605.xyz/9days.xml
[2026-03-17] 频道: 133 | 数据源: https://epg.136605.xyz/9days.xml
[2026-03-07] 频道: 134 | 数据源: https://github.com/plsy1/epg/raw/refs/heads/main/e/seven-days.xml.gz
[2026-03-08] 频道: 134 | 数据源: https://github.com/plsy1/epg/raw/refs/heads/main/e/seven-days.xml.gz
[2026-03-09] 频道: 134 | 数据源: https://github.com/plsy1/epg/raw/refs/heads/main/e/seven-days.xml.gz
[2026-03-10] 频道: 134 | 数据源: https://github.com/plsy1/epg/raw/refs/heads/main/e/seven-days.xml.gz
[2026-03-11] 频道: 134 | 数据源: https://github.com/plsy1/epg/raw/refs/heads/main/e/seven-days.xml.gz
[2026-03-12] 频道: 134 | 数据源: https://github.com/plsy1/epg/raw/refs/heads/main/e/seven-days.xml.gz
[2026-03-13] 频道: 134 | 数据源: https://github.com/plsy1/epg/raw/refs/heads/main/e/seven-days.xml.gz
[2026-03-14] 频道: 134 | 数据源: https://github.com/plsy1/epg/raw/refs/heads/main/e/seven-days.xml.gz
[2026-03-15] 频道: 134 | 数据源: https://github.com/plsy1/epg/raw/refs/heads/main/e/seven-days.xml.gz
[2026-03-16] 频道: 134 | 数据源: https://epg.136605.xyz/9days.xml
[2026-03-07] 频道: 135 | 数据源: https://github.com/plsy1/epg/raw/refs/heads/main/e/seven-days.xml.gz
[2026-03-08] 频道: 135 | 数据源: http://e.erw.cc/all.xml.gz
[2026-03-09] 频道: 135 | 数据源: http://e.erw.cc/all.xml.gz
[2026-03-10] 频道: 135 | 数据源: http://e.erw.cc/all.xml.gz
[2026-03-11] 频道: 135 | 数据源: https://github.com/plsy1/epg/raw/refs/heads/main/e/seven-days.xml.gz
[2026-03-12] 频道: 135 | 数据源: http://e.erw.cc/all.xml.gz
[2026-03-13] 频道: 135 | 数据源: https://github.com/plsy1/epg/raw/refs/heads/main/e/seven-days.xml.gz
[2026-03-14] 频道: 135 | 数据源: https://github.com/plsy1/epg/raw/refs/heads/main/e/seven-days.xml.gz
[2026-03-15] 频道: 135 | 数据源: https://github.com/plsy1/epg/raw/refs/heads/main/e/seven-days.xml.gz
[2026-03-16] 频道: 135 | 数据源: https://epg.136605.xyz/9days.xml
[2026-03-17] 频道: 135 | 数据源: https://epg.136605.xyz/9days.xml
[2026-03-07] 频道: 136 | 数据源: https://github.com/plsy1/epg/raw/refs/heads/main/e/seven-days.xml.gz
[2026-03-08] 频道: 136 | 数据源: https://github.com/plsy1/epg/raw/refs/heads/main/e/seven-days.xml.gz
[2026-03-09] 频道: 136 | 数据源: https://github.com/plsy1/epg/raw/refs/heads/main/e/seven-days.xml.gz
[2026-03-10] 频道: 136 | 数据源: https://github.com/plsy1/epg/raw/refs/heads/main/e/seven-days.xml.gz
[2026-03-11] 频道: 136 | 数据源: https://github.com/plsy1/epg/raw/refs/heads/main/e/seven-days.xml.gz
[2026-03-12] 频道: 136 | 数据源: https://github.com/plsy1/epg/raw/refs/heads/main/e/seven-days.xml.gz
[2026-03-13] 频道: 136 | 数据源: https://github.com/plsy1/epg/raw/refs/heads/main/e/seven-days.xml.gz
[2026-03-14] 频道: 136 | 数据源: https://github.com/plsy1/epg/raw/refs/heads/main/e/seven-days.xml.gz
[2026-03-15] 频道: 136 | 数据源: https://github.com/plsy1/epg/raw/refs/heads/main/e/seven-days.xml.gz
[2026-03-16] 频道: 136 | 数据源: https://epg.136605.xyz/9days.xml
[2026-03-07] 频道: 137 | 数据源: https://github.com/plsy1/epg/raw/refs/heads/main/e/seven-days.xml.gz
[2026-03-08] 频道: 137 | 数据源: https://github.com/plsy1/epg/raw/refs/heads/main/e/seven-days.xml.gz
[2026-03-09] 频道: 137 | 数据源: https://github.com/plsy1/epg/raw/refs/heads/main/e/seven-days.xml.gz
[2026-03-10] 频道: 137 | 数据源: https://github.com/plsy1/epg/raw/refs/heads/main/e/seven-days.xml.gz
[2026-03-11] 频道: 137 | 数据源: https://github.com/plsy1/epg/raw/refs/heads/main/e/seven-days.xml.gz
[2026-03-12] 频道: 137 | 数据源: https://github.com/plsy1/epg/raw/refs/heads/main/e/seven-days.xml.gz
[2026-03-13] 频道: 137 | 数据源: https://github.com/plsy1/epg/raw/refs/heads/main/e/seven-days.xml.gz
[2026-03-14] 频道: 137 | 数据源: https://github.com/plsy1/epg/raw/refs/heads/main/e/seven-days.xml.gz
[2026-03-15] 频道: 137 | 数据源: https://github.com/plsy1/epg/raw/refs/heads/main/e/seven-days.xml.gz
[2026-03-16] 频道: 137 | 数据源: https://epg.136605.xyz/9days.xml
[2026-03-07] 频道: 138 | 数据源: https://github.com/plsy1/epg/raw/refs/heads/main/e/seven-days.xml.gz
[2026-03-08] 频道: 138 | 数据源: http://e.erw.cc/all.xml.gz
[2026-03-09] 频道: 138 | 数据源: http://e.erw.cc/all.xml.gz
[2026-03-10] 频道: 138 | 数据源: http://e.erw.cc/all.xml.gz
[2026-03-11] 频道: 138 | 数据源: http://e.erw.cc/all.xml.gz
[2026-03-12] 频道: 138 | 数据源: http://e.erw.cc/all.xml.gz
[2026-03-13] 频道: 138 | 数据源: http://e.erw.cc/all.xml.gz
[2026-03-14] 频道: 138 | 数据源: https://epg.deny.vip/sh/tel-epg.xml
[2026-03-15] 频道: 138 | 数据源: https://epg.deny.vip/sh/tel-epg.xml
[2026-03-16] 频道: 138 | 数据源: https://epg.136605.xyz/9days.xml
[2026-03-07] 频道: 139 | 数据源: https://github.com/zzzz0317/beijing-unicom-iptv-playlist/raw/refs/heads/main/epg.xml
[2026-03-08] 频道: 139 | 数据源: http://e.erw.cc/all.xml.gz
[2026-03-09] 频道: 139 | 数据源: https://epg.136605.xyz/9days.xml
[2026-03-10] 频道: 139 | 数据源: http://e.erw.cc/all.xml.gz
[2026-03-11] 频道: 139 | 数据源: http://e.erw.cc/all.xml.gz
[2026-03-12] 频道: 139 | 数据源: http://e.erw.cc/all.xml.gz
[2026-03-13] 频道: 139 | 数据源: http://e.erw.cc/all.xml.gz
[2026-03-14] 频道: 139 | 数据源: https://epg.deny.vip/sh/tel-epg.xml
[2026-03-15] 频道: 139 | 数据源: https://epg.deny.vip/sh/tel-epg.xml
[2026-03-16] 频道: 139 | 数据源: https://epg.136605.xyz/9days.xml
[2026-03-17] 频道: 139 | 数据源: https://github.com/zzzz0317/beijing-unicom-iptv-playlist/raw/refs/heads/main/epg.xml
[2026-03-07] 频道: 140 | 数据源: https://github.com/plsy1/epg/raw/refs/heads/main/e/seven-days.xml.gz
[2026-03-08] 频道: 140 | 数据源: https://github.com/plsy1/epg/raw/refs/heads/main/e/seven-days.xml.gz
[2026-03-09] 频道: 140 | 数据源: https://github.com/plsy1/epg/raw/refs/heads/main/e/seven-days.xml.gz
[2026-03-10] 频道: 140 | 数据源: https://github.com/plsy1/epg/raw/refs/heads/main/e/seven-days.xml.gz
[2026-03-11] 频道: 140 | 数据源: https://github.com/plsy1/epg/raw/refs/heads/main/e/seven-days.xml.gz
[2026-03-12] 频道: 140 | 数据源: https://github.com/plsy1/epg/raw/refs/heads/main/e/seven-days.xml.gz
[2026-03-13] 频道: 140 | 数据源: https://github.com/plsy1/epg/raw/refs/heads/main/e/seven-days.xml.gz
[2026-03-14] 频道: 140 | 数据源: https://github.com/plsy1/epg/raw/refs/heads/main/e/seven-days.xml.gz
[2026-03-15] 频道: 140 | 数据源: https://github.com/plsy1/epg/raw/refs/heads/main/e/seven-days.xml.gz
[2026-03-07] 频道: 141 | 数据源: https://github.com/plsy1/epg/raw/refs/heads/main/e/seven-days.xml.gz
[2026-03-08] 频道: 141 | 数据源: https://github.com/plsy1/epg/raw/refs/heads/main/e/seven-days.xml.gz
[2026-03-09] 频道: 141 | 数据源: https://github.com/plsy1/epg/raw/refs/heads/main/e/seven-days.xml.gz
[2026-03-10] 频道: 141 | 数据源: https://epg.136605.xyz/9days.xml
[2026-03-11] 频道: 141 | 数据源: https://epg.136605.xyz/9days.xml
[2026-03-12] 频道: 141 | 数据源: https://epg.136605.xyz/9days.xml
[2026-03-13] 频道: 141 | 数据源: https://epg.136605.xyz/9days.xml
[2026-03-14] 频道: 141 | 数据源: https://epg.136605.xyz/9days.xml
[2026-03-15] 频道: 141 | 数据源: https://github.com/plsy1/epg/raw/refs/heads/main/e/seven-days.xml.gz
[2026-03-16] 频道: 141 | 数据源: https://epg.136605.xyz/9days.xml
[2026-03-07] 频道: 142 | 数据源: https://github.com/plsy1/epg/raw/refs/heads/main/e/seven-days.xml.gz
[2026-03-08] 频道: 142 | 数据源: https://github.com/plsy1/epg/raw/refs/heads/main/e/seven-days.xml.gz
[2026-03-09] 频道: 142 | 数据源: https://github.com/plsy1/epg/raw/refs/heads/main/e/seven-days.xml.gz
[2026-03-10] 频道: 142 | 数据源: https://github.com/plsy1/epg/raw/refs/heads/main/e/seven-days.xml.gz
[2026-03-11] 频道: 142 | 数据源: https://github.com/plsy1/epg/raw/refs/heads/main/e/seven-days.xml.gz
[2026-03-12] 频道: 142 | 数据源: https://github.com/plsy1/epg/raw/refs/heads/main/e/seven-days.xml.gz
[2026-03-13] 频道: 142 | 数据源: https://github.com/plsy1/epg/raw/refs/heads/main/e/seven-days.xml.gz
[2026-03-14] 频道: 142 | 数据源: https://github.com/plsy1/epg/raw/refs/heads/main/e/seven-days.xml.gz
[2026-03-15] 频道: 142 | 数据源: http://epg.51zmt.top:8000/e1.xml.gz
[2026-03-16] 频道: 142 | 数据源: https://github.com/zzzz0317/beijing-unicom-iptv-playlist/raw/refs/heads/main/epg.xml
[2026-03-17] 频道: 142 | 数据源: https://github.com/zzzz0317/beijing-unicom-iptv-playlist/raw/refs/heads/main/epg.xml
[2026-03-07] 频道: 143 | 数据源: https://github.com/plsy1/epg/raw/refs/heads/main/e/seven-days.xml.gz
[2026-03-08] 频道: 143 | 数据源: https://epg.136605.xyz/9days.xml
[2026-03-09] 频道: 143 | 数据源: https://github.com/plsy1/epg/raw/refs/heads/main/e/seven-days.xml.gz
[2026-03-10] 频道: 143 | 数据源: https://github.com/plsy1/epg/raw/refs/heads/main/e/seven-days.xml.gz
[2026-03-11] 频道: 143 | 数据源: https://github.com/plsy1/epg/raw/refs/heads/main/e/seven-days.xml.gz
[2026-03-12] 频道: 143 | 数据源: https://github.com/plsy1/epg/raw/refs/heads/main/e/seven-days.xml.gz
[2026-03-13] 频道: 143 | 数据源: https://epg.136605.xyz/9days.xml
[2026-03-14] 频道: 143 | 数据源: https://epg.136605.xyz/9days.xml
[2026-03-15] 频道: 143 | 数据源: https://epg.136605.xyz/9days.xml
[2026-03-16] 频道: 143 | 数据源: https://epg.136605.xyz/9days.xml
[2026-03-07] 频道: 144 | 数据源: https://github.com/plsy1/epg/raw/refs/heads/main/e/seven-days.xml.gz
[2026-03-08] 频道: 144 | 数据源: https://github.com/plsy1/epg/raw/refs/heads/main/e/seven-days.xml.gz
[2026-03-09] 频道: 144 | 数据源: https://github.com/plsy1/epg/raw/refs/heads/main/e/seven-days.xml.gz
[2026-03-10] 频道: 144 | 数据源: https://github.com/plsy1/epg/raw/refs/heads/main/e/seven-days.xml.gz
[2026-03-11] 频道: 144 | 数据源: https://github.com/plsy1/epg/raw/refs/heads/main/e/seven-days.xml.gz
[2026-03-12] 频道: 144 | 数据源: https://github.com/plsy1/epg/raw/refs/heads/main/e/seven-days.xml.gz
[2026-03-13] 频道: 144 | 数据源: https://github.com/plsy1/epg/raw/refs/heads/main/e/seven-days.xml.gz
[2026-03-14] 频道: 144 | 数据源: https://github.com/plsy1/epg/raw/refs/heads/main/e/seven-days.xml.gz
[2026-03-15] 频道: 144 | 数据源: https://github.com/plsy1/epg/raw/refs/heads/main/e/seven-days.xml.gz
[2026-03-16] 频道: 144 | 数据源: https://epg.136605.xyz/9days.xml
[2026-03-07] 频道: 145 | 数据源: https://github.com/plsy1/epg/raw/refs/heads/main/e/seven-days.xml.gz
[2026-03-08] 频道: 145 | 数据源: http://e.erw.cc/all.xml.gz
[2026-03-09] 频道: 145 | 数据源: http://e.erw.cc/all.xml.gz
[2026-03-10] 频道: 145 | 数据源: http://e.erw.cc/all.xml.gz
[2026-03-11] 频道: 145 | 数据源: http://e.erw.cc/all.xml.gz
[2026-03-12] 频道: 145 | 数据源: http://e.erw.cc/all.xml.gz
[2026-03-13] 频道: 145 | 数据源: http://e.erw.cc/all.xml.gz
[2026-03-14] 频道: 145 | 数据源: http://epg.51zmt.top:8000/e1.xml.gz
[2026-03-15] 频道: 145 | 数据源: http://epg.51zmt.top:8000/e1.xml.gz
[2026-03-16] 频道: 145 | 数据源: https://epg.136605.xyz/9days.xml
[2026-03-07] 频道: 146 | 数据源: https://github.com/plsy1/epg/raw/refs/heads/main/e/seven-days.xml.gz
[2026-03-08] 频道: 146 | 数据源: https://github.com/plsy1/epg/raw/refs/heads/main/e/seven-days.xml.gz
[2026-03-09] 频道: 146 | 数据源: https://github.com/plsy1/epg/raw/refs/heads/main/e/seven-days.xml.gz
[2026-03-10] 频道: 146 | 数据源: https://github.com/plsy1/epg/raw/refs/heads/main/e/seven-days.xml.gz
[2026-03-11] 频道: 146 | 数据源: https://github.com/plsy1/epg/raw/refs/heads/main/e/seven-days.xml.gz
[2026-03-12] 频道: 146 | 数据源: https://github.com/plsy1/epg/raw/refs/heads/main/e/seven-days.xml.gz
[2026-03-13] 频道: 146 | 数据源: https://github.com/plsy1/epg/raw/refs/heads/main/e/seven-days.xml.gz
[2026-03-14] 频道: 146 | 数据源: https://github.com/plsy1/epg/raw/refs/heads/main/e/seven-days.xml.gz
[2026-03-15] 频道: 146 | 数据源: https://github.com/plsy1/epg/raw/refs/heads/main/e/seven-days.xml.gz
[2026-03-16] 频道: 146 | 数据源: https://epg.136605.xyz/9days.xml
[2026-03-07] 频道: 147 | 数据源: https://github.com/plsy1/epg/raw/refs/heads/main/e/seven-days.xml.gz
[2026-03-08] 频道: 147 | 数据源: http://e.erw.cc/all.xml.gz
[2026-03-09] 频道: 147 | 数据源: https://epg.136605.xyz/9days.xml
[2026-03-10] 频道: 147 | 数据源: http://e.erw.cc/all.xml.gz
[2026-03-11] 频道: 147 | 数据源: https://epg.136605.xyz/9days.xml
[2026-03-12] 频道: 147 | 数据源: http://e.erw.cc/all.xml.gz
[2026-03-13] 频道: 147 | 数据源: http://e.erw.cc/all.xml.gz
[2026-03-14] 频道: 147 | 数据源: https://epg.deny.vip/sh/tel-epg.xml
[2026-03-15] 频道: 147 | 数据源: https://epg.deny.vip/sh/tel-epg.xml
[2026-03-07] 频道: 148 | 数据源: https://github.com/plsy1/epg/raw/refs/heads/main/e/seven-days.xml.gz
[2026-03-08] 频道: 148 | 数据源: https://github.com/plsy1/epg/raw/refs/heads/main/e/seven-days.xml.gz
[2026-03-09] 频道: 148 | 数据源: https://github.com/plsy1/epg/raw/refs/heads/main/e/seven-days.xml.gz
[2026-03-10] 频道: 148 | 数据源: https://github.com/plsy1/epg/raw/refs/heads/main/e/seven-days.xml.gz
[2026-03-11] 频道: 148 | 数据源: https://github.com/plsy1/epg/raw/refs/heads/main/e/seven-days.xml.gz
[2026-03-12] 频道: 148 | 数据源: https://github.com/plsy1/epg/raw/refs/heads/main/e/seven-days.xml.gz
[2026-03-13] 频道: 148 | 数据源: https://github.com/plsy1/epg/raw/refs/heads/main/e/seven-days.xml.gz
[2026-03-14] 频道: 148 | 数据源: https://github.com/plsy1/epg/raw/refs/heads/main/e/seven-days.xml.gz
[2026-03-15] 频道: 148 | 数据源: https://github.com/plsy1/epg/raw/refs/heads/main/e/seven-days.xml.gz
[2026-03-07] 频道: 149 | 数据源: https://github.com/plsy1/epg/raw/refs/heads/main/e/seven-days.xml.gz
[2026-03-08] 频道: 149 | 数据源: http://e.erw.cc/all.xml.gz
[2026-03-09] 频道: 149 | 数据源: http://e.erw.cc/all.xml.gz
[2026-03-10] 频道: 149 | 数据源: http://e.erw.cc/all.xml.gz
[2026-03-11] 频道: 149 | 数据源: http://e.erw.cc/all.xml.gz
[2026-03-12] 频道: 149 | 数据源: http://e.erw.cc/all.xml.gz
[2026-03-13] 频道: 149 | 数据源: http://e.erw.cc/all.xml.gz
[2026-03-14] 频道: 149 | 数据源: http://e.erw.cc/all.xml.gz
[2026-03-15] 频道: 149 | 数据源: https://github.com/litiande03/epg/raw/refs/heads/master/pl.xml.gz
[2026-03-16] 频道: 149 | 数据源: https://github.com/litiande03/epg/raw/refs/heads/master/pl.xml.gz
[2026-03-07] 频道: 150 | 数据源: https://github.com/plsy1/epg/raw/refs/heads/main/e/seven-days.xml.gz
[2026-03-08] 频道: 150 | 数据源: http://e.erw.cc/all.xml.gz
[2026-03-09] 频道: 150 | 数据源: http://e.erw.cc/all.xml.gz
[2026-03-10] 频道: 150 | 数据源: http://e.erw.cc/all.xml.gz
[2026-03-11] 频道: 150 | 数据源: http://e.erw.cc/all.xml.gz
[2026-03-12] 频道: 150 | 数据源: http://e.erw.cc/all.xml.gz
[2026-03-13] 频道: 150 | 数据源: http://e.erw.cc/all.xml.gz
[2026-03-14] 频道: 150 | 数据源: https://epg.deny.vip/sh/tel-epg.xml
[2026-03-15] 频道: 150 | 数据源: https://epg.deny.vip/sh/tel-epg.xml
[2026-03-07] 频道: 151 | 数据源: https://github.com/plsy1/epg/raw/refs/heads/main/e/seven-days.xml.gz
[2026-03-08] 频道: 151 | 数据源: https://github.com/plsy1/epg/raw/refs/heads/main/e/seven-days.xml.gz
[2026-03-09] 频道: 151 | 数据源: https://github.com/plsy1/epg/raw/refs/heads/main/e/seven-days.xml.gz
[2026-03-10] 频道: 151 | 数据源: https://github.com/plsy1/epg/raw/refs/heads/main/e/seven-days.xml.gz
[2026-03-11] 频道: 151 | 数据源: https://github.com/plsy1/epg/raw/refs/heads/main/e/seven-days.xml.gz
[2026-03-12] 频道: 151 | 数据源: https://github.com/plsy1/epg/raw/refs/heads/main/e/seven-days.xml.gz
[2026-03-13] 频道: 151 | 数据源: https://github.com/plsy1/epg/raw/refs/heads/main/e/seven-days.xml.gz
[2026-03-14] 频道: 151 | 数据源: https://github.com/plsy1/epg/raw/refs/heads/main/e/seven-days.xml.gz
[2026-03-15] 频道: 151 | 数据源: https://github.com/plsy1/epg/raw/refs/heads/main/e/seven-days.xml.gz
[2026-03-16] 频道: 151 | 数据源: https://github.com/zzzz0317/beijing-unicom-iptv-playlist/raw/refs/heads/main/epg.xml
[2026-03-17] 频道: 151 | 数据源: https://github.com/zzzz0317/beijing-unicom-iptv-playlist/raw/refs/heads/main/epg.xml
[2026-03-07] 频道: 152 | 数据源: https://github.com/zzzz0317/beijing-unicom-iptv-playlist/raw/refs/heads/main/epg.xml
[2026-03-08] 频道: 152 | 数据源: https://github.com/litiande03/epg/raw/refs/heads/master/pl.xml.gz
[2026-03-09] 频道: 152 | 数据源: https://github.com/litiande03/epg/raw/refs/heads/master/pl.xml.gz
[2026-03-10] 频道: 152 | 数据源: https://github.com/litiande03/epg/raw/refs/heads/master/pl.xml.gz
[2026-03-11] 频道: 152 | 数据源: https://github.com/litiande03/epg/raw/refs/heads/master/pl.xml.gz
[2026-03-12] 频道: 152 | 数据源: https://github.com/litiande03/epg/raw/refs/heads/master/pl.xml.gz
[2026-03-13] 频道: 152 | 数据源: https://github.com/litiande03/epg/raw/refs/heads/master/pl.xml.gz
[2026-03-14] 频道: 152 | 数据源: https://github.com/litiande03/epg/raw/refs/heads/master/pl.xml.gz
[2026-03-15] 频道: 152 | 数据源: https://github.com/litiande03/epg/raw/refs/heads/master/pl.xml.gz
[2026-03-16] 频道: 152 | 数据源: https://github.com/litiande03/epg/raw/refs/heads/master/pl.xml.gz
[2026-03-17] 频道: 152 | 数据源: https://github.com/zzzz0317/beijing-unicom-iptv-playlist/raw/refs/heads/main/epg.xml
[2026-03-07] 频道: 153 | 数据源: https://github.com/plsy1/epg/raw/refs/heads/main/e/seven-days.xml.gz
[2026-03-08] 频道: 153 | 数据源: https://github.com/plsy1/epg/raw/refs/heads/main/e/seven-days.xml.gz
[2026-03-09] 频道: 153 | 数据源: https://github.com/plsy1/epg/raw/refs/heads/main/e/seven-days.xml.gz
[2026-03-10] 频道: 153 | 数据源: https://github.com/plsy1/epg/raw/refs/heads/main/e/seven-days.xml.gz
[2026-03-11] 频道: 153 | 数据源: https://github.com/plsy1/epg/raw/refs/heads/main/e/seven-days.xml.gz
[2026-03-12] 频道: 153 | 数据源: https://github.com/plsy1/epg/raw/refs/heads/main/e/seven-days.xml.gz
[2026-03-13] 频道: 153 | 数据源: https://github.com/plsy1/epg/raw/refs/heads/main/e/seven-days.xml.gz
[2026-03-14] 频道: 153 | 数据源: https://github.com/plsy1/epg/raw/refs/heads/main/e/seven-days.xml.gz
[2026-03-15] 频道: 153 | 数据源: https://github.com/plsy1/epg/raw/refs/heads/main/e/seven-days.xml.gz
[2026-03-07] 频道: 154 | 数据源: https://github.com/plsy1/epg/raw/refs/heads/main/e/seven-days.xml.gz
[2026-03-08] 频道: 154 | 数据源: https://github.com/plsy1/epg/raw/refs/heads/main/e/seven-days.xml.gz
[2026-03-09] 频道: 154 | 数据源: https://github.com/plsy1/epg/raw/refs/heads/main/e/seven-days.xml.gz
[2026-03-10] 频道: 154 | 数据源: https://github.com/plsy1/epg/raw/refs/heads/main/e/seven-days.xml.gz
[2026-03-11] 频道: 154 | 数据源: https://github.com/plsy1/epg/raw/refs/heads/main/e/seven-days.xml.gz
[2026-03-12] 频道: 154 | 数据源: https://github.com/plsy1/epg/raw/refs/heads/main/e/seven-days.xml.gz
[2026-03-13] 频道: 154 | 数据源: https://github.com/plsy1/epg/raw/refs/heads/main/e/seven-days.xml.gz
[2026-03-14] 频道: 154 | 数据源: https://github.com/plsy1/epg/raw/refs/heads/main/e/seven-days.xml.gz
[2026-03-15] 频道: 154 | 数据源: https://github.com/plsy1/epg/raw/refs/heads/main/e/seven-days.xml.gz
[2026-03-16] 频道: 154 | 数据源: https://github.com/litiande03/epg/raw/refs/heads/master/pl.xml.gz
[2026-03-17] 频道: 154 | 数据源: https://github.com/zzzz0317/beijing-unicom-iptv-playlist/raw/refs/heads/main/epg.xml
[2026-03-07] 频道: 155 | 数据源: https://github.com/plsy1/epg/raw/refs/heads/main/e/seven-days.xml.gz
[2026-03-08] 频道: 155 | 数据源: https://github.com/plsy1/epg/raw/refs/heads/main/e/seven-days.xml.gz
[2026-03-09] 频道: 155 | 数据源: https://github.com/plsy1/epg/raw/refs/heads/main/e/seven-days.xml.gz
[2026-03-10] 频道: 155 | 数据源: https://github.com/plsy1/epg/raw/refs/heads/main/e/seven-days.xml.gz
[2026-03-11] 频道: 155 | 数据源: https://github.com/plsy1/epg/raw/refs/heads/main/e/seven-days.xml.gz
[2026-03-12] 频道: 155 | 数据源: https://github.com/plsy1/epg/raw/refs/heads/main/e/seven-days.xml.gz
[2026-03-13] 频道: 155 | 数据源: https://github.com/plsy1/epg/raw/refs/heads/main/e/seven-days.xml.gz
[2026-03-14] 频道: 155 | 数据源: https://github.com/plsy1/epg/raw/refs/heads/main/e/seven-days.xml.gz
[2026-03-15] 频道: 155 | 数据源: https://github.com/plsy1/epg/raw/refs/heads/main/e/seven-days.xml.gz
[2026-03-16] 频道: 155 | 数据源: https://github.com/litiande03/epg/raw/refs/heads/master/pl.xml.gz
[2026-03-17] 频道: 155 | 数据源: https://github.com/zzzz0317/beijing-unicom-iptv-playlist/raw/refs/heads/main/epg.xml
[2026-03-07] 频道: 156 | 数据源: https://github.com/plsy1/epg/raw/refs/heads/main/e/seven-days.xml.gz
[2026-03-08] 频道: 156 | 数据源: http://e.erw.cc/all.xml.gz
[2026-03-09] 频道: 156 | 数据源: https://github.com/plsy1/epg/raw/refs/heads/main/e/seven-days.xml.gz
[2026-03-10] 频道: 156 | 数据源: https://github.com/plsy1/epg/raw/refs/heads/main/e/seven-days.xml.gz
[2026-03-11] 频道: 156 | 数据源: https://github.com/plsy1/epg/raw/refs/heads/main/e/seven-days.xml.gz
[2026-03-12] 频道: 156 | 数据源: https://github.com/plsy1/epg/raw/refs/heads/main/e/seven-days.xml.gz
[2026-03-13] 频道: 156 | 数据源: https://github.com/plsy1/epg/raw/refs/heads/main/e/seven-days.xml.gz
[2026-03-14] 频道: 156 | 数据源: https://github.com/plsy1/epg/raw/refs/heads/main/e/seven-days.xml.gz
[2026-03-15] 频道: 156 | 数据源: https://github.com/plsy1/epg/raw/refs/heads/main/e/seven-days.xml.gz
[2026-03-16] 频道: 156 | 数据源: https://github.com/zzzz0317/beijing-unicom-iptv-playlist/raw/refs/heads/main/epg.xml
[2026-03-17] 频道: 156 | 数据源: https://github.com/zzzz0317/beijing-unicom-iptv-playlist/raw/refs/heads/main/epg.xml
[2026-03-07] 频道: 157 | 数据源: https://github.com/plsy1/epg/raw/refs/heads/main/e/seven-days.xml.gz
[2026-03-08] 频道: 157 | 数据源: https://github.com/plsy1/epg/raw/refs/heads/main/e/seven-days.xml.gz
[2026-03-09] 频道: 157 | 数据源: https://github.com/plsy1/epg/raw/refs/heads/main/e/seven-days.xml.gz
[2026-03-10] 频道: 157 | 数据源: https://github.com/plsy1/epg/raw/refs/heads/main/e/seven-days.xml.gz
[2026-03-11] 频道: 157 | 数据源: https://github.com/plsy1/epg/raw/refs/heads/main/e/seven-days.xml.gz
[2026-03-12] 频道: 157 | 数据源: https://github.com/plsy1/epg/raw/refs/heads/main/e/seven-days.xml.gz
[2026-03-13] 频道: 157 | 数据源: https://github.com/plsy1/epg/raw/refs/heads/main/e/seven-days.xml.gz
[2026-03-14] 频道: 157 | 数据源: https://github.com/plsy1/epg/raw/refs/heads/main/e/seven-days.xml.gz
[2026-03-15] 频道: 157 | 数据源: https://github.com/plsy1/epg/raw/refs/heads/main/e/seven-days.xml.gz
[2026-03-07] 频道: 158 | 数据源: https://github.com/plsy1/epg/raw/refs/heads/main/e/seven-days.xml.gz
[2026-03-08] 频道: 158 | 数据源: https://github.com/plsy1/epg/raw/refs/heads/main/e/seven-days.xml.gz
[2026-03-09] 频道: 158 | 数据源: https://github.com/plsy1/epg/raw/refs/heads/main/e/seven-days.xml.gz
[2026-03-10] 频道: 158 | 数据源: https://github.com/plsy1/epg/raw/refs/heads/main/e/seven-days.xml.gz
[2026-03-11] 频道: 158 | 数据源: https://github.com/plsy1/epg/raw/refs/heads/main/e/seven-days.xml.gz
[2026-03-12] 频道: 158 | 数据源: https://github.com/plsy1/epg/raw/refs/heads/main/e/seven-days.xml.gz
[2026-03-13] 频道: 158 | 数据源: https://github.com/plsy1/epg/raw/refs/heads/main/e/seven-days.xml.gz
[2026-03-14] 频道: 158 | 数据源: https://github.com/plsy1/epg/raw/refs/heads/main/e/seven-days.xml.gz
[2026-03-15] 频道: 158 | 数据源: https://github.com/plsy1/epg/raw/refs/heads/main/e/seven-days.xml.gz
[2026-03-16] 频道: 158 | 数据源: https://github.com/litiande03/epg/raw/refs/heads/master/pl.xml.gz
[2026-03-17] 频道: 158 | 数据源: https://github.com/zzzz0317/beijing-unicom-iptv-playlist/raw/refs/heads/main/epg.xml
[2026-03-07] 频道: 159 | 数据源: https://github.com/plsy1/epg/raw/refs/heads/main/e/seven-days.xml.gz
[2026-03-08] 频道: 159 | 数据源: https://github.com/plsy1/epg/raw/refs/heads/main/e/seven-days.xml.gz
[2026-03-09] 频道: 159 | 数据源: https://github.com/mytv-android/SCTV_EPG/raw/refs/heads/main/epg.xml
[2026-03-10] 频道: 159 | 数据源: http://e.erw.cc/all.xml.gz
[2026-03-11] 频道: 159 | 数据源: https://github.com/mytv-android/SCTV_EPG/raw/refs/heads/main/epg.xml
[2026-03-12] 频道: 159 | 数据源: https://github.com/mytv-android/SCTV_EPG/raw/refs/heads/main/epg.xml
[2026-03-13] 频道: 159 | 数据源: https://github.com/mytv-android/SCTV_EPG/raw/refs/heads/main/epg.xml
[2026-03-14] 频道: 159 | 数据源: https://github.com/mytv-android/SCTV_EPG/raw/refs/heads/main/epg.xml
[2026-03-15] 频道: 159 | 数据源: https://github.com/plsy1/epg/raw/refs/heads/main/e/seven-days.xml.gz
[2026-03-16] 频道: 159 | 数据源: https://github.com/litiande03/epg/raw/refs/heads/master/pl.xml.gz
[2026-03-17] 频道: 159 | 数据源: https://github.com/litiande03/epg/raw/refs/heads/master/pl.xml.gz
[2026-03-07] 频道: 160 | 数据源: https://github.com/plsy1/epg/raw/refs/heads/main/e/seven-days.xml.gz
[2026-03-08] 频道: 160 | 数据源: https://github.com/plsy1/epg/raw/refs/heads/main/e/seven-days.xml.gz
[2026-03-09] 频道: 160 | 数据源: https://github.com/plsy1/epg/raw/refs/heads/main/e/seven-days.xml.gz
[2026-03-10] 频道: 160 | 数据源: https://github.com/plsy1/epg/raw/refs/heads/main/e/seven-days.xml.gz
[2026-03-11] 频道: 160 | 数据源: http://e.erw.cc/all.xml.gz
[2026-03-12] 频道: 160 | 数据源: https://github.com/plsy1/epg/raw/refs/heads/main/e/seven-days.xml.gz
[2026-03-13] 频道: 160 | 数据源: https://github.com/plsy1/epg/raw/refs/heads/main/e/seven-days.xml.gz
[2026-03-14] 频道: 160 | 数据源: https://github.com/plsy1/epg/raw/refs/heads/main/e/seven-days.xml.gz
[2026-03-15] 频道: 160 | 数据源: https://github.com/plsy1/epg/raw/refs/heads/main/e/seven-days.xml.gz
[2026-03-07] 频道: 161 | 数据源: https://github.com/plsy1/epg/raw/refs/heads/main/e/seven-days.xml.gz
[2026-03-08] 频道: 161 | 数据源: https://github.com/plsy1/epg/raw/refs/heads/main/e/seven-days.xml.gz
[2026-03-09] 频道: 161 | 数据源: https://github.com/plsy1/epg/raw/refs/heads/main/e/seven-days.xml.gz
[2026-03-10] 频道: 161 | 数据源: https://github.com/plsy1/epg/raw/refs/heads/main/e/seven-days.xml.gz
[2026-03-11] 频道: 161 | 数据源: https://github.com/plsy1/epg/raw/refs/heads/main/e/seven-days.xml.gz
[2026-03-12] 频道: 161 | 数据源: https://github.com/plsy1/epg/raw/refs/heads/main/e/seven-days.xml.gz
[2026-03-13] 频道: 161 | 数据源: https://github.com/plsy1/epg/raw/refs/heads/main/e/seven-days.xml.gz
[2026-03-14] 频道: 161 | 数据源: https://github.com/plsy1/epg/raw/refs/heads/main/e/seven-days.xml.gz
[2026-03-15] 频道: 161 | 数据源: https://github.com/plsy1/epg/raw/refs/heads/main/e/seven-days.xml.gz
[2026-03-16] 频道: 161 | 数据源: https://github.com/zzzz0317/beijing-unicom-iptv-playlist/raw/refs/heads/main/epg.xml
[2026-03-17] 频道: 161 | 数据源: https://github.com/zzzz0317/beijing-unicom-iptv-playlist/raw/refs/heads/main/epg.xml
[2026-03-07] 频道: 162 | 数据源: https://github.com/plsy1/epg/raw/refs/heads/main/e/seven-days.xml.gz
[2026-03-08] 频道: 162 | 数据源: https://github.com/mytv-android/SCTV_EPG/raw/refs/heads/main/epg.xml
[2026-03-09] 频道: 162 | 数据源: https://github.com/mytv-android/SCTV_EPG/raw/refs/heads/main/epg.xml
[2026-03-10] 频道: 162 | 数据源: https://github.com/mytv-android/SCTV_EPG/raw/refs/heads/main/epg.xml
[2026-03-11] 频道: 162 | 数据源: https://epg.136605.xyz/9days.xml
[2026-03-12] 频道: 162 | 数据源: https://epg.136605.xyz/9days.xml
[2026-03-13] 频道: 162 | 数据源: https://epg.136605.xyz/9days.xml
[2026-03-14] 频道: 162 | 数据源: https://epg.136605.xyz/9days.xml
[2026-03-15] 频道: 162 | 数据源: https://epg.deny.vip/sh/tel-epg.xml
[2026-03-16] 频道: 162 | 数据源: https://epg.136605.xyz/9days.xml
[2026-03-17] 频道: 162 | 数据源: https://epg.136605.xyz/9days.xml
[2026-03-07] 频道: 163 | 数据源: https://github.com/plsy1/epg/raw/refs/heads/main/e/seven-days.xml.gz
[2026-03-08] 频道: 163 | 数据源: https://github.com/zzzz0317/beijing-unicom-iptv-playlist/raw/refs/heads/main/epg.xml
[2026-03-09] 频道: 163 | 数据源: https://github.com/zzzz0317/beijing-unicom-iptv-playlist/raw/refs/heads/main/epg.xml
[2026-03-10] 频道: 163 | 数据源: https://github.com/zzzz0317/beijing-unicom-iptv-playlist/raw/refs/heads/main/epg.xml
[2026-03-11] 频道: 163 | 数据源: https://github.com/zzzz0317/beijing-unicom-iptv-playlist/raw/refs/heads/main/epg.xml
[2026-03-12] 频道: 163 | 数据源: https://github.com/zzzz0317/beijing-unicom-iptv-playlist/raw/refs/heads/main/epg.xml
[2026-03-13] 频道: 163 | 数据源: https://github.com/zzzz0317/beijing-unicom-iptv-playlist/raw/refs/heads/main/epg.xml
[2026-03-14] 频道: 163 | 数据源: https://epg.deny.vip/sh/tel-epg.xml
[2026-03-15] 频道: 163 | 数据源: https://epg.deny.vip/sh/tel-epg.xml
[2026-03-16] 频道: 163 | 数据源: https://github.com/zzzz0317/beijing-unicom-iptv-playlist/raw/refs/heads/main/epg.xml
[2026-03-17] 频道: 163 | 数据源: https://github.com/zzzz0317/beijing-unicom-iptv-playlist/raw/refs/heads/main/epg.xml
[2026-03-07] 频道: 164 | 数据源: https://github.com/plsy1/epg/raw/refs/heads/main/e/seven-days.xml.gz
[2026-03-08] 频道: 164 | 数据源: https://github.com/plsy1/epg/raw/refs/heads/main/e/seven-days.xml.gz
[2026-03-09] 频道: 164 | 数据源: https://github.com/plsy1/epg/raw/refs/heads/main/e/seven-days.xml.gz
[2026-03-10] 频道: 164 | 数据源: https://github.com/plsy1/epg/raw/refs/heads/main/e/seven-days.xml.gz
[2026-03-11] 频道: 164 | 数据源: https://github.com/plsy1/epg/raw/refs/heads/main/e/seven-days.xml.gz
[2026-03-12] 频道: 164 | 数据源: https://github.com/plsy1/epg/raw/refs/heads/main/e/seven-days.xml.gz
[2026-03-13] 频道: 164 | 数据源: https://github.com/plsy1/epg/raw/refs/heads/main/e/seven-days.xml.gz
[2026-03-14] 频道: 164 | 数据源: https://github.com/plsy1/epg/raw/refs/heads/main/e/seven-days.xml.gz
[2026-03-15] 频道: 164 | 数据源: https://github.com/plsy1/epg/raw/refs/heads/main/e/seven-days.xml.gz
[2026-03-16] 频道: 164 | 数据源: https://github.com/zzzz0317/beijing-unicom-iptv-playlist/raw/refs/heads/main/epg.xml
[2026-03-17] 频道: 164 | 数据源: https://github.com/zzzz0317/beijing-unicom-iptv-playlist/raw/refs/heads/main/epg.xml
[2026-03-07] 频道: 165 | 数据源: https://github.com/plsy1/epg/raw/refs/heads/main/e/seven-days.xml.gz
[2026-03-08] 频道: 165 | 数据源: https://github.com/plsy1/epg/raw/refs/heads/main/e/seven-days.xml.gz
[2026-03-09] 频道: 165 | 数据源: https://github.com/plsy1/epg/raw/refs/heads/main/e/seven-days.xml.gz
[2026-03-10] 频道: 165 | 数据源: https://github.com/plsy1/epg/raw/refs/heads/main/e/seven-days.xml.gz
[2026-03-11] 频道: 165 | 数据源: https://github.com/plsy1/epg/raw/refs/heads/main/e/seven-days.xml.gz
[2026-03-12] 频道: 165 | 数据源: https://github.com/plsy1/epg/raw/refs/heads/main/e/seven-days.xml.gz
[2026-03-13] 频道: 165 | 数据源: https://github.com/plsy1/epg/raw/refs/heads/main/e/seven-days.xml.gz
[2026-03-14] 频道: 165 | 数据源: https://github.com/plsy1/epg/raw/refs/heads/main/e/seven-days.xml.gz
[2026-03-15] 频道: 165 | 数据源: https://github.com/plsy1/epg/raw/refs/heads/main/e/seven-days.xml.gz
[2026-03-16] 频道: 165 | 数据源: https://github.com/litiande03/epg/raw/refs/heads/master/pl.xml.gz
[2026-03-17] 频道: 165 | 数据源: https://github.com/litiande03/epg/raw/refs/heads/master/pl.xml.gz
[2026-03-07] 频道: 166 | 数据源: https://github.com/plsy1/epg/raw/refs/heads/main/e/seven-days.xml.gz
[2026-03-08] 频道: 166 | 数据源: https://github.com/plsy1/epg/raw/refs/heads/main/e/seven-days.xml.gz
[2026-03-09] 频道: 166 | 数据源: https://github.com/plsy1/epg/raw/refs/heads/main/e/seven-days.xml.gz
[2026-03-10] 频道: 166 | 数据源: https://github.com/plsy1/epg/raw/refs/heads/main/e/seven-days.xml.gz
[2026-03-11] 频道: 166 | 数据源: https://github.com/plsy1/epg/raw/refs/heads/main/e/seven-days.xml.gz
[2026-03-12] 频道: 166 | 数据源: https://github.com/plsy1/epg/raw/refs/heads/main/e/seven-days.xml.gz
[2026-03-13] 频道: 166 | 数据源: https://github.com/plsy1/epg/raw/refs/heads/main/e/seven-days.xml.gz
[2026-03-14] 频道: 166 | 数据源: https://github.com/plsy1/epg/raw/refs/heads/main/e/seven-days.xml.gz
[2026-03-15] 频道: 166 | 数据源: https://github.com/plsy1/epg/raw/refs/heads/main/e/seven-days.xml.gz
[2026-03-16] 频道: 166 | 数据源: https://github.com/zzzz0317/beijing-unicom-iptv-playlist/raw/refs/heads/main/epg.xml
[2026-03-17] 频道: 166 | 数据源: https://github.com/zzzz0317/beijing-unicom-iptv-playlist/raw/refs/heads/main/epg.xml
[2026-03-07] 频道: 167 | 数据源: https://github.com/plsy1/epg/raw/refs/heads/main/e/seven-days.xml.gz
[2026-03-08] 频道: 167 | 数据源: https://github.com/plsy1/epg/raw/refs/heads/main/e/seven-days.xml.gz
[2026-03-09] 频道: 167 | 数据源: https://github.com/plsy1/epg/raw/refs/heads/main/e/seven-days.xml.gz
[2026-03-10] 频道: 167 | 数据源: https://github.com/plsy1/epg/raw/refs/heads/main/e/seven-days.xml.gz
[2026-03-11] 频道: 167 | 数据源: https://github.com/plsy1/epg/raw/refs/heads/main/e/seven-days.xml.gz
[2026-03-12] 频道: 167 | 数据源: https://github.com/plsy1/epg/raw/refs/heads/main/e/seven-days.xml.gz
[2026-03-13] 频道: 167 | 数据源: https://github.com/plsy1/epg/raw/refs/heads/main/e/seven-days.xml.gz
[2026-03-14] 频道: 167 | 数据源: https://github.com/plsy1/epg/raw/refs/heads/main/e/seven-days.xml.gz
[2026-03-15] 频道: 167 | 数据源: https://github.com/plsy1/epg/raw/refs/heads/main/e/seven-days.xml.gz
[2026-03-16] 频道: 167 | 数据源: https://github.com/litiande03/epg/raw/refs/heads/master/pl.xml.gz
[2026-03-07] 频道: 168 | 数据源: https://github.com/mytv-android/SCTV_EPG/raw/refs/heads/main/epg.xml
[2026-03-08] 频道: 168 | 数据源: https://github.com/mytv-android/SCTV_EPG/raw/refs/heads/main/epg.xml
[2026-03-09] 频道: 168 | 数据源: http://e.erw.cc/all.xml.gz
[2026-03-10] 频道: 168 | 数据源: https://epg.136605.xyz/9days.xml
[2026-03-11] 频道: 168 | 数据源: https://epg.136605.xyz/9days.xml
[2026-03-12] 频道: 168 | 数据源: https://epg.136605.xyz/9days.xml
[2026-03-13] 频道: 168 | 数据源: https://epg.136605.xyz/9days.xml
[2026-03-14] 频道: 168 | 数据源: https://epg.136605.xyz/9days.xml
[2026-03-15] 频道: 168 | 数据源: https://github.com/mytv-android/SCTV_EPG/raw/refs/heads/main/epg.xml
[2026-03-16] 频道: 168 | 数据源: https://epg.136605.xyz/9days.xml
[2026-03-07] 频道: 169 | 数据源: https://github.com/zzzz0317/beijing-unicom-iptv-playlist/raw/refs/heads/main/epg.xml
[2026-03-08] 频道: 169 | 数据源: https://github.com/zzzz0317/beijing-unicom-iptv-playlist/raw/refs/heads/main/epg.xml
[2026-03-09] 频道: 169 | 数据源: https://github.com/zzzz0317/beijing-unicom-iptv-playlist/raw/refs/heads/main/epg.xml
[2026-03-10] 频道: 169 | 数据源: https://github.com/zzzz0317/beijing-unicom-iptv-playlist/raw/refs/heads/main/epg.xml
[2026-03-11] 频道: 169 | 数据源: https://github.com/zzzz0317/beijing-unicom-iptv-playlist/raw/refs/heads/main/epg.xml
[2026-03-12] 频道: 169 | 数据源: https://github.com/zzzz0317/beijing-unicom-iptv-playlist/raw/refs/heads/main/epg.xml
[2026-03-13] 频道: 169 | 数据源: https://github.com/plsy1/epg/raw/refs/heads/main/e/seven-days.xml.gz
[2026-03-14] 频道: 169 | 数据源: https://github.com/plsy1/epg/raw/refs/heads/main/e/seven-days.xml.gz
[2026-03-15] 频道: 169 | 数据源: https://github.com/plsy1/epg/raw/refs/heads/main/e/seven-days.xml.gz
[2026-03-16] 频道: 169 | 数据源: https://github.com/zzzz0317/beijing-unicom-iptv-playlist/raw/refs/heads/main/epg.xml
[2026-03-17] 频道: 169 | 数据源: https://github.com/zzzz0317/beijing-unicom-iptv-playlist/raw/refs/heads/main/epg.xml
[2026-03-07] 频道: 170 | 数据源: https://github.com/zzzz0317/beijing-unicom-iptv-playlist/raw/refs/heads/main/epg.xml
[2026-03-08] 频道: 170 | 数据源: https://github.com/zzzz0317/beijing-unicom-iptv-playlist/raw/refs/heads/main/epg.xml
[2026-03-09] 频道: 170 | 数据源: https://github.com/zzzz0317/beijing-unicom-iptv-playlist/raw/refs/heads/main/epg.xml
[2026-03-10] 频道: 170 | 数据源: https://github.com/zzzz0317/beijing-unicom-iptv-playlist/raw/refs/heads/main/epg.xml
[2026-03-11] 频道: 170 | 数据源: https://github.com/zzzz0317/beijing-unicom-iptv-playlist/raw/refs/heads/main/epg.xml
[2026-03-12] 频道: 170 | 数据源: https://github.com/zzzz0317/beijing-unicom-iptv-playlist/raw/refs/heads/main/epg.xml
[2026-03-13] 频道: 170 | 数据源: https://github.com/zzzz0317/beijing-unicom-iptv-playlist/raw/refs/heads/main/epg.xml
[2026-03-14] 频道: 170 | 数据源: https://github.com/zzzz0317/beijing-unicom-iptv-playlist/raw/refs/heads/main/epg.xml
[2026-03-15] 频道: 170 | 数据源: https://github.com/zzzz0317/beijing-unicom-iptv-playlist/raw/refs/heads/main/epg.xml
[2026-03-16] 频道: 170 | 数据源: https://github.com/zzzz0317/beijing-unicom-iptv-playlist/raw/refs/heads/main/epg.xml
[2026-03-17] 频道: 170 | 数据源: https://github.com/zzzz0317/beijing-unicom-iptv-playlist/raw/refs/heads/main/epg.xml
[2026-03-07] 频道: 171 | 数据源: https://github.com/plsy1/epg/raw/refs/heads/main/e/seven-days.xml.gz
[2026-03-08] 频道: 171 | 数据源: https://github.com/plsy1/epg/raw/refs/heads/main/e/seven-days.xml.gz
[2026-03-09] 频道: 171 | 数据源: https://github.com/plsy1/epg/raw/refs/heads/main/e/seven-days.xml.gz
[2026-03-10] 频道: 171 | 数据源: https://github.com/plsy1/epg/raw/refs/heads/main/e/seven-days.xml.gz
[2026-03-11] 频道: 171 | 数据源: https://github.com/plsy1/epg/raw/refs/heads/main/e/seven-days.xml.gz
[2026-03-12] 频道: 171 | 数据源: https://github.com/plsy1/epg/raw/refs/heads/main/e/seven-days.xml.gz
[2026-03-13] 频道: 171 | 数据源: https://github.com/plsy1/epg/raw/refs/heads/main/e/seven-days.xml.gz
[2026-03-14] 频道: 171 | 数据源: https://epg.deny.vip/sh/tel-epg.xml
[2026-03-15] 频道: 171 | 数据源: https://epg.deny.vip/sh/tel-epg.xml
[2026-03-16] 频道: 171 | 数据源: https://epg.136605.xyz/9days.xml
[2026-03-07] 频道: 172 | 数据源: https://github.com/zzzz0317/beijing-unicom-iptv-playlist/raw/refs/heads/main/epg.xml
[2026-03-08] 频道: 172 | 数据源: http://e.erw.cc/all.xml.gz
[2026-03-09] 频道: 172 | 数据源: http://e.erw.cc/all.xml.gz
[2026-03-10] 频道: 172 | 数据源: http://e.erw.cc/all.xml.gz
[2026-03-11] 频道: 172 | 数据源: http://e.erw.cc/all.xml.gz
[2026-03-12] 频道: 172 | 数据源: http://e.erw.cc/all.xml.gz
[2026-03-13] 频道: 172 | 数据源: https://github.com/zzzz0317/beijing-unicom-iptv-playlist/raw/refs/heads/main/epg.xml
[2026-03-14] 频道: 172 | 数据源: http://e.erw.cc/all.xml.gz
[2026-03-15] 频道: 172 | 数据源: http://epg.51zmt.top:8000/e1.xml.gz
[2026-03-16] 频道: 172 | 数据源: https://github.com/zzzz0317/beijing-unicom-iptv-playlist/raw/refs/heads/main/epg.xml
[2026-03-17] 频道: 172 | 数据源: https://github.com/zzzz0317/beijing-unicom-iptv-playlist/raw/refs/heads/main/epg.xml
[2026-03-08] 频道: 173 | 数据源: http://e.erw.cc/all.xml.gz
[2026-03-09] 频道: 173 | 数据源: http://e.erw.cc/all.xml.gz
[2026-03-10] 频道: 173 | 数据源: http://e.erw.cc/all.xml.gz
[2026-03-11] 频道: 173 | 数据源: http://e.erw.cc/all.xml.gz
[2026-03-12] 频道: 173 | 数据源: http://e.erw.cc/all.xml.gz
[2026-03-13] 频道: 173 | 数据源: http://e.erw.cc/all.xml.gz
[2026-03-14] 频道: 173 | 数据源: https://epg.deny.vip/sh/tel-epg.xml
[2026-03-15] 频道: 173 | 数据源: https://epg.deny.vip/sh/tel-epg.xml
[2026-03-16] 频道: 173 | 数据源: https://github.com/litiande03/epg/raw/refs/heads/master/pl.xml.gz
[2026-03-17] 频道: 173 | 数据源: https://github.com/litiande03/epg/raw/refs/heads/master/pl.xml.gz
[2026-03-07] 频道: 174 | 数据源: https://github.com/zzzz0317/beijing-unicom-iptv-playlist/raw/refs/heads/main/epg.xml
[2026-03-08] 频道: 174 | 数据源: https://github.com/zzzz0317/beijing-unicom-iptv-playlist/raw/refs/heads/main/epg.xml
[2026-03-09] 频道: 174 | 数据源: https://github.com/zzzz0317/beijing-unicom-iptv-playlist/raw/refs/heads/main/epg.xml
[2026-03-10] 频道: 174 | 数据源: http://e.erw.cc/all.xml.gz
[2026-03-11] 频道: 174 | 数据源: http://e.erw.cc/all.xml.gz
[2026-03-12] 频道: 174 | 数据源: http://e.erw.cc/all.xml.gz
[2026-03-13] 频道: 174 | 数据源: http://e.erw.cc/all.xml.gz
[2026-03-14] 频道: 174 | 数据源: http://e.erw.cc/all.xml.gz
[2026-03-15] 频道: 174 | 数据源: https://epg.deny.vip/sh/tel-epg.xml
[2026-03-16] 频道: 174 | 数据源: https://github.com/zzzz0317/beijing-unicom-iptv-playlist/raw/refs/heads/main/epg.xml
[2026-03-17] 频道: 174 | 数据源: https://github.com/zzzz0317/beijing-unicom-iptv-playlist/raw/refs/heads/main/epg.xml
[2026-03-08] 频道: 175 | 数据源: http://e.erw.cc/all.xml.gz
[2026-03-09] 频道: 175 | 数据源: http://e.erw.cc/all.xml.gz
[2026-03-10] 频道: 175 | 数据源: http://e.erw.cc/all.xml.gz
[2026-03-11] 频道: 175 | 数据源: http://e.erw.cc/all.xml.gz
[2026-03-12] 频道: 175 | 数据源: http://e.erw.cc/all.xml.gz
[2026-03-13] 频道: 175 | 数据源: http://e.erw.cc/all.xml.gz
[2026-03-14] 频道: 175 | 数据源: https://epg.deny.vip/sh/tel-epg.xml
[2026-03-15] 频道: 175 | 数据源: https://epg.deny.vip/sh/tel-epg.xml
[2026-03-08] 频道: 176 | 数据源: http://e.erw.cc/all.xml.gz
[2026-03-09] 频道: 176 | 数据源: http://e.erw.cc/all.xml.gz
[2026-03-10] 频道: 176 | 数据源: http://e.erw.cc/all.xml.gz
[2026-03-11] 频道: 176 | 数据源: http://e.erw.cc/all.xml.gz
[2026-03-12] 频道: 176 | 数据源: http://e.erw.cc/all.xml.gz
[2026-03-13] 频道: 176 | 数据源: http://e.erw.cc/all.xml.gz
[2026-03-14] 频道: 176 | 数据源: https://epg.deny.vip/sh/tel-epg.xml
[2026-03-15] 频道: 176 | 数据源: https://epg.deny.vip/sh/tel-epg.xml
[2026-03-16] 频道: 176 | 数据源: https://epg.136605.xyz/9days.xml
[2026-03-08] 频道: 177 | 数据源: https://epg.136605.xyz/9days.xml
[2026-03-09] 频道: 177 | 数据源: https://epg.136605.xyz/9days.xml
[2026-03-10] 频道: 177 | 数据源: https://epg.136605.xyz/9days.xml
[2026-03-11] 频道: 177 | 数据源: https://epg.136605.xyz/9days.xml
[2026-03-12] 频道: 177 | 数据源: https://epg.136605.xyz/9days.xml
[2026-03-13] 频道: 177 | 数据源: https://epg.136605.xyz/9days.xml
[2026-03-14] 频道: 177 | 数据源: https://epg.deny.vip/sh/tel-epg.xml
[2026-03-15] 频道: 177 | 数据源: https://epg.deny.vip/sh/tel-epg.xml
[2026-03-16] 频道: 177 | 数据源: https://epg.136605.xyz/9days.xml
[2026-03-08] 频道: 178 | 数据源: http://e.erw.cc/all.xml.gz
[2026-03-09] 频道: 178 | 数据源: http://e.erw.cc/all.xml.gz
[2026-03-10] 频道: 178 | 数据源: http://e.erw.cc/all.xml.gz
[2026-03-11] 频道: 178 | 数据源: http://e.erw.cc/all.xml.gz
[2026-03-12] 频道: 178 | 数据源: http://e.erw.cc/all.xml.gz
[2026-03-13] 频道: 178 | 数据源: http://e.erw.cc/all.xml.gz
[2026-03-14] 频道: 178 | 数据源: https://epg.deny.vip/sh/tel-epg.xml
[2026-03-15] 频道: 178 | 数据源: https://epg.deny.vip/sh/tel-epg.xml
[2026-03-16] 频道: 178 | 数据源: https://epg.136605.xyz/9days.xml
[2026-03-08] 频道: 179 | 数据源: http://e.erw.cc/all.xml.gz
[2026-03-09] 频道: 179 | 数据源: http://e.erw.cc/all.xml.gz
[2026-03-10] 频道: 179 | 数据源: http://e.erw.cc/all.xml.gz
[2026-03-11] 频道: 179 | 数据源: http://e.erw.cc/all.xml.gz
[2026-03-12] 频道: 179 | 数据源: http://e.erw.cc/all.xml.gz
[2026-03-13] 频道: 179 | 数据源: http://e.erw.cc/all.xml.gz
[2026-03-14] 频道: 179 | 数据源: https://epg.deny.vip/sh/tel-epg.xml
[2026-03-15] 频道: 179 | 数据源: https://epg.deny.vip/sh/tel-epg.xml
[2026-03-16] 频道: 179 | 数据源: https://epg.136605.xyz/9days.xml
[2026-03-07] 频道: 180 | 数据源: https://github.com/plsy1/epg/raw/refs/heads/main/e/seven-days.xml.gz
[2026-03-08] 频道: 180 | 数据源: https://github.com/plsy1/epg/raw/refs/heads/main/e/seven-days.xml.gz
[2026-03-09] 频道: 180 | 数据源: https://github.com/plsy1/epg/raw/refs/heads/main/e/seven-days.xml.gz
[2026-03-10] 频道: 180 | 数据源: https://github.com/plsy1/epg/raw/refs/heads/main/e/seven-days.xml.gz
[2026-03-11] 频道: 180 | 数据源: https://github.com/plsy1/epg/raw/refs/heads/main/e/seven-days.xml.gz
[2026-03-12] 频道: 180 | 数据源: https://github.com/plsy1/epg/raw/refs/heads/main/e/seven-days.xml.gz
[2026-03-13] 频道: 180 | 数据源: https://github.com/plsy1/epg/raw/refs/heads/main/e/seven-days.xml.gz
[2026-03-14] 频道: 180 | 数据源: https://epg.deny.vip/sh/tel-epg.xml
[2026-03-15] 频道: 180 | 数据源: https://epg.deny.vip/sh/tel-epg.xml
[2026-03-07] 频道: 181 | 数据源: https://github.com/plsy1/epg/raw/refs/heads/main/e/seven-days.xml.gz
[2026-03-08] 频道: 181 | 数据源: https://github.com/plsy1/epg/raw/refs/heads/main/e/seven-days.xml.gz
[2026-03-09] 频道: 181 | 数据源: https://github.com/plsy1/epg/raw/refs/heads/main/e/seven-days.xml.gz
[2026-03-10] 频道: 181 | 数据源: https://github.com/plsy1/epg/raw/refs/heads/main/e/seven-days.xml.gz
[2026-03-11] 频道: 181 | 数据源: https://github.com/plsy1/epg/raw/refs/heads/main/e/seven-days.xml.gz
[2026-03-12] 频道: 181 | 数据源: https://github.com/plsy1/epg/raw/refs/heads/main/e/seven-days.xml.gz
[2026-03-13] 频道: 181 | 数据源: https://github.com/plsy1/epg/raw/refs/heads/main/e/seven-days.xml.gz
[2026-03-14] 频道: 181 | 数据源: https://epg.deny.vip/sh/tel-epg.xml
[2026-03-15] 频道: 181 | 数据源: https://epg.deny.vip/sh/tel-epg.xml
[2026-03-08] 频道: 182 | 数据源: http://e.erw.cc/all.xml.gz
[2026-03-09] 频道: 182 | 数据源: http://e.erw.cc/all.xml.gz
[2026-03-10] 频道: 182 | 数据源: http://e.erw.cc/all.xml.gz
[2026-03-11] 频道: 182 | 数据源: http://e.erw.cc/all.xml.gz
[2026-03-12] 频道: 182 | 数据源: http://e.erw.cc/all.xml.gz
[2026-03-13] 频道: 182 | 数据源: https://epg.deny.vip/sh/tel-epg.xml
[2026-03-14] 频道: 182 | 数据源: https://epg.deny.vip/sh/tel-epg.xml
[2026-03-15] 频道: 182 | 数据源: https://epg.deny.vip/sh/tel-epg.xml
[2026-03-07] 频道: 183 | 数据源: https://github.com/plsy1/epg/raw/refs/heads/main/e/seven-days.xml.gz
[2026-03-08] 频道: 183 | 数据源: https://github.com/plsy1/epg/raw/refs/heads/main/e/seven-days.xml.gz
[2026-03-09] 频道: 183 | 数据源: https://github.com/plsy1/epg/raw/refs/heads/main/e/seven-days.xml.gz
[2026-03-10] 频道: 183 | 数据源: https://github.com/plsy1/epg/raw/refs/heads/main/e/seven-days.xml.gz
[2026-03-11] 频道: 183 | 数据源: https://github.com/plsy1/epg/raw/refs/heads/main/e/seven-days.xml.gz
[2026-03-12] 频道: 183 | 数据源: https://github.com/plsy1/epg/raw/refs/heads/main/e/seven-days.xml.gz
[2026-03-13] 频道: 183 | 数据源: https://github.com/plsy1/epg/raw/refs/heads/main/e/seven-days.xml.gz
[2026-03-14] 频道: 183 | 数据源: https://github.com/plsy1/epg/raw/refs/heads/main/e/seven-days.xml.gz
[2026-03-15] 频道: 183 | 数据源: https://github.com/mytv-android/SCTV_EPG/raw/refs/heads/main/epg.xml
[2026-03-07] 频道: 184 | 数据源: https://github.com/plsy1/epg/raw/refs/heads/main/e/seven-days.xml.gz
[2026-03-08] 频道: 184 | 数据源: https://github.com/plsy1/epg/raw/refs/heads/main/e/seven-days.xml.gz
[2026-03-09] 频道: 184 | 数据源: https://github.com/plsy1/epg/raw/refs/heads/main/e/seven-days.xml.gz
[2026-03-10] 频道: 184 | 数据源: https://github.com/plsy1/epg/raw/refs/heads/main/e/seven-days.xml.gz
[2026-03-11] 频道: 184 | 数据源: https://github.com/plsy1/epg/raw/refs/heads/main/e/seven-days.xml.gz
[2026-03-12] 频道: 184 | 数据源: https://github.com/plsy1/epg/raw/refs/heads/main/e/seven-days.xml.gz
[2026-03-13] 频道: 184 | 数据源: https://github.com/plsy1/epg/raw/refs/heads/main/e/seven-days.xml.gz
[2026-03-14] 频道: 184 | 数据源: https://github.com/plsy1/epg/raw/refs/heads/main/e/seven-days.xml.gz
[2026-03-15] 频道: 184 | 数据源: https://github.com/mytv-android/SCTV_EPG/raw/refs/heads/main/epg.xml
[2026-03-08] 频道: 185 | 数据源: http://e.erw.cc/all.xml.gz
[2026-03-09] 频道: 185 | 数据源: http://e.erw.cc/all.xml.gz
[2026-03-10] 频道: 185 | 数据源: http://e.erw.cc/all.xml.gz
[2026-03-11] 频道: 185 | 数据源: http://e.erw.cc/all.xml.gz
[2026-03-12] 频道: 185 | 数据源: http://e.erw.cc/all.xml.gz
[2026-03-13] 频道: 185 | 数据源: http://e.erw.cc/all.xml.gz
[2026-03-14] 频道: 185 | 数据源: http://e.erw.cc/all.xml.gz
[2026-03-15] 频道: 185 | 数据源: https://epg.136605.xyz/9days.xml
[2026-03-08] 频道: 186 | 数据源: http://e.erw.cc/all.xml.gz
[2026-03-09] 频道: 186 | 数据源: http://e.erw.cc/all.xml.gz
[2026-03-10] 频道: 186 | 数据源: http://e.erw.cc/all.xml.gz
[2026-03-11] 频道: 186 | 数据源: http://e.erw.cc/all.xml.gz
[2026-03-12] 频道: 186 | 数据源: http://e.erw.cc/all.xml.gz
[2026-03-13] 频道: 186 | 数据源: http://e.erw.cc/all.xml.gz
[2026-03-14] 频道: 186 | 数据源: http://e.erw.cc/all.xml.gz
[2026-03-15] 频道: 186 | 数据源: https://epg.136605.xyz/9days.xml
[2026-03-16] 频道: 186 | 数据源: https://epg.136605.xyz/9days.xml
[2026-03-08] 频道: 187 | 数据源: http://e.erw.cc/all.xml.gz
[2026-03-09] 频道: 187 | 数据源: http://e.erw.cc/all.xml.gz
[2026-03-10] 频道: 187 | 数据源: http://e.erw.cc/all.xml.gz
[2026-03-11] 频道: 187 | 数据源: http://e.erw.cc/all.xml.gz
[2026-03-12] 频道: 187 | 数据源: http://e.erw.cc/all.xml.gz
[2026-03-13] 频道: 187 | 数据源: http://e.erw.cc/all.xml.gz
[2026-03-14] 频道: 187 | 数据源: http://epg.51zmt.top:8000/e1.xml.gz
[2026-03-15] 频道: 187 | 数据源: http://epg.51zmt.top:8000/e1.xml.gz
[2026-03-16] 频道: 187 | 数据源: https://epg.136605.xyz/9days.xml
[2026-03-08] 频道: 188 | 数据源: http://e.erw.cc/all.xml.gz
[2026-03-09] 频道: 188 | 数据源: http://e.erw.cc/all.xml.gz
[2026-03-10] 频道: 188 | 数据源: http://e.erw.cc/all.xml.gz
[2026-03-11] 频道: 188 | 数据源: http://e.erw.cc/all.xml.gz
[2026-03-12] 频道: 188 | 数据源: http://e.erw.cc/all.xml.gz
[2026-03-13] 频道: 188 | 数据源: http://e.erw.cc/all.xml.gz
[2026-03-14] 频道: 188 | 数据源: https://epg.deny.vip/sh/tel-epg.xml
[2026-03-15] 频道: 188 | 数据源: http://epg.51zmt.top:8000/e1.xml.gz
[2026-03-16] 频道: 188 | 数据源: https://epg.136605.xyz/9days.xml
[2026-03-06] 频道: 189 | 数据源: https://github.com/plsy1/epg/raw/refs/heads/main/e/seven-days.xml.gz
[2026-03-07] 频道: 189 | 数据源: https://github.com/plsy1/epg/raw/refs/heads/main/e/seven-days.xml.gz
[2026-03-08] 频道: 189 | 数据源: https://github.com/litiande03/epg/raw/refs/heads/master/pl.xml.gz
[2026-03-09] 频道: 189 | 数据源: https://github.com/litiande03/epg/raw/refs/heads/master/pl.xml.gz
[2026-03-10] 频道: 189 | 数据源: https://github.com/litiande03/epg/raw/refs/heads/master/pl.xml.gz
[2026-03-11] 频道: 189 | 数据源: https://github.com/litiande03/epg/raw/refs/heads/master/pl.xml.gz
[2026-03-12] 频道: 189 | 数据源: https://github.com/litiande03/epg/raw/refs/heads/master/pl.xml.gz
[2026-03-13] 频道: 189 | 数据源: https://github.com/litiande03/epg/raw/refs/heads/master/pl.xml.gz
[2026-03-14] 频道: 189 | 数据源: https://github.com/litiande03/epg/raw/refs/heads/master/pl.xml.gz
[2026-03-15] 频道: 189 | 数据源: https://github.com/litiande03/epg/raw/refs/heads/master/pl.xml.gz
[2026-03-16] 频道: 189 | 数据源: https://github.com/litiande03/epg/raw/refs/heads/master/pl.xml.gz
[2026-03-17] 频道: 189 | 数据源: https://github.com/litiande03/epg/raw/refs/heads/master/pl.xml.gz
[2026-03-07] 频道: 190 | 数据源: https://github.com/plsy1/epg/raw/refs/heads/main/e/seven-days.xml.gz
[2026-03-08] 频道: 190 | 数据源: https://github.com/plsy1/epg/raw/refs/heads/main/e/seven-days.xml.gz
[2026-03-09] 频道: 190 | 数据源: https://github.com/plsy1/epg/raw/refs/heads/main/e/seven-days.xml.gz
[2026-03-10] 频道: 190 | 数据源: https://github.com/plsy1/epg/raw/refs/heads/main/e/seven-days.xml.gz
[2026-03-11] 频道: 190 | 数据源: https://github.com/plsy1/epg/raw/refs/heads/main/e/seven-days.xml.gz
[2026-03-12] 频道: 190 | 数据源: https://github.com/plsy1/epg/raw/refs/heads/main/e/seven-days.xml.gz
[2026-03-13] 频道: 190 | 数据源: https://github.com/plsy1/epg/raw/refs/heads/main/e/seven-days.xml.gz
[2026-03-14] 频道: 190 | 数据源: https://github.com/plsy1/epg/raw/refs/heads/main/e/seven-days.xml.gz
[2026-03-15] 频道: 190 | 数据源: https://github.com/plsy1/epg/raw/refs/heads/main/e/seven-days.xml.gz
[2026-03-16] 频道: 190 | 数据源: https://epg.136605.xyz/9days.xml
[2026-03-17] 频道: 190 | 数据源: https://github.com/litiande03/epg/raw/refs/heads/master/pl.xml.gz
[2026-03-07] 频道: 191 | 数据源: https://github.com/plsy1/epg/raw/refs/heads/main/e/seven-days.xml.gz
[2026-03-08] 频道: 191 | 数据源: https://github.com/plsy1/epg/raw/refs/heads/main/e/seven-days.xml.gz
[2026-03-09] 频道: 191 | 数据源: https://github.com/plsy1/epg/raw/refs/heads/main/e/seven-days.xml.gz
[2026-03-10] 频道: 191 | 数据源: https://github.com/plsy1/epg/raw/refs/heads/main/e/seven-days.xml.gz
[2026-03-11] 频道: 191 | 数据源: https://github.com/plsy1/epg/raw/refs/heads/main/e/seven-days.xml.gz
[2026-03-12] 频道: 191 | 数据源: https://github.com/plsy1/epg/raw/refs/heads/main/e/seven-days.xml.gz
[2026-03-13] 频道: 191 | 数据源: https://github.com/plsy1/epg/raw/refs/heads/main/e/seven-days.xml.gz
[2026-03-14] 频道: 191 | 数据源: https://github.com/plsy1/epg/raw/refs/heads/main/e/seven-days.xml.gz
[2026-03-15] 频道: 191 | 数据源: https://github.com/plsy1/epg/raw/refs/heads/main/e/seven-days.xml.gz
[2026-03-16] 频道: 191 | 数据源: https://epg.136605.xyz/9days.xml
[2026-03-07] 频道: 192 | 数据源: https://github.com/plsy1/epg/raw/refs/heads/main/e/seven-days.xml.gz
[2026-03-08] 频道: 192 | 数据源: https://github.com/plsy1/epg/raw/refs/heads/main/e/seven-days.xml.gz
[2026-03-09] 频道: 192 | 数据源: https://github.com/plsy1/epg/raw/refs/heads/main/e/seven-days.xml.gz
[2026-03-10] 频道: 192 | 数据源: https://github.com/plsy1/epg/raw/refs/heads/main/e/seven-days.xml.gz
[2026-03-11] 频道: 192 | 数据源: https://github.com/plsy1/epg/raw/refs/heads/main/e/seven-days.xml.gz
[2026-03-12] 频道: 192 | 数据源: https://github.com/plsy1/epg/raw/refs/heads/main/e/seven-days.xml.gz
[2026-03-13] 频道: 192 | 数据源: https://github.com/plsy1/epg/raw/refs/heads/main/e/seven-days.xml.gz
[2026-03-14] 频道: 192 | 数据源: https://github.com/plsy1/epg/raw/refs/heads/main/e/seven-days.xml.gz
[2026-03-15] 频道: 192 | 数据源: https://github.com/plsy1/epg/raw/refs/heads/main/e/seven-days.xml.gz
[2026-03-06] 频道: 193 | 数据源: https://github.com/plsy1/epg/raw/refs/heads/main/e/seven-days.xml.gz
[2026-03-07] 频道: 193 | 数据源: https://github.com/plsy1/epg/raw/refs/heads/main/e/seven-days.xml.gz
[2026-03-08] 频道: 193 | 数据源: https://github.com/plsy1/epg/raw/refs/heads/main/e/seven-days.xml.gz
[2026-03-09] 频道: 193 | 数据源: http://e.erw.cc/all.xml.gz
[2026-03-10] 频道: 193 | 数据源: https://github.com/plsy1/epg/raw/refs/heads/main/e/seven-days.xml.gz
[2026-03-11] 频道: 193 | 数据源: https://github.com/plsy1/epg/raw/refs/heads/main/e/seven-days.xml.gz
[2026-03-12] 频道: 193 | 数据源: https://github.com/plsy1/epg/raw/refs/heads/main/e/seven-days.xml.gz
[2026-03-13] 频道: 193 | 数据源: http://e.erw.cc/all.xml.gz
[2026-03-14] 频道: 193 | 数据源: https://github.com/plsy1/epg/raw/refs/heads/main/e/seven-days.xml.gz
[2026-03-15] 频道: 193 | 数据源: https://github.com/plsy1/epg/raw/refs/heads/main/e/seven-days.xml.gz
[2026-03-16] 频道: 193 | 数据源: https://epg.136605.xyz/9days.xml
[2026-03-07] 频道: 194 | 数据源: https://github.com/plsy1/epg/raw/refs/heads/main/e/seven-days.xml.gz
[2026-03-08] 频道: 194 | 数据源: http://e.erw.cc/all.xml.gz
[2026-03-09] 频道: 194 | 数据源: http://e.erw.cc/all.xml.gz
[2026-03-10] 频道: 194 | 数据源: https://github.com/plsy1/epg/raw/refs/heads/main/e/seven-days.xml.gz
[2026-03-11] 频道: 194 | 数据源: https://github.com/plsy1/epg/raw/refs/heads/main/e/seven-days.xml.gz
[2026-03-12] 频道: 194 | 数据源: https://github.com/plsy1/epg/raw/refs/heads/main/e/seven-days.xml.gz
[2026-03-13] 频道: 194 | 数据源: https://github.com/plsy1/epg/raw/refs/heads/main/e/seven-days.xml.gz
[2026-03-14] 频道: 194 | 数据源: http://e.erw.cc/all.xml.gz
[2026-03-15] 频道: 194 | 数据源: https://github.com/plsy1/epg/raw/refs/heads/main/e/seven-days.xml.gz
[2026-03-16] 频道: 194 | 数据源: https://epg.136605.xyz/9days.xml
[2026-03-07] 频道: 195 | 数据源: https://github.com/plsy1/epg/raw/refs/heads/main/e/seven-days.xml.gz
[2026-03-08] 频道: 195 | 数据源: https://github.com/plsy1/epg/raw/refs/heads/main/e/seven-days.xml.gz
[2026-03-09] 频道: 195 | 数据源: https://github.com/plsy1/epg/raw/refs/heads/main/e/seven-days.xml.gz
[2026-03-10] 频道: 195 | 数据源: https://github.com/plsy1/epg/raw/refs/heads/main/e/seven-days.xml.gz
[2026-03-11] 频道: 195 | 数据源: https://github.com/plsy1/epg/raw/refs/heads/main/e/seven-days.xml.gz
[2026-03-12] 频道: 195 | 数据源: https://epg.136605.xyz/9days.xml
[2026-03-13] 频道: 195 | 数据源: http://e.erw.cc/all.xml.gz
[2026-03-14] 频道: 195 | 数据源: https://epg.deny.vip/sh/tel-epg.xml
[2026-03-15] 频道: 195 | 数据源: https://epg.deny.vip/sh/tel-epg.xml
[2026-03-16] 频道: 195 | 数据源: https://epg.deny.vip/sh/tel-epg.xml
[2026-03-06] 频道: 196 | 数据源: https://github.com/plsy1/epg/raw/refs/heads/main/e/seven-days.xml.gz
[2026-03-07] 频道: 196 | 数据源: https://github.com/plsy1/epg/raw/refs/heads/main/e/seven-days.xml.gz
[2026-03-08] 频道: 196 | 数据源: http://e.erw.cc/all.xml.gz
[2026-03-09] 频道: 196 | 数据源: http://e.erw.cc/all.xml.gz
[2026-03-10] 频道: 196 | 数据源: http://e.erw.cc/all.xml.gz
[2026-03-11] 频道: 196 | 数据源: http://e.erw.cc/all.xml.gz
[2026-03-12] 频道: 196 | 数据源: http://e.erw.cc/all.xml.gz
[2026-03-13] 频道: 196 | 数据源: http://e.erw.cc/all.xml.gz
[2026-03-14] 频道: 196 | 数据源: http://e.erw.cc/all.xml.gz
[2026-03-15] 频道: 196 | 数据源: https://github.com/plsy1/epg/raw/refs/heads/main/e/seven-days.xml.gz
[2026-03-16] 频道: 196 | 数据源: https://epg.136605.xyz/9days.xml
[2026-03-07] 频道: 197 | 数据源: https://github.com/plsy1/epg/raw/refs/heads/main/e/seven-days.xml.gz
[2026-03-08] 频道: 197 | 数据源: http://e.erw.cc/all.xml.gz
[2026-03-09] 频道: 197 | 数据源: http://e.erw.cc/all.xml.gz
[2026-03-10] 频道: 197 | 数据源: http://e.erw.cc/all.xml.gz
[2026-03-11] 频道: 197 | 数据源: http://e.erw.cc/all.xml.gz
[2026-03-12] 频道: 197 | 数据源: http://e.erw.cc/all.xml.gz
[2026-03-13] 频道: 197 | 数据源: http://e.erw.cc/all.xml.gz
[2026-03-14] 频道: 197 | 数据源: http://e.erw.cc/all.xml.gz
[2026-03-15] 频道: 197 | 数据源: https://epg.deny.vip/sh/tel-epg.xml
[2026-03-07] 频道: 198 | 数据源: https://github.com/plsy1/epg/raw/refs/heads/main/e/seven-days.xml.gz
[2026-03-08] 频道: 198 | 数据源: http://e.erw.cc/all.xml.gz
[2026-03-09] 频道: 198 | 数据源: https://github.com/plsy1/epg/raw/refs/heads/main/e/seven-days.xml.gz
[2026-03-10] 频道: 198 | 数据源: https://github.com/plsy1/epg/raw/refs/heads/main/e/seven-days.xml.gz
[2026-03-11] 频道: 198 | 数据源: https://github.com/plsy1/epg/raw/refs/heads/main/e/seven-days.xml.gz
[2026-03-12] 频道: 198 | 数据源: https://github.com/plsy1/epg/raw/refs/heads/main/e/seven-days.xml.gz
[2026-03-13] 频道: 198 | 数据源: https://github.com/plsy1/epg/raw/refs/heads/main/e/seven-days.xml.gz
[2026-03-14] 频道: 198 | 数据源: https://epg.deny.vip/sh/tel-epg.xml
[2026-03-15] 频道: 198 | 数据源: https://epg.deny.vip/sh/tel-epg.xml
[2026-03-16] 频道: 198 | 数据源: https://epg.deny.vip/sh/tel-epg.xml
[2026-03-08] 频道: 199 | 数据源: http://e.erw.cc/all.xml.gz
[2026-03-09] 频道: 199 | 数据源: http://e.erw.cc/all.xml.gz
[2026-03-10] 频道: 199 | 数据源: http://e.erw.cc/all.xml.gz
[2026-03-11] 频道: 199 | 数据源: http://e.erw.cc/all.xml.gz
[2026-03-12] 频道: 199 | 数据源: http://e.erw.cc/all.xml.gz
[2026-03-13] 频道: 199 | 数据源: http://e.erw.cc/all.xml.gz
[2026-03-14] 频道: 199 | 数据源: http://e.erw.cc/all.xml.gz
[2026-03-15] 频道: 199 | 数据源: https://epg.136605.xyz/9days.xml
[2026-03-06] 频道: 200 | 数据源: https://github.com/plsy1/epg/raw/refs/heads/main/e/seven-days.xml.gz
[2026-03-07] 频道: 200 | 数据源: https://github.com/plsy1/epg/raw/refs/heads/main/e/seven-days.xml.gz
[2026-03-08] 频道: 200 | 数据源: https://github.com/plsy1/epg/raw/refs/heads/main/e/seven-days.xml.gz
[2026-03-09] 频道: 200 | 数据源: https://github.com/plsy1/epg/raw/refs/heads/main/e/seven-days.xml.gz
[2026-03-10] 频道: 200 | 数据源: https://github.com/plsy1/epg/raw/refs/heads/main/e/seven-days.xml.gz
[2026-03-11] 频道: 200 | 数据源: https://github.com/plsy1/epg/raw/refs/heads/main/e/seven-days.xml.gz
[2026-03-12] 频道: 200 | 数据源: https://github.com/plsy1/epg/raw/refs/heads/main/e/seven-days.xml.gz
[2026-03-13] 频道: 200 | 数据源: https://github.com/plsy1/epg/raw/refs/heads/main/e/seven-days.xml.gz
[2026-03-14] 频道: 200 | 数据源: https://github.com/plsy1/epg/raw/refs/heads/main/e/seven-days.xml.gz
[2026-03-15] 频道: 200 | 数据源: https://github.com/plsy1/epg/raw/refs/heads/main/e/seven-days.xml.gz
[2026-03-16] 频道: 200 | 数据源: https://epg.136605.xyz/9days.xml
[2026-03-07] 频道: 201 | 数据源: https://github.com/zzzz0317/beijing-unicom-iptv-playlist/raw/refs/heads/main/epg.xml
[2026-03-08] 频道: 201 | 数据源: https://epg.136605.xyz/9days.xml
[2026-03-09] 频道: 201 | 数据源: https://epg.136605.xyz/9days.xml
[2026-03-10] 频道: 201 | 数据源: https://epg.136605.xyz/9days.xml
[2026-03-11] 频道: 201 | 数据源: https://epg.136605.xyz/9days.xml
[2026-03-12] 频道: 201 | 数据源: https://epg.136605.xyz/9days.xml
[2026-03-13] 频道: 201 | 数据源: https://epg.136605.xyz/9days.xml
[2026-03-14] 频道: 201 | 数据源: https://epg.136605.xyz/9days.xml
[2026-03-15] 频道: 201 | 数据源: https://epg.136605.xyz/9days.xml
[2026-03-16] 频道: 201 | 数据源: https://epg.136605.xyz/9days.xml
[2026-03-07] 频道: 202 | 数据源: https://github.com/zzzz0317/beijing-unicom-iptv-playlist/raw/refs/heads/main/epg.xml
[2026-03-08] 频道: 202 | 数据源: https://github.com/zzzz0317/beijing-unicom-iptv-playlist/raw/refs/heads/main/epg.xml
[2026-03-09] 频道: 202 | 数据源: https://github.com/zzzz0317/beijing-unicom-iptv-playlist/raw/refs/heads/main/epg.xml
[2026-03-10] 频道: 202 | 数据源: https://github.com/zzzz0317/beijing-unicom-iptv-playlist/raw/refs/heads/main/epg.xml
[2026-03-11] 频道: 202 | 数据源: https://github.com/zzzz0317/beijing-unicom-iptv-playlist/raw/refs/heads/main/epg.xml
[2026-03-12] 频道: 202 | 数据源: https://github.com/zzzz0317/beijing-unicom-iptv-playlist/raw/refs/heads/main/epg.xml
[2026-03-13] 频道: 202 | 数据源: https://github.com/zzzz0317/beijing-unicom-iptv-playlist/raw/refs/heads/main/epg.xml
[2026-03-14] 频道: 202 | 数据源: https://github.com/zzzz0317/beijing-unicom-iptv-playlist/raw/refs/heads/main/epg.xml
[2026-03-15] 频道: 202 | 数据源: https://github.com/zzzz0317/beijing-unicom-iptv-playlist/raw/refs/heads/main/epg.xml
[2026-03-16] 频道: 202 | 数据源: https://github.com/zzzz0317/beijing-unicom-iptv-playlist/raw/refs/heads/main/epg.xml
[2026-03-17] 频道: 202 | 数据源: https://epg.136605.xyz/9days.xml
[2026-03-07] 频道: 203 | 数据源: https://github.com/zzzz0317/beijing-unicom-iptv-playlist/raw/refs/heads/main/epg.xml
[2026-03-08] 频道: 203 | 数据源: http://e.erw.cc/all.xml.gz
[2026-03-09] 频道: 203 | 数据源: http://e.erw.cc/all.xml.gz
[2026-03-10] 频道: 203 | 数据源: http://e.erw.cc/all.xml.gz
[2026-03-11] 频道: 203 | 数据源: http://e.erw.cc/all.xml.gz
[2026-03-12] 频道: 203 | 数据源: http://e.erw.cc/all.xml.gz
[2026-03-13] 频道: 203 | 数据源: http://e.erw.cc/all.xml.gz
[2026-03-14] 频道: 203 | 数据源: http://e.erw.cc/all.xml.gz
[2026-03-15] 频道: 203 | 数据源: http://epg.51zmt.top:8000/e1.xml.gz
[2026-03-16] 频道: 203 | 数据源: https://github.com/zzzz0317/beijing-unicom-iptv-playlist/raw/refs/heads/main/epg.xml
[2026-03-17] 频道: 203 | 数据源: https://epg.136605.xyz/9days.xml
[2026-03-07] 频道: 204 | 数据源: https://github.com/zzzz0317/beijing-unicom-iptv-playlist/raw/refs/heads/main/epg.xml
[2026-03-08] 频道: 204 | 数据源: https://github.com/zzzz0317/beijing-unicom-iptv-playlist/raw/refs/heads/main/epg.xml
[2026-03-09] 频道: 204 | 数据源: https://github.com/zzzz0317/beijing-unicom-iptv-playlist/raw/refs/heads/main/epg.xml
[2026-03-10] 频道: 204 | 数据源: https://github.com/zzzz0317/beijing-unicom-iptv-playlist/raw/refs/heads/main/epg.xml
[2026-03-11] 频道: 204 | 数据源: https://github.com/zzzz0317/beijing-unicom-iptv-playlist/raw/refs/heads/main/epg.xml
[2026-03-12] 频道: 204 | 数据源: https://github.com/zzzz0317/beijing-unicom-iptv-playlist/raw/refs/heads/main/epg.xml
[2026-03-13] 频道: 204 | 数据源: https://github.com/zzzz0317/beijing-unicom-iptv-playlist/raw/refs/heads/main/epg.xml
[2026-03-14] 频道: 204 | 数据源: https://github.com/zzzz0317/beijing-unicom-iptv-playlist/raw/refs/heads/main/epg.xml
[2026-03-15] 频道: 204 | 数据源: https://github.com/zzzz0317/beijing-unicom-iptv-playlist/raw/refs/heads/main/epg.xml
[2026-03-16] 频道: 204 | 数据源: https://github.com/zzzz0317/beijing-unicom-iptv-playlist/raw/refs/heads/main/epg.xml
[2026-03-07] 频道: 205 | 数据源: https://github.com/zzzz0317/beijing-unicom-iptv-playlist/raw/refs/heads/main/epg.xml
[2026-03-08] 频道: 205 | 数据源: http://e.erw.cc/all.xml.gz
[2026-03-09] 频道: 205 | 数据源: http://e.erw.cc/all.xml.gz
[2026-03-10] 频道: 205 | 数据源: http://e.erw.cc/all.xml.gz
[2026-03-11] 频道: 205 | 数据源: http://e.erw.cc/all.xml.gz
[2026-03-12] 频道: 205 | 数据源: http://e.erw.cc/all.xml.gz
[2026-03-13] 频道: 205 | 数据源: http://e.erw.cc/all.xml.gz
[2026-03-14] 频道: 205 | 数据源: http://e.erw.cc/all.xml.gz
[2026-03-15] 频道: 205 | 数据源: https://epg.136605.xyz/9days.xml
[2026-03-16] 频道: 205 | 数据源: https://epg.136605.xyz/9days.xml
[2026-03-17] 频道: 205 | 数据源: https://epg.136605.xyz/9days.xml
[2026-03-07] 频道: 206 | 数据源: https://github.com/zzzz0317/beijing-unicom-iptv-playlist/raw/refs/heads/main/epg.xml
[2026-03-08] 频道: 206 | 数据源: http://e.erw.cc/all.xml.gz
[2026-03-09] 频道: 206 | 数据源: http://e.erw.cc/all.xml.gz
[2026-03-10] 频道: 206 | 数据源: http://e.erw.cc/all.xml.gz
[2026-03-11] 频道: 206 | 数据源: https://github.com/zzzz0317/beijing-unicom-iptv-playlist/raw/refs/heads/main/epg.xml
[2026-03-12] 频道: 206 | 数据源: http://e.erw.cc/all.xml.gz
[2026-03-13] 频道: 206 | 数据源: http://e.erw.cc/all.xml.gz
[2026-03-14] 频道: 206 | 数据源: http://e.erw.cc/all.xml.gz
[2026-03-15] 频道: 206 | 数据源: https://github.com/zzzz0317/beijing-unicom-iptv-playlist/raw/refs/heads/main/epg.xml
[2026-03-16] 频道: 206 | 数据源: https://github.com/zzzz0317/beijing-unicom-iptv-playlist/raw/refs/heads/main/epg.xml
[2026-03-17] 频道: 206 | 数据源: https://epg.136605.xyz/9days.xml
[2026-03-07] 频道: 207 | 数据源: https://github.com/zzzz0317/beijing-unicom-iptv-playlist/raw/refs/heads/main/epg.xml
[2026-03-08] 频道: 207 | 数据源: http://e.erw.cc/all.xml.gz
[2026-03-09] 频道: 207 | 数据源: http://e.erw.cc/all.xml.gz
[2026-03-10] 频道: 207 | 数据源: http://e.erw.cc/all.xml.gz
[2026-03-11] 频道: 207 | 数据源: http://e.erw.cc/all.xml.gz
[2026-03-12] 频道: 207 | 数据源: http://e.erw.cc/all.xml.gz
[2026-03-13] 频道: 207 | 数据源: http://e.erw.cc/all.xml.gz
[2026-03-14] 频道: 207 | 数据源: http://e.erw.cc/all.xml.gz
[2026-03-15] 频道: 207 | 数据源: https://epg.136605.xyz/9days.xml
[2026-03-16] 频道: 207 | 数据源: https://epg.136605.xyz/9days.xml
[2026-03-17] 频道: 207 | 数据源: https://epg.136605.xyz/9days.xml
[2026-03-06] 频道: 208 | 数据源: https://github.com/plsy1/epg/raw/refs/heads/main/e/seven-days.xml.gz
[2026-03-07] 频道: 208 | 数据源: https://github.com/zzzz0317/beijing-unicom-iptv-playlist/raw/refs/heads/main/epg.xml
[2026-03-08] 频道: 208 | 数据源: https://github.com/plsy1/epg/raw/refs/heads/main/e/seven-days.xml.gz
[2026-03-09] 频道: 208 | 数据源: https://github.com/plsy1/epg/raw/refs/heads/main/e/seven-days.xml.gz
[2026-03-10] 频道: 208 | 数据源: https://github.com/zzzz0317/beijing-unicom-iptv-playlist/raw/refs/heads/main/epg.xml
[2026-03-11] 频道: 208 | 数据源: https://github.com/zzzz0317/beijing-unicom-iptv-playlist/raw/refs/heads/main/epg.xml
[2026-03-12] 频道: 208 | 数据源: https://github.com/zzzz0317/beijing-unicom-iptv-playlist/raw/refs/heads/main/epg.xml
[2026-03-13] 频道: 208 | 数据源: https://github.com/zzzz0317/beijing-unicom-iptv-playlist/raw/refs/heads/main/epg.xml
[2026-03-14] 频道: 208 | 数据源: https://github.com/zzzz0317/beijing-unicom-iptv-playlist/raw/refs/heads/main/epg.xml
[2026-03-15] 频道: 208 | 数据源: https://github.com/zzzz0317/beijing-unicom-iptv-playlist/raw/refs/heads/main/epg.xml
[2026-03-16] 频道: 208 | 数据源: https://github.com/zzzz0317/beijing-unicom-iptv-playlist/raw/refs/heads/main/epg.xml
[2026-03-17] 频道: 208 | 数据源: https://epg.136605.xyz/9days.xml
[2026-03-07] 频道: 209 | 数据源: https://github.com/zzzz0317/beijing-unicom-iptv-playlist/raw/refs/heads/main/epg.xml
[2026-03-08] 频道: 209 | 数据源: http://e.erw.cc/all.xml.gz
[2026-03-09] 频道: 209 | 数据源: http://e.erw.cc/all.xml.gz
[2026-03-10] 频道: 209 | 数据源: http://e.erw.cc/all.xml.gz
[2026-03-11] 频道: 209 | 数据源: http://e.erw.cc/all.xml.gz
[2026-03-12] 频道: 209 | 数据源: http://e.erw.cc/all.xml.gz
[2026-03-13] 频道: 209 | 数据源: http://e.erw.cc/all.xml.gz
[2026-03-14] 频道: 209 | 数据源: https://epg.deny.vip/sh/tel-epg.xml
[2026-03-15] 频道: 209 | 数据源: https://epg.deny.vip/sh/tel-epg.xml
[2026-03-16] 频道: 209 | 数据源: https://epg.deny.vip/sh/tel-epg.xml
[2026-03-17] 频道: 209 | 数据源: https://epg.136605.xyz/9days.xml
[2026-03-08] 频道: 210 | 数据源: https://epg.136605.xyz/9days.xml
[2026-03-09] 频道: 210 | 数据源: https://epg.136605.xyz/9days.xml
[2026-03-10] 频道: 210 | 数据源: https://epg.136605.xyz/9days.xml
[2026-03-11] 频道: 210 | 数据源: https://epg.136605.xyz/9days.xml
[2026-03-12] 频道: 210 | 数据源: https://epg.136605.xyz/9days.xml
[2026-03-13] 频道: 210 | 数据源: https://epg.136605.xyz/9days.xml
[2026-03-14] 频道: 210 | 数据源: https://epg.136605.xyz/9days.xml
[2026-03-15] 频道: 210 | 数据源: https://epg.136605.xyz/9days.xml
[2026-03-16] 频道: 210 | 数据源: https://epg.136605.xyz/9days.xml
[2026-03-08] 频道: 211 | 数据源: http://e.erw.cc/all.xml.gz
[2026-03-09] 频道: 211 | 数据源: http://e.erw.cc/all.xml.gz
[2026-03-10] 频道: 211 | 数据源: http://e.erw.cc/all.xml.gz
[2026-03-11] 频道: 211 | 数据源: http://e.erw.cc/all.xml.gz
[2026-03-12] 频道: 211 | 数据源: http://e.erw.cc/all.xml.gz
[2026-03-13] 频道: 211 | 数据源: http://e.erw.cc/all.xml.gz
[2026-03-14] 频道: 211 | 数据源: http://epg.51zmt.top:8000/e1.xml.gz
[2026-03-15] 频道: 211 | 数据源: http://epg.51zmt.top:8000/e1.xml.gz
[2026-03-08] 频道: 212 | 数据源: http://e.erw.cc/all.xml.gz
[2026-03-09] 频道: 212 | 数据源: http://e.erw.cc/all.xml.gz
[2026-03-10] 频道: 212 | 数据源: http://e.erw.cc/all.xml.gz
[2026-03-11] 频道: 212 | 数据源: http://e.erw.cc/all.xml.gz
[2026-03-12] 频道: 212 | 数据源: http://e.erw.cc/all.xml.gz
[2026-03-13] 频道: 212 | 数据源: http://e.erw.cc/all.xml.gz
[2026-03-14] 频道: 212 | 数据源: http://epg.51zmt.top:8000/e1.xml.gz
[2026-03-15] 频道: 212 | 数据源: http://epg.51zmt.top:8000/e1.xml.gz
[2026-03-08] 频道: 213 | 数据源: http://e.erw.cc/all.xml.gz
[2026-03-09] 频道: 213 | 数据源: http://e.erw.cc/all.xml.gz
[2026-03-10] 频道: 213 | 数据源: http://e.erw.cc/all.xml.gz
[2026-03-11] 频道: 213 | 数据源: http://e.erw.cc/all.xml.gz
[2026-03-12] 频道: 213 | 数据源: http://e.erw.cc/all.xml.gz
[2026-03-13] 频道: 213 | 数据源: http://e.erw.cc/all.xml.gz
[2026-03-14] 频道: 213 | 数据源: http://e.erw.cc/all.xml.gz
[2026-03-08] 频道: 214 | 数据源: http://e.erw.cc/all.xml.gz
[2026-03-09] 频道: 214 | 数据源: http://e.erw.cc/all.xml.gz
[2026-03-10] 频道: 214 | 数据源: http://e.erw.cc/all.xml.gz
[2026-03-11] 频道: 214 | 数据源: http://e.erw.cc/all.xml.gz
[2026-03-12] 频道: 214 | 数据源: http://e.erw.cc/all.xml.gz
[2026-03-13] 频道: 214 | 数据源: http://e.erw.cc/all.xml.gz
[2026-03-14] 频道: 214 | 数据源: http://e.erw.cc/all.xml.gz
[2026-03-08] 频道: 215 | 数据源: http://e.erw.cc/all.xml.gz
[2026-03-09] 频道: 215 | 数据源: http://e.erw.cc/all.xml.gz
[2026-03-10] 频道: 215 | 数据源: http://e.erw.cc/all.xml.gz
[2026-03-11] 频道: 215 | 数据源: http://e.erw.cc/all.xml.gz
[2026-03-12] 频道: 215 | 数据源: http://e.erw.cc/all.xml.gz
[2026-03-13] 频道: 215 | 数据源: http://e.erw.cc/all.xml.gz
[2026-03-14] 频道: 215 | 数据源: http://e.erw.cc/all.xml.gz
[2026-03-08] 频道: 216 | 数据源: http://e.erw.cc/all.xml.gz
[2026-03-09] 频道: 216 | 数据源: http://e.erw.cc/all.xml.gz
[2026-03-10] 频道: 216 | 数据源: http://e.erw.cc/all.xml.gz
[2026-03-11] 频道: 216 | 数据源: http://e.erw.cc/all.xml.gz
[2026-03-12] 频道: 216 | 数据源: http://e.erw.cc/all.xml.gz
[2026-03-13] 频道: 216 | 数据源: http://e.erw.cc/all.xml.gz
[2026-03-14] 频道: 216 | 数据源: http://e.erw.cc/all.xml.gz
[2026-03-08] 频道: 217 | 数据源: http://e.erw.cc/all.xml.gz
[2026-03-09] 频道: 217 | 数据源: http://e.erw.cc/all.xml.gz
[2026-03-10] 频道: 217 | 数据源: http://e.erw.cc/all.xml.gz
[2026-03-11] 频道: 217 | 数据源: http://e.erw.cc/all.xml.gz
[2026-03-12] 频道: 217 | 数据源: http://e.erw.cc/all.xml.gz
[2026-03-13] 频道: 217 | 数据源: http://e.erw.cc/all.xml.gz
[2026-03-14] 频道: 217 | 数据源: http://e.erw.cc/all.xml.gz
[2026-03-08] 频道: 218 | 数据源: http://e.erw.cc/all.xml.gz
[2026-03-09] 频道: 218 | 数据源: http://e.erw.cc/all.xml.gz
[2026-03-10] 频道: 218 | 数据源: http://e.erw.cc/all.xml.gz
[2026-03-11] 频道: 218 | 数据源: http://e.erw.cc/all.xml.gz
[2026-03-12] 频道: 218 | 数据源: http://e.erw.cc/all.xml.gz
[2026-03-13] 频道: 218 | 数据源: http://e.erw.cc/all.xml.gz
[2026-03-14] 频道: 218 | 数据源: http://e.erw.cc/all.xml.gz
[2026-03-08] 频道: 219 | 数据源: http://e.erw.cc/all.xml.gz
[2026-03-09] 频道: 219 | 数据源: http://e.erw.cc/all.xml.gz
[2026-03-10] 频道: 219 | 数据源: http://e.erw.cc/all.xml.gz
[2026-03-11] 频道: 219 | 数据源: http://e.erw.cc/all.xml.gz
[2026-03-12] 频道: 219 | 数据源: http://e.erw.cc/all.xml.gz
[2026-03-13] 频道: 219 | 数据源: http://e.erw.cc/all.xml.gz
[2026-03-14] 频道: 219 | 数据源: http://e.erw.cc/all.xml.gz
[2026-03-08] 频道: 220 | 数据源: http://e.erw.cc/all.xml.gz
[2026-03-09] 频道: 220 | 数据源: http://e.erw.cc/all.xml.gz
[2026-03-10] 频道: 220 | 数据源: http://e.erw.cc/all.xml.gz
[2026-03-11] 频道: 220 | 数据源: http://e.erw.cc/all.xml.gz
[2026-03-12] 频道: 220 | 数据源: http://e.erw.cc/all.xml.gz
[2026-03-13] 频道: 220 | 数据源: http://e.erw.cc/all.xml.gz
[2026-03-14] 频道: 220 | 数据源: http://e.erw.cc/all.xml.gz
[2026-03-08] 频道: 221 | 数据源: http://e.erw.cc/all.xml.gz
[2026-03-09] 频道: 221 | 数据源: http://e.erw.cc/all.xml.gz
[2026-03-10] 频道: 221 | 数据源: https://github.com/litiande03/epg/raw/refs/heads/master/pl.xml.gz
[2026-03-11] 频道: 221 | 数据源: https://github.com/litiande03/epg/raw/refs/heads/master/pl.xml.gz
[2026-03-12] 频道: 221 | 数据源: https://github.com/litiande03/epg/raw/refs/heads/master/pl.xml.gz
[2026-03-13] 频道: 221 | 数据源: https://github.com/litiande03/epg/raw/refs/heads/master/pl.xml.gz
[2026-03-14] 频道: 221 | 数据源: https://github.com/litiande03/epg/raw/refs/heads/master/pl.xml.gz
[2026-03-15] 频道: 221 | 数据源: https://github.com/litiande03/epg/raw/refs/heads/master/pl.xml.gz
[2026-03-16] 频道: 221 | 数据源: https://github.com/litiande03/epg/raw/refs/heads/master/pl.xml.gz
[2026-03-08] 频道: 222 | 数据源: http://e.erw.cc/all.xml.gz
[2026-03-09] 频道: 222 | 数据源: http://e.erw.cc/all.xml.gz
[2026-03-10] 频道: 222 | 数据源: http://e.erw.cc/all.xml.gz
[2026-03-11] 频道: 222 | 数据源: http://e.erw.cc/all.xml.gz
[2026-03-12] 频道: 222 | 数据源: http://e.erw.cc/all.xml.gz
[2026-03-13] 频道: 222 | 数据源: http://e.erw.cc/all.xml.gz
[2026-03-14] 频道: 222 | 数据源: http://epg.51zmt.top:8000/e1.xml.gz
[2026-03-15] 频道: 222 | 数据源: http://epg.51zmt.top:8000/e1.xml.gz
[2026-03-08] 频道: 223 | 数据源: https://epg.136605.xyz/9days.xml
[2026-03-09] 频道: 223 | 数据源: https://epg.136605.xyz/9days.xml
[2026-03-10] 频道: 223 | 数据源: https://epg.136605.xyz/9days.xml
[2026-03-11] 频道: 223 | 数据源: https://epg.136605.xyz/9days.xml
[2026-03-12] 频道: 223 | 数据源: https://epg.136605.xyz/9days.xml
[2026-03-13] 频道: 223 | 数据源: https://epg.136605.xyz/9days.xml
[2026-03-14] 频道: 223 | 数据源: https://github.com/litiande03/epg/raw/refs/heads/master/pl.xml.gz
[2026-03-15] 频道: 223 | 数据源: https://epg.136605.xyz/9days.xml
[2026-03-16] 频道: 223 | 数据源: https://epg.136605.xyz/9days.xml
[2026-03-17] 频道: 223 | 数据源: https://github.com/litiande03/epg/raw/refs/heads/master/pl.xml.gz
[2026-03-08] 频道: 224 | 数据源: http://e.erw.cc/all.xml.gz
[2026-03-09] 频道: 224 | 数据源: http://e.erw.cc/all.xml.gz
[2026-03-10] 频道: 224 | 数据源: http://e.erw.cc/all.xml.gz
[2026-03-11] 频道: 224 | 数据源: http://e.erw.cc/all.xml.gz
[2026-03-12] 频道: 224 | 数据源: http://e.erw.cc/all.xml.gz
[2026-03-13] 频道: 224 | 数据源: http://e.erw.cc/all.xml.gz
[2026-03-14] 频道: 224 | 数据源: http://e.erw.cc/all.xml.gz
[2026-03-08] 频道: 225 | 数据源: http://e.erw.cc/all.xml.gz
[2026-03-09] 频道: 225 | 数据源: http://e.erw.cc/all.xml.gz
[2026-03-10] 频道: 225 | 数据源: http://e.erw.cc/all.xml.gz
[2026-03-11] 频道: 225 | 数据源: http://e.erw.cc/all.xml.gz
[2026-03-12] 频道: 225 | 数据源: http://e.erw.cc/all.xml.gz
[2026-03-13] 频道: 225 | 数据源: http://e.erw.cc/all.xml.gz
[2026-03-14] 频道: 225 | 数据源: http://e.erw.cc/all.xml.gz
[2026-03-07] 频道: 226 | 数据源: https://github.com/plsy1/epg/raw/refs/heads/main/e/seven-days.xml.gz
[2026-03-08] 频道: 226 | 数据源: https://github.com/plsy1/epg/raw/refs/heads/main/e/seven-days.xml.gz
[2026-03-09] 频道: 226 | 数据源: https://github.com/plsy1/epg/raw/refs/heads/main/e/seven-days.xml.gz
[2026-03-10] 频道: 226 | 数据源: https://github.com/plsy1/epg/raw/refs/heads/main/e/seven-days.xml.gz
[2026-03-11] 频道: 226 | 数据源: https://github.com/plsy1/epg/raw/refs/heads/main/e/seven-days.xml.gz
[2026-03-12] 频道: 226 | 数据源: https://github.com/plsy1/epg/raw/refs/heads/main/e/seven-days.xml.gz
[2026-03-13] 频道: 226 | 数据源: https://github.com/plsy1/epg/raw/refs/heads/main/e/seven-days.xml.gz
[2026-03-14] 频道: 226 | 数据源: https://github.com/plsy1/epg/raw/refs/heads/main/e/seven-days.xml.gz
[2026-03-15] 频道: 226 | 数据源: http://epg.51zmt.top:8000/e1.xml.gz
[2026-03-16] 频道: 226 | 数据源: https://github.com/litiande03/epg/raw/refs/heads/master/pl.xml.gz
[2026-03-17] 频道: 226 | 数据源: https://github.com/litiande03/epg/raw/refs/heads/master/pl.xml.gz
[2026-03-08] 频道: 227 | 数据源: http://e.erw.cc/all.xml.gz
[2026-03-09] 频道: 227 | 数据源: http://e.erw.cc/all.xml.gz
[2026-03-10] 频道: 227 | 数据源: http://e.erw.cc/all.xml.gz
[2026-03-11] 频道: 227 | 数据源: http://e.erw.cc/all.xml.gz
[2026-03-12] 频道: 227 | 数据源: http://e.erw.cc/all.xml.gz
[2026-03-13] 频道: 227 | 数据源: http://e.erw.cc/all.xml.gz
[2026-03-14] 频道: 227 | 数据源: http://e.erw.cc/all.xml.gz
[2026-03-15] 频道: 227 | 数据源: http://epg.51zmt.top:8000/e1.xml.gz
[2026-03-08] 频道: 228 | 数据源: http://e.erw.cc/all.xml.gz
[2026-03-09] 频道: 228 | 数据源: http://e.erw.cc/all.xml.gz
[2026-03-10] 频道: 228 | 数据源: http://e.erw.cc/all.xml.gz
[2026-03-11] 频道: 228 | 数据源: http://e.erw.cc/all.xml.gz
[2026-03-12] 频道: 228 | 数据源: http://e.erw.cc/all.xml.gz
[2026-03-13] 频道: 228 | 数据源: http://e.erw.cc/all.xml.gz
[2026-03-14] 频道: 228 | 数据源: http://e.erw.cc/all.xml.gz
[2026-03-15] 频道: 228 | 数据源: http://epg.51zmt.top:8000/e1.xml.gz
[2026-03-16] 频道: 228 | 数据源: https://github.com/litiande03/epg/raw/refs/heads/master/pl.xml.gz
[2026-03-17] 频道: 228 | 数据源: https://github.com/litiande03/epg/raw/refs/heads/master/pl.xml.gz
[2026-03-08] 频道: 229 | 数据源: http://e.erw.cc/all.xml.gz
[2026-03-09] 频道: 229 | 数据源: http://e.erw.cc/all.xml.gz
[2026-03-10] 频道: 229 | 数据源: http://e.erw.cc/all.xml.gz
[2026-03-11] 频道: 229 | 数据源: http://e.erw.cc/all.xml.gz
[2026-03-12] 频道: 229 | 数据源: http://e.erw.cc/all.xml.gz
[2026-03-13] 频道: 229 | 数据源: http://e.erw.cc/all.xml.gz
[2026-03-14] 频道: 229 | 数据源: http://epg.51zmt.top:8000/e1.xml.gz
[2026-03-15] 频道: 229 | 数据源: http://epg.51zmt.top:8000/e1.xml.gz
[2026-03-08] 频道: 230 | 数据源: http://e.erw.cc/all.xml.gz
[2026-03-09] 频道: 230 | 数据源: http://e.erw.cc/all.xml.gz
[2026-03-10] 频道: 230 | 数据源: http://e.erw.cc/all.xml.gz
[2026-03-11] 频道: 230 | 数据源: http://e.erw.cc/all.xml.gz
[2026-03-12] 频道: 230 | 数据源: http://e.erw.cc/all.xml.gz
[2026-03-13] 频道: 230 | 数据源: http://e.erw.cc/all.xml.gz
[2026-03-14] 频道: 230 | 数据源: http://e.erw.cc/all.xml.gz
[2026-03-08] 频道: 231 | 数据源: http://e.erw.cc/all.xml.gz
[2026-03-09] 频道: 231 | 数据源: http://e.erw.cc/all.xml.gz
[2026-03-10] 频道: 231 | 数据源: http://e.erw.cc/all.xml.gz
[2026-03-11] 频道: 231 | 数据源: http://e.erw.cc/all.xml.gz
[2026-03-12] 频道: 231 | 数据源: http://e.erw.cc/all.xml.gz
[2026-03-13] 频道: 231 | 数据源: http://e.erw.cc/all.xml.gz
[2026-03-14] 频道: 231 | 数据源: http://e.erw.cc/all.xml.gz
[2026-03-07] 频道: 232 | 数据源: https://github.com/plsy1/epg/raw/refs/heads/main/e/seven-days.xml.gz
[2026-03-08] 频道: 232 | 数据源: http://e.erw.cc/all.xml.gz
[2026-03-09] 频道: 232 | 数据源: http://e.erw.cc/all.xml.gz
[2026-03-10] 频道: 232 | 数据源: http://e.erw.cc/all.xml.gz
[2026-03-11] 频道: 232 | 数据源: http://e.erw.cc/all.xml.gz
[2026-03-12] 频道: 232 | 数据源: http://e.erw.cc/all.xml.gz
[2026-03-13] 频道: 232 | 数据源: http://e.erw.cc/all.xml.gz
[2026-03-14] 频道: 232 | 数据源: http://e.erw.cc/all.xml.gz
[2026-03-15] 频道: 232 | 数据源: https://github.com/litiande03/epg/raw/refs/heads/master/pl.xml.gz
[2026-03-16] 频道: 232 | 数据源: https://github.com/litiande03/epg/raw/refs/heads/master/pl.xml.gz
[2026-03-17] 频道: 232 | 数据源: https://github.com/litiande03/epg/raw/refs/heads/master/pl.xml.gz
[2026-03-08] 频道: 233 | 数据源: http://e.erw.cc/all.xml.gz
[2026-03-09] 频道: 233 | 数据源: http://e.erw.cc/all.xml.gz
[2026-03-10] 频道: 233 | 数据源: http://e.erw.cc/all.xml.gz
[2026-03-11] 频道: 233 | 数据源: http://e.erw.cc/all.xml.gz
[2026-03-12] 频道: 233 | 数据源: http://e.erw.cc/all.xml.gz
[2026-03-13] 频道: 233 | 数据源: http://e.erw.cc/all.xml.gz
[2026-03-14] 频道: 233 | 数据源: http://e.erw.cc/all.xml.gz
[2026-03-15] 频道: 233 | 数据源: http://epg.51zmt.top:8000/e1.xml.gz
[2026-03-08] 频道: 234 | 数据源: http://e.erw.cc/all.xml.gz
[2026-03-09] 频道: 234 | 数据源: http://e.erw.cc/all.xml.gz
[2026-03-10] 频道: 234 | 数据源: http://e.erw.cc/all.xml.gz
[2026-03-11] 频道: 234 | 数据源: http://e.erw.cc/all.xml.gz
[2026-03-12] 频道: 234 | 数据源: http://e.erw.cc/all.xml.gz
[2026-03-13] 频道: 234 | 数据源: http://e.erw.cc/all.xml.gz
[2026-03-14] 频道: 234 | 数据源: http://e.erw.cc/all.xml.gz
[2026-03-08] 频道: 235 | 数据源: http://e.erw.cc/all.xml.gz
[2026-03-09] 频道: 235 | 数据源: http://e.erw.cc/all.xml.gz
[2026-03-10] 频道: 235 | 数据源: http://e.erw.cc/all.xml.gz
[2026-03-11] 频道: 235 | 数据源: http://e.erw.cc/all.xml.gz
[2026-03-12] 频道: 235 | 数据源: http://e.erw.cc/all.xml.gz
[2026-03-13] 频道: 235 | 数据源: http://e.erw.cc/all.xml.gz
[2026-03-14] 频道: 235 | 数据源: http://e.erw.cc/all.xml.gz
[2026-03-15] 频道: 235 | 数据源: https://github.com/litiande03/epg/raw/refs/heads/master/pl.xml.gz
[2026-03-16] 频道: 235 | 数据源: https://github.com/litiande03/epg/raw/refs/heads/master/pl.xml.gz
[2026-03-17] 频道: 235 | 数据源: https://github.com/litiande03/epg/raw/refs/heads/master/pl.xml.gz
[2026-03-08] 频道: 236 | 数据源: https://github.com/litiande03/epg/raw/refs/heads/master/pl.xml.gz
[2026-03-09] 频道: 236 | 数据源: https://github.com/litiande03/epg/raw/refs/heads/master/pl.xml.gz
[2026-03-10] 频道: 236 | 数据源: http://e.erw.cc/all.xml.gz
[2026-03-11] 频道: 236 | 数据源: https://github.com/litiande03/epg/raw/refs/heads/master/pl.xml.gz
[2026-03-12] 频道: 236 | 数据源: https://github.com/litiande03/epg/raw/refs/heads/master/pl.xml.gz
[2026-03-13] 频道: 236 | 数据源: https://epg.deny.vip/sh/tel-epg.xml
[2026-03-14] 频道: 236 | 数据源: https://epg.deny.vip/sh/tel-epg.xml
[2026-03-15] 频道: 236 | 数据源: https://epg.deny.vip/sh/tel-epg.xml
[2026-03-16] 频道: 236 | 数据源: https://github.com/litiande03/epg/raw/refs/heads/master/pl.xml.gz
[2026-03-17] 频道: 236 | 数据源: https://github.com/litiande03/epg/raw/refs/heads/master/pl.xml.gz
[2026-03-07] 频道: 237 | 数据源: https://github.com/plsy1/epg/raw/refs/heads/main/e/seven-days.xml.gz
[2026-03-08] 频道: 237 | 数据源: https://github.com/plsy1/epg/raw/refs/heads/main/e/seven-days.xml.gz
[2026-03-09] 频道: 237 | 数据源: https://github.com/plsy1/epg/raw/refs/heads/main/e/seven-days.xml.gz
[2026-03-10] 频道: 237 | 数据源: http://e.erw.cc/all.xml.gz
[2026-03-11] 频道: 237 | 数据源: http://e.erw.cc/all.xml.gz
[2026-03-12] 频道: 237 | 数据源: http://e.erw.cc/all.xml.gz
[2026-03-13] 频道: 237 | 数据源: https://github.com/plsy1/epg/raw/refs/heads/main/e/seven-days.xml.gz
[2026-03-14] 频道: 237 | 数据源: http://e.erw.cc/all.xml.gz
[2026-03-15] 频道: 237 | 数据源: https://github.com/plsy1/epg/raw/refs/heads/main/e/seven-days.xml.gz
[2026-03-08] 频道: 238 | 数据源: http://e.erw.cc/all.xml.gz
[2026-03-09] 频道: 238 | 数据源: http://e.erw.cc/all.xml.gz
[2026-03-10] 频道: 238 | 数据源: http://e.erw.cc/all.xml.gz
[2026-03-11] 频道: 238 | 数据源: http://e.erw.cc/all.xml.gz
[2026-03-12] 频道: 238 | 数据源: http://e.erw.cc/all.xml.gz
[2026-03-13] 频道: 238 | 数据源: http://e.erw.cc/all.xml.gz
[2026-03-14] 频道: 238 | 数据源: http://epg.51zmt.top:8000/e1.xml.gz
[2026-03-15] 频道: 238 | 数据源: http://epg.51zmt.top:8000/e1.xml.gz
[2026-03-08] 频道: 239 | 数据源: http://e.erw.cc/all.xml.gz
[2026-03-09] 频道: 239 | 数据源: http://e.erw.cc/all.xml.gz
[2026-03-10] 频道: 239 | 数据源: http://e.erw.cc/all.xml.gz
[2026-03-11] 频道: 239 | 数据源: http://e.erw.cc/all.xml.gz
[2026-03-12] 频道: 239 | 数据源: http://e.erw.cc/all.xml.gz
[2026-03-13] 频道: 239 | 数据源: http://e.erw.cc/all.xml.gz
[2026-03-14] 频道: 239 | 数据源: http://epg.51zmt.top:8000/e1.xml.gz
[2026-03-15] 频道: 239 | 数据源: http://epg.51zmt.top:8000/e1.xml.gz
[2026-03-06] 频道: 240 | 数据源: https://github.com/litiande03/epg/raw/refs/heads/master/pl.xml.gz
[2026-03-07] 频道: 240 | 数据源: https://github.com/litiande03/epg/raw/refs/heads/master/pl.xml.gz
[2026-03-08] 频道: 240 | 数据源: http://e.erw.cc/all.xml.gz
[2026-03-09] 频道: 240 | 数据源: http://e.erw.cc/all.xml.gz
[2026-03-10] 频道: 240 | 数据源: http://e.erw.cc/all.xml.gz
[2026-03-11] 频道: 240 | 数据源: http://e.erw.cc/all.xml.gz
[2026-03-12] 频道: 240 | 数据源: http://e.erw.cc/all.xml.gz
[2026-03-13] 频道: 240 | 数据源: http://e.erw.cc/all.xml.gz
[2026-03-14] 频道: 240 | 数据源: http://e.erw.cc/all.xml.gz
[2026-03-15] 频道: 240 | 数据源: https://github.com/litiande03/epg/raw/refs/heads/master/pl.xml.gz
[2026-03-16] 频道: 240 | 数据源: https://github.com/litiande03/epg/raw/refs/heads/master/pl.xml.gz
[2026-03-17] 频道: 240 | 数据源: https://github.com/litiande03/epg/raw/refs/heads/master/pl.xml.gz
[2026-03-08] 频道: 241 | 数据源: http://e.erw.cc/all.xml.gz
[2026-03-09] 频道: 241 | 数据源: http://e.erw.cc/all.xml.gz
[2026-03-10] 频道: 241 | 数据源: http://e.erw.cc/all.xml.gz
[2026-03-11] 频道: 241 | 数据源: http://e.erw.cc/all.xml.gz
[2026-03-12] 频道: 241 | 数据源: http://e.erw.cc/all.xml.gz
[2026-03-13] 频道: 241 | 数据源: http://e.erw.cc/all.xml.gz
[2026-03-14] 频道: 241 | 数据源: http://e.erw.cc/all.xml.gz
[2026-03-08] 频道: 242 | 数据源: http://e.erw.cc/all.xml.gz
[2026-03-09] 频道: 242 | 数据源: http://e.erw.cc/all.xml.gz
[2026-03-10] 频道: 242 | 数据源: http://e.erw.cc/all.xml.gz
[2026-03-11] 频道: 242 | 数据源: http://e.erw.cc/all.xml.gz
[2026-03-12] 频道: 242 | 数据源: http://e.erw.cc/all.xml.gz
[2026-03-13] 频道: 242 | 数据源: http://e.erw.cc/all.xml.gz
[2026-03-14] 频道: 242 | 数据源: http://e.erw.cc/all.xml.gz
[2026-03-08] 频道: 243 | 数据源: http://e.erw.cc/all.xml.gz
[2026-03-09] 频道: 243 | 数据源: http://e.erw.cc/all.xml.gz
[2026-03-10] 频道: 243 | 数据源: http://e.erw.cc/all.xml.gz
[2026-03-11] 频道: 243 | 数据源: http://e.erw.cc/all.xml.gz
[2026-03-12] 频道: 243 | 数据源: http://e.erw.cc/all.xml.gz
[2026-03-13] 频道: 243 | 数据源: http://e.erw.cc/all.xml.gz
[2026-03-14] 频道: 243 | 数据源: https://epg.deny.vip/sh/tel-epg.xml
[2026-03-15] 频道: 243 | 数据源: https://epg.deny.vip/sh/tel-epg.xml
[2026-03-08] 频道: 244 | 数据源: http://e.erw.cc/all.xml.gz
[2026-03-09] 频道: 244 | 数据源: http://e.erw.cc/all.xml.gz
[2026-03-10] 频道: 244 | 数据源: http://e.erw.cc/all.xml.gz
[2026-03-11] 频道: 244 | 数据源: http://e.erw.cc/all.xml.gz
[2026-03-12] 频道: 244 | 数据源: http://e.erw.cc/all.xml.gz
[2026-03-13] 频道: 244 | 数据源: http://e.erw.cc/all.xml.gz
[2026-03-14] 频道: 244 | 数据源: http://e.erw.cc/all.xml.gz
[2026-03-15] 频道: 244 | 数据源: http://epg.51zmt.top:8000/e1.xml.gz
[2026-03-08] 频道: 245 | 数据源: http://e.erw.cc/all.xml.gz
[2026-03-09] 频道: 245 | 数据源: http://e.erw.cc/all.xml.gz
[2026-03-10] 频道: 245 | 数据源: http://e.erw.cc/all.xml.gz
[2026-03-11] 频道: 245 | 数据源: http://e.erw.cc/all.xml.gz
[2026-03-12] 频道: 245 | 数据源: http://e.erw.cc/all.xml.gz
[2026-03-13] 频道: 245 | 数据源: http://e.erw.cc/all.xml.gz
[2026-03-14] 频道: 245 | 数据源: http://e.erw.cc/all.xml.gz
[2026-03-15] 频道: 245 | 数据源: http://epg.51zmt.top:8000/e1.xml.gz
[2026-03-08] 频道: 246 | 数据源: http://e.erw.cc/all.xml.gz
[2026-03-09] 频道: 246 | 数据源: http://e.erw.cc/all.xml.gz
[2026-03-10] 频道: 246 | 数据源: http://e.erw.cc/all.xml.gz
[2026-03-11] 频道: 246 | 数据源: http://e.erw.cc/all.xml.gz
[2026-03-12] 频道: 246 | 数据源: http://e.erw.cc/all.xml.gz
[2026-03-13] 频道: 246 | 数据源: http://e.erw.cc/all.xml.gz
[2026-03-14] 频道: 246 | 数据源: http://e.erw.cc/all.xml.gz
[2026-03-15] 频道: 246 | 数据源: http://epg.51zmt.top:8000/e1.xml.gz
[2026-03-08] 频道: 247 | 数据源: http://e.erw.cc/all.xml.gz
[2026-03-09] 频道: 247 | 数据源: http://e.erw.cc/all.xml.gz
[2026-03-10] 频道: 247 | 数据源: http://e.erw.cc/all.xml.gz
[2026-03-11] 频道: 247 | 数据源: http://e.erw.cc/all.xml.gz
[2026-03-12] 频道: 247 | 数据源: http://e.erw.cc/all.xml.gz
[2026-03-13] 频道: 247 | 数据源: http://e.erw.cc/all.xml.gz
[2026-03-14] 频道: 247 | 数据源: http://e.erw.cc/all.xml.gz
[2026-03-15] 频道: 247 | 数据源: http://epg.51zmt.top:8000/e1.xml.gz
[2026-03-07] 频道: 248 | 数据源: https://github.com/zzzz0317/beijing-unicom-iptv-playlist/raw/refs/heads/main/epg.xml
[2026-03-08] 频道: 248 | 数据源: http://e.erw.cc/all.xml.gz
[2026-03-09] 频道: 248 | 数据源: http://e.erw.cc/all.xml.gz
[2026-03-10] 频道: 248 | 数据源: http://e.erw.cc/all.xml.gz
[2026-03-11] 频道: 248 | 数据源: http://e.erw.cc/all.xml.gz
[2026-03-12] 频道: 248 | 数据源: http://e.erw.cc/all.xml.gz
[2026-03-13] 频道: 248 | 数据源: http://e.erw.cc/all.xml.gz
[2026-03-14] 频道: 248 | 数据源: http://e.erw.cc/all.xml.gz
[2026-03-15] 频道: 248 | 数据源: https://github.com/zzzz0317/beijing-unicom-iptv-playlist/raw/refs/heads/main/epg.xml
[2026-03-16] 频道: 248 | 数据源: https://github.com/zzzz0317/beijing-unicom-iptv-playlist/raw/refs/heads/main/epg.xml
[2026-03-08] 频道: 249 | 数据源: http://e.erw.cc/all.xml.gz
[2026-03-09] 频道: 249 | 数据源: http://e.erw.cc/all.xml.gz
[2026-03-10] 频道: 249 | 数据源: http://e.erw.cc/all.xml.gz
[2026-03-11] 频道: 249 | 数据源: http://e.erw.cc/all.xml.gz
[2026-03-12] 频道: 249 | 数据源: http://e.erw.cc/all.xml.gz
[2026-03-13] 频道: 249 | 数据源: http://e.erw.cc/all.xml.gz
[2026-03-14] 频道: 249 | 数据源: http://e.erw.cc/all.xml.gz
[2026-03-15] 频道: 249 | 数据源: http://epg.51zmt.top:8000/e1.xml.gz
[2026-03-08] 频道: 250 | 数据源: http://e.erw.cc/all.xml.gz
[2026-03-09] 频道: 250 | 数据源: http://e.erw.cc/all.xml.gz
[2026-03-10] 频道: 250 | 数据源: http://e.erw.cc/all.xml.gz
[2026-03-11] 频道: 250 | 数据源: http://e.erw.cc/all.xml.gz
[2026-03-12] 频道: 250 | 数据源: http://e.erw.cc/all.xml.gz
[2026-03-13] 频道: 250 | 数据源: http://e.erw.cc/all.xml.gz
[2026-03-14] 频道: 250 | 数据源: http://e.erw.cc/all.xml.gz
[2026-03-15] 频道: 250 | 数据源: http://epg.51zmt.top:8000/e1.xml.gz
[2026-03-08] 频道: 251 | 数据源: http://e.erw.cc/all.xml.gz
[2026-03-09] 频道: 251 | 数据源: http://e.erw.cc/all.xml.gz
[2026-03-10] 频道: 251 | 数据源: http://e.erw.cc/all.xml.gz
[2026-03-11] 频道: 251 | 数据源: http://e.erw.cc/all.xml.gz
[2026-03-12] 频道: 251 | 数据源: http://e.erw.cc/all.xml.gz
[2026-03-13] 频道: 251 | 数据源: http://e.erw.cc/all.xml.gz
[2026-03-14] 频道: 251 | 数据源: http://e.erw.cc/all.xml.gz
[2026-03-08] 频道: 252 | 数据源: http://e.erw.cc/all.xml.gz
[2026-03-09] 频道: 252 | 数据源: http://e.erw.cc/all.xml.gz
[2026-03-10] 频道: 252 | 数据源: http://e.erw.cc/all.xml.gz
[2026-03-11] 频道: 252 | 数据源: http://e.erw.cc/all.xml.gz
[2026-03-12] 频道: 252 | 数据源: http://e.erw.cc/all.xml.gz
[2026-03-13] 频道: 252 | 数据源: http://e.erw.cc/all.xml.gz
[2026-03-14] 频道: 252 | 数据源: http://e.erw.cc/all.xml.gz
[2026-03-08] 频道: 253 | 数据源: http://e.erw.cc/all.xml.gz
[2026-03-09] 频道: 253 | 数据源: http://e.erw.cc/all.xml.gz
[2026-03-10] 频道: 253 | 数据源: http://e.erw.cc/all.xml.gz
[2026-03-11] 频道: 253 | 数据源: http://e.erw.cc/all.xml.gz
[2026-03-12] 频道: 253 | 数据源: http://e.erw.cc/all.xml.gz
[2026-03-13] 频道: 253 | 数据源: http://e.erw.cc/all.xml.gz
[2026-03-14] 频道: 253 | 数据源: http://epg.51zmt.top:8000/e1.xml.gz
[2026-03-15] 频道: 253 | 数据源: http://epg.51zmt.top:8000/e1.xml.gz
[2026-03-08] 频道: 254 | 数据源: http://e.erw.cc/all.xml.gz
[2026-03-09] 频道: 254 | 数据源: http://e.erw.cc/all.xml.gz
[2026-03-10] 频道: 254 | 数据源: http://e.erw.cc/all.xml.gz
[2026-03-11] 频道: 254 | 数据源: http://e.erw.cc/all.xml.gz
[2026-03-12] 频道: 254 | 数据源: http://e.erw.cc/all.xml.gz
[2026-03-13] 频道: 254 | 数据源: http://e.erw.cc/all.xml.gz
[2026-03-14] 频道: 254 | 数据源: http://e.erw.cc/all.xml.gz
[2026-03-08] 频道: 255 | 数据源: https://github.com/litiande03/epg/raw/refs/heads/master/pl.xml.gz
[2026-03-09] 频道: 255 | 数据源: https://github.com/litiande03/epg/raw/refs/heads/master/pl.xml.gz
[2026-03-10] 频道: 255 | 数据源: https://github.com/litiande03/epg/raw/refs/heads/master/pl.xml.gz
[2026-03-11] 频道: 255 | 数据源: https://github.com/litiande03/epg/raw/refs/heads/master/pl.xml.gz
[2026-03-12] 频道: 255 | 数据源: https://github.com/litiande03/epg/raw/refs/heads/master/pl.xml.gz
[2026-03-13] 频道: 255 | 数据源: https://github.com/litiande03/epg/raw/refs/heads/master/pl.xml.gz
[2026-03-14] 频道: 255 | 数据源: https://github.com/litiande03/epg/raw/refs/heads/master/pl.xml.gz
[2026-03-15] 频道: 255 | 数据源: https://github.com/mytv-android/SCTV_EPG/raw/refs/heads/main/epg.xml
[2026-03-16] 频道: 255 | 数据源: https://github.com/litiande03/epg/raw/refs/heads/master/pl.xml.gz
[2026-03-17] 频道: 255 | 数据源: https://github.com/litiande03/epg/raw/refs/heads/master/pl.xml.gz
[2026-03-08] 频道: 256 | 数据源: http://e.erw.cc/all.xml.gz
[2026-03-09] 频道: 256 | 数据源: http://e.erw.cc/all.xml.gz
[2026-03-10] 频道: 256 | 数据源: http://e.erw.cc/all.xml.gz
[2026-03-11] 频道: 256 | 数据源: http://e.erw.cc/all.xml.gz
[2026-03-12] 频道: 256 | 数据源: http://e.erw.cc/all.xml.gz
[2026-03-13] 频道: 256 | 数据源: http://e.erw.cc/all.xml.gz
[2026-03-14] 频道: 256 | 数据源: http://e.erw.cc/all.xml.gz
[2026-03-08] 频道: 257 | 数据源: http://e.erw.cc/all.xml.gz
[2026-03-09] 频道: 257 | 数据源: http://e.erw.cc/all.xml.gz
[2026-03-10] 频道: 257 | 数据源: http://e.erw.cc/all.xml.gz
[2026-03-11] 频道: 257 | 数据源: http://e.erw.cc/all.xml.gz
[2026-03-12] 频道: 257 | 数据源: http://e.erw.cc/all.xml.gz
[2026-03-13] 频道: 257 | 数据源: http://e.erw.cc/all.xml.gz
[2026-03-14] 频道: 257 | 数据源: http://e.erw.cc/all.xml.gz
[2026-03-08] 频道: 258 | 数据源: http://e.erw.cc/all.xml.gz
[2026-03-09] 频道: 258 | 数据源: http://e.erw.cc/all.xml.gz
[2026-03-10] 频道: 258 | 数据源: http://e.erw.cc/all.xml.gz
[2026-03-11] 频道: 258 | 数据源: http://e.erw.cc/all.xml.gz
[2026-03-12] 频道: 258 | 数据源: http://e.erw.cc/all.xml.gz
[2026-03-13] 频道: 258 | 数据源: http://e.erw.cc/all.xml.gz
[2026-03-14] 频道: 258 | 数据源: http://e.erw.cc/all.xml.gz
[2026-03-15] 频道: 258 | 数据源: http://epg.51zmt.top:8000/e1.xml.gz
[2026-03-08] 频道: 259 | 数据源: http://e.erw.cc/all.xml.gz
[2026-03-09] 频道: 259 | 数据源: http://e.erw.cc/all.xml.gz
[2026-03-10] 频道: 259 | 数据源: http://e.erw.cc/all.xml.gz
[2026-03-11] 频道: 259 | 数据源: http://e.erw.cc/all.xml.gz
[2026-03-12] 频道: 259 | 数据源: http://e.erw.cc/all.xml.gz
[2026-03-13] 频道: 259 | 数据源: http://e.erw.cc/all.xml.gz
[2026-03-14] 频道: 259 | 数据源: http://e.erw.cc/all.xml.gz
[2026-03-15] 频道: 259 | 数据源: http://epg.51zmt.top:8000/e1.xml.gz
[2026-03-08] 频道: 260 | 数据源: http://e.erw.cc/all.xml.gz
[2026-03-09] 频道: 260 | 数据源: http://e.erw.cc/all.xml.gz
[2026-03-10] 频道: 260 | 数据源: http://e.erw.cc/all.xml.gz
[2026-03-11] 频道: 260 | 数据源: http://e.erw.cc/all.xml.gz
[2026-03-12] 频道: 260 | 数据源: http://e.erw.cc/all.xml.gz
[2026-03-13] 频道: 260 | 数据源: http://e.erw.cc/all.xml.gz
[2026-03-14] 频道: 260 | 数据源: http://e.erw.cc/all.xml.gz
[2026-03-08] 频道: 261 | 数据源: http://e.erw.cc/all.xml.gz
[2026-03-09] 频道: 261 | 数据源: http://e.erw.cc/all.xml.gz
[2026-03-10] 频道: 261 | 数据源: http://e.erw.cc/all.xml.gz
[2026-03-11] 频道: 261 | 数据源: http://e.erw.cc/all.xml.gz
[2026-03-12] 频道: 261 | 数据源: http://e.erw.cc/all.xml.gz
[2026-03-13] 频道: 261 | 数据源: http://e.erw.cc/all.xml.gz
[2026-03-14] 频道: 261 | 数据源: http://e.erw.cc/all.xml.gz
[2026-03-08] 频道: 262 | 数据源: http://e.erw.cc/all.xml.gz
[2026-03-09] 频道: 262 | 数据源: http://e.erw.cc/all.xml.gz
[2026-03-10] 频道: 262 | 数据源: http://e.erw.cc/all.xml.gz
[2026-03-11] 频道: 262 | 数据源: http://e.erw.cc/all.xml.gz
[2026-03-12] 频道: 262 | 数据源: http://e.erw.cc/all.xml.gz
[2026-03-13] 频道: 262 | 数据源: http://e.erw.cc/all.xml.gz
[2026-03-14] 频道: 262 | 数据源: http://e.erw.cc/all.xml.gz
[2026-03-08] 频道: 263 | 数据源: http://e.erw.cc/all.xml.gz
[2026-03-09] 频道: 263 | 数据源: http://e.erw.cc/all.xml.gz
[2026-03-10] 频道: 263 | 数据源: http://e.erw.cc/all.xml.gz
[2026-03-11] 频道: 263 | 数据源: http://e.erw.cc/all.xml.gz
[2026-03-12] 频道: 263 | 数据源: http://e.erw.cc/all.xml.gz
[2026-03-13] 频道: 263 | 数据源: http://e.erw.cc/all.xml.gz
[2026-03-14] 频道: 263 | 数据源: http://e.erw.cc/all.xml.gz
[2026-03-08] 频道: 264 | 数据源: http://e.erw.cc/all.xml.gz
[2026-03-09] 频道: 264 | 数据源: http://e.erw.cc/all.xml.gz
[2026-03-10] 频道: 264 | 数据源: http://e.erw.cc/all.xml.gz
[2026-03-11] 频道: 264 | 数据源: http://e.erw.cc/all.xml.gz
[2026-03-12] 频道: 264 | 数据源: http://e.erw.cc/all.xml.gz
[2026-03-13] 频道: 264 | 数据源: http://e.erw.cc/all.xml.gz
[2026-03-14] 频道: 264 | 数据源: http://e.erw.cc/all.xml.gz
[2026-03-08] 频道: 265 | 数据源: http://e.erw.cc/all.xml.gz
[2026-03-09] 频道: 265 | 数据源: http://e.erw.cc/all.xml.gz
[2026-03-10] 频道: 265 | 数据源: http://e.erw.cc/all.xml.gz
[2026-03-11] 频道: 265 | 数据源: http://e.erw.cc/all.xml.gz
[2026-03-12] 频道: 265 | 数据源: http://e.erw.cc/all.xml.gz
[2026-03-13] 频道: 265 | 数据源: http://e.erw.cc/all.xml.gz
[2026-03-14] 频道: 265 | 数据源: http://e.erw.cc/all.xml.gz
[2026-03-08] 频道: 266 | 数据源: http://e.erw.cc/all.xml.gz
[2026-03-09] 频道: 266 | 数据源: http://e.erw.cc/all.xml.gz
[2026-03-10] 频道: 266 | 数据源: http://e.erw.cc/all.xml.gz
[2026-03-11] 频道: 266 | 数据源: http://e.erw.cc/all.xml.gz
[2026-03-12] 频道: 266 | 数据源: http://e.erw.cc/all.xml.gz
[2026-03-13] 频道: 266 | 数据源: http://e.erw.cc/all.xml.gz
[2026-03-14] 频道: 266 | 数据源: http://e.erw.cc/all.xml.gz
[2026-03-15] 频道: 266 | 数据源: http://epg.51zmt.top:8000/e1.xml.gz
[2026-03-08] 频道: 267 | 数据源: http://e.erw.cc/all.xml.gz
[2026-03-09] 频道: 267 | 数据源: http://e.erw.cc/all.xml.gz
[2026-03-10] 频道: 267 | 数据源: http://e.erw.cc/all.xml.gz
[2026-03-11] 频道: 267 | 数据源: http://e.erw.cc/all.xml.gz
[2026-03-12] 频道: 267 | 数据源: http://e.erw.cc/all.xml.gz
[2026-03-13] 频道: 267 | 数据源: http://e.erw.cc/all.xml.gz
[2026-03-14] 频道: 267 | 数据源: http://e.erw.cc/all.xml.gz
[2026-03-15] 频道: 267 | 数据源: http://epg.51zmt.top:8000/e1.xml.gz
[2026-03-08] 频道: 268 | 数据源: https://epg.136605.xyz/9days.xml
[2026-03-09] 频道: 268 | 数据源: https://epg.136605.xyz/9days.xml
[2026-03-10] 频道: 268 | 数据源: https://epg.136605.xyz/9days.xml
[2026-03-11] 频道: 268 | 数据源: https://epg.136605.xyz/9days.xml
[2026-03-12] 频道: 268 | 数据源: https://epg.136605.xyz/9days.xml
[2026-03-13] 频道: 268 | 数据源: https://epg.136605.xyz/9days.xml
[2026-03-14] 频道: 268 | 数据源: https://epg.136605.xyz/9days.xml
[2026-03-15] 频道: 268 | 数据源: https://epg.136605.xyz/9days.xml
[2026-03-16] 频道: 268 | 数据源: https://epg.136605.xyz/9days.xml
[2026-03-08] 频道: 269 | 数据源: https://epg.136605.xyz/9days.xml
[2026-03-09] 频道: 269 | 数据源: https://epg.136605.xyz/9days.xml
[2026-03-10] 频道: 269 | 数据源: https://epg.136605.xyz/9days.xml
[2026-03-11] 频道: 269 | 数据源: https://epg.136605.xyz/9days.xml
[2026-03-12] 频道: 269 | 数据源: https://epg.136605.xyz/9days.xml
[2026-03-13] 频道: 269 | 数据源: https://epg.136605.xyz/9days.xml
[2026-03-14] 频道: 269 | 数据源: http://epg.51zmt.top:8000/e1.xml.gz
[2026-03-15] 频道: 269 | 数据源: http://epg.51zmt.top:8000/e1.xml.gz
[2026-03-16] 频道: 269 | 数据源: https://epg.136605.xyz/9days.xml
[2026-03-08] 频道: 270 | 数据源: https://epg.136605.xyz/9days.xml
[2026-03-09] 频道: 270 | 数据源: https://epg.136605.xyz/9days.xml
[2026-03-10] 频道: 270 | 数据源: https://epg.136605.xyz/9days.xml
[2026-03-11] 频道: 270 | 数据源: https://epg.136605.xyz/9days.xml
[2026-03-12] 频道: 270 | 数据源: https://epg.136605.xyz/9days.xml
[2026-03-13] 频道: 270 | 数据源: https://epg.136605.xyz/9days.xml
[2026-03-14] 频道: 270 | 数据源: https://epg.136605.xyz/9days.xml
[2026-03-15] 频道: 270 | 数据源: https://epg.136605.xyz/9days.xml
[2026-03-16] 频道: 270 | 数据源: https://epg.136605.xyz/9days.xml
[2026-03-08] 频道: 271 | 数据源: http://e.erw.cc/all.xml.gz
[2026-03-09] 频道: 271 | 数据源: https://epg.136605.xyz/9days.xml
[2026-03-10] 频道: 271 | 数据源: https://epg.136605.xyz/9days.xml
[2026-03-11] 频道: 271 | 数据源: https://epg.136605.xyz/9days.xml
[2026-03-12] 频道: 271 | 数据源: https://epg.136605.xyz/9days.xml
[2026-03-13] 频道: 271 | 数据源: https://epg.136605.xyz/9days.xml
[2026-03-14] 频道: 271 | 数据源: https://epg.136605.xyz/9days.xml
[2026-03-15] 频道: 271 | 数据源: https://epg.136605.xyz/9days.xml
[2026-03-16] 频道: 271 | 数据源: https://epg.136605.xyz/9days.xml
[2026-03-17] 频道: 271 | 数据源: https://epg.136605.xyz/9days.xml
[2026-03-08] 频道: 272 | 数据源: http://e.erw.cc/all.xml.gz
[2026-03-09] 频道: 272 | 数据源: http://e.erw.cc/all.xml.gz
[2026-03-10] 频道: 272 | 数据源: http://e.erw.cc/all.xml.gz
[2026-03-11] 频道: 272 | 数据源: http://e.erw.cc/all.xml.gz
[2026-03-12] 频道: 272 | 数据源: http://e.erw.cc/all.xml.gz
[2026-03-13] 频道: 272 | 数据源: http://e.erw.cc/all.xml.gz
[2026-03-14] 频道: 272 | 数据源: http://e.erw.cc/all.xml.gz
[2026-03-08] 频道: 273 | 数据源: http://e.erw.cc/all.xml.gz
[2026-03-09] 频道: 273 | 数据源: https://epg.136605.xyz/9days.xml
[2026-03-10] 频道: 273 | 数据源: https://epg.136605.xyz/9days.xml
[2026-03-11] 频道: 273 | 数据源: https://epg.136605.xyz/9days.xml
[2026-03-12] 频道: 273 | 数据源: https://epg.136605.xyz/9days.xml
[2026-03-13] 频道: 273 | 数据源: https://epg.136605.xyz/9days.xml
[2026-03-14] 频道: 273 | 数据源: https://epg.136605.xyz/9days.xml
[2026-03-15] 频道: 273 | 数据源: https://epg.136605.xyz/9days.xml
[2026-03-16] 频道: 273 | 数据源: https://epg.136605.xyz/9days.xml
[2026-03-17] 频道: 273 | 数据源: https://epg.136605.xyz/9days.xml
[2026-03-08] 频道: 274 | 数据源: http://e.erw.cc/all.xml.gz
[2026-03-09] 频道: 274 | 数据源: http://e.erw.cc/all.xml.gz
[2026-03-10] 频道: 274 | 数据源: http://e.erw.cc/all.xml.gz
[2026-03-11] 频道: 274 | 数据源: http://e.erw.cc/all.xml.gz
[2026-03-12] 频道: 274 | 数据源: http://e.erw.cc/all.xml.gz
[2026-03-13] 频道: 274 | 数据源: http://e.erw.cc/all.xml.gz
[2026-03-14] 频道: 274 | 数据源: http://e.erw.cc/all.xml.gz
[2026-03-08] 频道: 275 | 数据源: http://e.erw.cc/all.xml.gz
[2026-03-09] 频道: 275 | 数据源: http://e.erw.cc/all.xml.gz
[2026-03-10] 频道: 275 | 数据源: http://e.erw.cc/all.xml.gz
[2026-03-11] 频道: 275 | 数据源: http://e.erw.cc/all.xml.gz
[2026-03-12] 频道: 275 | 数据源: http://e.erw.cc/all.xml.gz
[2026-03-13] 频道: 275 | 数据源: http://e.erw.cc/all.xml.gz
[2026-03-14] 频道: 275 | 数据源: http://e.erw.cc/all.xml.gz
[2026-03-15] 频道: 275 | 数据源: http://epg.51zmt.top:8000/e1.xml.gz
[2026-03-08] 频道: 276 | 数据源: http://e.erw.cc/all.xml.gz
[2026-03-09] 频道: 276 | 数据源: http://e.erw.cc/all.xml.gz
[2026-03-10] 频道: 276 | 数据源: http://e.erw.cc/all.xml.gz
[2026-03-11] 频道: 276 | 数据源: http://e.erw.cc/all.xml.gz
[2026-03-12] 频道: 276 | 数据源: http://e.erw.cc/all.xml.gz
[2026-03-13] 频道: 276 | 数据源: http://e.erw.cc/all.xml.gz
[2026-03-14] 频道: 276 | 数据源: http://e.erw.cc/all.xml.gz
[2026-03-15] 频道: 276 | 数据源: http://epg.51zmt.top:8000/e1.xml.gz
[2026-03-08] 频道: 277 | 数据源: http://e.erw.cc/all.xml.gz
[2026-03-09] 频道: 277 | 数据源: http://e.erw.cc/all.xml.gz
[2026-03-10] 频道: 277 | 数据源: http://e.erw.cc/all.xml.gz
[2026-03-11] 频道: 277 | 数据源: http://e.erw.cc/all.xml.gz
[2026-03-12] 频道: 277 | 数据源: http://e.erw.cc/all.xml.gz
[2026-03-13] 频道: 277 | 数据源: http://e.erw.cc/all.xml.gz
[2026-03-14] 频道: 277 | 数据源: http://e.erw.cc/all.xml.gz
[2026-03-15] 频道: 277 | 数据源: http://epg.51zmt.top:8000/e1.xml.gz
[2026-03-08] 频道: 278 | 数据源: http://e.erw.cc/all.xml.gz
[2026-03-09] 频道: 278 | 数据源: http://e.erw.cc/all.xml.gz
[2026-03-10] 频道: 278 | 数据源: http://e.erw.cc/all.xml.gz
[2026-03-11] 频道: 278 | 数据源: http://e.erw.cc/all.xml.gz
[2026-03-12] 频道: 278 | 数据源: http://e.erw.cc/all.xml.gz
[2026-03-13] 频道: 278 | 数据源: http://e.erw.cc/all.xml.gz
[2026-03-14] 频道: 278 | 数据源: http://e.erw.cc/all.xml.gz
[2026-03-08] 频道: 279 | 数据源: http://e.erw.cc/all.xml.gz
[2026-03-09] 频道: 279 | 数据源: http://e.erw.cc/all.xml.gz
[2026-03-10] 频道: 279 | 数据源: http://e.erw.cc/all.xml.gz
[2026-03-11] 频道: 279 | 数据源: http://e.erw.cc/all.xml.gz
[2026-03-12] 频道: 279 | 数据源: http://e.erw.cc/all.xml.gz
[2026-03-13] 频道: 279 | 数据源: http://e.erw.cc/all.xml.gz
[2026-03-14] 频道: 279 | 数据源: http://e.erw.cc/all.xml.gz
[2026-03-15] 频道: 279 | 数据源: http://epg.51zmt.top:8000/e1.xml.gz
[2026-03-08] 频道: 280 | 数据源: http://e.erw.cc/all.xml.gz
[2026-03-09] 频道: 280 | 数据源: http://e.erw.cc/all.xml.gz
[2026-03-10] 频道: 280 | 数据源: http://e.erw.cc/all.xml.gz
[2026-03-11] 频道: 280 | 数据源: http://e.erw.cc/all.xml.gz
[2026-03-12] 频道: 280 | 数据源: http://e.erw.cc/all.xml.gz
[2026-03-13] 频道: 280 | 数据源: http://e.erw.cc/all.xml.gz
[2026-03-14] 频道: 280 | 数据源: http://e.erw.cc/all.xml.gz
[2026-03-15] 频道: 280 | 数据源: http://epg.51zmt.top:8000/e1.xml.gz
[2026-03-08] 频道: 281 | 数据源: http://e.erw.cc/all.xml.gz
[2026-03-09] 频道: 281 | 数据源: http://e.erw.cc/all.xml.gz
[2026-03-10] 频道: 281 | 数据源: http://e.erw.cc/all.xml.gz
[2026-03-11] 频道: 281 | 数据源: http://e.erw.cc/all.xml.gz
[2026-03-12] 频道: 281 | 数据源: http://e.erw.cc/all.xml.gz
[2026-03-13] 频道: 281 | 数据源: http://e.erw.cc/all.xml.gz
[2026-03-14] 频道: 281 | 数据源: http://e.erw.cc/all.xml.gz
[2026-03-15] 频道: 281 | 数据源: http://epg.51zmt.top:8000/e1.xml.gz
[2026-03-06] 频道: 282 | 数据源: https://github.com/plsy1/epg/raw/refs/heads/main/e/seven-days.xml.gz
[2026-03-07] 频道: 282 | 数据源: https://github.com/plsy1/epg/raw/refs/heads/main/e/seven-days.xml.gz
[2026-03-08] 频道: 282 | 数据源: https://github.com/plsy1/epg/raw/refs/heads/main/e/seven-days.xml.gz
[2026-03-09] 频道: 282 | 数据源: https://github.com/plsy1/epg/raw/refs/heads/main/e/seven-days.xml.gz
[2026-03-10] 频道: 282 | 数据源: https://github.com/plsy1/epg/raw/refs/heads/main/e/seven-days.xml.gz
[2026-03-11] 频道: 282 | 数据源: https://github.com/plsy1/epg/raw/refs/heads/main/e/seven-days.xml.gz
[2026-03-12] 频道: 282 | 数据源: https://github.com/plsy1/epg/raw/refs/heads/main/e/seven-days.xml.gz
[2026-03-13] 频道: 282 | 数据源: https://github.com/plsy1/epg/raw/refs/heads/main/e/seven-days.xml.gz
[2026-03-14] 频道: 282 | 数据源: https://github.com/plsy1/epg/raw/refs/heads/main/e/seven-days.xml.gz
[2026-03-15] 频道: 282 | 数据源: https://github.com/plsy1/epg/raw/refs/heads/main/e/seven-days.xml.gz
[2026-03-08] 频道: 283 | 数据源: http://e.erw.cc/all.xml.gz
[2026-03-09] 频道: 283 | 数据源: http://e.erw.cc/all.xml.gz
[2026-03-10] 频道: 283 | 数据源: http://e.erw.cc/all.xml.gz
[2026-03-11] 频道: 283 | 数据源: http://e.erw.cc/all.xml.gz
[2026-03-12] 频道: 283 | 数据源: http://e.erw.cc/all.xml.gz
[2026-03-13] 频道: 283 | 数据源: http://e.erw.cc/all.xml.gz
[2026-03-14] 频道: 283 | 数据源: http://e.erw.cc/all.xml.gz
[2026-03-15] 频道: 283 | 数据源: http://epg.51zmt.top:8000/e1.xml.gz
[2026-03-08] 频道: 284 | 数据源: http://e.erw.cc/all.xml.gz
[2026-03-09] 频道: 284 | 数据源: http://e.erw.cc/all.xml.gz
[2026-03-10] 频道: 284 | 数据源: http://e.erw.cc/all.xml.gz
[2026-03-11] 频道: 284 | 数据源: http://e.erw.cc/all.xml.gz
[2026-03-12] 频道: 284 | 数据源: http://e.erw.cc/all.xml.gz
[2026-03-13] 频道: 284 | 数据源: http://e.erw.cc/all.xml.gz
[2026-03-14] 频道: 284 | 数据源: http://e.erw.cc/all.xml.gz
[2026-03-08] 频道: 285 | 数据源: http://e.erw.cc/all.xml.gz
[2026-03-09] 频道: 285 | 数据源: http://e.erw.cc/all.xml.gz
[2026-03-10] 频道: 285 | 数据源: http://e.erw.cc/all.xml.gz
[2026-03-11] 频道: 285 | 数据源: http://e.erw.cc/all.xml.gz
[2026-03-12] 频道: 285 | 数据源: http://e.erw.cc/all.xml.gz
[2026-03-13] 频道: 285 | 数据源: http://e.erw.cc/all.xml.gz
[2026-03-14] 频道: 285 | 数据源: http://e.erw.cc/all.xml.gz
[2026-03-08] 频道: 286 | 数据源: http://e.erw.cc/all.xml.gz
[2026-03-09] 频道: 286 | 数据源: http://e.erw.cc/all.xml.gz
[2026-03-10] 频道: 286 | 数据源: http://e.erw.cc/all.xml.gz
[2026-03-11] 频道: 286 | 数据源: http://e.erw.cc/all.xml.gz
[2026-03-12] 频道: 286 | 数据源: http://e.erw.cc/all.xml.gz
[2026-03-13] 频道: 286 | 数据源: http://e.erw.cc/all.xml.gz
[2026-03-14] 频道: 286 | 数据源: http://e.erw.cc/all.xml.gz
[2026-03-15] 频道: 286 | 数据源: http://epg.51zmt.top:8000/e1.xml.gz
[2026-03-08] 频道: 287 | 数据源: http://e.erw.cc/all.xml.gz
[2026-03-09] 频道: 287 | 数据源: http://e.erw.cc/all.xml.gz
[2026-03-10] 频道: 287 | 数据源: http://e.erw.cc/all.xml.gz
[2026-03-11] 频道: 287 | 数据源: http://e.erw.cc/all.xml.gz
[2026-03-12] 频道: 287 | 数据源: http://e.erw.cc/all.xml.gz
[2026-03-13] 频道: 287 | 数据源: http://e.erw.cc/all.xml.gz
[2026-03-14] 频道: 287 | 数据源: http://e.erw.cc/all.xml.gz
[2026-03-15] 频道: 287 | 数据源: http://epg.51zmt.top:8000/e1.xml.gz
[2026-03-08] 频道: 288 | 数据源: http://e.erw.cc/all.xml.gz
[2026-03-09] 频道: 288 | 数据源: http://e.erw.cc/all.xml.gz
[2026-03-10] 频道: 288 | 数据源: http://e.erw.cc/all.xml.gz
[2026-03-11] 频道: 288 | 数据源: http://e.erw.cc/all.xml.gz
[2026-03-12] 频道: 288 | 数据源: http://e.erw.cc/all.xml.gz
[2026-03-13] 频道: 288 | 数据源: http://e.erw.cc/all.xml.gz
[2026-03-14] 频道: 288 | 数据源: http://e.erw.cc/all.xml.gz
[2026-03-15] 频道: 288 | 数据源: http://epg.51zmt.top:8000/e1.xml.gz
[2026-03-08] 频道: 289 | 数据源: http://e.erw.cc/all.xml.gz
[2026-03-09] 频道: 289 | 数据源: https://github.com/litiande03/epg/raw/refs/heads/master/pl.xml.gz
[2026-03-10] 频道: 289 | 数据源: https://github.com/litiande03/epg/raw/refs/heads/master/pl.xml.gz
[2026-03-11] 频道: 289 | 数据源: https://github.com/litiande03/epg/raw/refs/heads/master/pl.xml.gz
[2026-03-12] 频道: 289 | 数据源: https://github.com/litiande03/epg/raw/refs/heads/master/pl.xml.gz
[2026-03-13] 频道: 289 | 数据源: https://github.com/litiande03/epg/raw/refs/heads/master/pl.xml.gz
[2026-03-14] 频道: 289 | 数据源: https://github.com/litiande03/epg/raw/refs/heads/master/pl.xml.gz
[2026-03-15] 频道: 289 | 数据源: http://epg.51zmt.top:8000/e1.xml.gz
[2026-03-08] 频道: 290 | 数据源: http://e.erw.cc/all.xml.gz
[2026-03-09] 频道: 290 | 数据源: http://e.erw.cc/all.xml.gz
[2026-03-10] 频道: 290 | 数据源: http://e.erw.cc/all.xml.gz
[2026-03-11] 频道: 290 | 数据源: http://e.erw.cc/all.xml.gz
[2026-03-12] 频道: 290 | 数据源: http://e.erw.cc/all.xml.gz
[2026-03-13] 频道: 290 | 数据源: http://e.erw.cc/all.xml.gz
[2026-03-14] 频道: 290 | 数据源: http://e.erw.cc/all.xml.gz
[2026-03-15] 频道: 290 | 数据源: http://epg.51zmt.top:8000/e1.xml.gz
[2026-03-08] 频道: 291 | 数据源: http://e.erw.cc/all.xml.gz
[2026-03-09] 频道: 291 | 数据源: http://e.erw.cc/all.xml.gz
[2026-03-10] 频道: 291 | 数据源: http://e.erw.cc/all.xml.gz
[2026-03-11] 频道: 291 | 数据源: http://e.erw.cc/all.xml.gz
[2026-03-12] 频道: 291 | 数据源: http://e.erw.cc/all.xml.gz
[2026-03-13] 频道: 291 | 数据源: http://e.erw.cc/all.xml.gz
[2026-03-14] 频道: 291 | 数据源: http://e.erw.cc/all.xml.gz
[2026-03-15] 频道: 291 | 数据源: http://epg.51zmt.top:8000/e1.xml.gz
[2026-03-08] 频道: 292 | 数据源: http://e.erw.cc/all.xml.gz
[2026-03-09] 频道: 292 | 数据源: http://e.erw.cc/all.xml.gz
[2026-03-10] 频道: 292 | 数据源: http://e.erw.cc/all.xml.gz
[2026-03-11] 频道: 292 | 数据源: http://e.erw.cc/all.xml.gz
[2026-03-12] 频道: 292 | 数据源: http://e.erw.cc/all.xml.gz
[2026-03-13] 频道: 292 | 数据源: http://e.erw.cc/all.xml.gz
[2026-03-14] 频道: 292 | 数据源: http://e.erw.cc/all.xml.gz
[2026-03-15] 频道: 292 | 数据源: http://epg.51zmt.top:8000/e1.xml.gz
[2026-03-08] 频道: 293 | 数据源: http://e.erw.cc/all.xml.gz
[2026-03-09] 频道: 293 | 数据源: http://e.erw.cc/all.xml.gz
[2026-03-10] 频道: 293 | 数据源: http://e.erw.cc/all.xml.gz
[2026-03-11] 频道: 293 | 数据源: http://e.erw.cc/all.xml.gz
[2026-03-12] 频道: 293 | 数据源: http://e.erw.cc/all.xml.gz
[2026-03-13] 频道: 293 | 数据源: http://e.erw.cc/all.xml.gz
[2026-03-14] 频道: 293 | 数据源: http://e.erw.cc/all.xml.gz
[2026-03-15] 频道: 293 | 数据源: http://epg.51zmt.top:8000/e1.xml.gz
[2026-03-08] 频道: 294 | 数据源: http://e.erw.cc/all.xml.gz
[2026-03-09] 频道: 294 | 数据源: http://e.erw.cc/all.xml.gz
[2026-03-10] 频道: 294 | 数据源: http://e.erw.cc/all.xml.gz
[2026-03-11] 频道: 294 | 数据源: http://e.erw.cc/all.xml.gz
[2026-03-12] 频道: 294 | 数据源: http://e.erw.cc/all.xml.gz
[2026-03-13] 频道: 294 | 数据源: http://e.erw.cc/all.xml.gz
[2026-03-14] 频道: 294 | 数据源: http://e.erw.cc/all.xml.gz
[2026-03-15] 频道: 294 | 数据源: http://epg.51zmt.top:8000/e1.xml.gz
[2026-03-08] 频道: 295 | 数据源: http://e.erw.cc/all.xml.gz
[2026-03-09] 频道: 295 | 数据源: http://e.erw.cc/all.xml.gz
[2026-03-10] 频道: 295 | 数据源: http://e.erw.cc/all.xml.gz
[2026-03-11] 频道: 295 | 数据源: http://e.erw.cc/all.xml.gz
[2026-03-12] 频道: 295 | 数据源: http://e.erw.cc/all.xml.gz
[2026-03-13] 频道: 295 | 数据源: http://e.erw.cc/all.xml.gz
[2026-03-14] 频道: 295 | 数据源: http://e.erw.cc/all.xml.gz
[2026-03-15] 频道: 295 | 数据源: http://epg.51zmt.top:8000/e1.xml.gz
[2026-03-08] 频道: 296 | 数据源: http://e.erw.cc/all.xml.gz
[2026-03-09] 频道: 296 | 数据源: http://e.erw.cc/all.xml.gz
[2026-03-10] 频道: 296 | 数据源: http://e.erw.cc/all.xml.gz
[2026-03-11] 频道: 296 | 数据源: http://e.erw.cc/all.xml.gz
[2026-03-12] 频道: 296 | 数据源: http://e.erw.cc/all.xml.gz
[2026-03-13] 频道: 296 | 数据源: http://e.erw.cc/all.xml.gz
[2026-03-14] 频道: 296 | 数据源: http://e.erw.cc/all.xml.gz
[2026-03-15] 频道: 296 | 数据源: http://epg.51zmt.top:8000/e1.xml.gz
[2026-03-08] 频道: 297 | 数据源: http://e.erw.cc/all.xml.gz
[2026-03-09] 频道: 297 | 数据源: http://e.erw.cc/all.xml.gz
[2026-03-10] 频道: 297 | 数据源: http://e.erw.cc/all.xml.gz
[2026-03-11] 频道: 297 | 数据源: http://e.erw.cc/all.xml.gz
[2026-03-12] 频道: 297 | 数据源: http://e.erw.cc/all.xml.gz
[2026-03-13] 频道: 297 | 数据源: http://e.erw.cc/all.xml.gz
[2026-03-14] 频道: 297 | 数据源: http://e.erw.cc/all.xml.gz
[2026-03-15] 频道: 297 | 数据源: http://epg.51zmt.top:8000/e1.xml.gz
[2026-03-08] 频道: 298 | 数据源: http://e.erw.cc/all.xml.gz
[2026-03-09] 频道: 298 | 数据源: http://e.erw.cc/all.xml.gz
[2026-03-10] 频道: 298 | 数据源: http://e.erw.cc/all.xml.gz
[2026-03-11] 频道: 298 | 数据源: http://e.erw.cc/all.xml.gz
[2026-03-12] 频道: 298 | 数据源: http://e.erw.cc/all.xml.gz
[2026-03-13] 频道: 298 | 数据源: http://e.erw.cc/all.xml.gz
[2026-03-14] 频道: 298 | 数据源: http://e.erw.cc/all.xml.gz
[2026-03-08] 频道: 299 | 数据源: http://e.erw.cc/all.xml.gz
[2026-03-09] 频道: 299 | 数据源: http://e.erw.cc/all.xml.gz
[2026-03-10] 频道: 299 | 数据源: http://e.erw.cc/all.xml.gz
[2026-03-11] 频道: 299 | 数据源: http://e.erw.cc/all.xml.gz
[2026-03-12] 频道: 299 | 数据源: http://e.erw.cc/all.xml.gz
[2026-03-13] 频道: 299 | 数据源: http://e.erw.cc/all.xml.gz
[2026-03-14] 频道: 299 | 数据源: http://e.erw.cc/all.xml.gz
[2026-03-08] 频道: 300 | 数据源: http://e.erw.cc/all.xml.gz
[2026-03-09] 频道: 300 | 数据源: http://e.erw.cc/all.xml.gz
[2026-03-10] 频道: 300 | 数据源: http://e.erw.cc/all.xml.gz
[2026-03-11] 频道: 300 | 数据源: http://e.erw.cc/all.xml.gz
[2026-03-12] 频道: 300 | 数据源: http://e.erw.cc/all.xml.gz
[2026-03-13] 频道: 300 | 数据源: http://e.erw.cc/all.xml.gz
[2026-03-14] 频道: 300 | 数据源: http://e.erw.cc/all.xml.gz
[2026-03-08] 频道: 301 | 数据源: http://e.erw.cc/all.xml.gz
[2026-03-09] 频道: 301 | 数据源: http://e.erw.cc/all.xml.gz
[2026-03-10] 频道: 301 | 数据源: http://e.erw.cc/all.xml.gz
[2026-03-11] 频道: 301 | 数据源: http://e.erw.cc/all.xml.gz
[2026-03-12] 频道: 301 | 数据源: http://e.erw.cc/all.xml.gz
[2026-03-13] 频道: 301 | 数据源: http://e.erw.cc/all.xml.gz
[2026-03-14] 频道: 301 | 数据源: http://e.erw.cc/all.xml.gz
[2026-03-15] 频道: 301 | 数据源: http://epg.51zmt.top:8000/e1.xml.gz
[2026-03-08] 频道: 302 | 数据源: http://e.erw.cc/all.xml.gz
[2026-03-09] 频道: 302 | 数据源: http://e.erw.cc/all.xml.gz
[2026-03-10] 频道: 302 | 数据源: http://e.erw.cc/all.xml.gz
[2026-03-11] 频道: 302 | 数据源: http://e.erw.cc/all.xml.gz
[2026-03-12] 频道: 302 | 数据源: http://e.erw.cc/all.xml.gz
[2026-03-13] 频道: 302 | 数据源: http://e.erw.cc/all.xml.gz
[2026-03-14] 频道: 302 | 数据源: http://e.erw.cc/all.xml.gz
[2026-03-15] 频道: 302 | 数据源: http://epg.51zmt.top:8000/e1.xml.gz
[2026-03-08] 频道: 303 | 数据源: http://e.erw.cc/all.xml.gz
[2026-03-09] 频道: 303 | 数据源: http://e.erw.cc/all.xml.gz
[2026-03-10] 频道: 303 | 数据源: http://e.erw.cc/all.xml.gz
[2026-03-11] 频道: 303 | 数据源: http://e.erw.cc/all.xml.gz
[2026-03-12] 频道: 303 | 数据源: http://e.erw.cc/all.xml.gz
[2026-03-13] 频道: 303 | 数据源: http://e.erw.cc/all.xml.gz
[2026-03-14] 频道: 303 | 数据源: http://e.erw.cc/all.xml.gz
[2026-03-08] 频道: 304 | 数据源: http://e.erw.cc/all.xml.gz
[2026-03-09] 频道: 304 | 数据源: http://e.erw.cc/all.xml.gz
[2026-03-10] 频道: 304 | 数据源: http://e.erw.cc/all.xml.gz
[2026-03-11] 频道: 304 | 数据源: http://e.erw.cc/all.xml.gz
[2026-03-12] 频道: 304 | 数据源: http://e.erw.cc/all.xml.gz
[2026-03-13] 频道: 304 | 数据源: http://e.erw.cc/all.xml.gz
[2026-03-14] 频道: 304 | 数据源: http://epg.51zmt.top:8000/e1.xml.gz
[2026-03-15] 频道: 304 | 数据源: http://epg.51zmt.top:8000/e1.xml.gz
[2026-03-08] 频道: 305 | 数据源: http://e.erw.cc/all.xml.gz
[2026-03-09] 频道: 305 | 数据源: http://e.erw.cc/all.xml.gz
[2026-03-10] 频道: 305 | 数据源: http://e.erw.cc/all.xml.gz
[2026-03-11] 频道: 305 | 数据源: http://e.erw.cc/all.xml.gz
[2026-03-12] 频道: 305 | 数据源: http://e.erw.cc/all.xml.gz
[2026-03-13] 频道: 305 | 数据源: http://e.erw.cc/all.xml.gz
[2026-03-14] 频道: 305 | 数据源: http://e.erw.cc/all.xml.gz
[2026-03-15] 频道: 305 | 数据源: http://epg.51zmt.top:8000/e1.xml.gz
[2026-03-08] 频道: 306 | 数据源: http://e.erw.cc/all.xml.gz
[2026-03-09] 频道: 306 | 数据源: http://e.erw.cc/all.xml.gz
[2026-03-10] 频道: 306 | 数据源: http://e.erw.cc/all.xml.gz
[2026-03-11] 频道: 306 | 数据源: http://e.erw.cc/all.xml.gz
[2026-03-12] 频道: 306 | 数据源: http://e.erw.cc/all.xml.gz
[2026-03-13] 频道: 306 | 数据源: http://e.erw.cc/all.xml.gz
[2026-03-14] 频道: 306 | 数据源: http://e.erw.cc/all.xml.gz
[2026-03-15] 频道: 306 | 数据源: http://epg.51zmt.top:8000/e1.xml.gz
[2026-03-08] 频道: 307 | 数据源: http://e.erw.cc/all.xml.gz
[2026-03-09] 频道: 307 | 数据源: http://e.erw.cc/all.xml.gz
[2026-03-10] 频道: 307 | 数据源: http://e.erw.cc/all.xml.gz
[2026-03-11] 频道: 307 | 数据源: http://e.erw.cc/all.xml.gz
[2026-03-12] 频道: 307 | 数据源: http://e.erw.cc/all.xml.gz
[2026-03-13] 频道: 307 | 数据源: http://e.erw.cc/all.xml.gz
[2026-03-14] 频道: 307 | 数据源: http://e.erw.cc/all.xml.gz
[2026-03-08] 频道: 308 | 数据源: http://e.erw.cc/all.xml.gz
[2026-03-09] 频道: 308 | 数据源: http://e.erw.cc/all.xml.gz
[2026-03-10] 频道: 308 | 数据源: http://e.erw.cc/all.xml.gz
[2026-03-11] 频道: 308 | 数据源: http://e.erw.cc/all.xml.gz
[2026-03-12] 频道: 308 | 数据源: http://e.erw.cc/all.xml.gz
[2026-03-13] 频道: 308 | 数据源: http://e.erw.cc/all.xml.gz
[2026-03-14] 频道: 308 | 数据源: http://e.erw.cc/all.xml.gz
[2026-03-08] 频道: 309 | 数据源: http://e.erw.cc/all.xml.gz
[2026-03-09] 频道: 309 | 数据源: http://e.erw.cc/all.xml.gz
[2026-03-10] 频道: 309 | 数据源: http://e.erw.cc/all.xml.gz
[2026-03-11] 频道: 309 | 数据源: http://e.erw.cc/all.xml.gz
[2026-03-12] 频道: 309 | 数据源: http://e.erw.cc/all.xml.gz
[2026-03-13] 频道: 309 | 数据源: http://e.erw.cc/all.xml.gz
[2026-03-14] 频道: 309 | 数据源: http://e.erw.cc/all.xml.gz
[2026-03-08] 频道: 310 | 数据源: http://e.erw.cc/all.xml.gz
[2026-03-09] 频道: 310 | 数据源: http://e.erw.cc/all.xml.gz
[2026-03-10] 频道: 310 | 数据源: http://e.erw.cc/all.xml.gz
[2026-03-11] 频道: 310 | 数据源: http://e.erw.cc/all.xml.gz
[2026-03-12] 频道: 310 | 数据源: http://e.erw.cc/all.xml.gz
[2026-03-13] 频道: 310 | 数据源: http://e.erw.cc/all.xml.gz
[2026-03-14] 频道: 310 | 数据源: http://e.erw.cc/all.xml.gz
[2026-03-08] 频道: 311 | 数据源: http://e.erw.cc/all.xml.gz
[2026-03-09] 频道: 311 | 数据源: http://e.erw.cc/all.xml.gz
[2026-03-10] 频道: 311 | 数据源: http://e.erw.cc/all.xml.gz
[2026-03-11] 频道: 311 | 数据源: http://e.erw.cc/all.xml.gz
[2026-03-12] 频道: 311 | 数据源: http://e.erw.cc/all.xml.gz
[2026-03-13] 频道: 311 | 数据源: http://e.erw.cc/all.xml.gz
[2026-03-14] 频道: 311 | 数据源: http://e.erw.cc/all.xml.gz
[2026-03-08] 频道: 312 | 数据源: http://e.erw.cc/all.xml.gz
[2026-03-09] 频道: 312 | 数据源: http://e.erw.cc/all.xml.gz
[2026-03-10] 频道: 312 | 数据源: http://e.erw.cc/all.xml.gz
[2026-03-11] 频道: 312 | 数据源: http://e.erw.cc/all.xml.gz
[2026-03-12] 频道: 312 | 数据源: http://e.erw.cc/all.xml.gz
[2026-03-13] 频道: 312 | 数据源: http://e.erw.cc/all.xml.gz
[2026-03-14] 频道: 312 | 数据源: http://e.erw.cc/all.xml.gz
[2026-03-08] 频道: 313 | 数据源: http://e.erw.cc/all.xml.gz
[2026-03-09] 频道: 313 | 数据源: http://e.erw.cc/all.xml.gz
[2026-03-10] 频道: 313 | 数据源: http://e.erw.cc/all.xml.gz
[2026-03-11] 频道: 313 | 数据源: http://e.erw.cc/all.xml.gz
[2026-03-12] 频道: 313 | 数据源: http://e.erw.cc/all.xml.gz
[2026-03-13] 频道: 313 | 数据源: http://e.erw.cc/all.xml.gz
[2026-03-14] 频道: 313 | 数据源: http://e.erw.cc/all.xml.gz
[2026-03-08] 频道: 314 | 数据源: http://e.erw.cc/all.xml.gz
[2026-03-09] 频道: 314 | 数据源: http://e.erw.cc/all.xml.gz
[2026-03-10] 频道: 314 | 数据源: http://e.erw.cc/all.xml.gz
[2026-03-11] 频道: 314 | 数据源: http://e.erw.cc/all.xml.gz
[2026-03-12] 频道: 314 | 数据源: http://e.erw.cc/all.xml.gz
[2026-03-13] 频道: 314 | 数据源: http://e.erw.cc/all.xml.gz
[2026-03-14] 频道: 314 | 数据源: http://e.erw.cc/all.xml.gz
[2026-03-08] 频道: 315 | 数据源: http://e.erw.cc/all.xml.gz
[2026-03-09] 频道: 315 | 数据源: http://e.erw.cc/all.xml.gz
[2026-03-10] 频道: 315 | 数据源: http://e.erw.cc/all.xml.gz
[2026-03-11] 频道: 315 | 数据源: http://e.erw.cc/all.xml.gz
[2026-03-12] 频道: 315 | 数据源: http://e.erw.cc/all.xml.gz
[2026-03-13] 频道: 315 | 数据源: http://e.erw.cc/all.xml.gz
[2026-03-14] 频道: 315 | 数据源: http://e.erw.cc/all.xml.gz
[2026-03-08] 频道: 316 | 数据源: http://e.erw.cc/all.xml.gz
[2026-03-09] 频道: 316 | 数据源: http://e.erw.cc/all.xml.gz
[2026-03-10] 频道: 316 | 数据源: http://e.erw.cc/all.xml.gz
[2026-03-11] 频道: 316 | 数据源: http://e.erw.cc/all.xml.gz
[2026-03-12] 频道: 316 | 数据源: http://e.erw.cc/all.xml.gz
[2026-03-13] 频道: 316 | 数据源: http://e.erw.cc/all.xml.gz
[2026-03-14] 频道: 316 | 数据源: http://e.erw.cc/all.xml.gz
[2026-03-08] 频道: 317 | 数据源: http://e.erw.cc/all.xml.gz
[2026-03-09] 频道: 317 | 数据源: http://e.erw.cc/all.xml.gz
[2026-03-10] 频道: 317 | 数据源: http://e.erw.cc/all.xml.gz
[2026-03-11] 频道: 317 | 数据源: http://e.erw.cc/all.xml.gz
[2026-03-12] 频道: 317 | 数据源: http://e.erw.cc/all.xml.gz
[2026-03-13] 频道: 317 | 数据源: http://e.erw.cc/all.xml.gz
[2026-03-14] 频道: 317 | 数据源: http://e.erw.cc/all.xml.gz
[2026-03-08] 频道: 318 | 数据源: http://e.erw.cc/all.xml.gz
[2026-03-09] 频道: 318 | 数据源: http://e.erw.cc/all.xml.gz
[2026-03-10] 频道: 318 | 数据源: http://e.erw.cc/all.xml.gz
[2026-03-11] 频道: 318 | 数据源: http://e.erw.cc/all.xml.gz
[2026-03-12] 频道: 318 | 数据源: http://e.erw.cc/all.xml.gz
[2026-03-13] 频道: 318 | 数据源: http://e.erw.cc/all.xml.gz
[2026-03-14] 频道: 318 | 数据源: http://e.erw.cc/all.xml.gz
[2026-03-08] 频道: 319 | 数据源: http://e.erw.cc/all.xml.gz
[2026-03-09] 频道: 319 | 数据源: http://e.erw.cc/all.xml.gz
[2026-03-10] 频道: 319 | 数据源: http://e.erw.cc/all.xml.gz
[2026-03-11] 频道: 319 | 数据源: http://e.erw.cc/all.xml.gz
[2026-03-12] 频道: 319 | 数据源: http://e.erw.cc/all.xml.gz
[2026-03-13] 频道: 319 | 数据源: http://e.erw.cc/all.xml.gz
[2026-03-14] 频道: 319 | 数据源: http://epg.51zmt.top:8000/e1.xml.gz
[2026-03-15] 频道: 319 | 数据源: http://epg.51zmt.top:8000/e1.xml.gz
[2026-03-16] 频道: 319 | 数据源: https://github.com/litiande03/epg/raw/refs/heads/master/pl.xml.gz
[2026-03-07] 频道: 320 | 数据源: https://github.com/zzzz0317/beijing-unicom-iptv-playlist/raw/refs/heads/main/epg.xml
[2026-03-08] 频道: 320 | 数据源: http://e.erw.cc/all.xml.gz
[2026-03-09] 频道: 320 | 数据源: http://e.erw.cc/all.xml.gz
[2026-03-10] 频道: 320 | 数据源: http://e.erw.cc/all.xml.gz
[2026-03-11] 频道: 320 | 数据源: http://e.erw.cc/all.xml.gz
[2026-03-12] 频道: 320 | 数据源: http://e.erw.cc/all.xml.gz
[2026-03-13] 频道: 320 | 数据源: http://e.erw.cc/all.xml.gz
[2026-03-14] 频道: 320 | 数据源: http://e.erw.cc/all.xml.gz
[2026-03-15] 频道: 320 | 数据源: https://github.com/zzzz0317/beijing-unicom-iptv-playlist/raw/refs/heads/main/epg.xml
[2026-03-16] 频道: 320 | 数据源: https://github.com/zzzz0317/beijing-unicom-iptv-playlist/raw/refs/heads/main/epg.xml
[2026-03-17] 频道: 320 | 数据源: https://github.com/zzzz0317/beijing-unicom-iptv-playlist/raw/refs/heads/main/epg.xml
[2026-03-18] 频道: 320 | 数据源: https://github.com/zzzz0317/beijing-unicom-iptv-playlist/raw/refs/heads/main/epg.xml
[2026-03-19] 频道: 320 | 数据源: https://github.com/zzzz0317/beijing-unicom-iptv-playlist/raw/refs/heads/main/epg.xml
[2026-03-20] 频道: 320 | 数据源: https://github.com/zzzz0317/beijing-unicom-iptv-playlist/raw/refs/heads/main/epg.xml
[2026-03-21] 频道: 320 | 数据源: https://github.com/zzzz0317/beijing-unicom-iptv-playlist/raw/refs/heads/main/epg.xml
[2026-03-07] 频道: 321 | 数据源: https://github.com/zzzz0317/beijing-unicom-iptv-playlist/raw/refs/heads/main/epg.xml
[2026-03-08] 频道: 321 | 数据源: http://e.erw.cc/all.xml.gz
[2026-03-09] 频道: 321 | 数据源: http://e.erw.cc/all.xml.gz
[2026-03-10] 频道: 321 | 数据源: http://e.erw.cc/all.xml.gz
[2026-03-11] 频道: 321 | 数据源: http://e.erw.cc/all.xml.gz
[2026-03-12] 频道: 321 | 数据源: http://e.erw.cc/all.xml.gz
[2026-03-13] 频道: 321 | 数据源: http://e.erw.cc/all.xml.gz
[2026-03-14] 频道: 321 | 数据源: http://e.erw.cc/all.xml.gz
[2026-03-15] 频道: 321 | 数据源: https://github.com/zzzz0317/beijing-unicom-iptv-playlist/raw/refs/heads/main/epg.xml
[2026-03-16] 频道: 321 | 数据源: https://github.com/zzzz0317/beijing-unicom-iptv-playlist/raw/refs/heads/main/epg.xml
[2026-03-17] 频道: 321 | 数据源: https://github.com/zzzz0317/beijing-unicom-iptv-playlist/raw/refs/heads/main/epg.xml
[2026-03-18] 频道: 321 | 数据源: https://github.com/zzzz0317/beijing-unicom-iptv-playlist/raw/refs/heads/main/epg.xml
[2026-03-19] 频道: 321 | 数据源: https://github.com/zzzz0317/beijing-unicom-iptv-playlist/raw/refs/heads/main/epg.xml
[2026-03-20] 频道: 321 | 数据源: https://github.com/zzzz0317/beijing-unicom-iptv-playlist/raw/refs/heads/main/epg.xml
[2026-03-21] 频道: 321 | 数据源: https://github.com/zzzz0317/beijing-unicom-iptv-playlist/raw/refs/heads/main/epg.xml
[2026-03-08] 频道: 322 | 数据源: http://e.erw.cc/all.xml.gz
[2026-03-09] 频道: 322 | 数据源: http://e.erw.cc/all.xml.gz
[2026-03-10] 频道: 322 | 数据源: http://e.erw.cc/all.xml.gz
[2026-03-11] 频道: 322 | 数据源: http://e.erw.cc/all.xml.gz
[2026-03-12] 频道: 322 | 数据源: http://e.erw.cc/all.xml.gz
[2026-03-13] 频道: 322 | 数据源: http://e.erw.cc/all.xml.gz
[2026-03-14] 频道: 322 | 数据源: http://e.erw.cc/all.xml.gz
[2026-03-15] 频道: 322 | 数据源: http://epg.51zmt.top:8000/e1.xml.gz
[2026-03-08] 频道: 323 | 数据源: http://e.erw.cc/all.xml.gz
[2026-03-09] 频道: 323 | 数据源: http://e.erw.cc/all.xml.gz
[2026-03-10] 频道: 323 | 数据源: http://e.erw.cc/all.xml.gz
[2026-03-11] 频道: 323 | 数据源: http://e.erw.cc/all.xml.gz
[2026-03-12] 频道: 323 | 数据源: http://e.erw.cc/all.xml.gz
[2026-03-13] 频道: 323 | 数据源: http://e.erw.cc/all.xml.gz
[2026-03-14] 频道: 323 | 数据源: http://e.erw.cc/all.xml.gz
[2026-03-08] 频道: 324 | 数据源: http://e.erw.cc/all.xml.gz
[2026-03-09] 频道: 324 | 数据源: http://e.erw.cc/all.xml.gz
[2026-03-10] 频道: 324 | 数据源: http://e.erw.cc/all.xml.gz
[2026-03-11] 频道: 324 | 数据源: http://e.erw.cc/all.xml.gz
[2026-03-12] 频道: 324 | 数据源: http://e.erw.cc/all.xml.gz
[2026-03-13] 频道: 324 | 数据源: http://e.erw.cc/all.xml.gz
[2026-03-14] 频道: 324 | 数据源: http://e.erw.cc/all.xml.gz
[2026-03-15] 频道: 324 | 数据源: http://epg.51zmt.top:8000/e1.xml.gz
[2026-03-08] 频道: 325 | 数据源: http://e.erw.cc/all.xml.gz
[2026-03-09] 频道: 325 | 数据源: http://e.erw.cc/all.xml.gz
[2026-03-10] 频道: 325 | 数据源: http://e.erw.cc/all.xml.gz
[2026-03-11] 频道: 325 | 数据源: http://e.erw.cc/all.xml.gz
[2026-03-12] 频道: 325 | 数据源: http://e.erw.cc/all.xml.gz
[2026-03-13] 频道: 325 | 数据源: http://e.erw.cc/all.xml.gz
[2026-03-14] 频道: 325 | 数据源: http://epg.51zmt.top:8000/e1.xml.gz
[2026-03-15] 频道: 325 | 数据源: http://epg.51zmt.top:8000/e1.xml.gz
[2026-03-08] 频道: 326 | 数据源: http://e.erw.cc/all.xml.gz
[2026-03-09] 频道: 326 | 数据源: http://e.erw.cc/all.xml.gz
[2026-03-10] 频道: 326 | 数据源: http://e.erw.cc/all.xml.gz
[2026-03-11] 频道: 326 | 数据源: http://e.erw.cc/all.xml.gz
[2026-03-12] 频道: 326 | 数据源: http://e.erw.cc/all.xml.gz
[2026-03-13] 频道: 326 | 数据源: http://e.erw.cc/all.xml.gz
[2026-03-14] 频道: 326 | 数据源: http://e.erw.cc/all.xml.gz
[2026-03-15] 频道: 326 | 数据源: http://epg.51zmt.top:8000/e1.xml.gz
[2026-03-08] 频道: 327 | 数据源: http://e.erw.cc/all.xml.gz
[2026-03-09] 频道: 327 | 数据源: http://e.erw.cc/all.xml.gz
[2026-03-10] 频道: 327 | 数据源: http://e.erw.cc/all.xml.gz
[2026-03-11] 频道: 327 | 数据源: http://e.erw.cc/all.xml.gz
[2026-03-12] 频道: 327 | 数据源: http://e.erw.cc/all.xml.gz
[2026-03-13] 频道: 327 | 数据源: http://e.erw.cc/all.xml.gz
[2026-03-14] 频道: 327 | 数据源: http://e.erw.cc/all.xml.gz
[2026-03-08] 频道: 328 | 数据源: http://e.erw.cc/all.xml.gz
[2026-03-09] 频道: 328 | 数据源: http://e.erw.cc/all.xml.gz
[2026-03-10] 频道: 328 | 数据源: http://e.erw.cc/all.xml.gz
[2026-03-11] 频道: 328 | 数据源: http://e.erw.cc/all.xml.gz
[2026-03-12] 频道: 328 | 数据源: http://e.erw.cc/all.xml.gz
[2026-03-13] 频道: 328 | 数据源: http://e.erw.cc/all.xml.gz
[2026-03-14] 频道: 328 | 数据源: https://github.com/litiande03/epg/raw/refs/heads/master/pl.xml.gz
[2026-03-15] 频道: 328 | 数据源: https://github.com/litiande03/epg/raw/refs/heads/master/pl.xml.gz
[2026-03-08] 频道: 329 | 数据源: http://e.erw.cc/all.xml.gz
[2026-03-09] 频道: 329 | 数据源: http://e.erw.cc/all.xml.gz
[2026-03-10] 频道: 329 | 数据源: http://e.erw.cc/all.xml.gz
[2026-03-11] 频道: 329 | 数据源: http://e.erw.cc/all.xml.gz
[2026-03-12] 频道: 329 | 数据源: http://e.erw.cc/all.xml.gz
[2026-03-13] 频道: 329 | 数据源: http://e.erw.cc/all.xml.gz
[2026-03-14] 频道: 329 | 数据源: http://e.erw.cc/all.xml.gz
[2026-03-08] 频道: 330 | 数据源: http://e.erw.cc/all.xml.gz
[2026-03-09] 频道: 330 | 数据源: http://e.erw.cc/all.xml.gz
[2026-03-10] 频道: 330 | 数据源: http://e.erw.cc/all.xml.gz
[2026-03-11] 频道: 330 | 数据源: http://e.erw.cc/all.xml.gz
[2026-03-12] 频道: 330 | 数据源: http://e.erw.cc/all.xml.gz
[2026-03-13] 频道: 330 | 数据源: http://e.erw.cc/all.xml.gz
[2026-03-14] 频道: 330 | 数据源: http://e.erw.cc/all.xml.gz
[2026-03-08] 频道: 331 | 数据源: http://e.erw.cc/all.xml.gz
[2026-03-09] 频道: 331 | 数据源: http://e.erw.cc/all.xml.gz
[2026-03-10] 频道: 331 | 数据源: http://e.erw.cc/all.xml.gz
[2026-03-11] 频道: 331 | 数据源: http://e.erw.cc/all.xml.gz
[2026-03-12] 频道: 331 | 数据源: http://e.erw.cc/all.xml.gz
[2026-03-13] 频道: 331 | 数据源: http://e.erw.cc/all.xml.gz
[2026-03-14] 频道: 331 | 数据源: http://e.erw.cc/all.xml.gz
[2026-03-15] 频道: 331 | 数据源: http://epg.51zmt.top:8000/e1.xml.gz
[2026-03-08] 频道: 332 | 数据源: http://e.erw.cc/all.xml.gz
[2026-03-09] 频道: 332 | 数据源: http://e.erw.cc/all.xml.gz
[2026-03-10] 频道: 332 | 数据源: http://e.erw.cc/all.xml.gz
[2026-03-11] 频道: 332 | 数据源: http://e.erw.cc/all.xml.gz
[2026-03-12] 频道: 332 | 数据源: http://e.erw.cc/all.xml.gz
[2026-03-13] 频道: 332 | 数据源: http://e.erw.cc/all.xml.gz
[2026-03-14] 频道: 332 | 数据源: http://e.erw.cc/all.xml.gz
[2026-03-08] 频道: 333 | 数据源: http://e.erw.cc/all.xml.gz
[2026-03-09] 频道: 333 | 数据源: http://e.erw.cc/all.xml.gz
[2026-03-10] 频道: 333 | 数据源: http://e.erw.cc/all.xml.gz
[2026-03-11] 频道: 333 | 数据源: http://e.erw.cc/all.xml.gz
[2026-03-12] 频道: 333 | 数据源: http://e.erw.cc/all.xml.gz
[2026-03-13] 频道: 333 | 数据源: http://e.erw.cc/all.xml.gz
[2026-03-14] 频道: 333 | 数据源: http://e.erw.cc/all.xml.gz
[2026-03-15] 频道: 333 | 数据源: http://epg.51zmt.top:8000/e1.xml.gz
[2026-03-08] 频道: 334 | 数据源: http://e.erw.cc/all.xml.gz
[2026-03-09] 频道: 334 | 数据源: http://e.erw.cc/all.xml.gz
[2026-03-10] 频道: 334 | 数据源: http://e.erw.cc/all.xml.gz
[2026-03-11] 频道: 334 | 数据源: http://e.erw.cc/all.xml.gz
[2026-03-12] 频道: 334 | 数据源: http://e.erw.cc/all.xml.gz
[2026-03-13] 频道: 334 | 数据源: http://e.erw.cc/all.xml.gz
[2026-03-14] 频道: 334 | 数据源: http://epg.51zmt.top:8000/e1.xml.gz
[2026-03-15] 频道: 334 | 数据源: http://epg.51zmt.top:8000/e1.xml.gz
[2026-03-08] 频道: 335 | 数据源: http://e.erw.cc/all.xml.gz
[2026-03-09] 频道: 335 | 数据源: http://e.erw.cc/all.xml.gz
[2026-03-10] 频道: 335 | 数据源: http://e.erw.cc/all.xml.gz
[2026-03-11] 频道: 335 | 数据源: http://e.erw.cc/all.xml.gz
[2026-03-12] 频道: 335 | 数据源: http://e.erw.cc/all.xml.gz
[2026-03-13] 频道: 335 | 数据源: http://e.erw.cc/all.xml.gz
[2026-03-14] 频道: 335 | 数据源: http://epg.51zmt.top:8000/e1.xml.gz
[2026-03-15] 频道: 335 | 数据源: http://epg.51zmt.top:8000/e1.xml.gz
[2026-03-08] 频道: 336 | 数据源: http://e.erw.cc/all.xml.gz
[2026-03-09] 频道: 336 | 数据源: http://e.erw.cc/all.xml.gz
[2026-03-10] 频道: 336 | 数据源: http://e.erw.cc/all.xml.gz
[2026-03-11] 频道: 336 | 数据源: http://e.erw.cc/all.xml.gz
[2026-03-12] 频道: 336 | 数据源: http://e.erw.cc/all.xml.gz
[2026-03-13] 频道: 336 | 数据源: http://e.erw.cc/all.xml.gz
[2026-03-14] 频道: 336 | 数据源: http://epg.51zmt.top:8000/e1.xml.gz
[2026-03-15] 频道: 336 | 数据源: http://epg.51zmt.top:8000/e1.xml.gz
[2026-03-08] 频道: 337 | 数据源: http://e.erw.cc/all.xml.gz
[2026-03-09] 频道: 337 | 数据源: http://e.erw.cc/all.xml.gz
[2026-03-10] 频道: 337 | 数据源: http://e.erw.cc/all.xml.gz
[2026-03-11] 频道: 337 | 数据源: http://e.erw.cc/all.xml.gz
[2026-03-12] 频道: 337 | 数据源: http://e.erw.cc/all.xml.gz
[2026-03-13] 频道: 337 | 数据源: http://e.erw.cc/all.xml.gz
[2026-03-14] 频道: 337 | 数据源: http://epg.51zmt.top:8000/e1.xml.gz
[2026-03-15] 频道: 337 | 数据源: http://epg.51zmt.top:8000/e1.xml.gz
[2026-03-08] 频道: 338 | 数据源: http://e.erw.cc/all.xml.gz
[2026-03-09] 频道: 338 | 数据源: http://e.erw.cc/all.xml.gz
[2026-03-10] 频道: 338 | 数据源: http://e.erw.cc/all.xml.gz
[2026-03-11] 频道: 338 | 数据源: http://e.erw.cc/all.xml.gz
[2026-03-12] 频道: 338 | 数据源: http://e.erw.cc/all.xml.gz
[2026-03-13] 频道: 338 | 数据源: http://e.erw.cc/all.xml.gz
[2026-03-14] 频道: 338 | 数据源: http://e.erw.cc/all.xml.gz
[2026-03-15] 频道: 338 | 数据源: http://epg.51zmt.top:8000/e1.xml.gz
[2026-03-08] 频道: 339 | 数据源: http://e.erw.cc/all.xml.gz
[2026-03-09] 频道: 339 | 数据源: http://e.erw.cc/all.xml.gz
[2026-03-10] 频道: 339 | 数据源: http://e.erw.cc/all.xml.gz
[2026-03-11] 频道: 339 | 数据源: http://e.erw.cc/all.xml.gz
[2026-03-12] 频道: 339 | 数据源: http://e.erw.cc/all.xml.gz
[2026-03-13] 频道: 339 | 数据源: http://e.erw.cc/all.xml.gz
[2026-03-14] 频道: 339 | 数据源: http://e.erw.cc/all.xml.gz
[2026-03-15] 频道: 339 | 数据源: http://epg.51zmt.top:8000/e1.xml.gz
[2026-03-08] 频道: 340 | 数据源: http://e.erw.cc/all.xml.gz
[2026-03-09] 频道: 340 | 数据源: http://e.erw.cc/all.xml.gz
[2026-03-10] 频道: 340 | 数据源: http://e.erw.cc/all.xml.gz
[2026-03-11] 频道: 340 | 数据源: http://e.erw.cc/all.xml.gz
[2026-03-12] 频道: 340 | 数据源: http://e.erw.cc/all.xml.gz
[2026-03-13] 频道: 340 | 数据源: http://e.erw.cc/all.xml.gz
[2026-03-14] 频道: 340 | 数据源: http://epg.51zmt.top:8000/e1.xml.gz
[2026-03-15] 频道: 340 | 数据源: http://epg.51zmt.top:8000/e1.xml.gz
[2026-03-07] 频道: 341 | 数据源: https://github.com/zzzz0317/beijing-unicom-iptv-playlist/raw/refs/heads/main/epg.xml
[2026-03-08] 频道: 341 | 数据源: https://github.com/zzzz0317/beijing-unicom-iptv-playlist/raw/refs/heads/main/epg.xml
[2026-03-09] 频道: 341 | 数据源: https://github.com/zzzz0317/beijing-unicom-iptv-playlist/raw/refs/heads/main/epg.xml
[2026-03-10] 频道: 341 | 数据源: https://github.com/zzzz0317/beijing-unicom-iptv-playlist/raw/refs/heads/main/epg.xml
[2026-03-11] 频道: 341 | 数据源: https://github.com/zzzz0317/beijing-unicom-iptv-playlist/raw/refs/heads/main/epg.xml
[2026-03-12] 频道: 341 | 数据源: https://github.com/zzzz0317/beijing-unicom-iptv-playlist/raw/refs/heads/main/epg.xml
[2026-03-13] 频道: 341 | 数据源: https://github.com/zzzz0317/beijing-unicom-iptv-playlist/raw/refs/heads/main/epg.xml
[2026-03-14] 频道: 341 | 数据源: https://github.com/zzzz0317/beijing-unicom-iptv-playlist/raw/refs/heads/main/epg.xml
[2026-03-15] 频道: 341 | 数据源: https://github.com/zzzz0317/beijing-unicom-iptv-playlist/raw/refs/heads/main/epg.xml
[2026-03-16] 频道: 341 | 数据源: https://github.com/zzzz0317/beijing-unicom-iptv-playlist/raw/refs/heads/main/epg.xml
[2026-03-17] 频道: 341 | 数据源: https://github.com/zzzz0317/beijing-unicom-iptv-playlist/raw/refs/heads/main/epg.xml
[2026-03-07] 频道: 342 | 数据源: https://github.com/zzzz0317/beijing-unicom-iptv-playlist/raw/refs/heads/main/epg.xml
[2026-03-08] 频道: 342 | 数据源: https://github.com/zzzz0317/beijing-unicom-iptv-playlist/raw/refs/heads/main/epg.xml
[2026-03-09] 频道: 342 | 数据源: https://github.com/zzzz0317/beijing-unicom-iptv-playlist/raw/refs/heads/main/epg.xml
[2026-03-10] 频道: 342 | 数据源: https://github.com/zzzz0317/beijing-unicom-iptv-playlist/raw/refs/heads/main/epg.xml
[2026-03-11] 频道: 342 | 数据源: https://github.com/zzzz0317/beijing-unicom-iptv-playlist/raw/refs/heads/main/epg.xml
[2026-03-12] 频道: 342 | 数据源: https://github.com/zzzz0317/beijing-unicom-iptv-playlist/raw/refs/heads/main/epg.xml
[2026-03-13] 频道: 342 | 数据源: https://github.com/zzzz0317/beijing-unicom-iptv-playlist/raw/refs/heads/main/epg.xml
[2026-03-14] 频道: 342 | 数据源: https://github.com/zzzz0317/beijing-unicom-iptv-playlist/raw/refs/heads/main/epg.xml
[2026-03-15] 频道: 342 | 数据源: https://github.com/zzzz0317/beijing-unicom-iptv-playlist/raw/refs/heads/main/epg.xml
[2026-03-16] 频道: 342 | 数据源: https://github.com/zzzz0317/beijing-unicom-iptv-playlist/raw/refs/heads/main/epg.xml
[2026-03-17] 频道: 342 | 数据源: https://github.com/zzzz0317/beijing-unicom-iptv-playlist/raw/refs/heads/main/epg.xml
[2026-03-07] 频道: 343 | 数据源: https://github.com/zzzz0317/beijing-unicom-iptv-playlist/raw/refs/heads/main/epg.xml
[2026-03-08] 频道: 343 | 数据源: http://e.erw.cc/all.xml.gz
[2026-03-09] 频道: 343 | 数据源: http://e.erw.cc/all.xml.gz
[2026-03-10] 频道: 343 | 数据源: http://e.erw.cc/all.xml.gz
[2026-03-11] 频道: 343 | 数据源: http://e.erw.cc/all.xml.gz
[2026-03-12] 频道: 343 | 数据源: http://e.erw.cc/all.xml.gz
[2026-03-13] 频道: 343 | 数据源: http://e.erw.cc/all.xml.gz
[2026-03-14] 频道: 343 | 数据源: http://e.erw.cc/all.xml.gz
[2026-03-15] 频道: 343 | 数据源: https://github.com/zzzz0317/beijing-unicom-iptv-playlist/raw/refs/heads/main/epg.xml
[2026-03-16] 频道: 343 | 数据源: https://github.com/zzzz0317/beijing-unicom-iptv-playlist/raw/refs/heads/main/epg.xml
[2026-03-17] 频道: 343 | 数据源: https://github.com/zzzz0317/beijing-unicom-iptv-playlist/raw/refs/heads/main/epg.xml
[2026-03-07] 频道: 344 | 数据源: https://github.com/zzzz0317/beijing-unicom-iptv-playlist/raw/refs/heads/main/epg.xml
[2026-03-08] 频道: 344 | 数据源: https://github.com/zzzz0317/beijing-unicom-iptv-playlist/raw/refs/heads/main/epg.xml
[2026-03-09] 频道: 344 | 数据源: https://github.com/zzzz0317/beijing-unicom-iptv-playlist/raw/refs/heads/main/epg.xml
[2026-03-10] 频道: 344 | 数据源: https://github.com/zzzz0317/beijing-unicom-iptv-playlist/raw/refs/heads/main/epg.xml
[2026-03-11] 频道: 344 | 数据源: https://github.com/zzzz0317/beijing-unicom-iptv-playlist/raw/refs/heads/main/epg.xml
[2026-03-12] 频道: 344 | 数据源: https://github.com/zzzz0317/beijing-unicom-iptv-playlist/raw/refs/heads/main/epg.xml
[2026-03-13] 频道: 344 | 数据源: https://github.com/zzzz0317/beijing-unicom-iptv-playlist/raw/refs/heads/main/epg.xml
[2026-03-14] 频道: 344 | 数据源: https://github.com/zzzz0317/beijing-unicom-iptv-playlist/raw/refs/heads/main/epg.xml
[2026-03-15] 频道: 344 | 数据源: https://github.com/zzzz0317/beijing-unicom-iptv-playlist/raw/refs/heads/main/epg.xml
[2026-03-16] 频道: 344 | 数据源: https://github.com/zzzz0317/beijing-unicom-iptv-playlist/raw/refs/heads/main/epg.xml
[2026-03-17] 频道: 344 | 数据源: https://github.com/zzzz0317/beijing-unicom-iptv-playlist/raw/refs/heads/main/epg.xml
[2026-03-07] 频道: 345 | 数据源: https://github.com/zzzz0317/beijing-unicom-iptv-playlist/raw/refs/heads/main/epg.xml
[2026-03-08] 频道: 345 | 数据源: https://github.com/zzzz0317/beijing-unicom-iptv-playlist/raw/refs/heads/main/epg.xml
[2026-03-09] 频道: 345 | 数据源: https://github.com/zzzz0317/beijing-unicom-iptv-playlist/raw/refs/heads/main/epg.xml
[2026-03-10] 频道: 345 | 数据源: https://github.com/zzzz0317/beijing-unicom-iptv-playlist/raw/refs/heads/main/epg.xml
[2026-03-11] 频道: 345 | 数据源: https://github.com/zzzz0317/beijing-unicom-iptv-playlist/raw/refs/heads/main/epg.xml
[2026-03-12] 频道: 345 | 数据源: https://github.com/zzzz0317/beijing-unicom-iptv-playlist/raw/refs/heads/main/epg.xml
[2026-03-13] 频道: 345 | 数据源: https://github.com/zzzz0317/beijing-unicom-iptv-playlist/raw/refs/heads/main/epg.xml
[2026-03-14] 频道: 345 | 数据源: https://github.com/zzzz0317/beijing-unicom-iptv-playlist/raw/refs/heads/main/epg.xml
[2026-03-15] 频道: 345 | 数据源: https://github.com/zzzz0317/beijing-unicom-iptv-playlist/raw/refs/heads/main/epg.xml
[2026-03-16] 频道: 345 | 数据源: https://github.com/zzzz0317/beijing-unicom-iptv-playlist/raw/refs/heads/main/epg.xml
[2026-03-17] 频道: 345 | 数据源: https://github.com/zzzz0317/beijing-unicom-iptv-playlist/raw/refs/heads/main/epg.xml
[2026-03-07] 频道: 346 | 数据源: https://github.com/zzzz0317/beijing-unicom-iptv-playlist/raw/refs/heads/main/epg.xml
[2026-03-08] 频道: 346 | 数据源: http://e.erw.cc/all.xml.gz
[2026-03-09] 频道: 346 | 数据源: http://e.erw.cc/all.xml.gz
[2026-03-10] 频道: 346 | 数据源: http://e.erw.cc/all.xml.gz
[2026-03-11] 频道: 346 | 数据源: http://e.erw.cc/all.xml.gz
[2026-03-12] 频道: 346 | 数据源: http://e.erw.cc/all.xml.gz
[2026-03-13] 频道: 346 | 数据源: http://e.erw.cc/all.xml.gz
[2026-03-14] 频道: 346 | 数据源: http://e.erw.cc/all.xml.gz
[2026-03-15] 频道: 346 | 数据源: https://github.com/zzzz0317/beijing-unicom-iptv-playlist/raw/refs/heads/main/epg.xml
[2026-03-16] 频道: 346 | 数据源: https://github.com/zzzz0317/beijing-unicom-iptv-playlist/raw/refs/heads/main/epg.xml
[2026-03-17] 频道: 346 | 数据源: https://github.com/zzzz0317/beijing-unicom-iptv-playlist/raw/refs/heads/main/epg.xml
[2026-03-07] 频道: 347 | 数据源: https://github.com/zzzz0317/beijing-unicom-iptv-playlist/raw/refs/heads/main/epg.xml
[2026-03-08] 频道: 347 | 数据源: https://github.com/litiande03/epg/raw/refs/heads/master/pl.xml.gz
[2026-03-09] 频道: 347 | 数据源: https://github.com/litiande03/epg/raw/refs/heads/master/pl.xml.gz
[2026-03-10] 频道: 347 | 数据源: https://github.com/litiande03/epg/raw/refs/heads/master/pl.xml.gz
[2026-03-11] 频道: 347 | 数据源: https://github.com/litiande03/epg/raw/refs/heads/master/pl.xml.gz
[2026-03-12] 频道: 347 | 数据源: https://github.com/litiande03/epg/raw/refs/heads/master/pl.xml.gz
[2026-03-13] 频道: 347 | 数据源: https://github.com/litiande03/epg/raw/refs/heads/master/pl.xml.gz
[2026-03-14] 频道: 347 | 数据源: https://github.com/litiande03/epg/raw/refs/heads/master/pl.xml.gz
[2026-03-15] 频道: 347 | 数据源: https://github.com/litiande03/epg/raw/refs/heads/master/pl.xml.gz
[2026-03-16] 频道: 347 | 数据源: https://github.com/litiande03/epg/raw/refs/heads/master/pl.xml.gz
[2026-03-17] 频道: 347 | 数据源: https://github.com/zzzz0317/beijing-unicom-iptv-playlist/raw/refs/heads/main/epg.xml
[2026-03-07] 频道: 348 | 数据源: https://github.com/zzzz0317/beijing-unicom-iptv-playlist/raw/refs/heads/main/epg.xml
[2026-03-08] 频道: 348 | 数据源: https://github.com/litiande03/epg/raw/refs/heads/master/pl.xml.gz
[2026-03-09] 频道: 348 | 数据源: https://github.com/litiande03/epg/raw/refs/heads/master/pl.xml.gz
[2026-03-10] 频道: 348 | 数据源: https://github.com/litiande03/epg/raw/refs/heads/master/pl.xml.gz
[2026-03-11] 频道: 348 | 数据源: https://github.com/litiande03/epg/raw/refs/heads/master/pl.xml.gz
[2026-03-12] 频道: 348 | 数据源: https://github.com/litiande03/epg/raw/refs/heads/master/pl.xml.gz
[2026-03-13] 频道: 348 | 数据源: https://github.com/litiande03/epg/raw/refs/heads/master/pl.xml.gz
[2026-03-14] 频道: 348 | 数据源: https://github.com/litiande03/epg/raw/refs/heads/master/pl.xml.gz
[2026-03-15] 频道: 348 | 数据源: https://github.com/litiande03/epg/raw/refs/heads/master/pl.xml.gz
[2026-03-16] 频道: 348 | 数据源: https://github.com/litiande03/epg/raw/refs/heads/master/pl.xml.gz
[2026-03-17] 频道: 348 | 数据源: https://github.com/zzzz0317/beijing-unicom-iptv-playlist/raw/refs/heads/main/epg.xml
[2026-03-07] 频道: 349 | 数据源: https://github.com/zzzz0317/beijing-unicom-iptv-playlist/raw/refs/heads/main/epg.xml
[2026-03-08] 频道: 349 | 数据源: http://e.erw.cc/all.xml.gz
[2026-03-09] 频道: 349 | 数据源: http://e.erw.cc/all.xml.gz
[2026-03-10] 频道: 349 | 数据源: http://e.erw.cc/all.xml.gz
[2026-03-11] 频道: 349 | 数据源: http://e.erw.cc/all.xml.gz
[2026-03-12] 频道: 349 | 数据源: http://e.erw.cc/all.xml.gz
[2026-03-13] 频道: 349 | 数据源: http://e.erw.cc/all.xml.gz
[2026-03-14] 频道: 349 | 数据源: http://e.erw.cc/all.xml.gz
[2026-03-15] 频道: 349 | 数据源: https://github.com/zzzz0317/beijing-unicom-iptv-playlist/raw/refs/heads/main/epg.xml
[2026-03-16] 频道: 349 | 数据源: https://github.com/zzzz0317/beijing-unicom-iptv-playlist/raw/refs/heads/main/epg.xml
[2026-03-17] 频道: 349 | 数据源: https://github.com/zzzz0317/beijing-unicom-iptv-playlist/raw/refs/heads/main/epg.xml
[2026-03-18] 频道: 349 | 数据源: https://github.com/zzzz0317/beijing-unicom-iptv-playlist/raw/refs/heads/main/epg.xml
[2026-03-19] 频道: 349 | 数据源: https://github.com/zzzz0317/beijing-unicom-iptv-playlist/raw/refs/heads/main/epg.xml
[2026-03-20] 频道: 349 | 数据源: https://github.com/zzzz0317/beijing-unicom-iptv-playlist/raw/refs/heads/main/epg.xml
[2026-03-21] 频道: 349 | 数据源: https://github.com/zzzz0317/beijing-unicom-iptv-playlist/raw/refs/heads/main/epg.xml
[2026-03-08] 频道: 350 | 数据源: https://epg.136605.xyz/9days.xml
[2026-03-09] 频道: 350 | 数据源: https://epg.136605.xyz/9days.xml
[2026-03-10] 频道: 350 | 数据源: https://epg.136605.xyz/9days.xml
[2026-03-11] 频道: 350 | 数据源: https://epg.136605.xyz/9days.xml
[2026-03-12] 频道: 350 | 数据源: https://epg.136605.xyz/9days.xml
[2026-03-13] 频道: 350 | 数据源: https://epg.deny.vip/sh/tel-epg.xml
[2026-03-14] 频道: 350 | 数据源: https://epg.deny.vip/sh/tel-epg.xml
[2026-03-15] 频道: 350 | 数据源: https://epg.deny.vip/sh/tel-epg.xml
[2026-03-16] 频道: 350 | 数据源: https://epg.136605.xyz/9days.xml
[2026-03-07] 频道: 351 | 数据源: https://github.com/zzzz0317/beijing-unicom-iptv-playlist/raw/refs/heads/main/epg.xml
[2026-03-08] 频道: 351 | 数据源: https://github.com/zzzz0317/beijing-unicom-iptv-playlist/raw/refs/heads/main/epg.xml
[2026-03-09] 频道: 351 | 数据源: https://github.com/zzzz0317/beijing-unicom-iptv-playlist/raw/refs/heads/main/epg.xml
[2026-03-10] 频道: 351 | 数据源: https://github.com/zzzz0317/beijing-unicom-iptv-playlist/raw/refs/heads/main/epg.xml
[2026-03-11] 频道: 351 | 数据源: https://github.com/zzzz0317/beijing-unicom-iptv-playlist/raw/refs/heads/main/epg.xml
[2026-03-12] 频道: 351 | 数据源: https://github.com/zzzz0317/beijing-unicom-iptv-playlist/raw/refs/heads/main/epg.xml
[2026-03-13] 频道: 351 | 数据源: https://github.com/zzzz0317/beijing-unicom-iptv-playlist/raw/refs/heads/main/epg.xml
[2026-03-14] 频道: 351 | 数据源: https://github.com/zzzz0317/beijing-unicom-iptv-playlist/raw/refs/heads/main/epg.xml
[2026-03-15] 频道: 351 | 数据源: https://github.com/zzzz0317/beijing-unicom-iptv-playlist/raw/refs/heads/main/epg.xml
[2026-03-16] 频道: 351 | 数据源: https://github.com/zzzz0317/beijing-unicom-iptv-playlist/raw/refs/heads/main/epg.xml
[2026-03-07] 频道: 352 | 数据源: https://github.com/zzzz0317/beijing-unicom-iptv-playlist/raw/refs/heads/main/epg.xml
[2026-03-08] 频道: 352 | 数据源: https://github.com/zzzz0317/beijing-unicom-iptv-playlist/raw/refs/heads/main/epg.xml
[2026-03-09] 频道: 352 | 数据源: https://github.com/zzzz0317/beijing-unicom-iptv-playlist/raw/refs/heads/main/epg.xml
[2026-03-10] 频道: 352 | 数据源: https://github.com/zzzz0317/beijing-unicom-iptv-playlist/raw/refs/heads/main/epg.xml
[2026-03-11] 频道: 352 | 数据源: https://github.com/zzzz0317/beijing-unicom-iptv-playlist/raw/refs/heads/main/epg.xml
[2026-03-12] 频道: 352 | 数据源: https://github.com/zzzz0317/beijing-unicom-iptv-playlist/raw/refs/heads/main/epg.xml
[2026-03-13] 频道: 352 | 数据源: https://github.com/zzzz0317/beijing-unicom-iptv-playlist/raw/refs/heads/main/epg.xml
[2026-03-14] 频道: 352 | 数据源: https://github.com/zzzz0317/beijing-unicom-iptv-playlist/raw/refs/heads/main/epg.xml
[2026-03-15] 频道: 352 | 数据源: https://github.com/zzzz0317/beijing-unicom-iptv-playlist/raw/refs/heads/main/epg.xml
[2026-03-16] 频道: 352 | 数据源: https://github.com/zzzz0317/beijing-unicom-iptv-playlist/raw/refs/heads/main/epg.xml
[2026-03-07] 频道: 353 | 数据源: https://github.com/zzzz0317/beijing-unicom-iptv-playlist/raw/refs/heads/main/epg.xml
[2026-03-08] 频道: 353 | 数据源: https://github.com/zzzz0317/beijing-unicom-iptv-playlist/raw/refs/heads/main/epg.xml
[2026-03-09] 频道: 353 | 数据源: https://github.com/zzzz0317/beijing-unicom-iptv-playlist/raw/refs/heads/main/epg.xml
[2026-03-10] 频道: 353 | 数据源: https://github.com/zzzz0317/beijing-unicom-iptv-playlist/raw/refs/heads/main/epg.xml
[2026-03-11] 频道: 353 | 数据源: https://github.com/zzzz0317/beijing-unicom-iptv-playlist/raw/refs/heads/main/epg.xml
[2026-03-12] 频道: 353 | 数据源: https://github.com/zzzz0317/beijing-unicom-iptv-playlist/raw/refs/heads/main/epg.xml
[2026-03-13] 频道: 353 | 数据源: https://github.com/zzzz0317/beijing-unicom-iptv-playlist/raw/refs/heads/main/epg.xml
[2026-03-14] 频道: 353 | 数据源: https://github.com/zzzz0317/beijing-unicom-iptv-playlist/raw/refs/heads/main/epg.xml
[2026-03-15] 频道: 353 | 数据源: https://github.com/zzzz0317/beijing-unicom-iptv-playlist/raw/refs/heads/main/epg.xml
[2026-03-16] 频道: 353 | 数据源: https://github.com/zzzz0317/beijing-unicom-iptv-playlist/raw/refs/heads/main/epg.xml
[2026-03-07] 频道: 354 | 数据源: https://github.com/zzzz0317/beijing-unicom-iptv-playlist/raw/refs/heads/main/epg.xml
[2026-03-08] 频道: 354 | 数据源: https://github.com/zzzz0317/beijing-unicom-iptv-playlist/raw/refs/heads/main/epg.xml
[2026-03-09] 频道: 354 | 数据源: https://github.com/zzzz0317/beijing-unicom-iptv-playlist/raw/refs/heads/main/epg.xml
[2026-03-10] 频道: 354 | 数据源: https://github.com/zzzz0317/beijing-unicom-iptv-playlist/raw/refs/heads/main/epg.xml
[2026-03-11] 频道: 354 | 数据源: https://github.com/zzzz0317/beijing-unicom-iptv-playlist/raw/refs/heads/main/epg.xml
[2026-03-12] 频道: 354 | 数据源: https://github.com/zzzz0317/beijing-unicom-iptv-playlist/raw/refs/heads/main/epg.xml
[2026-03-13] 频道: 354 | 数据源: https://github.com/zzzz0317/beijing-unicom-iptv-playlist/raw/refs/heads/main/epg.xml
[2026-03-14] 频道: 354 | 数据源: https://github.com/zzzz0317/beijing-unicom-iptv-playlist/raw/refs/heads/main/epg.xml
[2026-03-15] 频道: 354 | 数据源: https://github.com/zzzz0317/beijing-unicom-iptv-playlist/raw/refs/heads/main/epg.xml
[2026-03-16] 频道: 354 | 数据源: https://github.com/zzzz0317/beijing-unicom-iptv-playlist/raw/refs/heads/main/epg.xml
[2026-03-07] 频道: 355 | 数据源: https://github.com/zzzz0317/beijing-unicom-iptv-playlist/raw/refs/heads/main/epg.xml
[2026-03-08] 频道: 355 | 数据源: https://github.com/zzzz0317/beijing-unicom-iptv-playlist/raw/refs/heads/main/epg.xml
[2026-03-09] 频道: 355 | 数据源: https://github.com/zzzz0317/beijing-unicom-iptv-playlist/raw/refs/heads/main/epg.xml
[2026-03-10] 频道: 355 | 数据源: https://github.com/zzzz0317/beijing-unicom-iptv-playlist/raw/refs/heads/main/epg.xml
[2026-03-11] 频道: 355 | 数据源: https://github.com/zzzz0317/beijing-unicom-iptv-playlist/raw/refs/heads/main/epg.xml
[2026-03-12] 频道: 355 | 数据源: https://github.com/zzzz0317/beijing-unicom-iptv-playlist/raw/refs/heads/main/epg.xml
[2026-03-13] 频道: 355 | 数据源: https://github.com/zzzz0317/beijing-unicom-iptv-playlist/raw/refs/heads/main/epg.xml
[2026-03-14] 频道: 355 | 数据源: https://github.com/zzzz0317/beijing-unicom-iptv-playlist/raw/refs/heads/main/epg.xml
[2026-03-15] 频道: 355 | 数据源: https://github.com/zzzz0317/beijing-unicom-iptv-playlist/raw/refs/heads/main/epg.xml
[2026-03-16] 频道: 355 | 数据源: https://github.com/zzzz0317/beijing-unicom-iptv-playlist/raw/refs/heads/main/epg.xml
[2026-03-07] 频道: 356 | 数据源: https://github.com/zzzz0317/beijing-unicom-iptv-playlist/raw/refs/heads/main/epg.xml
[2026-03-08] 频道: 356 | 数据源: https://github.com/zzzz0317/beijing-unicom-iptv-playlist/raw/refs/heads/main/epg.xml
[2026-03-09] 频道: 356 | 数据源: https://github.com/zzzz0317/beijing-unicom-iptv-playlist/raw/refs/heads/main/epg.xml
[2026-03-10] 频道: 356 | 数据源: https://github.com/zzzz0317/beijing-unicom-iptv-playlist/raw/refs/heads/main/epg.xml
[2026-03-11] 频道: 356 | 数据源: https://github.com/zzzz0317/beijing-unicom-iptv-playlist/raw/refs/heads/main/epg.xml
[2026-03-12] 频道: 356 | 数据源: https://github.com/zzzz0317/beijing-unicom-iptv-playlist/raw/refs/heads/main/epg.xml
[2026-03-13] 频道: 356 | 数据源: https://github.com/zzzz0317/beijing-unicom-iptv-playlist/raw/refs/heads/main/epg.xml
[2026-03-14] 频道: 356 | 数据源: https://github.com/zzzz0317/beijing-unicom-iptv-playlist/raw/refs/heads/main/epg.xml
[2026-03-15] 频道: 356 | 数据源: https://github.com/zzzz0317/beijing-unicom-iptv-playlist/raw/refs/heads/main/epg.xml
[2026-03-16] 频道: 356 | 数据源: https://github.com/zzzz0317/beijing-unicom-iptv-playlist/raw/refs/heads/main/epg.xml
[2026-03-07] 频道: 357 | 数据源: https://github.com/zzzz0317/beijing-unicom-iptv-playlist/raw/refs/heads/main/epg.xml
[2026-03-08] 频道: 357 | 数据源: https://github.com/zzzz0317/beijing-unicom-iptv-playlist/raw/refs/heads/main/epg.xml
[2026-03-09] 频道: 357 | 数据源: https://github.com/zzzz0317/beijing-unicom-iptv-playlist/raw/refs/heads/main/epg.xml
[2026-03-10] 频道: 357 | 数据源: https://github.com/zzzz0317/beijing-unicom-iptv-playlist/raw/refs/heads/main/epg.xml
[2026-03-11] 频道: 357 | 数据源: https://github.com/zzzz0317/beijing-unicom-iptv-playlist/raw/refs/heads/main/epg.xml
[2026-03-12] 频道: 357 | 数据源: https://github.com/zzzz0317/beijing-unicom-iptv-playlist/raw/refs/heads/main/epg.xml
[2026-03-13] 频道: 357 | 数据源: https://github.com/zzzz0317/beijing-unicom-iptv-playlist/raw/refs/heads/main/epg.xml
[2026-03-14] 频道: 357 | 数据源: https://github.com/zzzz0317/beijing-unicom-iptv-playlist/raw/refs/heads/main/epg.xml
[2026-03-15] 频道: 357 | 数据源: https://github.com/zzzz0317/beijing-unicom-iptv-playlist/raw/refs/heads/main/epg.xml
[2026-03-16] 频道: 357 | 数据源: https://github.com/zzzz0317/beijing-unicom-iptv-playlist/raw/refs/heads/main/epg.xml
[2026-03-07] 频道: 358 | 数据源: https://github.com/zzzz0317/beijing-unicom-iptv-playlist/raw/refs/heads/main/epg.xml
[2026-03-08] 频道: 358 | 数据源: http://e.erw.cc/all.xml.gz
[2026-03-09] 频道: 358 | 数据源: http://e.erw.cc/all.xml.gz
[2026-03-10] 频道: 358 | 数据源: http://e.erw.cc/all.xml.gz
[2026-03-11] 频道: 358 | 数据源: http://e.erw.cc/all.xml.gz
[2026-03-12] 频道: 358 | 数据源: http://e.erw.cc/all.xml.gz
[2026-03-13] 频道: 358 | 数据源: http://e.erw.cc/all.xml.gz
[2026-03-14] 频道: 358 | 数据源: http://e.erw.cc/all.xml.gz
[2026-03-15] 频道: 358 | 数据源: https://github.com/zzzz0317/beijing-unicom-iptv-playlist/raw/refs/heads/main/epg.xml
[2026-03-16] 频道: 358 | 数据源: https://github.com/zzzz0317/beijing-unicom-iptv-playlist/raw/refs/heads/main/epg.xml
[2026-03-07] 频道: 359 | 数据源: https://github.com/zzzz0317/beijing-unicom-iptv-playlist/raw/refs/heads/main/epg.xml
[2026-03-08] 频道: 359 | 数据源: https://github.com/zzzz0317/beijing-unicom-iptv-playlist/raw/refs/heads/main/epg.xml
[2026-03-09] 频道: 359 | 数据源: http://e.erw.cc/all.xml.gz
[2026-03-10] 频道: 359 | 数据源: https://github.com/zzzz0317/beijing-unicom-iptv-playlist/raw/refs/heads/main/epg.xml
[2026-03-11] 频道: 359 | 数据源: https://github.com/zzzz0317/beijing-unicom-iptv-playlist/raw/refs/heads/main/epg.xml
[2026-03-12] 频道: 359 | 数据源: https://github.com/zzzz0317/beijing-unicom-iptv-playlist/raw/refs/heads/main/epg.xml
[2026-03-13] 频道: 359 | 数据源: http://e.erw.cc/all.xml.gz
[2026-03-14] 频道: 359 | 数据源: https://github.com/zzzz0317/beijing-unicom-iptv-playlist/raw/refs/heads/main/epg.xml
[2026-03-15] 频道: 359 | 数据源: https://github.com/zzzz0317/beijing-unicom-iptv-playlist/raw/refs/heads/main/epg.xml
[2026-03-16] 频道: 359 | 数据源: https://github.com/zzzz0317/beijing-unicom-iptv-playlist/raw/refs/heads/main/epg.xml
[2026-03-07] 频道: 360 | 数据源: https://github.com/zzzz0317/beijing-unicom-iptv-playlist/raw/refs/heads/main/epg.xml
[2026-03-08] 频道: 360 | 数据源: https://github.com/zzzz0317/beijing-unicom-iptv-playlist/raw/refs/heads/main/epg.xml
[2026-03-09] 频道: 360 | 数据源: https://github.com/zzzz0317/beijing-unicom-iptv-playlist/raw/refs/heads/main/epg.xml
[2026-03-10] 频道: 360 | 数据源: https://github.com/zzzz0317/beijing-unicom-iptv-playlist/raw/refs/heads/main/epg.xml
[2026-03-11] 频道: 360 | 数据源: https://github.com/zzzz0317/beijing-unicom-iptv-playlist/raw/refs/heads/main/epg.xml
[2026-03-12] 频道: 360 | 数据源: https://github.com/zzzz0317/beijing-unicom-iptv-playlist/raw/refs/heads/main/epg.xml
[2026-03-13] 频道: 360 | 数据源: https://github.com/zzzz0317/beijing-unicom-iptv-playlist/raw/refs/heads/main/epg.xml
[2026-03-14] 频道: 360 | 数据源: https://github.com/zzzz0317/beijing-unicom-iptv-playlist/raw/refs/heads/main/epg.xml
[2026-03-15] 频道: 360 | 数据源: https://github.com/zzzz0317/beijing-unicom-iptv-playlist/raw/refs/heads/main/epg.xml
[2026-03-16] 频道: 360 | 数据源: https://github.com/zzzz0317/beijing-unicom-iptv-playlist/raw/refs/heads/main/epg.xml
[2026-03-07] 频道: 361 | 数据源: https://github.com/zzzz0317/beijing-unicom-iptv-playlist/raw/refs/heads/main/epg.xml
[2026-03-08] 频道: 361 | 数据源: https://github.com/zzzz0317/beijing-unicom-iptv-playlist/raw/refs/heads/main/epg.xml
[2026-03-09] 频道: 361 | 数据源: https://github.com/zzzz0317/beijing-unicom-iptv-playlist/raw/refs/heads/main/epg.xml
[2026-03-10] 频道: 361 | 数据源: https://github.com/zzzz0317/beijing-unicom-iptv-playlist/raw/refs/heads/main/epg.xml
[2026-03-11] 频道: 361 | 数据源: https://github.com/zzzz0317/beijing-unicom-iptv-playlist/raw/refs/heads/main/epg.xml
[2026-03-12] 频道: 361 | 数据源: https://github.com/zzzz0317/beijing-unicom-iptv-playlist/raw/refs/heads/main/epg.xml
[2026-03-13] 频道: 361 | 数据源: https://github.com/zzzz0317/beijing-unicom-iptv-playlist/raw/refs/heads/main/epg.xml
[2026-03-14] 频道: 361 | 数据源: https://github.com/zzzz0317/beijing-unicom-iptv-playlist/raw/refs/heads/main/epg.xml
[2026-03-15] 频道: 361 | 数据源: https://github.com/zzzz0317/beijing-unicom-iptv-playlist/raw/refs/heads/main/epg.xml
[2026-03-16] 频道: 361 | 数据源: https://github.com/zzzz0317/beijing-unicom-iptv-playlist/raw/refs/heads/main/epg.xml
[2026-03-07] 频道: 362 | 数据源: https://github.com/zzzz0317/beijing-unicom-iptv-playlist/raw/refs/heads/main/epg.xml
[2026-03-08] 频道: 362 | 数据源: https://github.com/zzzz0317/beijing-unicom-iptv-playlist/raw/refs/heads/main/epg.xml
[2026-03-09] 频道: 362 | 数据源: https://github.com/zzzz0317/beijing-unicom-iptv-playlist/raw/refs/heads/main/epg.xml
[2026-03-10] 频道: 362 | 数据源: https://github.com/zzzz0317/beijing-unicom-iptv-playlist/raw/refs/heads/main/epg.xml
[2026-03-11] 频道: 362 | 数据源: https://github.com/zzzz0317/beijing-unicom-iptv-playlist/raw/refs/heads/main/epg.xml
[2026-03-12] 频道: 362 | 数据源: https://github.com/zzzz0317/beijing-unicom-iptv-playlist/raw/refs/heads/main/epg.xml
[2026-03-13] 频道: 362 | 数据源: https://github.com/zzzz0317/beijing-unicom-iptv-playlist/raw/refs/heads/main/epg.xml
[2026-03-14] 频道: 362 | 数据源: https://github.com/zzzz0317/beijing-unicom-iptv-playlist/raw/refs/heads/main/epg.xml
[2026-03-15] 频道: 362 | 数据源: https://github.com/zzzz0317/beijing-unicom-iptv-playlist/raw/refs/heads/main/epg.xml
[2026-03-16] 频道: 362 | 数据源: https://github.com/zzzz0317/beijing-unicom-iptv-playlist/raw/refs/heads/main/epg.xml
[2026-03-07] 频道: 363 | 数据源: https://github.com/zzzz0317/beijing-unicom-iptv-playlist/raw/refs/heads/main/epg.xml
[2026-03-08] 频道: 363 | 数据源: https://github.com/zzzz0317/beijing-unicom-iptv-playlist/raw/refs/heads/main/epg.xml
[2026-03-09] 频道: 363 | 数据源: https://github.com/zzzz0317/beijing-unicom-iptv-playlist/raw/refs/heads/main/epg.xml
[2026-03-10] 频道: 363 | 数据源: https://github.com/zzzz0317/beijing-unicom-iptv-playlist/raw/refs/heads/main/epg.xml
[2026-03-11] 频道: 363 | 数据源: https://github.com/zzzz0317/beijing-unicom-iptv-playlist/raw/refs/heads/main/epg.xml
[2026-03-12] 频道: 363 | 数据源: https://github.com/zzzz0317/beijing-unicom-iptv-playlist/raw/refs/heads/main/epg.xml
[2026-03-13] 频道: 363 | 数据源: https://github.com/zzzz0317/beijing-unicom-iptv-playlist/raw/refs/heads/main/epg.xml
[2026-03-14] 频道: 363 | 数据源: https://github.com/zzzz0317/beijing-unicom-iptv-playlist/raw/refs/heads/main/epg.xml
[2026-03-15] 频道: 363 | 数据源: https://github.com/zzzz0317/beijing-unicom-iptv-playlist/raw/refs/heads/main/epg.xml
[2026-03-16] 频道: 363 | 数据源: https://github.com/zzzz0317/beijing-unicom-iptv-playlist/raw/refs/heads/main/epg.xml
[2026-03-07] 频道: 364 | 数据源: https://github.com/zzzz0317/beijing-unicom-iptv-playlist/raw/refs/heads/main/epg.xml
[2026-03-08] 频道: 364 | 数据源: https://github.com/zzzz0317/beijing-unicom-iptv-playlist/raw/refs/heads/main/epg.xml
[2026-03-09] 频道: 364 | 数据源: https://github.com/zzzz0317/beijing-unicom-iptv-playlist/raw/refs/heads/main/epg.xml
[2026-03-10] 频道: 364 | 数据源: https://github.com/zzzz0317/beijing-unicom-iptv-playlist/raw/refs/heads/main/epg.xml
[2026-03-11] 频道: 364 | 数据源: https://github.com/zzzz0317/beijing-unicom-iptv-playlist/raw/refs/heads/main/epg.xml
[2026-03-12] 频道: 364 | 数据源: https://github.com/zzzz0317/beijing-unicom-iptv-playlist/raw/refs/heads/main/epg.xml
[2026-03-13] 频道: 364 | 数据源: https://github.com/zzzz0317/beijing-unicom-iptv-playlist/raw/refs/heads/main/epg.xml
[2026-03-14] 频道: 364 | 数据源: https://github.com/zzzz0317/beijing-unicom-iptv-playlist/raw/refs/heads/main/epg.xml
[2026-03-15] 频道: 364 | 数据源: https://github.com/zzzz0317/beijing-unicom-iptv-playlist/raw/refs/heads/main/epg.xml
[2026-03-16] 频道: 364 | 数据源: https://github.com/zzzz0317/beijing-unicom-iptv-playlist/raw/refs/heads/main/epg.xml
[2026-03-07] 频道: 365 | 数据源: https://github.com/zzzz0317/beijing-unicom-iptv-playlist/raw/refs/heads/main/epg.xml
[2026-03-08] 频道: 365 | 数据源: https://github.com/zzzz0317/beijing-unicom-iptv-playlist/raw/refs/heads/main/epg.xml
[2026-03-09] 频道: 365 | 数据源: https://github.com/zzzz0317/beijing-unicom-iptv-playlist/raw/refs/heads/main/epg.xml
[2026-03-10] 频道: 365 | 数据源: https://github.com/zzzz0317/beijing-unicom-iptv-playlist/raw/refs/heads/main/epg.xml
[2026-03-11] 频道: 365 | 数据源: https://github.com/zzzz0317/beijing-unicom-iptv-playlist/raw/refs/heads/main/epg.xml
[2026-03-12] 频道: 365 | 数据源: https://github.com/zzzz0317/beijing-unicom-iptv-playlist/raw/refs/heads/main/epg.xml
[2026-03-13] 频道: 365 | 数据源: https://github.com/zzzz0317/beijing-unicom-iptv-playlist/raw/refs/heads/main/epg.xml
[2026-03-14] 频道: 365 | 数据源: https://github.com/zzzz0317/beijing-unicom-iptv-playlist/raw/refs/heads/main/epg.xml
[2026-03-15] 频道: 365 | 数据源: https://github.com/zzzz0317/beijing-unicom-iptv-playlist/raw/refs/heads/main/epg.xml
[2026-03-16] 频道: 365 | 数据源: https://github.com/zzzz0317/beijing-unicom-iptv-playlist/raw/refs/heads/main/epg.xml
[2026-03-07] 频道: 366 | 数据源: https://github.com/zzzz0317/beijing-unicom-iptv-playlist/raw/refs/heads/main/epg.xml
[2026-03-08] 频道: 366 | 数据源: https://github.com/zzzz0317/beijing-unicom-iptv-playlist/raw/refs/heads/main/epg.xml
[2026-03-09] 频道: 366 | 数据源: https://github.com/zzzz0317/beijing-unicom-iptv-playlist/raw/refs/heads/main/epg.xml
[2026-03-10] 频道: 366 | 数据源: https://github.com/zzzz0317/beijing-unicom-iptv-playlist/raw/refs/heads/main/epg.xml
[2026-03-11] 频道: 366 | 数据源: https://github.com/zzzz0317/beijing-unicom-iptv-playlist/raw/refs/heads/main/epg.xml
[2026-03-12] 频道: 366 | 数据源: https://github.com/zzzz0317/beijing-unicom-iptv-playlist/raw/refs/heads/main/epg.xml
[2026-03-13] 频道: 366 | 数据源: https://github.com/zzzz0317/beijing-unicom-iptv-playlist/raw/refs/heads/main/epg.xml
[2026-03-14] 频道: 366 | 数据源: https://github.com/zzzz0317/beijing-unicom-iptv-playlist/raw/refs/heads/main/epg.xml
[2026-03-15] 频道: 366 | 数据源: https://github.com/zzzz0317/beijing-unicom-iptv-playlist/raw/refs/heads/main/epg.xml
[2026-03-16] 频道: 366 | 数据源: https://github.com/zzzz0317/beijing-unicom-iptv-playlist/raw/refs/heads/main/epg.xml
[2026-03-07] 频道: 367 | 数据源: https://github.com/zzzz0317/beijing-unicom-iptv-playlist/raw/refs/heads/main/epg.xml
[2026-03-08] 频道: 367 | 数据源: https://github.com/zzzz0317/beijing-unicom-iptv-playlist/raw/refs/heads/main/epg.xml
[2026-03-09] 频道: 367 | 数据源: https://github.com/zzzz0317/beijing-unicom-iptv-playlist/raw/refs/heads/main/epg.xml
[2026-03-10] 频道: 367 | 数据源: https://github.com/zzzz0317/beijing-unicom-iptv-playlist/raw/refs/heads/main/epg.xml
[2026-03-11] 频道: 367 | 数据源: https://github.com/zzzz0317/beijing-unicom-iptv-playlist/raw/refs/heads/main/epg.xml
[2026-03-12] 频道: 367 | 数据源: https://github.com/zzzz0317/beijing-unicom-iptv-playlist/raw/refs/heads/main/epg.xml
[2026-03-13] 频道: 367 | 数据源: https://github.com/zzzz0317/beijing-unicom-iptv-playlist/raw/refs/heads/main/epg.xml
[2026-03-14] 频道: 367 | 数据源: https://github.com/zzzz0317/beijing-unicom-iptv-playlist/raw/refs/heads/main/epg.xml
[2026-03-15] 频道: 367 | 数据源: https://github.com/zzzz0317/beijing-unicom-iptv-playlist/raw/refs/heads/main/epg.xml
[2026-03-16] 频道: 367 | 数据源: https://github.com/zzzz0317/beijing-unicom-iptv-playlist/raw/refs/heads/main/epg.xml
[2026-03-07] 频道: 368 | 数据源: https://github.com/zzzz0317/beijing-unicom-iptv-playlist/raw/refs/heads/main/epg.xml
[2026-03-08] 频道: 368 | 数据源: http://e.erw.cc/all.xml.gz
[2026-03-09] 频道: 368 | 数据源: http://e.erw.cc/all.xml.gz
[2026-03-10] 频道: 368 | 数据源: http://e.erw.cc/all.xml.gz
[2026-03-11] 频道: 368 | 数据源: http://e.erw.cc/all.xml.gz
[2026-03-12] 频道: 368 | 数据源: http://e.erw.cc/all.xml.gz
[2026-03-13] 频道: 368 | 数据源: http://e.erw.cc/all.xml.gz
[2026-03-14] 频道: 368 | 数据源: http://e.erw.cc/all.xml.gz
[2026-03-15] 频道: 368 | 数据源: https://github.com/zzzz0317/beijing-unicom-iptv-playlist/raw/refs/heads/main/epg.xml
[2026-03-16] 频道: 368 | 数据源: https://github.com/zzzz0317/beijing-unicom-iptv-playlist/raw/refs/heads/main/epg.xml
[2026-03-07] 频道: 369 | 数据源: https://github.com/zzzz0317/beijing-unicom-iptv-playlist/raw/refs/heads/main/epg.xml
[2026-03-08] 频道: 369 | 数据源: https://github.com/zzzz0317/beijing-unicom-iptv-playlist/raw/refs/heads/main/epg.xml
[2026-03-09] 频道: 369 | 数据源: https://github.com/zzzz0317/beijing-unicom-iptv-playlist/raw/refs/heads/main/epg.xml
[2026-03-10] 频道: 369 | 数据源: https://github.com/zzzz0317/beijing-unicom-iptv-playlist/raw/refs/heads/main/epg.xml
[2026-03-11] 频道: 369 | 数据源: https://github.com/zzzz0317/beijing-unicom-iptv-playlist/raw/refs/heads/main/epg.xml
[2026-03-12] 频道: 369 | 数据源: https://github.com/zzzz0317/beijing-unicom-iptv-playlist/raw/refs/heads/main/epg.xml
[2026-03-13] 频道: 369 | 数据源: https://github.com/zzzz0317/beijing-unicom-iptv-playlist/raw/refs/heads/main/epg.xml
[2026-03-14] 频道: 369 | 数据源: https://github.com/zzzz0317/beijing-unicom-iptv-playlist/raw/refs/heads/main/epg.xml
[2026-03-15] 频道: 369 | 数据源: https://github.com/zzzz0317/beijing-unicom-iptv-playlist/raw/refs/heads/main/epg.xml
[2026-03-16] 频道: 369 | 数据源: https://github.com/zzzz0317/beijing-unicom-iptv-playlist/raw/refs/heads/main/epg.xml
[2026-03-17] 频道: 369 | 数据源: https://epg.136605.xyz/9days.xml
[2026-03-07] 频道: 370 | 数据源: https://github.com/zzzz0317/beijing-unicom-iptv-playlist/raw/refs/heads/main/epg.xml
[2026-03-08] 频道: 370 | 数据源: https://github.com/zzzz0317/beijing-unicom-iptv-playlist/raw/refs/heads/main/epg.xml
[2026-03-09] 频道: 370 | 数据源: https://github.com/zzzz0317/beijing-unicom-iptv-playlist/raw/refs/heads/main/epg.xml
[2026-03-10] 频道: 370 | 数据源: https://github.com/zzzz0317/beijing-unicom-iptv-playlist/raw/refs/heads/main/epg.xml
[2026-03-11] 频道: 370 | 数据源: https://github.com/zzzz0317/beijing-unicom-iptv-playlist/raw/refs/heads/main/epg.xml
[2026-03-12] 频道: 370 | 数据源: https://github.com/zzzz0317/beijing-unicom-iptv-playlist/raw/refs/heads/main/epg.xml
[2026-03-13] 频道: 370 | 数据源: https://github.com/zzzz0317/beijing-unicom-iptv-playlist/raw/refs/heads/main/epg.xml
[2026-03-14] 频道: 370 | 数据源: https://github.com/zzzz0317/beijing-unicom-iptv-playlist/raw/refs/heads/main/epg.xml
[2026-03-15] 频道: 370 | 数据源: https://github.com/zzzz0317/beijing-unicom-iptv-playlist/raw/refs/heads/main/epg.xml
[2026-03-16] 频道: 370 | 数据源: https://github.com/zzzz0317/beijing-unicom-iptv-playlist/raw/refs/heads/main/epg.xml
[2026-03-07] 频道: 371 | 数据源: https://github.com/zzzz0317/beijing-unicom-iptv-playlist/raw/refs/heads/main/epg.xml
[2026-03-08] 频道: 371 | 数据源: https://github.com/zzzz0317/beijing-unicom-iptv-playlist/raw/refs/heads/main/epg.xml
[2026-03-09] 频道: 371 | 数据源: https://github.com/zzzz0317/beijing-unicom-iptv-playlist/raw/refs/heads/main/epg.xml
[2026-03-10] 频道: 371 | 数据源: https://github.com/zzzz0317/beijing-unicom-iptv-playlist/raw/refs/heads/main/epg.xml
[2026-03-11] 频道: 371 | 数据源: https://github.com/zzzz0317/beijing-unicom-iptv-playlist/raw/refs/heads/main/epg.xml
[2026-03-12] 频道: 371 | 数据源: https://github.com/zzzz0317/beijing-unicom-iptv-playlist/raw/refs/heads/main/epg.xml
[2026-03-13] 频道: 371 | 数据源: https://github.com/zzzz0317/beijing-unicom-iptv-playlist/raw/refs/heads/main/epg.xml
[2026-03-14] 频道: 371 | 数据源: https://github.com/zzzz0317/beijing-unicom-iptv-playlist/raw/refs/heads/main/epg.xml
[2026-03-15] 频道: 371 | 数据源: https://github.com/zzzz0317/beijing-unicom-iptv-playlist/raw/refs/heads/main/epg.xml
[2026-03-16] 频道: 371 | 数据源: https://github.com/zzzz0317/beijing-unicom-iptv-playlist/raw/refs/heads/main/epg.xml
[2026-03-07] 频道: 372 | 数据源: https://github.com/zzzz0317/beijing-unicom-iptv-playlist/raw/refs/heads/main/epg.xml
[2026-03-08] 频道: 372 | 数据源: http://e.erw.cc/all.xml.gz
[2026-03-09] 频道: 372 | 数据源: http://e.erw.cc/all.xml.gz
[2026-03-10] 频道: 372 | 数据源: http://e.erw.cc/all.xml.gz
[2026-03-11] 频道: 372 | 数据源: http://e.erw.cc/all.xml.gz
[2026-03-12] 频道: 372 | 数据源: http://e.erw.cc/all.xml.gz
[2026-03-13] 频道: 372 | 数据源: http://e.erw.cc/all.xml.gz
[2026-03-14] 频道: 372 | 数据源: http://e.erw.cc/all.xml.gz
[2026-03-15] 频道: 372 | 数据源: https://github.com/zzzz0317/beijing-unicom-iptv-playlist/raw/refs/heads/main/epg.xml
[2026-03-16] 频道: 372 | 数据源: https://github.com/zzzz0317/beijing-unicom-iptv-playlist/raw/refs/heads/main/epg.xml
[2026-03-07] 频道: 373 | 数据源: https://github.com/zzzz0317/beijing-unicom-iptv-playlist/raw/refs/heads/main/epg.xml
[2026-03-08] 频道: 373 | 数据源: https://github.com/zzzz0317/beijing-unicom-iptv-playlist/raw/refs/heads/main/epg.xml
[2026-03-09] 频道: 373 | 数据源: https://github.com/zzzz0317/beijing-unicom-iptv-playlist/raw/refs/heads/main/epg.xml
[2026-03-10] 频道: 373 | 数据源: https://github.com/zzzz0317/beijing-unicom-iptv-playlist/raw/refs/heads/main/epg.xml
[2026-03-11] 频道: 373 | 数据源: https://github.com/zzzz0317/beijing-unicom-iptv-playlist/raw/refs/heads/main/epg.xml
[2026-03-12] 频道: 373 | 数据源: https://github.com/zzzz0317/beijing-unicom-iptv-playlist/raw/refs/heads/main/epg.xml
[2026-03-13] 频道: 373 | 数据源: https://github.com/zzzz0317/beijing-unicom-iptv-playlist/raw/refs/heads/main/epg.xml
[2026-03-14] 频道: 373 | 数据源: https://github.com/zzzz0317/beijing-unicom-iptv-playlist/raw/refs/heads/main/epg.xml
[2026-03-15] 频道: 373 | 数据源: https://github.com/zzzz0317/beijing-unicom-iptv-playlist/raw/refs/heads/main/epg.xml
[2026-03-16] 频道: 373 | 数据源: https://github.com/zzzz0317/beijing-unicom-iptv-playlist/raw/refs/heads/main/epg.xml
[2026-03-07] 频道: 374 | 数据源: https://github.com/zzzz0317/beijing-unicom-iptv-playlist/raw/refs/heads/main/epg.xml
[2026-03-08] 频道: 374 | 数据源: https://github.com/zzzz0317/beijing-unicom-iptv-playlist/raw/refs/heads/main/epg.xml
[2026-03-09] 频道: 374 | 数据源: https://github.com/zzzz0317/beijing-unicom-iptv-playlist/raw/refs/heads/main/epg.xml
[2026-03-10] 频道: 374 | 数据源: https://github.com/zzzz0317/beijing-unicom-iptv-playlist/raw/refs/heads/main/epg.xml
[2026-03-11] 频道: 374 | 数据源: https://github.com/zzzz0317/beijing-unicom-iptv-playlist/raw/refs/heads/main/epg.xml
[2026-03-12] 频道: 374 | 数据源: https://github.com/zzzz0317/beijing-unicom-iptv-playlist/raw/refs/heads/main/epg.xml
[2026-03-13] 频道: 374 | 数据源: https://github.com/zzzz0317/beijing-unicom-iptv-playlist/raw/refs/heads/main/epg.xml
[2026-03-14] 频道: 374 | 数据源: https://github.com/zzzz0317/beijing-unicom-iptv-playlist/raw/refs/heads/main/epg.xml
[2026-03-15] 频道: 374 | 数据源: https://github.com/zzzz0317/beijing-unicom-iptv-playlist/raw/refs/heads/main/epg.xml
[2026-03-16] 频道: 374 | 数据源: https://github.com/zzzz0317/beijing-unicom-iptv-playlist/raw/refs/heads/main/epg.xml
[2026-03-07] 频道: 375 | 数据源: https://github.com/zzzz0317/beijing-unicom-iptv-playlist/raw/refs/heads/main/epg.xml
[2026-03-08] 频道: 375 | 数据源: http://e.erw.cc/all.xml.gz
[2026-03-09] 频道: 375 | 数据源: http://e.erw.cc/all.xml.gz
[2026-03-10] 频道: 375 | 数据源: http://e.erw.cc/all.xml.gz
[2026-03-11] 频道: 375 | 数据源: http://e.erw.cc/all.xml.gz
[2026-03-12] 频道: 375 | 数据源: http://e.erw.cc/all.xml.gz
[2026-03-13] 频道: 375 | 数据源: http://e.erw.cc/all.xml.gz
[2026-03-14] 频道: 375 | 数据源: http://e.erw.cc/all.xml.gz
[2026-03-15] 频道: 375 | 数据源: https://github.com/zzzz0317/beijing-unicom-iptv-playlist/raw/refs/heads/main/epg.xml
[2026-03-16] 频道: 375 | 数据源: https://github.com/zzzz0317/beijing-unicom-iptv-playlist/raw/refs/heads/main/epg.xml
[2026-03-07] 频道: 376 | 数据源: https://github.com/zzzz0317/beijing-unicom-iptv-playlist/raw/refs/heads/main/epg.xml
[2026-03-08] 频道: 376 | 数据源: http://e.erw.cc/all.xml.gz
[2026-03-09] 频道: 376 | 数据源: http://e.erw.cc/all.xml.gz
[2026-03-10] 频道: 376 | 数据源: http://e.erw.cc/all.xml.gz
[2026-03-11] 频道: 376 | 数据源: http://e.erw.cc/all.xml.gz
[2026-03-12] 频道: 376 | 数据源: http://e.erw.cc/all.xml.gz
[2026-03-13] 频道: 376 | 数据源: http://e.erw.cc/all.xml.gz
[2026-03-14] 频道: 376 | 数据源: http://e.erw.cc/all.xml.gz
[2026-03-15] 频道: 376 | 数据源: https://github.com/zzzz0317/beijing-unicom-iptv-playlist/raw/refs/heads/main/epg.xml
[2026-03-16] 频道: 376 | 数据源: https://github.com/zzzz0317/beijing-unicom-iptv-playlist/raw/refs/heads/main/epg.xml
[2026-03-17] 频道: 376 | 数据源: https://github.com/zzzz0317/beijing-unicom-iptv-playlist/raw/refs/heads/main/epg.xml
[2026-03-18] 频道: 376 | 数据源: https://github.com/zzzz0317/beijing-unicom-iptv-playlist/raw/refs/heads/main/epg.xml
[2026-03-19] 频道: 376 | 数据源: https://github.com/zzzz0317/beijing-unicom-iptv-playlist/raw/refs/heads/main/epg.xml
[2026-03-20] 频道: 376 | 数据源: https://github.com/zzzz0317/beijing-unicom-iptv-playlist/raw/refs/heads/main/epg.xml
[2026-03-21] 频道: 376 | 数据源: https://github.com/zzzz0317/beijing-unicom-iptv-playlist/raw/refs/heads/main/epg.xml
[2026-03-07] 频道: 377 | 数据源: https://github.com/zzzz0317/beijing-unicom-iptv-playlist/raw/refs/heads/main/epg.xml
[2026-03-08] 频道: 377 | 数据源: https://github.com/zzzz0317/beijing-unicom-iptv-playlist/raw/refs/heads/main/epg.xml
[2026-03-09] 频道: 377 | 数据源: http://e.erw.cc/all.xml.gz
[2026-03-10] 频道: 377 | 数据源: https://github.com/zzzz0317/beijing-unicom-iptv-playlist/raw/refs/heads/main/epg.xml
[2026-03-11] 频道: 377 | 数据源: https://github.com/zzzz0317/beijing-unicom-iptv-playlist/raw/refs/heads/main/epg.xml
[2026-03-12] 频道: 377 | 数据源: https://github.com/zzzz0317/beijing-unicom-iptv-playlist/raw/refs/heads/main/epg.xml
[2026-03-13] 频道: 377 | 数据源: https://github.com/zzzz0317/beijing-unicom-iptv-playlist/raw/refs/heads/main/epg.xml
[2026-03-14] 频道: 377 | 数据源: http://e.erw.cc/all.xml.gz
[2026-03-15] 频道: 377 | 数据源: https://github.com/zzzz0317/beijing-unicom-iptv-playlist/raw/refs/heads/main/epg.xml
[2026-03-16] 频道: 377 | 数据源: https://github.com/zzzz0317/beijing-unicom-iptv-playlist/raw/refs/heads/main/epg.xml
[2026-03-17] 频道: 377 | 数据源: https://github.com/zzzz0317/beijing-unicom-iptv-playlist/raw/refs/heads/main/epg.xml
[2026-03-18] 频道: 377 | 数据源: https://github.com/zzzz0317/beijing-unicom-iptv-playlist/raw/refs/heads/main/epg.xml
[2026-03-19] 频道: 377 | 数据源: https://github.com/zzzz0317/beijing-unicom-iptv-playlist/raw/refs/heads/main/epg.xml
[2026-03-20] 频道: 377 | 数据源: https://github.com/zzzz0317/beijing-unicom-iptv-playlist/raw/refs/heads/main/epg.xml
[2026-03-21] 频道: 377 | 数据源: https://github.com/zzzz0317/beijing-unicom-iptv-playlist/raw/refs/heads/main/epg.xml
[2026-03-07] 频道: 378 | 数据源: https://github.com/zzzz0317/beijing-unicom-iptv-playlist/raw/refs/heads/main/epg.xml
[2026-03-08] 频道: 378 | 数据源: https://github.com/zzzz0317/beijing-unicom-iptv-playlist/raw/refs/heads/main/epg.xml
[2026-03-09] 频道: 378 | 数据源: http://e.erw.cc/all.xml.gz
[2026-03-10] 频道: 378 | 数据源: https://github.com/zzzz0317/beijing-unicom-iptv-playlist/raw/refs/heads/main/epg.xml
[2026-03-11] 频道: 378 | 数据源: http://e.erw.cc/all.xml.gz
[2026-03-12] 频道: 378 | 数据源: http://e.erw.cc/all.xml.gz
[2026-03-13] 频道: 378 | 数据源: https://github.com/zzzz0317/beijing-unicom-iptv-playlist/raw/refs/heads/main/epg.xml
[2026-03-14] 频道: 378 | 数据源: http://e.erw.cc/all.xml.gz
[2026-03-15] 频道: 378 | 数据源: https://github.com/zzzz0317/beijing-unicom-iptv-playlist/raw/refs/heads/main/epg.xml
[2026-03-16] 频道: 378 | 数据源: https://github.com/zzzz0317/beijing-unicom-iptv-playlist/raw/refs/heads/main/epg.xml
[2026-03-17] 频道: 378 | 数据源: https://github.com/zzzz0317/beijing-unicom-iptv-playlist/raw/refs/heads/main/epg.xml
[2026-03-18] 频道: 378 | 数据源: https://github.com/zzzz0317/beijing-unicom-iptv-playlist/raw/refs/heads/main/epg.xml
[2026-03-19] 频道: 378 | 数据源: https://github.com/zzzz0317/beijing-unicom-iptv-playlist/raw/refs/heads/main/epg.xml
[2026-03-20] 频道: 378 | 数据源: https://github.com/zzzz0317/beijing-unicom-iptv-playlist/raw/refs/heads/main/epg.xml
[2026-03-07] 频道: 379 | 数据源: https://github.com/zzzz0317/beijing-unicom-iptv-playlist/raw/refs/heads/main/epg.xml
[2026-03-08] 频道: 379 | 数据源: http://e.erw.cc/all.xml.gz
[2026-03-09] 频道: 379 | 数据源: http://e.erw.cc/all.xml.gz
[2026-03-10] 频道: 379 | 数据源: http://e.erw.cc/all.xml.gz
[2026-03-11] 频道: 379 | 数据源: http://e.erw.cc/all.xml.gz
[2026-03-12] 频道: 379 | 数据源: http://e.erw.cc/all.xml.gz
[2026-03-13] 频道: 379 | 数据源: http://e.erw.cc/all.xml.gz
[2026-03-14] 频道: 379 | 数据源: http://e.erw.cc/all.xml.gz
[2026-03-15] 频道: 379 | 数据源: https://github.com/zzzz0317/beijing-unicom-iptv-playlist/raw/refs/heads/main/epg.xml
[2026-03-16] 频道: 379 | 数据源: https://github.com/zzzz0317/beijing-unicom-iptv-playlist/raw/refs/heads/main/epg.xml
[2026-03-08] 频道: 380 | 数据源: http://e.erw.cc/all.xml.gz
[2026-03-09] 频道: 380 | 数据源: http://e.erw.cc/all.xml.gz
[2026-03-10] 频道: 380 | 数据源: http://e.erw.cc/all.xml.gz
[2026-03-11] 频道: 380 | 数据源: http://e.erw.cc/all.xml.gz
[2026-03-12] 频道: 380 | 数据源: http://e.erw.cc/all.xml.gz
[2026-03-13] 频道: 380 | 数据源: http://e.erw.cc/all.xml.gz
[2026-03-14] 频道: 380 | 数据源: http://e.erw.cc/all.xml.gz
[2026-03-08] 频道: 381 | 数据源: http://e.erw.cc/all.xml.gz
[2026-03-09] 频道: 381 | 数据源: http://e.erw.cc/all.xml.gz
[2026-03-10] 频道: 381 | 数据源: http://e.erw.cc/all.xml.gz
[2026-03-11] 频道: 381 | 数据源: http://e.erw.cc/all.xml.gz
[2026-03-12] 频道: 381 | 数据源: http://e.erw.cc/all.xml.gz
[2026-03-13] 频道: 381 | 数据源: http://e.erw.cc/all.xml.gz
[2026-03-14] 频道: 381 | 数据源: http://e.erw.cc/all.xml.gz
[1970-01-01] 频道: 382 | 数据源: https://epg.136605.xyz/9days.xml
[2026-03-08] 频道: 382 | 数据源: http://e.erw.cc/all.xml.gz
[2026-03-09] 频道: 382 | 数据源: http://e.erw.cc/all.xml.gz
[2026-03-10] 频道: 382 | 数据源: http://e.erw.cc/all.xml.gz
[2026-03-11] 频道: 382 | 数据源: http://e.erw.cc/all.xml.gz
[2026-03-12] 频道: 382 | 数据源: http://e.erw.cc/all.xml.gz
[2026-03-13] 频道: 382 | 数据源: http://e.erw.cc/all.xml.gz
[2026-03-14] 频道: 382 | 数据源: http://e.erw.cc/all.xml.gz
[2026-03-15] 频道: 382 | 数据源: http://epg.51zmt.top:8000/e1.xml.gz
[2026-03-08] 频道: 383 | 数据源: https://epg.136605.xyz/9days.xml
[2026-03-09] 频道: 383 | 数据源: https://epg.136605.xyz/9days.xml
[2026-03-10] 频道: 383 | 数据源: https://epg.136605.xyz/9days.xml
[2026-03-11] 频道: 383 | 数据源: https://epg.136605.xyz/9days.xml
[2026-03-12] 频道: 383 | 数据源: https://epg.136605.xyz/9days.xml
[2026-03-13] 频道: 383 | 数据源: https://epg.136605.xyz/9days.xml
[2026-03-14] 频道: 383 | 数据源: https://epg.136605.xyz/9days.xml
[2026-03-15] 频道: 383 | 数据源: http://epg.51zmt.top:8000/e1.xml.gz
[2026-03-08] 频道: 384 | 数据源: http://e.erw.cc/all.xml.gz
[2026-03-09] 频道: 384 | 数据源: http://e.erw.cc/all.xml.gz
[2026-03-10] 频道: 384 | 数据源: http://e.erw.cc/all.xml.gz
[2026-03-11] 频道: 384 | 数据源: https://epg.136605.xyz/9days.xml
[2026-03-12] 频道: 384 | 数据源: http://e.erw.cc/all.xml.gz
[2026-03-13] 频道: 384 | 数据源: https://epg.136605.xyz/9days.xml
[2026-03-14] 频道: 384 | 数据源: http://e.erw.cc/all.xml.gz
[2026-03-08] 频道: 385 | 数据源: https://epg.136605.xyz/9days.xml
[2026-03-09] 频道: 385 | 数据源: https://epg.136605.xyz/9days.xml
[2026-03-10] 频道: 385 | 数据源: https://epg.136605.xyz/9days.xml
[2026-03-11] 频道: 385 | 数据源: https://epg.136605.xyz/9days.xml
[2026-03-12] 频道: 385 | 数据源: https://epg.136605.xyz/9days.xml
[2026-03-13] 频道: 385 | 数据源: https://epg.136605.xyz/9days.xml
[2026-03-14] 频道: 385 | 数据源: https://epg.136605.xyz/9days.xml
[2026-03-08] 频道: 386 | 数据源: https://epg.136605.xyz/9days.xml
[2026-03-09] 频道: 386 | 数据源: https://epg.136605.xyz/9days.xml
[2026-03-10] 频道: 386 | 数据源: https://epg.136605.xyz/9days.xml
[2026-03-11] 频道: 386 | 数据源: https://epg.136605.xyz/9days.xml
[2026-03-12] 频道: 386 | 数据源: https://epg.136605.xyz/9days.xml
[2026-03-13] 频道: 386 | 数据源: https://epg.136605.xyz/9days.xml
[2026-03-14] 频道: 386 | 数据源: https://epg.136605.xyz/9days.xml
[2026-03-15] 频道: 386 | 数据源: http://epg.51zmt.top:8000/e1.xml.gz
[2026-03-08] 频道: 387 | 数据源: https://epg.136605.xyz/9days.xml
[2026-03-09] 频道: 387 | 数据源: https://epg.136605.xyz/9days.xml
[2026-03-10] 频道: 387 | 数据源: https://epg.136605.xyz/9days.xml
[2026-03-11] 频道: 387 | 数据源: https://epg.136605.xyz/9days.xml
[2026-03-12] 频道: 387 | 数据源: https://epg.136605.xyz/9days.xml
[2026-03-13] 频道: 387 | 数据源: https://epg.136605.xyz/9days.xml
[2026-03-14] 频道: 387 | 数据源: https://epg.136605.xyz/9days.xml
[2026-03-15] 频道: 387 | 数据源: http://epg.51zmt.top:8000/e1.xml.gz
[2026-03-08] 频道: 388 | 数据源: http://e.erw.cc/all.xml.gz
[2026-03-09] 频道: 388 | 数据源: http://e.erw.cc/all.xml.gz
[2026-03-10] 频道: 388 | 数据源: http://e.erw.cc/all.xml.gz
[2026-03-11] 频道: 388 | 数据源: http://e.erw.cc/all.xml.gz
[2026-03-12] 频道: 388 | 数据源: http://e.erw.cc/all.xml.gz
[2026-03-13] 频道: 388 | 数据源: http://e.erw.cc/all.xml.gz
[2026-03-14] 频道: 388 | 数据源: http://epg.51zmt.top:8000/e1.xml.gz
[2026-03-15] 频道: 388 | 数据源: http://epg.51zmt.top:8000/e1.xml.gz
[2026-03-08] 频道: 389 | 数据源: http://e.erw.cc/all.xml.gz
[2026-03-09] 频道: 389 | 数据源: http://e.erw.cc/all.xml.gz
[2026-03-10] 频道: 389 | 数据源: http://e.erw.cc/all.xml.gz
[2026-03-11] 频道: 389 | 数据源: http://e.erw.cc/all.xml.gz
[2026-03-12] 频道: 389 | 数据源: http://e.erw.cc/all.xml.gz
[2026-03-13] 频道: 389 | 数据源: http://e.erw.cc/all.xml.gz
[2026-03-14] 频道: 389 | 数据源: http://e.erw.cc/all.xml.gz
[2026-03-15] 频道: 389 | 数据源: https://github.com/litiande03/epg/raw/refs/heads/master/pl.xml.gz
[2026-03-16] 频道: 389 | 数据源: https://github.com/litiande03/epg/raw/refs/heads/master/pl.xml.gz
[2026-03-17] 频道: 389 | 数据源: https://github.com/litiande03/epg/raw/refs/heads/master/pl.xml.gz
[2026-03-07] 频道: 390 | 数据源: https://github.com/zzzz0317/beijing-unicom-iptv-playlist/raw/refs/heads/main/epg.xml
[2026-03-08] 频道: 390 | 数据源: https://github.com/zzzz0317/beijing-unicom-iptv-playlist/raw/refs/heads/main/epg.xml
[2026-03-09] 频道: 390 | 数据源: https://github.com/zzzz0317/beijing-unicom-iptv-playlist/raw/refs/heads/main/epg.xml
[2026-03-10] 频道: 390 | 数据源: https://github.com/zzzz0317/beijing-unicom-iptv-playlist/raw/refs/heads/main/epg.xml
[2026-03-11] 频道: 390 | 数据源: https://github.com/zzzz0317/beijing-unicom-iptv-playlist/raw/refs/heads/main/epg.xml
[2026-03-12] 频道: 390 | 数据源: https://github.com/zzzz0317/beijing-unicom-iptv-playlist/raw/refs/heads/main/epg.xml
[2026-03-13] 频道: 390 | 数据源: https://github.com/zzzz0317/beijing-unicom-iptv-playlist/raw/refs/heads/main/epg.xml
[2026-03-14] 频道: 390 | 数据源: https://github.com/zzzz0317/beijing-unicom-iptv-playlist/raw/refs/heads/main/epg.xml
[2026-03-15] 频道: 390 | 数据源: https://github.com/zzzz0317/beijing-unicom-iptv-playlist/raw/refs/heads/main/epg.xml
[2026-03-16] 频道: 390 | 数据源: https://github.com/zzzz0317/beijing-unicom-iptv-playlist/raw/refs/heads/main/epg.xml
[2026-03-17] 频道: 390 | 数据源: https://github.com/zzzz0317/beijing-unicom-iptv-playlist/raw/refs/heads/main/epg.xml
[2026-03-18] 频道: 390 | 数据源: https://github.com/zzzz0317/beijing-unicom-iptv-playlist/raw/refs/heads/main/epg.xml
[2026-03-19] 频道: 390 | 数据源: https://github.com/zzzz0317/beijing-unicom-iptv-playlist/raw/refs/heads/main/epg.xml
[2026-03-20] 频道: 390 | 数据源: https://github.com/zzzz0317/beijing-unicom-iptv-playlist/raw/refs/heads/main/epg.xml
[2026-03-21] 频道: 390 | 数据源: https://github.com/zzzz0317/beijing-unicom-iptv-playlist/raw/refs/heads/main/epg.xml
[2026-03-08] 频道: 391 | 数据源: http://e.erw.cc/all.xml.gz
[2026-03-09] 频道: 391 | 数据源: http://e.erw.cc/all.xml.gz
[2026-03-10] 频道: 391 | 数据源: http://e.erw.cc/all.xml.gz
[2026-03-11] 频道: 391 | 数据源: http://e.erw.cc/all.xml.gz
[2026-03-12] 频道: 391 | 数据源: http://e.erw.cc/all.xml.gz
[2026-03-13] 频道: 391 | 数据源: http://e.erw.cc/all.xml.gz
[2026-03-14] 频道: 391 | 数据源: http://e.erw.cc/all.xml.gz
[2026-03-15] 频道: 391 | 数据源: https://github.com/litiande03/epg/raw/refs/heads/master/pl.xml.gz
[2026-03-16] 频道: 391 | 数据源: https://github.com/litiande03/epg/raw/refs/heads/master/pl.xml.gz
[2026-03-17] 频道: 391 | 数据源: https://github.com/litiande03/epg/raw/refs/heads/master/pl.xml.gz
[2026-03-07] 频道: 392 | 数据源: https://github.com/zzzz0317/beijing-unicom-iptv-playlist/raw/refs/heads/main/epg.xml
[2026-03-08] 频道: 392 | 数据源: https://github.com/zzzz0317/beijing-unicom-iptv-playlist/raw/refs/heads/main/epg.xml
[2026-03-09] 频道: 392 | 数据源: https://github.com/zzzz0317/beijing-unicom-iptv-playlist/raw/refs/heads/main/epg.xml
[2026-03-10] 频道: 392 | 数据源: https://github.com/zzzz0317/beijing-unicom-iptv-playlist/raw/refs/heads/main/epg.xml
[2026-03-11] 频道: 392 | 数据源: https://github.com/zzzz0317/beijing-unicom-iptv-playlist/raw/refs/heads/main/epg.xml
[2026-03-12] 频道: 392 | 数据源: https://github.com/zzzz0317/beijing-unicom-iptv-playlist/raw/refs/heads/main/epg.xml
[2026-03-13] 频道: 392 | 数据源: https://github.com/zzzz0317/beijing-unicom-iptv-playlist/raw/refs/heads/main/epg.xml
[2026-03-14] 频道: 392 | 数据源: https://github.com/zzzz0317/beijing-unicom-iptv-playlist/raw/refs/heads/main/epg.xml
[2026-03-15] 频道: 392 | 数据源: https://github.com/zzzz0317/beijing-unicom-iptv-playlist/raw/refs/heads/main/epg.xml
[2026-03-16] 频道: 392 | 数据源: https://github.com/zzzz0317/beijing-unicom-iptv-playlist/raw/refs/heads/main/epg.xml
[2026-03-17] 频道: 392 | 数据源: https://github.com/zzzz0317/beijing-unicom-iptv-playlist/raw/refs/heads/main/epg.xml
[2026-03-18] 频道: 392 | 数据源: https://github.com/zzzz0317/beijing-unicom-iptv-playlist/raw/refs/heads/main/epg.xml
[2026-03-19] 频道: 392 | 数据源: https://github.com/zzzz0317/beijing-unicom-iptv-playlist/raw/refs/heads/main/epg.xml
[2026-03-20] 频道: 392 | 数据源: https://github.com/zzzz0317/beijing-unicom-iptv-playlist/raw/refs/heads/main/epg.xml
[2026-03-21] 频道: 392 | 数据源: https://github.com/zzzz0317/beijing-unicom-iptv-playlist/raw/refs/heads/main/epg.xml
[2026-03-08] 频道: 393 | 数据源: http://e.erw.cc/all.xml.gz
[2026-03-09] 频道: 393 | 数据源: http://e.erw.cc/all.xml.gz
[2026-03-10] 频道: 393 | 数据源: http://e.erw.cc/all.xml.gz
[2026-03-11] 频道: 393 | 数据源: http://e.erw.cc/all.xml.gz
[2026-03-12] 频道: 393 | 数据源: http://e.erw.cc/all.xml.gz
[2026-03-13] 频道: 393 | 数据源: http://e.erw.cc/all.xml.gz
[2026-03-14] 频道: 393 | 数据源: http://e.erw.cc/all.xml.gz
[2026-03-08] 频道: 394 | 数据源: http://e.erw.cc/all.xml.gz
[2026-03-09] 频道: 394 | 数据源: http://e.erw.cc/all.xml.gz
[2026-03-10] 频道: 394 | 数据源: http://e.erw.cc/all.xml.gz
[2026-03-11] 频道: 394 | 数据源: http://e.erw.cc/all.xml.gz
[2026-03-12] 频道: 394 | 数据源: http://e.erw.cc/all.xml.gz
[2026-03-13] 频道: 394 | 数据源: http://e.erw.cc/all.xml.gz
[2026-03-14] 频道: 394 | 数据源: http://e.erw.cc/all.xml.gz
[2026-03-08] 频道: 395 | 数据源: http://e.erw.cc/all.xml.gz
[2026-03-09] 频道: 395 | 数据源: http://e.erw.cc/all.xml.gz
[2026-03-10] 频道: 395 | 数据源: http://e.erw.cc/all.xml.gz
[2026-03-11] 频道: 395 | 数据源: http://e.erw.cc/all.xml.gz
[2026-03-12] 频道: 395 | 数据源: http://e.erw.cc/all.xml.gz
[2026-03-13] 频道: 395 | 数据源: http://e.erw.cc/all.xml.gz
[2026-03-14] 频道: 395 | 数据源: http://epg.51zmt.top:8000/e1.xml.gz
[2026-03-15] 频道: 395 | 数据源: http://epg.51zmt.top:8000/e1.xml.gz
[2026-03-08] 频道: 396 | 数据源: http://e.erw.cc/all.xml.gz
[2026-03-09] 频道: 396 | 数据源: http://e.erw.cc/all.xml.gz
[2026-03-10] 频道: 396 | 数据源: http://e.erw.cc/all.xml.gz
[2026-03-11] 频道: 396 | 数据源: http://e.erw.cc/all.xml.gz
[2026-03-12] 频道: 396 | 数据源: http://e.erw.cc/all.xml.gz
[2026-03-13] 频道: 396 | 数据源: http://e.erw.cc/all.xml.gz
[2026-03-14] 频道: 396 | 数据源: http://epg.51zmt.top:8000/e1.xml.gz
[2026-03-15] 频道: 396 | 数据源: http://epg.51zmt.top:8000/e1.xml.gz
[2026-03-08] 频道: 397 | 数据源: http://e.erw.cc/all.xml.gz
[2026-03-09] 频道: 397 | 数据源: http://e.erw.cc/all.xml.gz
[2026-03-10] 频道: 397 | 数据源: http://e.erw.cc/all.xml.gz
[2026-03-11] 频道: 397 | 数据源: http://e.erw.cc/all.xml.gz
[2026-03-12] 频道: 397 | 数据源: http://e.erw.cc/all.xml.gz
[2026-03-13] 频道: 397 | 数据源: http://e.erw.cc/all.xml.gz
[2026-03-14] 频道: 397 | 数据源: http://e.erw.cc/all.xml.gz
[2026-03-08] 频道: 398 | 数据源: http://e.erw.cc/all.xml.gz
[2026-03-09] 频道: 398 | 数据源: http://e.erw.cc/all.xml.gz
[2026-03-10] 频道: 398 | 数据源: http://e.erw.cc/all.xml.gz
[2026-03-11] 频道: 398 | 数据源: http://e.erw.cc/all.xml.gz
[2026-03-12] 频道: 398 | 数据源: http://e.erw.cc/all.xml.gz
[2026-03-13] 频道: 398 | 数据源: http://e.erw.cc/all.xml.gz
[2026-03-14] 频道: 398 | 数据源: http://e.erw.cc/all.xml.gz
[2026-03-08] 频道: 399 | 数据源: http://e.erw.cc/all.xml.gz
[2026-03-09] 频道: 399 | 数据源: http://e.erw.cc/all.xml.gz
[2026-03-10] 频道: 399 | 数据源: http://e.erw.cc/all.xml.gz
[2026-03-11] 频道: 399 | 数据源: http://e.erw.cc/all.xml.gz
[2026-03-12] 频道: 399 | 数据源: http://e.erw.cc/all.xml.gz
[2026-03-13] 频道: 399 | 数据源: http://e.erw.cc/all.xml.gz
[2026-03-14] 频道: 399 | 数据源: http://e.erw.cc/all.xml.gz
[2026-03-08] 频道: 400 | 数据源: http://e.erw.cc/all.xml.gz
[2026-03-09] 频道: 400 | 数据源: http://e.erw.cc/all.xml.gz
[2026-03-10] 频道: 400 | 数据源: http://e.erw.cc/all.xml.gz
[2026-03-11] 频道: 400 | 数据源: http://e.erw.cc/all.xml.gz
[2026-03-12] 频道: 400 | 数据源: http://e.erw.cc/all.xml.gz
[2026-03-13] 频道: 400 | 数据源: http://e.erw.cc/all.xml.gz
[2026-03-14] 频道: 400 | 数据源: http://e.erw.cc/all.xml.gz
[2026-03-07] 频道: 401 | 数据源: https://github.com/zzzz0317/beijing-unicom-iptv-playlist/raw/refs/heads/main/epg.xml
[2026-03-08] 频道: 401 | 数据源: http://e.erw.cc/all.xml.gz
[2026-03-09] 频道: 401 | 数据源: http://e.erw.cc/all.xml.gz
[2026-03-10] 频道: 401 | 数据源: http://e.erw.cc/all.xml.gz
[2026-03-11] 频道: 401 | 数据源: http://e.erw.cc/all.xml.gz
[2026-03-12] 频道: 401 | 数据源: http://e.erw.cc/all.xml.gz
[2026-03-13] 频道: 401 | 数据源: http://e.erw.cc/all.xml.gz
[2026-03-14] 频道: 401 | 数据源: http://e.erw.cc/all.xml.gz
[2026-03-15] 频道: 401 | 数据源: https://github.com/zzzz0317/beijing-unicom-iptv-playlist/raw/refs/heads/main/epg.xml
[2026-03-16] 频道: 401 | 数据源: https://github.com/zzzz0317/beijing-unicom-iptv-playlist/raw/refs/heads/main/epg.xml
[2026-03-08] 频道: 402 | 数据源: http://e.erw.cc/all.xml.gz
[2026-03-09] 频道: 402 | 数据源: http://e.erw.cc/all.xml.gz
[2026-03-10] 频道: 402 | 数据源: http://e.erw.cc/all.xml.gz
[2026-03-11] 频道: 402 | 数据源: http://e.erw.cc/all.xml.gz
[2026-03-12] 频道: 402 | 数据源: http://e.erw.cc/all.xml.gz
[2026-03-13] 频道: 402 | 数据源: http://e.erw.cc/all.xml.gz
[2026-03-14] 频道: 402 | 数据源: http://e.erw.cc/all.xml.gz
[2026-03-08] 频道: 403 | 数据源: http://e.erw.cc/all.xml.gz
[2026-03-09] 频道: 403 | 数据源: http://e.erw.cc/all.xml.gz
[2026-03-10] 频道: 403 | 数据源: http://e.erw.cc/all.xml.gz
[2026-03-11] 频道: 403 | 数据源: http://e.erw.cc/all.xml.gz
[2026-03-12] 频道: 403 | 数据源: http://e.erw.cc/all.xml.gz
[2026-03-13] 频道: 403 | 数据源: http://e.erw.cc/all.xml.gz
[2026-03-14] 频道: 403 | 数据源: http://e.erw.cc/all.xml.gz
[2026-03-08] 频道: 404 | 数据源: http://e.erw.cc/all.xml.gz
[2026-03-09] 频道: 404 | 数据源: http://e.erw.cc/all.xml.gz
[2026-03-10] 频道: 404 | 数据源: http://e.erw.cc/all.xml.gz
[2026-03-11] 频道: 404 | 数据源: http://e.erw.cc/all.xml.gz
[2026-03-12] 频道: 404 | 数据源: http://e.erw.cc/all.xml.gz
[2026-03-13] 频道: 404 | 数据源: http://e.erw.cc/all.xml.gz
[2026-03-14] 频道: 404 | 数据源: http://e.erw.cc/all.xml.gz
[2026-03-07] 频道: 405 | 数据源: https://github.com/zzzz0317/beijing-unicom-iptv-playlist/raw/refs/heads/main/epg.xml
[2026-03-08] 频道: 405 | 数据源: https://github.com/zzzz0317/beijing-unicom-iptv-playlist/raw/refs/heads/main/epg.xml
[2026-03-09] 频道: 405 | 数据源: https://github.com/zzzz0317/beijing-unicom-iptv-playlist/raw/refs/heads/main/epg.xml
[2026-03-10] 频道: 405 | 数据源: https://github.com/zzzz0317/beijing-unicom-iptv-playlist/raw/refs/heads/main/epg.xml
[2026-03-11] 频道: 405 | 数据源: https://github.com/zzzz0317/beijing-unicom-iptv-playlist/raw/refs/heads/main/epg.xml
[2026-03-12] 频道: 405 | 数据源: https://github.com/zzzz0317/beijing-unicom-iptv-playlist/raw/refs/heads/main/epg.xml
[2026-03-13] 频道: 405 | 数据源: https://github.com/zzzz0317/beijing-unicom-iptv-playlist/raw/refs/heads/main/epg.xml
[2026-03-14] 频道: 405 | 数据源: https://github.com/zzzz0317/beijing-unicom-iptv-playlist/raw/refs/heads/main/epg.xml
[2026-03-15] 频道: 405 | 数据源: https://github.com/zzzz0317/beijing-unicom-iptv-playlist/raw/refs/heads/main/epg.xml
[2026-03-16] 频道: 405 | 数据源: https://github.com/zzzz0317/beijing-unicom-iptv-playlist/raw/refs/heads/main/epg.xml
[2026-03-17] 频道: 405 | 数据源: https://github.com/zzzz0317/beijing-unicom-iptv-playlist/raw/refs/heads/main/epg.xml
[2026-03-07] 频道: 406 | 数据源: https://github.com/zzzz0317/beijing-unicom-iptv-playlist/raw/refs/heads/main/epg.xml
[2026-03-08] 频道: 406 | 数据源: https://github.com/zzzz0317/beijing-unicom-iptv-playlist/raw/refs/heads/main/epg.xml
[2026-03-09] 频道: 406 | 数据源: https://github.com/zzzz0317/beijing-unicom-iptv-playlist/raw/refs/heads/main/epg.xml
[2026-03-10] 频道: 406 | 数据源: https://github.com/zzzz0317/beijing-unicom-iptv-playlist/raw/refs/heads/main/epg.xml
[2026-03-11] 频道: 406 | 数据源: https://github.com/zzzz0317/beijing-unicom-iptv-playlist/raw/refs/heads/main/epg.xml
[2026-03-12] 频道: 406 | 数据源: https://github.com/zzzz0317/beijing-unicom-iptv-playlist/raw/refs/heads/main/epg.xml
[2026-03-13] 频道: 406 | 数据源: https://github.com/zzzz0317/beijing-unicom-iptv-playlist/raw/refs/heads/main/epg.xml
[2026-03-14] 频道: 406 | 数据源: https://github.com/zzzz0317/beijing-unicom-iptv-playlist/raw/refs/heads/main/epg.xml
[2026-03-15] 频道: 406 | 数据源: https://github.com/zzzz0317/beijing-unicom-iptv-playlist/raw/refs/heads/main/epg.xml
[2026-03-16] 频道: 406 | 数据源: https://github.com/zzzz0317/beijing-unicom-iptv-playlist/raw/refs/heads/main/epg.xml
[2026-03-17] 频道: 406 | 数据源: https://github.com/zzzz0317/beijing-unicom-iptv-playlist/raw/refs/heads/main/epg.xml
[2026-03-07] 频道: 407 | 数据源: https://github.com/zzzz0317/beijing-unicom-iptv-playlist/raw/refs/heads/main/epg.xml
[2026-03-08] 频道: 407 | 数据源: https://github.com/zzzz0317/beijing-unicom-iptv-playlist/raw/refs/heads/main/epg.xml
[2026-03-09] 频道: 407 | 数据源: https://github.com/zzzz0317/beijing-unicom-iptv-playlist/raw/refs/heads/main/epg.xml
[2026-03-10] 频道: 407 | 数据源: https://github.com/zzzz0317/beijing-unicom-iptv-playlist/raw/refs/heads/main/epg.xml
[2026-03-11] 频道: 407 | 数据源: https://github.com/zzzz0317/beijing-unicom-iptv-playlist/raw/refs/heads/main/epg.xml
[2026-03-12] 频道: 407 | 数据源: https://github.com/zzzz0317/beijing-unicom-iptv-playlist/raw/refs/heads/main/epg.xml
[2026-03-13] 频道: 407 | 数据源: https://github.com/zzzz0317/beijing-unicom-iptv-playlist/raw/refs/heads/main/epg.xml
[2026-03-14] 频道: 407 | 数据源: https://github.com/zzzz0317/beijing-unicom-iptv-playlist/raw/refs/heads/main/epg.xml
[2026-03-15] 频道: 407 | 数据源: https://github.com/zzzz0317/beijing-unicom-iptv-playlist/raw/refs/heads/main/epg.xml
[2026-03-16] 频道: 407 | 数据源: https://github.com/zzzz0317/beijing-unicom-iptv-playlist/raw/refs/heads/main/epg.xml
[2026-03-17] 频道: 407 | 数据源: https://github.com/zzzz0317/beijing-unicom-iptv-playlist/raw/refs/heads/main/epg.xml
[2026-03-07] 频道: 408 | 数据源: https://github.com/zzzz0317/beijing-unicom-iptv-playlist/raw/refs/heads/main/epg.xml
[2026-03-08] 频道: 408 | 数据源: https://github.com/zzzz0317/beijing-unicom-iptv-playlist/raw/refs/heads/main/epg.xml
[2026-03-09] 频道: 408 | 数据源: https://github.com/zzzz0317/beijing-unicom-iptv-playlist/raw/refs/heads/main/epg.xml
[2026-03-10] 频道: 408 | 数据源: https://github.com/zzzz0317/beijing-unicom-iptv-playlist/raw/refs/heads/main/epg.xml
[2026-03-11] 频道: 408 | 数据源: https://github.com/zzzz0317/beijing-unicom-iptv-playlist/raw/refs/heads/main/epg.xml
[2026-03-12] 频道: 408 | 数据源: https://github.com/zzzz0317/beijing-unicom-iptv-playlist/raw/refs/heads/main/epg.xml
[2026-03-13] 频道: 408 | 数据源: https://github.com/zzzz0317/beijing-unicom-iptv-playlist/raw/refs/heads/main/epg.xml
[2026-03-14] 频道: 408 | 数据源: https://github.com/zzzz0317/beijing-unicom-iptv-playlist/raw/refs/heads/main/epg.xml
[2026-03-15] 频道: 408 | 数据源: https://github.com/zzzz0317/beijing-unicom-iptv-playlist/raw/refs/heads/main/epg.xml
[2026-03-16] 频道: 408 | 数据源: https://github.com/zzzz0317/beijing-unicom-iptv-playlist/raw/refs/heads/main/epg.xml
[2026-03-17] 频道: 408 | 数据源: https://github.com/zzzz0317/beijing-unicom-iptv-playlist/raw/refs/heads/main/epg.xml
[2026-03-07] 频道: 409 | 数据源: https://github.com/zzzz0317/beijing-unicom-iptv-playlist/raw/refs/heads/main/epg.xml
[2026-03-08] 频道: 409 | 数据源: https://github.com/zzzz0317/beijing-unicom-iptv-playlist/raw/refs/heads/main/epg.xml
[2026-03-09] 频道: 409 | 数据源: https://github.com/zzzz0317/beijing-unicom-iptv-playlist/raw/refs/heads/main/epg.xml
[2026-03-10] 频道: 409 | 数据源: https://github.com/zzzz0317/beijing-unicom-iptv-playlist/raw/refs/heads/main/epg.xml
[2026-03-11] 频道: 409 | 数据源: https://github.com/zzzz0317/beijing-unicom-iptv-playlist/raw/refs/heads/main/epg.xml
[2026-03-12] 频道: 409 | 数据源: https://github.com/zzzz0317/beijing-unicom-iptv-playlist/raw/refs/heads/main/epg.xml
[2026-03-13] 频道: 409 | 数据源: https://github.com/zzzz0317/beijing-unicom-iptv-playlist/raw/refs/heads/main/epg.xml
[2026-03-14] 频道: 409 | 数据源: https://github.com/zzzz0317/beijing-unicom-iptv-playlist/raw/refs/heads/main/epg.xml
[2026-03-15] 频道: 409 | 数据源: https://github.com/zzzz0317/beijing-unicom-iptv-playlist/raw/refs/heads/main/epg.xml
[2026-03-16] 频道: 409 | 数据源: https://github.com/zzzz0317/beijing-unicom-iptv-playlist/raw/refs/heads/main/epg.xml
[2026-03-17] 频道: 409 | 数据源: https://github.com/zzzz0317/beijing-unicom-iptv-playlist/raw/refs/heads/main/epg.xml
[2026-03-07] 频道: 410 | 数据源: https://github.com/zzzz0317/beijing-unicom-iptv-playlist/raw/refs/heads/main/epg.xml
[2026-03-08] 频道: 410 | 数据源: https://github.com/zzzz0317/beijing-unicom-iptv-playlist/raw/refs/heads/main/epg.xml
[2026-03-09] 频道: 410 | 数据源: https://github.com/zzzz0317/beijing-unicom-iptv-playlist/raw/refs/heads/main/epg.xml
[2026-03-10] 频道: 410 | 数据源: https://github.com/zzzz0317/beijing-unicom-iptv-playlist/raw/refs/heads/main/epg.xml
[2026-03-11] 频道: 410 | 数据源: https://github.com/zzzz0317/beijing-unicom-iptv-playlist/raw/refs/heads/main/epg.xml
[2026-03-12] 频道: 410 | 数据源: https://github.com/zzzz0317/beijing-unicom-iptv-playlist/raw/refs/heads/main/epg.xml
[2026-03-13] 频道: 410 | 数据源: https://github.com/zzzz0317/beijing-unicom-iptv-playlist/raw/refs/heads/main/epg.xml
[2026-03-14] 频道: 410 | 数据源: https://github.com/zzzz0317/beijing-unicom-iptv-playlist/raw/refs/heads/main/epg.xml
[2026-03-15] 频道: 410 | 数据源: https://github.com/zzzz0317/beijing-unicom-iptv-playlist/raw/refs/heads/main/epg.xml
[2026-03-16] 频道: 410 | 数据源: https://github.com/zzzz0317/beijing-unicom-iptv-playlist/raw/refs/heads/main/epg.xml
[2026-03-17] 频道: 410 | 数据源: https://github.com/zzzz0317/beijing-unicom-iptv-playlist/raw/refs/heads/main/epg.xml
[2026-03-07] 频道: 411 | 数据源: https://github.com/zzzz0317/beijing-unicom-iptv-playlist/raw/refs/heads/main/epg.xml
[2026-03-08] 频道: 411 | 数据源: http://e.erw.cc/all.xml.gz
[2026-03-09] 频道: 411 | 数据源: http://e.erw.cc/all.xml.gz
[2026-03-10] 频道: 411 | 数据源: http://e.erw.cc/all.xml.gz
[2026-03-11] 频道: 411 | 数据源: http://e.erw.cc/all.xml.gz
[2026-03-12] 频道: 411 | 数据源: http://e.erw.cc/all.xml.gz
[2026-03-13] 频道: 411 | 数据源: http://e.erw.cc/all.xml.gz
[2026-03-14] 频道: 411 | 数据源: http://e.erw.cc/all.xml.gz
[2026-03-15] 频道: 411 | 数据源: https://github.com/zzzz0317/beijing-unicom-iptv-playlist/raw/refs/heads/main/epg.xml
[2026-03-16] 频道: 411 | 数据源: https://github.com/zzzz0317/beijing-unicom-iptv-playlist/raw/refs/heads/main/epg.xml
[2026-03-17] 频道: 411 | 数据源: https://github.com/zzzz0317/beijing-unicom-iptv-playlist/raw/refs/heads/main/epg.xml
[2026-03-07] 频道: 412 | 数据源: https://github.com/zzzz0317/beijing-unicom-iptv-playlist/raw/refs/heads/main/epg.xml
[2026-03-08] 频道: 412 | 数据源: https://github.com/zzzz0317/beijing-unicom-iptv-playlist/raw/refs/heads/main/epg.xml
[2026-03-09] 频道: 412 | 数据源: https://github.com/zzzz0317/beijing-unicom-iptv-playlist/raw/refs/heads/main/epg.xml
[2026-03-10] 频道: 412 | 数据源: http://e.erw.cc/all.xml.gz
[2026-03-11] 频道: 412 | 数据源: http://e.erw.cc/all.xml.gz
[2026-03-12] 频道: 412 | 数据源: http://e.erw.cc/all.xml.gz
[2026-03-13] 频道: 412 | 数据源: http://e.erw.cc/all.xml.gz
[2026-03-14] 频道: 412 | 数据源: http://e.erw.cc/all.xml.gz
[2026-03-15] 频道: 412 | 数据源: https://github.com/zzzz0317/beijing-unicom-iptv-playlist/raw/refs/heads/main/epg.xml
[2026-03-16] 频道: 412 | 数据源: https://github.com/zzzz0317/beijing-unicom-iptv-playlist/raw/refs/heads/main/epg.xml
[2026-03-17] 频道: 412 | 数据源: https://github.com/zzzz0317/beijing-unicom-iptv-playlist/raw/refs/heads/main/epg.xml
[2026-03-06] 频道: 413 | 数据源: http://e.erw.cc/all.xml.gz
[2026-03-07] 频道: 413 | 数据源: http://e.erw.cc/all.xml.gz
[2026-03-08] 频道: 413 | 数据源: http://e.erw.cc/all.xml.gz
[2026-03-09] 频道: 413 | 数据源: http://e.erw.cc/all.xml.gz
[2026-03-10] 频道: 413 | 数据源: http://e.erw.cc/all.xml.gz
[2026-03-11] 频道: 413 | 数据源: http://e.erw.cc/all.xml.gz
[2026-03-12] 频道: 413 | 数据源: http://e.erw.cc/all.xml.gz
[2026-03-13] 频道: 413 | 数据源: http://e.erw.cc/all.xml.gz
[2026-03-14] 频道: 413 | 数据源: http://e.erw.cc/all.xml.gz
[2026-03-15] 频道: 413 | 数据源: http://epg.51zmt.top:8000/e1.xml.gz
[2026-03-06] 频道: 414 | 数据源: http://e.erw.cc/all.xml.gz
[2026-03-07] 频道: 414 | 数据源: http://e.erw.cc/all.xml.gz
[2026-03-08] 频道: 414 | 数据源: http://e.erw.cc/all.xml.gz
[2026-03-09] 频道: 414 | 数据源: http://e.erw.cc/all.xml.gz
[2026-03-10] 频道: 414 | 数据源: http://e.erw.cc/all.xml.gz
[2026-03-11] 频道: 414 | 数据源: http://e.erw.cc/all.xml.gz
[2026-03-12] 频道: 414 | 数据源: http://e.erw.cc/all.xml.gz
[2026-03-13] 频道: 414 | 数据源: http://e.erw.cc/all.xml.gz
[2026-03-14] 频道: 414 | 数据源: http://e.erw.cc/all.xml.gz
[2026-03-15] 频道: 414 | 数据源: http://epg.51zmt.top:8000/e1.xml.gz
[2026-03-06] 频道: 415 | 数据源: http://e.erw.cc/all.xml.gz
[2026-03-07] 频道: 415 | 数据源: http://e.erw.cc/all.xml.gz
[2026-03-08] 频道: 415 | 数据源: http://e.erw.cc/all.xml.gz
[2026-03-09] 频道: 415 | 数据源: http://e.erw.cc/all.xml.gz
[2026-03-10] 频道: 415 | 数据源: http://e.erw.cc/all.xml.gz
[2026-03-11] 频道: 415 | 数据源: http://e.erw.cc/all.xml.gz
[2026-03-12] 频道: 415 | 数据源: http://e.erw.cc/all.xml.gz
[2026-03-13] 频道: 415 | 数据源: http://e.erw.cc/all.xml.gz
[2026-03-14] 频道: 415 | 数据源: http://e.erw.cc/all.xml.gz
[2026-03-15] 频道: 415 | 数据源: http://epg.51zmt.top:8000/e1.xml.gz
[2026-03-06] 频道: 416 | 数据源: http://e.erw.cc/all.xml.gz
[2026-03-07] 频道: 416 | 数据源: http://e.erw.cc/all.xml.gz
[2026-03-08] 频道: 416 | 数据源: http://e.erw.cc/all.xml.gz
[2026-03-09] 频道: 416 | 数据源: http://e.erw.cc/all.xml.gz
[2026-03-10] 频道: 416 | 数据源: http://e.erw.cc/all.xml.gz
[2026-03-11] 频道: 416 | 数据源: http://e.erw.cc/all.xml.gz
[2026-03-12] 频道: 416 | 数据源: http://e.erw.cc/all.xml.gz
[2026-03-13] 频道: 416 | 数据源: http://e.erw.cc/all.xml.gz
[2026-03-14] 频道: 416 | 数据源: http://e.erw.cc/all.xml.gz
[2026-03-15] 频道: 416 | 数据源: http://epg.51zmt.top:8000/e1.xml.gz
[2026-03-06] 频道: 417 | 数据源: http://e.erw.cc/all.xml.gz
[2026-03-07] 频道: 417 | 数据源: http://e.erw.cc/all.xml.gz
[2026-03-08] 频道: 417 | 数据源: http://e.erw.cc/all.xml.gz
[2026-03-09] 频道: 417 | 数据源: http://e.erw.cc/all.xml.gz
[2026-03-10] 频道: 417 | 数据源: http://e.erw.cc/all.xml.gz
[2026-03-11] 频道: 417 | 数据源: http://e.erw.cc/all.xml.gz
[2026-03-12] 频道: 417 | 数据源: http://e.erw.cc/all.xml.gz
[2026-03-13] 频道: 417 | 数据源: http://e.erw.cc/all.xml.gz
[2026-03-14] 频道: 417 | 数据源: http://e.erw.cc/all.xml.gz
[2026-03-08] 频道: 418 | 数据源: http://e.erw.cc/all.xml.gz
[2026-03-09] 频道: 418 | 数据源: http://e.erw.cc/all.xml.gz
[2026-03-10] 频道: 418 | 数据源: http://e.erw.cc/all.xml.gz
[2026-03-11] 频道: 418 | 数据源: http://e.erw.cc/all.xml.gz
[2026-03-12] 频道: 418 | 数据源: http://e.erw.cc/all.xml.gz
[2026-03-13] 频道: 418 | 数据源: http://e.erw.cc/all.xml.gz
[2026-03-14] 频道: 418 | 数据源: http://e.erw.cc/all.xml.gz
[2026-03-08] 频道: 419 | 数据源: http://e.erw.cc/all.xml.gz
[2026-03-09] 频道: 419 | 数据源: http://e.erw.cc/all.xml.gz
[2026-03-10] 频道: 419 | 数据源: http://e.erw.cc/all.xml.gz
[2026-03-11] 频道: 419 | 数据源: http://e.erw.cc/all.xml.gz
[2026-03-12] 频道: 419 | 数据源: http://e.erw.cc/all.xml.gz
[2026-03-13] 频道: 419 | 数据源: http://e.erw.cc/all.xml.gz
[2026-03-14] 频道: 419 | 数据源: http://e.erw.cc/all.xml.gz
[2026-03-07] 频道: 420 | 数据源: https://github.com/mytv-android/SCTV_EPG/raw/refs/heads/main/epg.xml
[2026-03-08] 频道: 420 | 数据源: https://github.com/mytv-android/SCTV_EPG/raw/refs/heads/main/epg.xml
[2026-03-09] 频道: 420 | 数据源: https://github.com/mytv-android/SCTV_EPG/raw/refs/heads/main/epg.xml
[2026-03-10] 频道: 420 | 数据源: https://github.com/mytv-android/SCTV_EPG/raw/refs/heads/main/epg.xml
[2026-03-11] 频道: 420 | 数据源: https://github.com/mytv-android/SCTV_EPG/raw/refs/heads/main/epg.xml
[2026-03-12] 频道: 420 | 数据源: https://github.com/mytv-android/SCTV_EPG/raw/refs/heads/main/epg.xml
[2026-03-13] 频道: 420 | 数据源: https://github.com/mytv-android/SCTV_EPG/raw/refs/heads/main/epg.xml
[2026-03-14] 频道: 420 | 数据源: https://github.com/mytv-android/SCTV_EPG/raw/refs/heads/main/epg.xml
[2026-03-15] 频道: 420 | 数据源: https://github.com/mytv-android/SCTV_EPG/raw/refs/heads/main/epg.xml
[2026-03-07] 频道: 421 | 数据源: https://github.com/zzzz0317/beijing-unicom-iptv-playlist/raw/refs/heads/main/epg.xml
[2026-03-08] 频道: 421 | 数据源: http://e.erw.cc/all.xml.gz
[2026-03-09] 频道: 421 | 数据源: http://e.erw.cc/all.xml.gz
[2026-03-10] 频道: 421 | 数据源: http://e.erw.cc/all.xml.gz
[2026-03-11] 频道: 421 | 数据源: http://e.erw.cc/all.xml.gz
[2026-03-12] 频道: 421 | 数据源: http://e.erw.cc/all.xml.gz
[2026-03-13] 频道: 421 | 数据源: http://e.erw.cc/all.xml.gz
[2026-03-14] 频道: 421 | 数据源: http://e.erw.cc/all.xml.gz
[2026-03-15] 频道: 421 | 数据源: https://github.com/zzzz0317/beijing-unicom-iptv-playlist/raw/refs/heads/main/epg.xml
[2026-03-16] 频道: 421 | 数据源: https://github.com/zzzz0317/beijing-unicom-iptv-playlist/raw/refs/heads/main/epg.xml
[2026-03-17] 频道: 421 | 数据源: https://github.com/zzzz0317/beijing-unicom-iptv-playlist/raw/refs/heads/main/epg.xml
[2026-03-18] 频道: 421 | 数据源: https://github.com/zzzz0317/beijing-unicom-iptv-playlist/raw/refs/heads/main/epg.xml
[2026-03-19] 频道: 421 | 数据源: https://github.com/zzzz0317/beijing-unicom-iptv-playlist/raw/refs/heads/main/epg.xml
[2026-03-20] 频道: 421 | 数据源: https://github.com/zzzz0317/beijing-unicom-iptv-playlist/raw/refs/heads/main/epg.xml
[2026-03-21] 频道: 421 | 数据源: https://github.com/zzzz0317/beijing-unicom-iptv-playlist/raw/refs/heads/main/epg.xml
[2026-03-10] 频道: 422 | 数据源: http://e.erw.cc/all.xml.gz
[2026-03-13] 频道: 422 | 数据源: http://e.erw.cc/all.xml.gz
[2026-03-14] 频道: 422 | 数据源: http://e.erw.cc/all.xml.gz
[2026-03-08] 频道: 423 | 数据源: http://e.erw.cc/all.xml.gz
[2026-03-09] 频道: 423 | 数据源: http://e.erw.cc/all.xml.gz
[2026-03-10] 频道: 423 | 数据源: http://e.erw.cc/all.xml.gz
[2026-03-11] 频道: 423 | 数据源: http://e.erw.cc/all.xml.gz
[2026-03-12] 频道: 423 | 数据源: http://e.erw.cc/all.xml.gz
[2026-03-13] 频道: 423 | 数据源: http://e.erw.cc/all.xml.gz
[2026-03-14] 频道: 423 | 数据源: http://e.erw.cc/all.xml.gz
[2026-03-06] 频道: 424 | 数据源: https://github.com/plsy1/epg/raw/refs/heads/main/e/seven-days.xml.gz
[2026-03-07] 频道: 424 | 数据源: https://github.com/plsy1/epg/raw/refs/heads/main/e/seven-days.xml.gz
[2026-03-08] 频道: 424 | 数据源: https://github.com/zzzz0317/beijing-unicom-iptv-playlist/raw/refs/heads/main/epg.xml
[2026-03-09] 频道: 424 | 数据源: http://e.erw.cc/all.xml.gz
[2026-03-10] 频道: 424 | 数据源: http://e.erw.cc/all.xml.gz
[2026-03-11] 频道: 424 | 数据源: http://e.erw.cc/all.xml.gz
[2026-03-12] 频道: 424 | 数据源: http://e.erw.cc/all.xml.gz
[2026-03-13] 频道: 424 | 数据源: http://e.erw.cc/all.xml.gz
[2026-03-14] 频道: 424 | 数据源: http://e.erw.cc/all.xml.gz
[2026-03-15] 频道: 424 | 数据源: https://github.com/zzzz0317/beijing-unicom-iptv-playlist/raw/refs/heads/main/epg.xml
[2026-03-16] 频道: 424 | 数据源: https://github.com/zzzz0317/beijing-unicom-iptv-playlist/raw/refs/heads/main/epg.xml
[2026-03-17] 频道: 424 | 数据源: https://github.com/zzzz0317/beijing-unicom-iptv-playlist/raw/refs/heads/main/epg.xml
[2026-03-18] 频道: 424 | 数据源: https://github.com/zzzz0317/beijing-unicom-iptv-playlist/raw/refs/heads/main/epg.xml
[2026-03-19] 频道: 424 | 数据源: https://github.com/zzzz0317/beijing-unicom-iptv-playlist/raw/refs/heads/main/epg.xml
[2026-03-20] 频道: 424 | 数据源: https://github.com/zzzz0317/beijing-unicom-iptv-playlist/raw/refs/heads/main/epg.xml
[2026-03-21] 频道: 424 | 数据源: https://github.com/zzzz0317/beijing-unicom-iptv-playlist/raw/refs/heads/main/epg.xml
[2026-03-08] 频道: 425 | 数据源: http://e.erw.cc/all.xml.gz
[2026-03-09] 频道: 425 | 数据源: http://e.erw.cc/all.xml.gz
[2026-03-10] 频道: 425 | 数据源: http://e.erw.cc/all.xml.gz
[2026-03-11] 频道: 425 | 数据源: http://e.erw.cc/all.xml.gz
[2026-03-12] 频道: 425 | 数据源: http://e.erw.cc/all.xml.gz
[2026-03-13] 频道: 425 | 数据源: http://e.erw.cc/all.xml.gz
[2026-03-14] 频道: 425 | 数据源: http://e.erw.cc/all.xml.gz
[2026-03-14] 频道: 426 | 数据源: http://e.erw.cc/all.xml.gz
[2026-03-08] 频道: 427 | 数据源: http://e.erw.cc/all.xml.gz
[2026-03-09] 频道: 427 | 数据源: http://e.erw.cc/all.xml.gz
[2026-03-10] 频道: 427 | 数据源: http://e.erw.cc/all.xml.gz
[2026-03-11] 频道: 427 | 数据源: http://e.erw.cc/all.xml.gz
[2026-03-12] 频道: 427 | 数据源: http://e.erw.cc/all.xml.gz
[2026-03-13] 频道: 427 | 数据源: http://e.erw.cc/all.xml.gz
[2026-03-14] 频道: 427 | 数据源: http://e.erw.cc/all.xml.gz
[2026-03-08] 频道: 428 | 数据源: http://e.erw.cc/all.xml.gz
[2026-03-09] 频道: 428 | 数据源: http://e.erw.cc/all.xml.gz
[2026-03-10] 频道: 428 | 数据源: http://e.erw.cc/all.xml.gz
[2026-03-11] 频道: 428 | 数据源: http://e.erw.cc/all.xml.gz
[2026-03-12] 频道: 428 | 数据源: http://e.erw.cc/all.xml.gz
[2026-03-13] 频道: 428 | 数据源: http://e.erw.cc/all.xml.gz
[2026-03-14] 频道: 428 | 数据源: http://e.erw.cc/all.xml.gz
[2026-03-08] 频道: 429 | 数据源: http://e.erw.cc/all.xml.gz
[2026-03-09] 频道: 429 | 数据源: http://e.erw.cc/all.xml.gz
[2026-03-10] 频道: 429 | 数据源: http://e.erw.cc/all.xml.gz
[2026-03-11] 频道: 429 | 数据源: http://e.erw.cc/all.xml.gz
[2026-03-12] 频道: 429 | 数据源: http://e.erw.cc/all.xml.gz
[2026-03-13] 频道: 429 | 数据源: http://e.erw.cc/all.xml.gz
[2026-03-14] 频道: 429 | 数据源: http://e.erw.cc/all.xml.gz
[2026-03-08] 频道: 430 | 数据源: http://e.erw.cc/all.xml.gz
[2026-03-09] 频道: 430 | 数据源: http://e.erw.cc/all.xml.gz
[2026-03-10] 频道: 430 | 数据源: http://e.erw.cc/all.xml.gz
[2026-03-11] 频道: 430 | 数据源: http://e.erw.cc/all.xml.gz
[2026-03-12] 频道: 430 | 数据源: http://e.erw.cc/all.xml.gz
[2026-03-13] 频道: 430 | 数据源: http://e.erw.cc/all.xml.gz
[2026-03-14] 频道: 430 | 数据源: http://e.erw.cc/all.xml.gz
[2026-03-08] 频道: 431 | 数据源: http://e.erw.cc/all.xml.gz
[2026-03-09] 频道: 431 | 数据源: http://e.erw.cc/all.xml.gz
[2026-03-10] 频道: 431 | 数据源: http://e.erw.cc/all.xml.gz
[2026-03-11] 频道: 431 | 数据源: http://e.erw.cc/all.xml.gz
[2026-03-12] 频道: 431 | 数据源: http://e.erw.cc/all.xml.gz
[2026-03-13] 频道: 431 | 数据源: http://e.erw.cc/all.xml.gz
[2026-03-14] 频道: 431 | 数据源: http://e.erw.cc/all.xml.gz
[2026-03-08] 频道: 432 | 数据源: http://e.erw.cc/all.xml.gz
[2026-03-09] 频道: 432 | 数据源: http://e.erw.cc/all.xml.gz
[2026-03-10] 频道: 432 | 数据源: http://e.erw.cc/all.xml.gz
[2026-03-11] 频道: 432 | 数据源: http://e.erw.cc/all.xml.gz
[2026-03-12] 频道: 432 | 数据源: http://e.erw.cc/all.xml.gz
[2026-03-13] 频道: 432 | 数据源: http://e.erw.cc/all.xml.gz
[2026-03-14] 频道: 432 | 数据源: http://e.erw.cc/all.xml.gz
[2026-03-08] 频道: 433 | 数据源: http://e.erw.cc/all.xml.gz
[2026-03-09] 频道: 433 | 数据源: http://e.erw.cc/all.xml.gz
[2026-03-10] 频道: 433 | 数据源: http://e.erw.cc/all.xml.gz
[2026-03-11] 频道: 433 | 数据源: http://e.erw.cc/all.xml.gz
[2026-03-12] 频道: 433 | 数据源: http://e.erw.cc/all.xml.gz
[2026-03-13] 频道: 433 | 数据源: http://e.erw.cc/all.xml.gz
[2026-03-14] 频道: 433 | 数据源: http://e.erw.cc/all.xml.gz
[2026-03-08] 频道: 434 | 数据源: http://e.erw.cc/all.xml.gz
[2026-03-09] 频道: 434 | 数据源: http://e.erw.cc/all.xml.gz
[2026-03-10] 频道: 434 | 数据源: http://e.erw.cc/all.xml.gz
[2026-03-11] 频道: 434 | 数据源: http://e.erw.cc/all.xml.gz
[2026-03-12] 频道: 434 | 数据源: http://e.erw.cc/all.xml.gz
[2026-03-13] 频道: 434 | 数据源: http://e.erw.cc/all.xml.gz
[2026-03-14] 频道: 434 | 数据源: http://e.erw.cc/all.xml.gz
[2026-03-08] 频道: 435 | 数据源: http://e.erw.cc/all.xml.gz
[2026-03-09] 频道: 435 | 数据源: http://e.erw.cc/all.xml.gz
[2026-03-10] 频道: 435 | 数据源: http://e.erw.cc/all.xml.gz
[2026-03-11] 频道: 435 | 数据源: http://e.erw.cc/all.xml.gz
[2026-03-12] 频道: 435 | 数据源: http://e.erw.cc/all.xml.gz
[2026-03-13] 频道: 435 | 数据源: http://e.erw.cc/all.xml.gz
[2026-03-14] 频道: 435 | 数据源: http://e.erw.cc/all.xml.gz
[2026-03-08] 频道: 436 | 数据源: http://e.erw.cc/all.xml.gz
[2026-03-09] 频道: 436 | 数据源: http://e.erw.cc/all.xml.gz
[2026-03-10] 频道: 436 | 数据源: http://e.erw.cc/all.xml.gz
[2026-03-11] 频道: 436 | 数据源: http://e.erw.cc/all.xml.gz
[2026-03-12] 频道: 436 | 数据源: http://e.erw.cc/all.xml.gz
[2026-03-13] 频道: 436 | 数据源: http://e.erw.cc/all.xml.gz
[2026-03-14] 频道: 436 | 数据源: http://e.erw.cc/all.xml.gz
[2026-03-08] 频道: 437 | 数据源: http://e.erw.cc/all.xml.gz
[2026-03-09] 频道: 437 | 数据源: http://e.erw.cc/all.xml.gz
[2026-03-10] 频道: 437 | 数据源: http://e.erw.cc/all.xml.gz
[2026-03-11] 频道: 437 | 数据源: http://e.erw.cc/all.xml.gz
[2026-03-12] 频道: 437 | 数据源: http://e.erw.cc/all.xml.gz
[2026-03-13] 频道: 437 | 数据源: http://e.erw.cc/all.xml.gz
[2026-03-14] 频道: 437 | 数据源: http://e.erw.cc/all.xml.gz
[2026-03-08] 频道: 438 | 数据源: http://e.erw.cc/all.xml.gz
[2026-03-09] 频道: 438 | 数据源: http://e.erw.cc/all.xml.gz
[2026-03-10] 频道: 438 | 数据源: http://e.erw.cc/all.xml.gz
[2026-03-11] 频道: 438 | 数据源: http://e.erw.cc/all.xml.gz
[2026-03-12] 频道: 438 | 数据源: http://e.erw.cc/all.xml.gz
[2026-03-13] 频道: 438 | 数据源: http://e.erw.cc/all.xml.gz
[2026-03-14] 频道: 438 | 数据源: http://e.erw.cc/all.xml.gz
[2026-03-09] 频道: 439 | 数据源: http://e.erw.cc/all.xml.gz
[2026-03-10] 频道: 439 | 数据源: http://e.erw.cc/all.xml.gz
[2026-03-11] 频道: 439 | 数据源: http://e.erw.cc/all.xml.gz
[2026-03-12] 频道: 439 | 数据源: http://e.erw.cc/all.xml.gz
[2026-03-13] 频道: 439 | 数据源: http://e.erw.cc/all.xml.gz
[2026-03-14] 频道: 439 | 数据源: http://e.erw.cc/all.xml.gz
[2026-03-08] 频道: 440 | 数据源: http://e.erw.cc/all.xml.gz
[2026-03-09] 频道: 440 | 数据源: http://e.erw.cc/all.xml.gz
[2026-03-10] 频道: 440 | 数据源: http://e.erw.cc/all.xml.gz
[2026-03-11] 频道: 440 | 数据源: http://e.erw.cc/all.xml.gz
[2026-03-12] 频道: 440 | 数据源: http://e.erw.cc/all.xml.gz
[2026-03-13] 频道: 440 | 数据源: http://e.erw.cc/all.xml.gz
[2026-03-14] 频道: 440 | 数据源: http://e.erw.cc/all.xml.gz
[2026-03-08] 频道: 441 | 数据源: https://epg.136605.xyz/9days.xml
[2026-03-09] 频道: 441 | 数据源: https://epg.136605.xyz/9days.xml
[2026-03-10] 频道: 441 | 数据源: https://epg.136605.xyz/9days.xml
[2026-03-11] 频道: 441 | 数据源: https://epg.136605.xyz/9days.xml
[2026-03-12] 频道: 441 | 数据源: https://epg.136605.xyz/9days.xml
[2026-03-13] 频道: 441 | 数据源: https://epg.136605.xyz/9days.xml
[2026-03-14] 频道: 441 | 数据源: https://epg.136605.xyz/9days.xml
[2026-03-15] 频道: 441 | 数据源: https://epg.136605.xyz/9days.xml
[2026-03-16] 频道: 441 | 数据源: https://epg.136605.xyz/9days.xml
[2026-03-17] 频道: 441 | 数据源: https://github.com/litiande03/epg/raw/refs/heads/master/pl.xml.gz
[2026-03-08] 频道: 442 | 数据源: http://e.erw.cc/all.xml.gz
[2026-03-09] 频道: 442 | 数据源: http://e.erw.cc/all.xml.gz
[2026-03-10] 频道: 442 | 数据源: http://e.erw.cc/all.xml.gz
[2026-03-11] 频道: 442 | 数据源: http://e.erw.cc/all.xml.gz
[2026-03-12] 频道: 442 | 数据源: http://e.erw.cc/all.xml.gz
[2026-03-13] 频道: 442 | 数据源: http://e.erw.cc/all.xml.gz
[2026-03-14] 频道: 442 | 数据源: http://e.erw.cc/all.xml.gz
[2026-03-15] 频道: 442 | 数据源: https://github.com/litiande03/epg/raw/refs/heads/master/pl.xml.gz
[2026-03-16] 频道: 442 | 数据源: https://github.com/litiande03/epg/raw/refs/heads/master/pl.xml.gz
[2026-03-17] 频道: 442 | 数据源: https://github.com/litiande03/epg/raw/refs/heads/master/pl.xml.gz
[2026-03-08] 频道: 443 | 数据源: http://e.erw.cc/all.xml.gz
[2026-03-09] 频道: 443 | 数据源: http://e.erw.cc/all.xml.gz
[2026-03-10] 频道: 443 | 数据源: http://e.erw.cc/all.xml.gz
[2026-03-11] 频道: 443 | 数据源: http://e.erw.cc/all.xml.gz
[2026-03-12] 频道: 443 | 数据源: http://e.erw.cc/all.xml.gz
[2026-03-13] 频道: 443 | 数据源: http://e.erw.cc/all.xml.gz
[2026-03-14] 频道: 443 | 数据源: https://github.com/litiande03/epg/raw/refs/heads/master/pl.xml.gz
[2026-03-15] 频道: 443 | 数据源: https://github.com/litiande03/epg/raw/refs/heads/master/pl.xml.gz
[2026-03-16] 频道: 443 | 数据源: https://github.com/litiande03/epg/raw/refs/heads/master/pl.xml.gz
[2026-03-17] 频道: 443 | 数据源: https://github.com/litiande03/epg/raw/refs/heads/master/pl.xml.gz
[2026-03-08] 频道: 444 | 数据源: http://e.erw.cc/all.xml.gz
[2026-03-09] 频道: 444 | 数据源: http://e.erw.cc/all.xml.gz
[2026-03-10] 频道: 444 | 数据源: http://e.erw.cc/all.xml.gz
[2026-03-11] 频道: 444 | 数据源: http://e.erw.cc/all.xml.gz
[2026-03-12] 频道: 444 | 数据源: http://e.erw.cc/all.xml.gz
[2026-03-13] 频道: 444 | 数据源: http://e.erw.cc/all.xml.gz
[2026-03-14] 频道: 444 | 数据源: http://e.erw.cc/all.xml.gz
[2026-03-08] 频道: 445 | 数据源: http://e.erw.cc/all.xml.gz
[2026-03-09] 频道: 445 | 数据源: http://e.erw.cc/all.xml.gz
[2026-03-10] 频道: 445 | 数据源: http://e.erw.cc/all.xml.gz
[2026-03-11] 频道: 445 | 数据源: http://e.erw.cc/all.xml.gz
[2026-03-12] 频道: 445 | 数据源: http://e.erw.cc/all.xml.gz
[2026-03-13] 频道: 445 | 数据源: http://e.erw.cc/all.xml.gz
[2026-03-14] 频道: 445 | 数据源: http://e.erw.cc/all.xml.gz
[2026-03-08] 频道: 446 | 数据源: http://e.erw.cc/all.xml.gz
[2026-03-09] 频道: 446 | 数据源: http://e.erw.cc/all.xml.gz
[2026-03-10] 频道: 446 | 数据源: http://e.erw.cc/all.xml.gz
[2026-03-11] 频道: 446 | 数据源: http://e.erw.cc/all.xml.gz
[2026-03-12] 频道: 446 | 数据源: http://e.erw.cc/all.xml.gz
[2026-03-13] 频道: 446 | 数据源: http://e.erw.cc/all.xml.gz
[2026-03-14] 频道: 446 | 数据源: http://e.erw.cc/all.xml.gz
[2026-03-08] 频道: 447 | 数据源: http://e.erw.cc/all.xml.gz
[2026-03-09] 频道: 447 | 数据源: http://e.erw.cc/all.xml.gz
[2026-03-10] 频道: 447 | 数据源: http://e.erw.cc/all.xml.gz
[2026-03-11] 频道: 447 | 数据源: http://e.erw.cc/all.xml.gz
[2026-03-12] 频道: 447 | 数据源: http://e.erw.cc/all.xml.gz
[2026-03-13] 频道: 447 | 数据源: http://e.erw.cc/all.xml.gz
[2026-03-14] 频道: 447 | 数据源: http://e.erw.cc/all.xml.gz
[2026-03-08] 频道: 448 | 数据源: http://e.erw.cc/all.xml.gz
[2026-03-09] 频道: 448 | 数据源: http://e.erw.cc/all.xml.gz
[2026-03-10] 频道: 448 | 数据源: http://e.erw.cc/all.xml.gz
[2026-03-11] 频道: 448 | 数据源: http://e.erw.cc/all.xml.gz
[2026-03-12] 频道: 448 | 数据源: http://e.erw.cc/all.xml.gz
[2026-03-13] 频道: 448 | 数据源: http://e.erw.cc/all.xml.gz
[2026-03-14] 频道: 448 | 数据源: http://e.erw.cc/all.xml.gz
[2026-03-08] 频道: 449 | 数据源: http://e.erw.cc/all.xml.gz
[2026-03-09] 频道: 449 | 数据源: http://e.erw.cc/all.xml.gz
[2026-03-10] 频道: 449 | 数据源: http://e.erw.cc/all.xml.gz
[2026-03-11] 频道: 449 | 数据源: http://e.erw.cc/all.xml.gz
[2026-03-12] 频道: 449 | 数据源: http://e.erw.cc/all.xml.gz
[2026-03-13] 频道: 449 | 数据源: http://e.erw.cc/all.xml.gz
[2026-03-14] 频道: 449 | 数据源: http://e.erw.cc/all.xml.gz
[2026-03-08] 频道: 450 | 数据源: http://e.erw.cc/all.xml.gz
[2026-03-09] 频道: 450 | 数据源: http://e.erw.cc/all.xml.gz
[2026-03-10] 频道: 450 | 数据源: http://e.erw.cc/all.xml.gz
[2026-03-11] 频道: 450 | 数据源: http://e.erw.cc/all.xml.gz
[2026-03-12] 频道: 450 | 数据源: http://e.erw.cc/all.xml.gz
[2026-03-13] 频道: 450 | 数据源: http://e.erw.cc/all.xml.gz
[2026-03-14] 频道: 450 | 数据源: http://e.erw.cc/all.xml.gz
[2026-03-08] 频道: 451 | 数据源: http://e.erw.cc/all.xml.gz
[2026-03-09] 频道: 451 | 数据源: http://e.erw.cc/all.xml.gz
[2026-03-10] 频道: 451 | 数据源: http://e.erw.cc/all.xml.gz
[2026-03-11] 频道: 451 | 数据源: http://e.erw.cc/all.xml.gz
[2026-03-12] 频道: 451 | 数据源: http://e.erw.cc/all.xml.gz
[2026-03-13] 频道: 451 | 数据源: http://e.erw.cc/all.xml.gz
[2026-03-14] 频道: 451 | 数据源: http://e.erw.cc/all.xml.gz
[2026-03-08] 频道: 452 | 数据源: http://e.erw.cc/all.xml.gz
[2026-03-09] 频道: 452 | 数据源: http://e.erw.cc/all.xml.gz
[2026-03-10] 频道: 452 | 数据源: http://e.erw.cc/all.xml.gz
[2026-03-11] 频道: 452 | 数据源: http://e.erw.cc/all.xml.gz
[2026-03-12] 频道: 452 | 数据源: http://e.erw.cc/all.xml.gz
[2026-03-13] 频道: 452 | 数据源: http://e.erw.cc/all.xml.gz
[2026-03-14] 频道: 452 | 数据源: http://e.erw.cc/all.xml.gz
[2026-03-08] 频道: 453 | 数据源: http://e.erw.cc/all.xml.gz
[2026-03-09] 频道: 453 | 数据源: http://e.erw.cc/all.xml.gz
[2026-03-10] 频道: 453 | 数据源: http://e.erw.cc/all.xml.gz
[2026-03-11] 频道: 453 | 数据源: http://e.erw.cc/all.xml.gz
[2026-03-12] 频道: 453 | 数据源: http://e.erw.cc/all.xml.gz
[2026-03-13] 频道: 453 | 数据源: http://e.erw.cc/all.xml.gz
[2026-03-14] 频道: 453 | 数据源: http://e.erw.cc/all.xml.gz
[2026-03-08] 频道: 454 | 数据源: http://e.erw.cc/all.xml.gz
[2026-03-09] 频道: 454 | 数据源: http://e.erw.cc/all.xml.gz
[2026-03-10] 频道: 454 | 数据源: http://e.erw.cc/all.xml.gz
[2026-03-11] 频道: 454 | 数据源: http://e.erw.cc/all.xml.gz
[2026-03-12] 频道: 454 | 数据源: http://e.erw.cc/all.xml.gz
[2026-03-13] 频道: 454 | 数据源: http://e.erw.cc/all.xml.gz
[2026-03-14] 频道: 454 | 数据源: http://e.erw.cc/all.xml.gz
[2026-03-08] 频道: 455 | 数据源: http://e.erw.cc/all.xml.gz
[2026-03-09] 频道: 455 | 数据源: http://e.erw.cc/all.xml.gz
[2026-03-10] 频道: 455 | 数据源: http://e.erw.cc/all.xml.gz
[2026-03-11] 频道: 455 | 数据源: http://e.erw.cc/all.xml.gz
[2026-03-12] 频道: 455 | 数据源: http://e.erw.cc/all.xml.gz
[2026-03-13] 频道: 455 | 数据源: http://e.erw.cc/all.xml.gz
[2026-03-14] 频道: 455 | 数据源: http://e.erw.cc/all.xml.gz
[2026-03-08] 频道: 456 | 数据源: http://e.erw.cc/all.xml.gz
[2026-03-09] 频道: 456 | 数据源: http://e.erw.cc/all.xml.gz
[2026-03-10] 频道: 456 | 数据源: http://e.erw.cc/all.xml.gz
[2026-03-11] 频道: 456 | 数据源: http://e.erw.cc/all.xml.gz
[2026-03-12] 频道: 456 | 数据源: http://e.erw.cc/all.xml.gz
[2026-03-13] 频道: 456 | 数据源: http://e.erw.cc/all.xml.gz
[2026-03-14] 频道: 456 | 数据源: http://e.erw.cc/all.xml.gz
[2026-03-08] 频道: 457 | 数据源: http://e.erw.cc/all.xml.gz
[2026-03-09] 频道: 457 | 数据源: http://e.erw.cc/all.xml.gz
[2026-03-10] 频道: 457 | 数据源: http://e.erw.cc/all.xml.gz
[2026-03-11] 频道: 457 | 数据源: http://e.erw.cc/all.xml.gz
[2026-03-12] 频道: 457 | 数据源: http://e.erw.cc/all.xml.gz
[2026-03-13] 频道: 457 | 数据源: http://e.erw.cc/all.xml.gz
[2026-03-14] 频道: 457 | 数据源: http://e.erw.cc/all.xml.gz
[2026-03-08] 频道: 458 | 数据源: http://e.erw.cc/all.xml.gz
[2026-03-09] 频道: 458 | 数据源: http://e.erw.cc/all.xml.gz
[2026-03-10] 频道: 458 | 数据源: http://e.erw.cc/all.xml.gz
[2026-03-11] 频道: 458 | 数据源: http://e.erw.cc/all.xml.gz
[2026-03-12] 频道: 458 | 数据源: http://e.erw.cc/all.xml.gz
[2026-03-13] 频道: 458 | 数据源: http://e.erw.cc/all.xml.gz
[2026-03-14] 频道: 458 | 数据源: http://e.erw.cc/all.xml.gz
[2026-03-08] 频道: 459 | 数据源: http://e.erw.cc/all.xml.gz
[2026-03-09] 频道: 459 | 数据源: http://e.erw.cc/all.xml.gz
[2026-03-10] 频道: 459 | 数据源: http://e.erw.cc/all.xml.gz
[2026-03-11] 频道: 459 | 数据源: http://e.erw.cc/all.xml.gz
[2026-03-12] 频道: 459 | 数据源: http://e.erw.cc/all.xml.gz
[2026-03-13] 频道: 459 | 数据源: http://e.erw.cc/all.xml.gz
[2026-03-14] 频道: 459 | 数据源: http://e.erw.cc/all.xml.gz
[2026-03-08] 频道: 460 | 数据源: http://e.erw.cc/all.xml.gz
[2026-03-09] 频道: 460 | 数据源: http://e.erw.cc/all.xml.gz
[2026-03-10] 频道: 460 | 数据源: http://e.erw.cc/all.xml.gz
[2026-03-11] 频道: 460 | 数据源: http://e.erw.cc/all.xml.gz
[2026-03-12] 频道: 460 | 数据源: http://e.erw.cc/all.xml.gz
[2026-03-13] 频道: 460 | 数据源: http://e.erw.cc/all.xml.gz
[2026-03-14] 频道: 460 | 数据源: http://e.erw.cc/all.xml.gz
[2026-03-08] 频道: 461 | 数据源: http://e.erw.cc/all.xml.gz
[2026-03-09] 频道: 461 | 数据源: http://e.erw.cc/all.xml.gz
[2026-03-10] 频道: 461 | 数据源: http://e.erw.cc/all.xml.gz
[2026-03-11] 频道: 461 | 数据源: http://e.erw.cc/all.xml.gz
[2026-03-12] 频道: 461 | 数据源: http://e.erw.cc/all.xml.gz
[2026-03-13] 频道: 461 | 数据源: http://e.erw.cc/all.xml.gz
[2026-03-14] 频道: 461 | 数据源: http://e.erw.cc/all.xml.gz
[2026-03-08] 频道: 462 | 数据源: http://e.erw.cc/all.xml.gz
[2026-03-09] 频道: 462 | 数据源: http://e.erw.cc/all.xml.gz
[2026-03-10] 频道: 462 | 数据源: http://e.erw.cc/all.xml.gz
[2026-03-11] 频道: 462 | 数据源: http://e.erw.cc/all.xml.gz
[2026-03-12] 频道: 462 | 数据源: http://e.erw.cc/all.xml.gz
[2026-03-13] 频道: 462 | 数据源: http://e.erw.cc/all.xml.gz
[2026-03-14] 频道: 462 | 数据源: http://e.erw.cc/all.xml.gz
[2026-03-08] 频道: 463 | 数据源: http://e.erw.cc/all.xml.gz
[2026-03-09] 频道: 463 | 数据源: http://e.erw.cc/all.xml.gz
[2026-03-10] 频道: 463 | 数据源: http://e.erw.cc/all.xml.gz
[2026-03-11] 频道: 463 | 数据源: http://e.erw.cc/all.xml.gz
[2026-03-12] 频道: 463 | 数据源: http://e.erw.cc/all.xml.gz
[2026-03-13] 频道: 463 | 数据源: http://e.erw.cc/all.xml.gz
[2026-03-14] 频道: 463 | 数据源: http://e.erw.cc/all.xml.gz
[2026-03-08] 频道: 464 | 数据源: http://e.erw.cc/all.xml.gz
[2026-03-09] 频道: 464 | 数据源: http://e.erw.cc/all.xml.gz
[2026-03-10] 频道: 464 | 数据源: http://e.erw.cc/all.xml.gz
[2026-03-11] 频道: 464 | 数据源: http://e.erw.cc/all.xml.gz
[2026-03-12] 频道: 464 | 数据源: http://e.erw.cc/all.xml.gz
[2026-03-13] 频道: 464 | 数据源: http://e.erw.cc/all.xml.gz
[2026-03-14] 频道: 464 | 数据源: http://e.erw.cc/all.xml.gz
[2026-03-08] 频道: 465 | 数据源: http://e.erw.cc/all.xml.gz
[2026-03-09] 频道: 465 | 数据源: http://e.erw.cc/all.xml.gz
[2026-03-10] 频道: 465 | 数据源: http://e.erw.cc/all.xml.gz
[2026-03-11] 频道: 465 | 数据源: http://e.erw.cc/all.xml.gz
[2026-03-12] 频道: 465 | 数据源: http://e.erw.cc/all.xml.gz
[2026-03-13] 频道: 465 | 数据源: http://e.erw.cc/all.xml.gz
[2026-03-14] 频道: 465 | 数据源: http://e.erw.cc/all.xml.gz
[2026-03-08] 频道: 466 | 数据源: http://e.erw.cc/all.xml.gz
[2026-03-09] 频道: 466 | 数据源: http://e.erw.cc/all.xml.gz
[2026-03-10] 频道: 466 | 数据源: http://e.erw.cc/all.xml.gz
[2026-03-11] 频道: 466 | 数据源: http://e.erw.cc/all.xml.gz
[2026-03-12] 频道: 466 | 数据源: http://e.erw.cc/all.xml.gz
[2026-03-13] 频道: 466 | 数据源: http://e.erw.cc/all.xml.gz
[2026-03-14] 频道: 466 | 数据源: http://e.erw.cc/all.xml.gz
[2026-03-08] 频道: 467 | 数据源: http://e.erw.cc/all.xml.gz
[2026-03-09] 频道: 467 | 数据源: http://e.erw.cc/all.xml.gz
[2026-03-10] 频道: 467 | 数据源: http://e.erw.cc/all.xml.gz
[2026-03-11] 频道: 467 | 数据源: http://e.erw.cc/all.xml.gz
[2026-03-12] 频道: 467 | 数据源: http://e.erw.cc/all.xml.gz
[2026-03-13] 频道: 467 | 数据源: http://e.erw.cc/all.xml.gz
[2026-03-14] 频道: 467 | 数据源: http://e.erw.cc/all.xml.gz
[2026-03-08] 频道: 468 | 数据源: http://e.erw.cc/all.xml.gz
[2026-03-09] 频道: 468 | 数据源: http://e.erw.cc/all.xml.gz
[2026-03-10] 频道: 468 | 数据源: http://e.erw.cc/all.xml.gz
[2026-03-11] 频道: 468 | 数据源: http://e.erw.cc/all.xml.gz
[2026-03-12] 频道: 468 | 数据源: http://e.erw.cc/all.xml.gz
[2026-03-13] 频道: 468 | 数据源: http://e.erw.cc/all.xml.gz
[2026-03-14] 频道: 468 | 数据源: http://e.erw.cc/all.xml.gz
[2026-03-08] 频道: 469 | 数据源: http://e.erw.cc/all.xml.gz
[2026-03-09] 频道: 469 | 数据源: http://e.erw.cc/all.xml.gz
[2026-03-10] 频道: 469 | 数据源: http://e.erw.cc/all.xml.gz
[2026-03-11] 频道: 469 | 数据源: http://e.erw.cc/all.xml.gz
[2026-03-12] 频道: 469 | 数据源: http://e.erw.cc/all.xml.gz
[2026-03-13] 频道: 469 | 数据源: http://e.erw.cc/all.xml.gz
[2026-03-14] 频道: 469 | 数据源: http://e.erw.cc/all.xml.gz
[2026-03-08] 频道: 470 | 数据源: http://e.erw.cc/all.xml.gz
[2026-03-09] 频道: 470 | 数据源: http://e.erw.cc/all.xml.gz
[2026-03-10] 频道: 470 | 数据源: http://e.erw.cc/all.xml.gz
[2026-03-11] 频道: 470 | 数据源: http://e.erw.cc/all.xml.gz
[2026-03-12] 频道: 470 | 数据源: http://e.erw.cc/all.xml.gz
[2026-03-13] 频道: 470 | 数据源: http://e.erw.cc/all.xml.gz
[2026-03-14] 频道: 470 | 数据源: http://e.erw.cc/all.xml.gz
[2026-03-08] 频道: 471 | 数据源: http://e.erw.cc/all.xml.gz
[2026-03-09] 频道: 471 | 数据源: http://e.erw.cc/all.xml.gz
[2026-03-10] 频道: 471 | 数据源: http://e.erw.cc/all.xml.gz
[2026-03-11] 频道: 471 | 数据源: http://e.erw.cc/all.xml.gz
[2026-03-12] 频道: 471 | 数据源: http://e.erw.cc/all.xml.gz
[2026-03-13] 频道: 471 | 数据源: http://e.erw.cc/all.xml.gz
[2026-03-14] 频道: 471 | 数据源: http://e.erw.cc/all.xml.gz
[2026-03-08] 频道: 472 | 数据源: http://e.erw.cc/all.xml.gz
[2026-03-09] 频道: 472 | 数据源: http://e.erw.cc/all.xml.gz
[2026-03-10] 频道: 472 | 数据源: http://e.erw.cc/all.xml.gz
[2026-03-11] 频道: 472 | 数据源: http://e.erw.cc/all.xml.gz
[2026-03-12] 频道: 472 | 数据源: http://e.erw.cc/all.xml.gz
[2026-03-13] 频道: 472 | 数据源: http://e.erw.cc/all.xml.gz
[2026-03-14] 频道: 472 | 数据源: http://e.erw.cc/all.xml.gz
[2026-03-08] 频道: 473 | 数据源: http://e.erw.cc/all.xml.gz
[2026-03-09] 频道: 473 | 数据源: http://e.erw.cc/all.xml.gz
[2026-03-10] 频道: 473 | 数据源: http://e.erw.cc/all.xml.gz
[2026-03-11] 频道: 473 | 数据源: http://e.erw.cc/all.xml.gz
[2026-03-12] 频道: 473 | 数据源: http://e.erw.cc/all.xml.gz
[2026-03-13] 频道: 473 | 数据源: http://e.erw.cc/all.xml.gz
[2026-03-14] 频道: 473 | 数据源: http://e.erw.cc/all.xml.gz
[2026-03-08] 频道: 474 | 数据源: http://e.erw.cc/all.xml.gz
[2026-03-09] 频道: 474 | 数据源: http://e.erw.cc/all.xml.gz
[2026-03-10] 频道: 474 | 数据源: http://e.erw.cc/all.xml.gz
[2026-03-11] 频道: 474 | 数据源: http://e.erw.cc/all.xml.gz
[2026-03-12] 频道: 474 | 数据源: http://e.erw.cc/all.xml.gz
[2026-03-13] 频道: 474 | 数据源: http://e.erw.cc/all.xml.gz
[2026-03-14] 频道: 474 | 数据源: http://e.erw.cc/all.xml.gz
[2026-03-08] 频道: 475 | 数据源: http://e.erw.cc/all.xml.gz
[2026-03-09] 频道: 475 | 数据源: http://e.erw.cc/all.xml.gz
[2026-03-10] 频道: 475 | 数据源: http://e.erw.cc/all.xml.gz
[2026-03-11] 频道: 475 | 数据源: http://e.erw.cc/all.xml.gz
[2026-03-12] 频道: 475 | 数据源: http://e.erw.cc/all.xml.gz
[2026-03-13] 频道: 475 | 数据源: http://e.erw.cc/all.xml.gz
[2026-03-14] 频道: 475 | 数据源: http://e.erw.cc/all.xml.gz
[2026-03-08] 频道: 476 | 数据源: http://e.erw.cc/all.xml.gz
[2026-03-09] 频道: 476 | 数据源: http://e.erw.cc/all.xml.gz
[2026-03-10] 频道: 476 | 数据源: http://e.erw.cc/all.xml.gz
[2026-03-11] 频道: 476 | 数据源: http://e.erw.cc/all.xml.gz
[2026-03-12] 频道: 476 | 数据源: http://e.erw.cc/all.xml.gz
[2026-03-13] 频道: 476 | 数据源: http://e.erw.cc/all.xml.gz
[2026-03-14] 频道: 476 | 数据源: http://e.erw.cc/all.xml.gz
[2026-03-08] 频道: 477 | 数据源: http://e.erw.cc/all.xml.gz
[2026-03-09] 频道: 477 | 数据源: http://e.erw.cc/all.xml.gz
[2026-03-10] 频道: 477 | 数据源: http://e.erw.cc/all.xml.gz
[2026-03-11] 频道: 477 | 数据源: http://e.erw.cc/all.xml.gz
[2026-03-12] 频道: 477 | 数据源: http://e.erw.cc/all.xml.gz
[2026-03-13] 频道: 477 | 数据源: http://e.erw.cc/all.xml.gz
[2026-03-14] 频道: 477 | 数据源: http://e.erw.cc/all.xml.gz
[2026-03-08] 频道: 478 | 数据源: http://e.erw.cc/all.xml.gz
[2026-03-09] 频道: 478 | 数据源: http://e.erw.cc/all.xml.gz
[2026-03-10] 频道: 478 | 数据源: http://e.erw.cc/all.xml.gz
[2026-03-11] 频道: 478 | 数据源: http://e.erw.cc/all.xml.gz
[2026-03-12] 频道: 478 | 数据源: http://e.erw.cc/all.xml.gz
[2026-03-13] 频道: 478 | 数据源: http://e.erw.cc/all.xml.gz
[2026-03-14] 频道: 478 | 数据源: http://e.erw.cc/all.xml.gz
[2026-03-08] 频道: 479 | 数据源: http://e.erw.cc/all.xml.gz
[2026-03-09] 频道: 479 | 数据源: http://e.erw.cc/all.xml.gz
[2026-03-10] 频道: 479 | 数据源: http://e.erw.cc/all.xml.gz
[2026-03-11] 频道: 479 | 数据源: http://e.erw.cc/all.xml.gz
[2026-03-12] 频道: 479 | 数据源: http://e.erw.cc/all.xml.gz
[2026-03-13] 频道: 479 | 数据源: http://e.erw.cc/all.xml.gz
[2026-03-14] 频道: 479 | 数据源: http://e.erw.cc/all.xml.gz
[2026-03-08] 频道: 480 | 数据源: http://e.erw.cc/all.xml.gz
[2026-03-09] 频道: 480 | 数据源: http://e.erw.cc/all.xml.gz
[2026-03-10] 频道: 480 | 数据源: http://e.erw.cc/all.xml.gz
[2026-03-11] 频道: 480 | 数据源: http://e.erw.cc/all.xml.gz
[2026-03-12] 频道: 480 | 数据源: http://e.erw.cc/all.xml.gz
[2026-03-13] 频道: 480 | 数据源: http://e.erw.cc/all.xml.gz
[2026-03-14] 频道: 480 | 数据源: http://e.erw.cc/all.xml.gz
[2026-03-08] 频道: 481 | 数据源: https://epg.136605.xyz/9days.xml
[2026-03-09] 频道: 481 | 数据源: https://epg.136605.xyz/9days.xml
[2026-03-10] 频道: 481 | 数据源: https://epg.136605.xyz/9days.xml
[2026-03-11] 频道: 481 | 数据源: https://epg.136605.xyz/9days.xml
[2026-03-12] 频道: 481 | 数据源: https://epg.136605.xyz/9days.xml
[2026-03-13] 频道: 481 | 数据源: https://epg.136605.xyz/9days.xml
[2026-03-14] 频道: 481 | 数据源: https://github.com/litiande03/epg/raw/refs/heads/master/pl.xml.gz
[2026-03-15] 频道: 481 | 数据源: https://github.com/litiande03/epg/raw/refs/heads/master/pl.xml.gz
[2026-03-16] 频道: 481 | 数据源: https://github.com/litiande03/epg/raw/refs/heads/master/pl.xml.gz
[2026-03-17] 频道: 481 | 数据源: https://github.com/litiande03/epg/raw/refs/heads/master/pl.xml.gz
[2026-03-08] 频道: 482 | 数据源: http://e.erw.cc/all.xml.gz
[2026-03-09] 频道: 482 | 数据源: http://e.erw.cc/all.xml.gz
[2026-03-10] 频道: 482 | 数据源: http://e.erw.cc/all.xml.gz
[2026-03-11] 频道: 482 | 数据源: http://e.erw.cc/all.xml.gz
[2026-03-12] 频道: 482 | 数据源: http://e.erw.cc/all.xml.gz
[2026-03-13] 频道: 482 | 数据源: http://e.erw.cc/all.xml.gz
[2026-03-14] 频道: 482 | 数据源: http://e.erw.cc/all.xml.gz
[2026-03-08] 频道: 483 | 数据源: http://e.erw.cc/all.xml.gz
[2026-03-09] 频道: 483 | 数据源: http://e.erw.cc/all.xml.gz
[2026-03-10] 频道: 483 | 数据源: http://e.erw.cc/all.xml.gz
[2026-03-11] 频道: 483 | 数据源: http://e.erw.cc/all.xml.gz
[2026-03-12] 频道: 483 | 数据源: http://e.erw.cc/all.xml.gz
[2026-03-13] 频道: 483 | 数据源: http://e.erw.cc/all.xml.gz
[2026-03-14] 频道: 483 | 数据源: http://e.erw.cc/all.xml.gz
[2026-03-08] 频道: 484 | 数据源: http://e.erw.cc/all.xml.gz
[2026-03-09] 频道: 484 | 数据源: http://e.erw.cc/all.xml.gz
[2026-03-10] 频道: 484 | 数据源: http://e.erw.cc/all.xml.gz
[2026-03-11] 频道: 484 | 数据源: http://e.erw.cc/all.xml.gz
[2026-03-12] 频道: 484 | 数据源: http://e.erw.cc/all.xml.gz
[2026-03-13] 频道: 484 | 数据源: http://e.erw.cc/all.xml.gz
[2026-03-14] 频道: 484 | 数据源: http://e.erw.cc/all.xml.gz
[2026-03-08] 频道: 485 | 数据源: http://e.erw.cc/all.xml.gz
[2026-03-09] 频道: 485 | 数据源: http://e.erw.cc/all.xml.gz
[2026-03-10] 频道: 485 | 数据源: http://e.erw.cc/all.xml.gz
[2026-03-11] 频道: 485 | 数据源: http://e.erw.cc/all.xml.gz
[2026-03-12] 频道: 485 | 数据源: http://e.erw.cc/all.xml.gz
[2026-03-13] 频道: 485 | 数据源: http://e.erw.cc/all.xml.gz
[2026-03-14] 频道: 485 | 数据源: http://e.erw.cc/all.xml.gz
[2026-03-08] 频道: 486 | 数据源: http://e.erw.cc/all.xml.gz
[2026-03-09] 频道: 486 | 数据源: http://e.erw.cc/all.xml.gz
[2026-03-10] 频道: 486 | 数据源: http://e.erw.cc/all.xml.gz
[2026-03-11] 频道: 486 | 数据源: http://e.erw.cc/all.xml.gz
[2026-03-12] 频道: 486 | 数据源: http://e.erw.cc/all.xml.gz
[2026-03-13] 频道: 486 | 数据源: http://e.erw.cc/all.xml.gz
[2026-03-14] 频道: 486 | 数据源: http://e.erw.cc/all.xml.gz
[2026-03-08] 频道: 487 | 数据源: http://e.erw.cc/all.xml.gz
[2026-03-09] 频道: 487 | 数据源: http://e.erw.cc/all.xml.gz
[2026-03-10] 频道: 487 | 数据源: http://e.erw.cc/all.xml.gz
[2026-03-11] 频道: 487 | 数据源: http://e.erw.cc/all.xml.gz
[2026-03-12] 频道: 487 | 数据源: http://e.erw.cc/all.xml.gz
[2026-03-13] 频道: 487 | 数据源: http://e.erw.cc/all.xml.gz
[2026-03-14] 频道: 487 | 数据源: http://e.erw.cc/all.xml.gz
[2026-03-08] 频道: 488 | 数据源: http://e.erw.cc/all.xml.gz
[2026-03-09] 频道: 488 | 数据源: http://e.erw.cc/all.xml.gz
[2026-03-10] 频道: 488 | 数据源: http://e.erw.cc/all.xml.gz
[2026-03-11] 频道: 488 | 数据源: http://e.erw.cc/all.xml.gz
[2026-03-12] 频道: 488 | 数据源: http://e.erw.cc/all.xml.gz
[2026-03-13] 频道: 488 | 数据源: http://e.erw.cc/all.xml.gz
[2026-03-14] 频道: 488 | 数据源: http://e.erw.cc/all.xml.gz
[2026-03-06] 频道: 489 | 数据源: https://github.com/plsy1/epg/raw/refs/heads/main/e/seven-days.xml.gz
[2026-03-07] 频道: 489 | 数据源: https://github.com/plsy1/epg/raw/refs/heads/main/e/seven-days.xml.gz
[2026-03-08] 频道: 489 | 数据源: https://github.com/plsy1/epg/raw/refs/heads/main/e/seven-days.xml.gz
[2026-03-09] 频道: 489 | 数据源: https://github.com/plsy1/epg/raw/refs/heads/main/e/seven-days.xml.gz
[2026-03-10] 频道: 489 | 数据源: https://github.com/plsy1/epg/raw/refs/heads/main/e/seven-days.xml.gz
[2026-03-11] 频道: 489 | 数据源: https://github.com/plsy1/epg/raw/refs/heads/main/e/seven-days.xml.gz
[2026-03-12] 频道: 489 | 数据源: https://github.com/plsy1/epg/raw/refs/heads/main/e/seven-days.xml.gz
[2026-03-13] 频道: 489 | 数据源: https://github.com/plsy1/epg/raw/refs/heads/main/e/seven-days.xml.gz
[2026-03-14] 频道: 489 | 数据源: https://github.com/plsy1/epg/raw/refs/heads/main/e/seven-days.xml.gz
[2026-03-15] 频道: 489 | 数据源: https://github.com/plsy1/epg/raw/refs/heads/main/e/seven-days.xml.gz
[2026-03-08] 频道: 490 | 数据源: http://e.erw.cc/all.xml.gz
[2026-03-09] 频道: 490 | 数据源: http://e.erw.cc/all.xml.gz
[2026-03-10] 频道: 490 | 数据源: http://e.erw.cc/all.xml.gz
[2026-03-11] 频道: 490 | 数据源: http://e.erw.cc/all.xml.gz
[2026-03-12] 频道: 490 | 数据源: http://e.erw.cc/all.xml.gz
[2026-03-13] 频道: 490 | 数据源: http://e.erw.cc/all.xml.gz
[2026-03-14] 频道: 490 | 数据源: http://e.erw.cc/all.xml.gz
[2026-03-08] 频道: 491 | 数据源: http://e.erw.cc/all.xml.gz
[2026-03-09] 频道: 491 | 数据源: http://e.erw.cc/all.xml.gz
[2026-03-10] 频道: 491 | 数据源: http://e.erw.cc/all.xml.gz
[2026-03-11] 频道: 491 | 数据源: http://e.erw.cc/all.xml.gz
[2026-03-12] 频道: 491 | 数据源: http://e.erw.cc/all.xml.gz
[2026-03-13] 频道: 491 | 数据源: http://e.erw.cc/all.xml.gz
[2026-03-14] 频道: 491 | 数据源: http://e.erw.cc/all.xml.gz
[2026-03-08] 频道: 492 | 数据源: http://e.erw.cc/all.xml.gz
[2026-03-09] 频道: 492 | 数据源: http://e.erw.cc/all.xml.gz
[2026-03-10] 频道: 492 | 数据源: http://e.erw.cc/all.xml.gz
[2026-03-11] 频道: 492 | 数据源: http://e.erw.cc/all.xml.gz
[2026-03-12] 频道: 492 | 数据源: http://e.erw.cc/all.xml.gz
[2026-03-13] 频道: 492 | 数据源: http://e.erw.cc/all.xml.gz
[2026-03-14] 频道: 492 | 数据源: https://github.com/litiande03/epg/raw/refs/heads/master/pl.xml.gz
[2026-03-15] 频道: 492 | 数据源: https://github.com/litiande03/epg/raw/refs/heads/master/pl.xml.gz
[2026-03-16] 频道: 492 | 数据源: https://github.com/litiande03/epg/raw/refs/heads/master/pl.xml.gz
[2026-03-17] 频道: 492 | 数据源: https://github.com/litiande03/epg/raw/refs/heads/master/pl.xml.gz
[2026-03-08] 频道: 493 | 数据源: http://e.erw.cc/all.xml.gz
[2026-03-09] 频道: 493 | 数据源: http://e.erw.cc/all.xml.gz
[2026-03-10] 频道: 493 | 数据源: http://e.erw.cc/all.xml.gz
[2026-03-11] 频道: 493 | 数据源: http://e.erw.cc/all.xml.gz
[2026-03-12] 频道: 493 | 数据源: http://e.erw.cc/all.xml.gz
[2026-03-13] 频道: 493 | 数据源: http://e.erw.cc/all.xml.gz
[2026-03-14] 频道: 493 | 数据源: http://e.erw.cc/all.xml.gz
[2026-03-08] 频道: 494 | 数据源: http://e.erw.cc/all.xml.gz
[2026-03-09] 频道: 494 | 数据源: http://e.erw.cc/all.xml.gz
[2026-03-10] 频道: 494 | 数据源: http://e.erw.cc/all.xml.gz
[2026-03-11] 频道: 494 | 数据源: http://e.erw.cc/all.xml.gz
[2026-03-12] 频道: 494 | 数据源: http://e.erw.cc/all.xml.gz
[2026-03-13] 频道: 494 | 数据源: http://e.erw.cc/all.xml.gz
[2026-03-14] 频道: 494 | 数据源: http://e.erw.cc/all.xml.gz
[2026-03-08] 频道: 495 | 数据源: http://e.erw.cc/all.xml.gz
[2026-03-09] 频道: 495 | 数据源: http://e.erw.cc/all.xml.gz
[2026-03-10] 频道: 495 | 数据源: http://e.erw.cc/all.xml.gz
[2026-03-11] 频道: 495 | 数据源: http://e.erw.cc/all.xml.gz
[2026-03-12] 频道: 495 | 数据源: http://e.erw.cc/all.xml.gz
[2026-03-13] 频道: 495 | 数据源: http://e.erw.cc/all.xml.gz
[2026-03-14] 频道: 495 | 数据源: http://e.erw.cc/all.xml.gz
[2026-03-08] 频道: 496 | 数据源: http://e.erw.cc/all.xml.gz
[2026-03-09] 频道: 496 | 数据源: http://e.erw.cc/all.xml.gz
[2026-03-10] 频道: 496 | 数据源: http://e.erw.cc/all.xml.gz
[2026-03-11] 频道: 496 | 数据源: http://e.erw.cc/all.xml.gz
[2026-03-12] 频道: 496 | 数据源: http://e.erw.cc/all.xml.gz
[2026-03-13] 频道: 496 | 数据源: http://e.erw.cc/all.xml.gz
[2026-03-14] 频道: 496 | 数据源: http://e.erw.cc/all.xml.gz
[2026-03-08] 频道: 497 | 数据源: http://e.erw.cc/all.xml.gz
[2026-03-09] 频道: 497 | 数据源: http://e.erw.cc/all.xml.gz
[2026-03-10] 频道: 497 | 数据源: http://e.erw.cc/all.xml.gz
[2026-03-11] 频道: 497 | 数据源: http://e.erw.cc/all.xml.gz
[2026-03-12] 频道: 497 | 数据源: http://e.erw.cc/all.xml.gz
[2026-03-13] 频道: 497 | 数据源: http://e.erw.cc/all.xml.gz
[2026-03-14] 频道: 497 | 数据源: http://e.erw.cc/all.xml.gz
[2026-03-08] 频道: 498 | 数据源: http://e.erw.cc/all.xml.gz
[2026-03-09] 频道: 498 | 数据源: http://e.erw.cc/all.xml.gz
[2026-03-10] 频道: 498 | 数据源: http://e.erw.cc/all.xml.gz
[2026-03-11] 频道: 498 | 数据源: http://e.erw.cc/all.xml.gz
[2026-03-12] 频道: 498 | 数据源: http://e.erw.cc/all.xml.gz
[2026-03-13] 频道: 498 | 数据源: http://e.erw.cc/all.xml.gz
[2026-03-14] 频道: 498 | 数据源: http://e.erw.cc/all.xml.gz
[2026-03-08] 频道: 499 | 数据源: http://e.erw.cc/all.xml.gz
[2026-03-09] 频道: 499 | 数据源: http://e.erw.cc/all.xml.gz
[2026-03-10] 频道: 499 | 数据源: http://e.erw.cc/all.xml.gz
[2026-03-11] 频道: 499 | 数据源: http://e.erw.cc/all.xml.gz
[2026-03-12] 频道: 499 | 数据源: http://e.erw.cc/all.xml.gz
[2026-03-13] 频道: 499 | 数据源: http://e.erw.cc/all.xml.gz
[2026-03-14] 频道: 499 | 数据源: http://e.erw.cc/all.xml.gz
[2026-03-08] 频道: 500 | 数据源: http://e.erw.cc/all.xml.gz
[2026-03-09] 频道: 500 | 数据源: http://e.erw.cc/all.xml.gz
[2026-03-10] 频道: 500 | 数据源: http://e.erw.cc/all.xml.gz
[2026-03-11] 频道: 500 | 数据源: http://e.erw.cc/all.xml.gz
[2026-03-12] 频道: 500 | 数据源: http://e.erw.cc/all.xml.gz
[2026-03-13] 频道: 500 | 数据源: http://e.erw.cc/all.xml.gz
[2026-03-14] 频道: 500 | 数据源: http://e.erw.cc/all.xml.gz
[2026-03-08] 频道: 501 | 数据源: http://e.erw.cc/all.xml.gz
[2026-03-09] 频道: 501 | 数据源: http://e.erw.cc/all.xml.gz
[2026-03-10] 频道: 501 | 数据源: http://e.erw.cc/all.xml.gz
[2026-03-11] 频道: 501 | 数据源: http://e.erw.cc/all.xml.gz
[2026-03-12] 频道: 501 | 数据源: http://e.erw.cc/all.xml.gz
[2026-03-13] 频道: 501 | 数据源: http://e.erw.cc/all.xml.gz
[2026-03-14] 频道: 501 | 数据源: http://e.erw.cc/all.xml.gz
[2026-03-08] 频道: 502 | 数据源: http://e.erw.cc/all.xml.gz
[2026-03-09] 频道: 502 | 数据源: http://e.erw.cc/all.xml.gz
[2026-03-10] 频道: 502 | 数据源: http://e.erw.cc/all.xml.gz
[2026-03-11] 频道: 502 | 数据源: http://e.erw.cc/all.xml.gz
[2026-03-12] 频道: 502 | 数据源: http://e.erw.cc/all.xml.gz
[2026-03-13] 频道: 502 | 数据源: http://e.erw.cc/all.xml.gz
[2026-03-14] 频道: 502 | 数据源: http://e.erw.cc/all.xml.gz
[2026-03-15] 频道: 502 | 数据源: http://epg.51zmt.top:8000/e1.xml.gz
[2026-03-08] 频道: 503 | 数据源: http://e.erw.cc/all.xml.gz
[2026-03-09] 频道: 503 | 数据源: http://e.erw.cc/all.xml.gz
[2026-03-10] 频道: 503 | 数据源: http://e.erw.cc/all.xml.gz
[2026-03-11] 频道: 503 | 数据源: http://e.erw.cc/all.xml.gz
[2026-03-12] 频道: 503 | 数据源: http://e.erw.cc/all.xml.gz
[2026-03-13] 频道: 503 | 数据源: http://e.erw.cc/all.xml.gz
[2026-03-14] 频道: 503 | 数据源: http://e.erw.cc/all.xml.gz
[2026-03-08] 频道: 504 | 数据源: http://e.erw.cc/all.xml.gz
[2026-03-09] 频道: 504 | 数据源: http://e.erw.cc/all.xml.gz
[2026-03-10] 频道: 504 | 数据源: http://e.erw.cc/all.xml.gz
[2026-03-11] 频道: 504 | 数据源: http://e.erw.cc/all.xml.gz
[2026-03-12] 频道: 504 | 数据源: http://e.erw.cc/all.xml.gz
[2026-03-13] 频道: 504 | 数据源: http://e.erw.cc/all.xml.gz
[2026-03-14] 频道: 504 | 数据源: http://e.erw.cc/all.xml.gz
[2026-03-15] 频道: 504 | 数据源: http://epg.51zmt.top:8000/e1.xml.gz
[2026-03-08] 频道: 505 | 数据源: http://e.erw.cc/all.xml.gz
[2026-03-09] 频道: 505 | 数据源: http://e.erw.cc/all.xml.gz
[2026-03-10] 频道: 505 | 数据源: http://e.erw.cc/all.xml.gz
[2026-03-11] 频道: 505 | 数据源: http://e.erw.cc/all.xml.gz
[2026-03-12] 频道: 505 | 数据源: http://e.erw.cc/all.xml.gz
[2026-03-13] 频道: 505 | 数据源: http://e.erw.cc/all.xml.gz
[2026-03-14] 频道: 505 | 数据源: http://e.erw.cc/all.xml.gz
[2026-03-08] 频道: 506 | 数据源: http://e.erw.cc/all.xml.gz
[2026-03-09] 频道: 506 | 数据源: http://e.erw.cc/all.xml.gz
[2026-03-10] 频道: 506 | 数据源: http://e.erw.cc/all.xml.gz
[2026-03-11] 频道: 506 | 数据源: http://e.erw.cc/all.xml.gz
[2026-03-12] 频道: 506 | 数据源: http://e.erw.cc/all.xml.gz
[2026-03-13] 频道: 506 | 数据源: http://e.erw.cc/all.xml.gz
[2026-03-14] 频道: 506 | 数据源: http://e.erw.cc/all.xml.gz
[2026-03-08] 频道: 507 | 数据源: http://e.erw.cc/all.xml.gz
[2026-03-09] 频道: 507 | 数据源: http://e.erw.cc/all.xml.gz
[2026-03-10] 频道: 507 | 数据源: http://e.erw.cc/all.xml.gz
[2026-03-11] 频道: 507 | 数据源: http://e.erw.cc/all.xml.gz
[2026-03-12] 频道: 507 | 数据源: http://e.erw.cc/all.xml.gz
[2026-03-13] 频道: 507 | 数据源: http://e.erw.cc/all.xml.gz
[2026-03-14] 频道: 507 | 数据源: http://e.erw.cc/all.xml.gz
[2026-03-08] 频道: 508 | 数据源: http://e.erw.cc/all.xml.gz
[2026-03-09] 频道: 508 | 数据源: http://e.erw.cc/all.xml.gz
[2026-03-10] 频道: 508 | 数据源: http://e.erw.cc/all.xml.gz
[2026-03-11] 频道: 508 | 数据源: http://e.erw.cc/all.xml.gz
[2026-03-12] 频道: 508 | 数据源: http://e.erw.cc/all.xml.gz
[2026-03-13] 频道: 508 | 数据源: http://e.erw.cc/all.xml.gz
[2026-03-14] 频道: 508 | 数据源: http://e.erw.cc/all.xml.gz
[2026-03-08] 频道: 509 | 数据源: http://e.erw.cc/all.xml.gz
[2026-03-09] 频道: 509 | 数据源: http://e.erw.cc/all.xml.gz
[2026-03-10] 频道: 509 | 数据源: http://e.erw.cc/all.xml.gz
[2026-03-11] 频道: 509 | 数据源: http://e.erw.cc/all.xml.gz
[2026-03-12] 频道: 509 | 数据源: http://e.erw.cc/all.xml.gz
[2026-03-13] 频道: 509 | 数据源: http://e.erw.cc/all.xml.gz
[2026-03-14] 频道: 509 | 数据源: http://e.erw.cc/all.xml.gz
[2026-03-08] 频道: 510 | 数据源: http://e.erw.cc/all.xml.gz
[2026-03-09] 频道: 510 | 数据源: http://e.erw.cc/all.xml.gz
[2026-03-10] 频道: 510 | 数据源: http://e.erw.cc/all.xml.gz
[2026-03-11] 频道: 510 | 数据源: http://e.erw.cc/all.xml.gz
[2026-03-12] 频道: 510 | 数据源: http://e.erw.cc/all.xml.gz
[2026-03-13] 频道: 510 | 数据源: http://e.erw.cc/all.xml.gz
[2026-03-14] 频道: 510 | 数据源: http://e.erw.cc/all.xml.gz
[2026-03-08] 频道: 511 | 数据源: http://e.erw.cc/all.xml.gz
[2026-03-09] 频道: 511 | 数据源: http://e.erw.cc/all.xml.gz
[2026-03-10] 频道: 511 | 数据源: http://e.erw.cc/all.xml.gz
[2026-03-11] 频道: 511 | 数据源: http://e.erw.cc/all.xml.gz
[2026-03-12] 频道: 511 | 数据源: http://e.erw.cc/all.xml.gz
[2026-03-13] 频道: 511 | 数据源: http://e.erw.cc/all.xml.gz
[2026-03-14] 频道: 511 | 数据源: http://e.erw.cc/all.xml.gz
[2026-03-08] 频道: 512 | 数据源: http://e.erw.cc/all.xml.gz
[2026-03-09] 频道: 512 | 数据源: http://e.erw.cc/all.xml.gz
[2026-03-10] 频道: 512 | 数据源: http://e.erw.cc/all.xml.gz
[2026-03-11] 频道: 512 | 数据源: http://e.erw.cc/all.xml.gz
[2026-03-12] 频道: 512 | 数据源: http://e.erw.cc/all.xml.gz
[2026-03-13] 频道: 512 | 数据源: http://e.erw.cc/all.xml.gz
[2026-03-14] 频道: 512 | 数据源: http://e.erw.cc/all.xml.gz
[2026-03-08] 频道: 513 | 数据源: http://e.erw.cc/all.xml.gz
[2026-03-09] 频道: 513 | 数据源: http://e.erw.cc/all.xml.gz
[2026-03-10] 频道: 513 | 数据源: http://e.erw.cc/all.xml.gz
[2026-03-11] 频道: 513 | 数据源: http://e.erw.cc/all.xml.gz
[2026-03-12] 频道: 513 | 数据源: http://e.erw.cc/all.xml.gz
[2026-03-13] 频道: 513 | 数据源: http://e.erw.cc/all.xml.gz
[2026-03-14] 频道: 513 | 数据源: http://e.erw.cc/all.xml.gz
[2026-03-08] 频道: 514 | 数据源: http://e.erw.cc/all.xml.gz
[2026-03-09] 频道: 514 | 数据源: http://e.erw.cc/all.xml.gz
[2026-03-10] 频道: 514 | 数据源: http://e.erw.cc/all.xml.gz
[2026-03-11] 频道: 514 | 数据源: http://e.erw.cc/all.xml.gz
[2026-03-12] 频道: 514 | 数据源: http://e.erw.cc/all.xml.gz
[2026-03-13] 频道: 514 | 数据源: http://e.erw.cc/all.xml.gz
[2026-03-14] 频道: 514 | 数据源: http://e.erw.cc/all.xml.gz
[2026-03-08] 频道: 515 | 数据源: http://e.erw.cc/all.xml.gz
[2026-03-09] 频道: 515 | 数据源: http://e.erw.cc/all.xml.gz
[2026-03-10] 频道: 515 | 数据源: http://e.erw.cc/all.xml.gz
[2026-03-11] 频道: 515 | 数据源: http://e.erw.cc/all.xml.gz
[2026-03-12] 频道: 515 | 数据源: http://e.erw.cc/all.xml.gz
[2026-03-13] 频道: 515 | 数据源: http://e.erw.cc/all.xml.gz
[2026-03-14] 频道: 515 | 数据源: http://e.erw.cc/all.xml.gz
[2026-03-08] 频道: 516 | 数据源: http://e.erw.cc/all.xml.gz
[2026-03-09] 频道: 516 | 数据源: http://e.erw.cc/all.xml.gz
[2026-03-10] 频道: 516 | 数据源: http://e.erw.cc/all.xml.gz
[2026-03-11] 频道: 516 | 数据源: http://e.erw.cc/all.xml.gz
[2026-03-12] 频道: 516 | 数据源: http://e.erw.cc/all.xml.gz
[2026-03-13] 频道: 516 | 数据源: http://e.erw.cc/all.xml.gz
[2026-03-14] 频道: 516 | 数据源: http://e.erw.cc/all.xml.gz
[2026-03-08] 频道: 517 | 数据源: http://e.erw.cc/all.xml.gz
[2026-03-09] 频道: 517 | 数据源: http://e.erw.cc/all.xml.gz
[2026-03-10] 频道: 517 | 数据源: http://e.erw.cc/all.xml.gz
[2026-03-11] 频道: 517 | 数据源: http://e.erw.cc/all.xml.gz
[2026-03-12] 频道: 517 | 数据源: http://e.erw.cc/all.xml.gz
[2026-03-13] 频道: 517 | 数据源: http://e.erw.cc/all.xml.gz
[2026-03-14] 频道: 517 | 数据源: http://e.erw.cc/all.xml.gz
[2026-03-08] 频道: 518 | 数据源: http://e.erw.cc/all.xml.gz
[2026-03-09] 频道: 518 | 数据源: http://e.erw.cc/all.xml.gz
[2026-03-10] 频道: 518 | 数据源: http://e.erw.cc/all.xml.gz
[2026-03-11] 频道: 518 | 数据源: http://e.erw.cc/all.xml.gz
[2026-03-12] 频道: 518 | 数据源: http://e.erw.cc/all.xml.gz
[2026-03-13] 频道: 518 | 数据源: http://e.erw.cc/all.xml.gz
[2026-03-14] 频道: 518 | 数据源: http://e.erw.cc/all.xml.gz
[2026-03-08] 频道: 519 | 数据源: http://e.erw.cc/all.xml.gz
[2026-03-09] 频道: 519 | 数据源: https://github.com/litiande03/epg/raw/refs/heads/master/pl.xml.gz
[2026-03-10] 频道: 519 | 数据源: https://github.com/litiande03/epg/raw/refs/heads/master/pl.xml.gz
[2026-03-11] 频道: 519 | 数据源: https://github.com/litiande03/epg/raw/refs/heads/master/pl.xml.gz
[2026-03-12] 频道: 519 | 数据源: https://github.com/litiande03/epg/raw/refs/heads/master/pl.xml.gz
[2026-03-13] 频道: 519 | 数据源: https://github.com/litiande03/epg/raw/refs/heads/master/pl.xml.gz
[2026-03-14] 频道: 519 | 数据源: https://github.com/litiande03/epg/raw/refs/heads/master/pl.xml.gz
[2026-03-15] 频道: 519 | 数据源: https://github.com/litiande03/epg/raw/refs/heads/master/pl.xml.gz
[2026-03-16] 频道: 519 | 数据源: https://github.com/litiande03/epg/raw/refs/heads/master/pl.xml.gz
[2026-03-17] 频道: 519 | 数据源: https://github.com/litiande03/epg/raw/refs/heads/master/pl.xml.gz
[2026-03-08] 频道: 520 | 数据源: http://e.erw.cc/all.xml.gz
[2026-03-09] 频道: 520 | 数据源: http://e.erw.cc/all.xml.gz
[2026-03-10] 频道: 520 | 数据源: http://e.erw.cc/all.xml.gz
[2026-03-11] 频道: 520 | 数据源: http://e.erw.cc/all.xml.gz
[2026-03-12] 频道: 520 | 数据源: http://e.erw.cc/all.xml.gz
[2026-03-13] 频道: 520 | 数据源: http://e.erw.cc/all.xml.gz
[2026-03-14] 频道: 520 | 数据源: http://e.erw.cc/all.xml.gz
[2026-03-08] 频道: 521 | 数据源: http://e.erw.cc/all.xml.gz
[2026-03-09] 频道: 521 | 数据源: http://e.erw.cc/all.xml.gz
[2026-03-10] 频道: 521 | 数据源: http://e.erw.cc/all.xml.gz
[2026-03-11] 频道: 521 | 数据源: http://e.erw.cc/all.xml.gz
[2026-03-12] 频道: 521 | 数据源: http://e.erw.cc/all.xml.gz
[2026-03-13] 频道: 521 | 数据源: http://e.erw.cc/all.xml.gz
[2026-03-14] 频道: 521 | 数据源: http://e.erw.cc/all.xml.gz
[2026-03-08] 频道: 522 | 数据源: http://e.erw.cc/all.xml.gz
[2026-03-09] 频道: 522 | 数据源: http://e.erw.cc/all.xml.gz
[2026-03-10] 频道: 522 | 数据源: http://e.erw.cc/all.xml.gz
[2026-03-11] 频道: 522 | 数据源: http://e.erw.cc/all.xml.gz
[2026-03-12] 频道: 522 | 数据源: http://e.erw.cc/all.xml.gz
[2026-03-13] 频道: 522 | 数据源: http://e.erw.cc/all.xml.gz
[2026-03-14] 频道: 522 | 数据源: http://e.erw.cc/all.xml.gz
[2026-03-08] 频道: 523 | 数据源: http://e.erw.cc/all.xml.gz
[2026-03-09] 频道: 523 | 数据源: http://e.erw.cc/all.xml.gz
[2026-03-10] 频道: 523 | 数据源: http://e.erw.cc/all.xml.gz
[2026-03-11] 频道: 523 | 数据源: http://e.erw.cc/all.xml.gz
[2026-03-12] 频道: 523 | 数据源: http://e.erw.cc/all.xml.gz
[2026-03-13] 频道: 523 | 数据源: http://e.erw.cc/all.xml.gz
[2026-03-14] 频道: 523 | 数据源: http://e.erw.cc/all.xml.gz
[2026-03-08] 频道: 524 | 数据源: http://e.erw.cc/all.xml.gz
[2026-03-09] 频道: 524 | 数据源: http://e.erw.cc/all.xml.gz
[2026-03-10] 频道: 524 | 数据源: http://e.erw.cc/all.xml.gz
[2026-03-11] 频道: 524 | 数据源: http://e.erw.cc/all.xml.gz
[2026-03-12] 频道: 524 | 数据源: http://e.erw.cc/all.xml.gz
[2026-03-13] 频道: 524 | 数据源: http://e.erw.cc/all.xml.gz
[2026-03-14] 频道: 524 | 数据源: http://e.erw.cc/all.xml.gz
[2026-03-08] 频道: 525 | 数据源: http://e.erw.cc/all.xml.gz
[2026-03-09] 频道: 525 | 数据源: http://e.erw.cc/all.xml.gz
[2026-03-10] 频道: 525 | 数据源: http://e.erw.cc/all.xml.gz
[2026-03-11] 频道: 525 | 数据源: http://e.erw.cc/all.xml.gz
[2026-03-12] 频道: 525 | 数据源: http://e.erw.cc/all.xml.gz
[2026-03-13] 频道: 525 | 数据源: http://e.erw.cc/all.xml.gz
[2026-03-14] 频道: 525 | 数据源: http://e.erw.cc/all.xml.gz
[2026-03-08] 频道: 526 | 数据源: http://e.erw.cc/all.xml.gz
[2026-03-09] 频道: 526 | 数据源: http://e.erw.cc/all.xml.gz
[2026-03-10] 频道: 526 | 数据源: http://e.erw.cc/all.xml.gz
[2026-03-11] 频道: 526 | 数据源: http://e.erw.cc/all.xml.gz
[2026-03-12] 频道: 526 | 数据源: http://e.erw.cc/all.xml.gz
[2026-03-13] 频道: 526 | 数据源: http://e.erw.cc/all.xml.gz
[2026-03-14] 频道: 526 | 数据源: http://e.erw.cc/all.xml.gz
[2026-03-08] 频道: 527 | 数据源: http://e.erw.cc/all.xml.gz
[2026-03-09] 频道: 527 | 数据源: http://e.erw.cc/all.xml.gz
[2026-03-10] 频道: 527 | 数据源: http://e.erw.cc/all.xml.gz
[2026-03-11] 频道: 527 | 数据源: http://e.erw.cc/all.xml.gz
[2026-03-12] 频道: 527 | 数据源: http://e.erw.cc/all.xml.gz
[2026-03-13] 频道: 527 | 数据源: http://e.erw.cc/all.xml.gz
[2026-03-14] 频道: 527 | 数据源: http://e.erw.cc/all.xml.gz
[2026-03-08] 频道: 528 | 数据源: http://e.erw.cc/all.xml.gz
[2026-03-09] 频道: 528 | 数据源: http://e.erw.cc/all.xml.gz
[2026-03-10] 频道: 528 | 数据源: http://e.erw.cc/all.xml.gz
[2026-03-11] 频道: 528 | 数据源: http://e.erw.cc/all.xml.gz
[2026-03-12] 频道: 528 | 数据源: http://e.erw.cc/all.xml.gz
[2026-03-13] 频道: 528 | 数据源: http://e.erw.cc/all.xml.gz
[2026-03-14] 频道: 528 | 数据源: http://e.erw.cc/all.xml.gz
[2026-03-08] 频道: 529 | 数据源: http://e.erw.cc/all.xml.gz
[2026-03-09] 频道: 529 | 数据源: http://e.erw.cc/all.xml.gz
[2026-03-10] 频道: 529 | 数据源: http://e.erw.cc/all.xml.gz
[2026-03-11] 频道: 529 | 数据源: http://e.erw.cc/all.xml.gz
[2026-03-12] 频道: 529 | 数据源: http://e.erw.cc/all.xml.gz
[2026-03-13] 频道: 529 | 数据源: http://e.erw.cc/all.xml.gz
[2026-03-14] 频道: 529 | 数据源: http://e.erw.cc/all.xml.gz
[2026-03-08] 频道: 530 | 数据源: http://e.erw.cc/all.xml.gz
[2026-03-09] 频道: 530 | 数据源: http://e.erw.cc/all.xml.gz
[2026-03-10] 频道: 530 | 数据源: http://e.erw.cc/all.xml.gz
[2026-03-11] 频道: 530 | 数据源: http://e.erw.cc/all.xml.gz
[2026-03-12] 频道: 530 | 数据源: http://e.erw.cc/all.xml.gz
[2026-03-13] 频道: 530 | 数据源: http://e.erw.cc/all.xml.gz
[2026-03-14] 频道: 530 | 数据源: http://e.erw.cc/all.xml.gz
[2026-03-15] 频道: 530 | 数据源: https://github.com/litiande03/epg/raw/refs/heads/master/pl.xml.gz
[2026-03-16] 频道: 530 | 数据源: https://github.com/litiande03/epg/raw/refs/heads/master/pl.xml.gz
[2026-03-08] 频道: 531 | 数据源: http://e.erw.cc/all.xml.gz
[2026-03-09] 频道: 531 | 数据源: http://e.erw.cc/all.xml.gz
[2026-03-10] 频道: 531 | 数据源: http://e.erw.cc/all.xml.gz
[2026-03-11] 频道: 531 | 数据源: http://e.erw.cc/all.xml.gz
[2026-03-12] 频道: 531 | 数据源: http://e.erw.cc/all.xml.gz
[2026-03-13] 频道: 531 | 数据源: http://e.erw.cc/all.xml.gz
[2026-03-14] 频道: 531 | 数据源: http://e.erw.cc/all.xml.gz
[2026-03-08] 频道: 532 | 数据源: https://github.com/litiande03/epg/raw/refs/heads/master/pl.xml.gz
[2026-03-09] 频道: 532 | 数据源: https://github.com/litiande03/epg/raw/refs/heads/master/pl.xml.gz
[2026-03-10] 频道: 532 | 数据源: https://github.com/litiande03/epg/raw/refs/heads/master/pl.xml.gz
[2026-03-11] 频道: 532 | 数据源: https://github.com/litiande03/epg/raw/refs/heads/master/pl.xml.gz
[2026-03-12] 频道: 532 | 数据源: https://github.com/litiande03/epg/raw/refs/heads/master/pl.xml.gz
[2026-03-13] 频道: 532 | 数据源: https://github.com/litiande03/epg/raw/refs/heads/master/pl.xml.gz
[2026-03-14] 频道: 532 | 数据源: https://github.com/litiande03/epg/raw/refs/heads/master/pl.xml.gz
[2026-03-15] 频道: 532 | 数据源: https://github.com/litiande03/epg/raw/refs/heads/master/pl.xml.gz
[2026-03-16] 频道: 532 | 数据源: https://github.com/litiande03/epg/raw/refs/heads/master/pl.xml.gz
[2026-03-17] 频道: 532 | 数据源: https://github.com/litiande03/epg/raw/refs/heads/master/pl.xml.gz
[2026-03-08] 频道: 533 | 数据源: http://e.erw.cc/all.xml.gz
[2026-03-09] 频道: 533 | 数据源: http://e.erw.cc/all.xml.gz
[2026-03-10] 频道: 533 | 数据源: http://e.erw.cc/all.xml.gz
[2026-03-11] 频道: 533 | 数据源: http://e.erw.cc/all.xml.gz
[2026-03-12] 频道: 533 | 数据源: http://e.erw.cc/all.xml.gz
[2026-03-13] 频道: 533 | 数据源: http://e.erw.cc/all.xml.gz
[2026-03-14] 频道: 533 | 数据源: http://e.erw.cc/all.xml.gz
[2026-03-08] 频道: 534 | 数据源: http://e.erw.cc/all.xml.gz
[2026-03-09] 频道: 534 | 数据源: http://e.erw.cc/all.xml.gz
[2026-03-10] 频道: 534 | 数据源: http://e.erw.cc/all.xml.gz
[2026-03-11] 频道: 534 | 数据源: http://e.erw.cc/all.xml.gz
[2026-03-12] 频道: 534 | 数据源: http://e.erw.cc/all.xml.gz
[2026-03-13] 频道: 534 | 数据源: http://e.erw.cc/all.xml.gz
[2026-03-14] 频道: 534 | 数据源: http://e.erw.cc/all.xml.gz
[2026-03-15] 频道: 534 | 数据源: http://epg.51zmt.top:8000/e1.xml.gz
[2026-03-08] 频道: 535 | 数据源: http://e.erw.cc/all.xml.gz
[2026-03-09] 频道: 535 | 数据源: http://e.erw.cc/all.xml.gz
[2026-03-10] 频道: 535 | 数据源: http://e.erw.cc/all.xml.gz
[2026-03-11] 频道: 535 | 数据源: http://e.erw.cc/all.xml.gz
[2026-03-12] 频道: 535 | 数据源: http://e.erw.cc/all.xml.gz
[2026-03-13] 频道: 535 | 数据源: http://e.erw.cc/all.xml.gz
[2026-03-14] 频道: 535 | 数据源: http://e.erw.cc/all.xml.gz
[2026-03-15] 频道: 535 | 数据源: http://epg.51zmt.top:8000/e1.xml.gz
[2026-03-08] 频道: 536 | 数据源: http://e.erw.cc/all.xml.gz
[2026-03-09] 频道: 536 | 数据源: http://e.erw.cc/all.xml.gz
[2026-03-10] 频道: 536 | 数据源: http://e.erw.cc/all.xml.gz
[2026-03-11] 频道: 536 | 数据源: http://e.erw.cc/all.xml.gz
[2026-03-12] 频道: 536 | 数据源: http://e.erw.cc/all.xml.gz
[2026-03-13] 频道: 536 | 数据源: http://e.erw.cc/all.xml.gz
[2026-03-14] 频道: 536 | 数据源: http://e.erw.cc/all.xml.gz
[2026-03-08] 频道: 537 | 数据源: http://e.erw.cc/all.xml.gz
[2026-03-09] 频道: 537 | 数据源: http://e.erw.cc/all.xml.gz
[2026-03-10] 频道: 537 | 数据源: http://e.erw.cc/all.xml.gz
[2026-03-11] 频道: 537 | 数据源: http://e.erw.cc/all.xml.gz
[2026-03-12] 频道: 537 | 数据源: http://e.erw.cc/all.xml.gz
[2026-03-13] 频道: 537 | 数据源: http://e.erw.cc/all.xml.gz
[2026-03-14] 频道: 537 | 数据源: http://e.erw.cc/all.xml.gz
[2026-03-15] 频道: 537 | 数据源: http://epg.51zmt.top:8000/e1.xml.gz
[2026-03-16] 频道: 537 | 数据源: https://github.com/litiande03/epg/raw/refs/heads/master/pl.xml.gz
[2026-03-08] 频道: 538 | 数据源: http://e.erw.cc/all.xml.gz
[2026-03-09] 频道: 538 | 数据源: http://e.erw.cc/all.xml.gz
[2026-03-10] 频道: 538 | 数据源: http://e.erw.cc/all.xml.gz
[2026-03-11] 频道: 538 | 数据源: http://e.erw.cc/all.xml.gz
[2026-03-12] 频道: 538 | 数据源: http://e.erw.cc/all.xml.gz
[2026-03-13] 频道: 538 | 数据源: http://e.erw.cc/all.xml.gz
[2026-03-14] 频道: 538 | 数据源: http://e.erw.cc/all.xml.gz
[2026-03-15] 频道: 538 | 数据源: http://epg.51zmt.top:8000/e1.xml.gz
[2026-03-08] 频道: 539 | 数据源: http://e.erw.cc/all.xml.gz
[2026-03-09] 频道: 539 | 数据源: http://e.erw.cc/all.xml.gz
[2026-03-10] 频道: 539 | 数据源: http://e.erw.cc/all.xml.gz
[2026-03-11] 频道: 539 | 数据源: http://e.erw.cc/all.xml.gz
[2026-03-12] 频道: 539 | 数据源: http://e.erw.cc/all.xml.gz
[2026-03-13] 频道: 539 | 数据源: http://e.erw.cc/all.xml.gz
[2026-03-14] 频道: 539 | 数据源: http://e.erw.cc/all.xml.gz
[2026-03-08] 频道: 540 | 数据源: http://e.erw.cc/all.xml.gz
[2026-03-09] 频道: 540 | 数据源: http://e.erw.cc/all.xml.gz
[2026-03-10] 频道: 540 | 数据源: http://e.erw.cc/all.xml.gz
[2026-03-11] 频道: 540 | 数据源: http://e.erw.cc/all.xml.gz
[2026-03-12] 频道: 540 | 数据源: http://e.erw.cc/all.xml.gz
[2026-03-13] 频道: 540 | 数据源: http://e.erw.cc/all.xml.gz
[2026-03-14] 频道: 540 | 数据源: http://e.erw.cc/all.xml.gz
[2026-03-15] 频道: 540 | 数据源: http://epg.51zmt.top:8000/e1.xml.gz
[2026-03-08] 频道: 541 | 数据源: http://e.erw.cc/all.xml.gz
[2026-03-09] 频道: 541 | 数据源: http://e.erw.cc/all.xml.gz
[2026-03-10] 频道: 541 | 数据源: http://e.erw.cc/all.xml.gz
[2026-03-11] 频道: 541 | 数据源: http://e.erw.cc/all.xml.gz
[2026-03-12] 频道: 541 | 数据源: http://e.erw.cc/all.xml.gz
[2026-03-13] 频道: 541 | 数据源: http://e.erw.cc/all.xml.gz
[2026-03-14] 频道: 541 | 数据源: http://e.erw.cc/all.xml.gz
[2026-03-08] 频道: 542 | 数据源: http://e.erw.cc/all.xml.gz
[2026-03-09] 频道: 542 | 数据源: http://e.erw.cc/all.xml.gz
[2026-03-10] 频道: 542 | 数据源: http://e.erw.cc/all.xml.gz
[2026-03-11] 频道: 542 | 数据源: http://e.erw.cc/all.xml.gz
[2026-03-12] 频道: 542 | 数据源: http://e.erw.cc/all.xml.gz
[2026-03-13] 频道: 542 | 数据源: http://e.erw.cc/all.xml.gz
[2026-03-14] 频道: 542 | 数据源: http://e.erw.cc/all.xml.gz
[2026-03-08] 频道: 543 | 数据源: http://e.erw.cc/all.xml.gz
[2026-03-09] 频道: 543 | 数据源: http://e.erw.cc/all.xml.gz
[2026-03-10] 频道: 543 | 数据源: http://e.erw.cc/all.xml.gz
[2026-03-11] 频道: 543 | 数据源: http://e.erw.cc/all.xml.gz
[2026-03-12] 频道: 543 | 数据源: http://e.erw.cc/all.xml.gz
[2026-03-13] 频道: 543 | 数据源: http://e.erw.cc/all.xml.gz
[2026-03-14] 频道: 543 | 数据源: http://e.erw.cc/all.xml.gz
[2026-03-08] 频道: 544 | 数据源: http://e.erw.cc/all.xml.gz
[2026-03-09] 频道: 544 | 数据源: http://e.erw.cc/all.xml.gz
[2026-03-10] 频道: 544 | 数据源: http://e.erw.cc/all.xml.gz
[2026-03-11] 频道: 544 | 数据源: http://e.erw.cc/all.xml.gz
[2026-03-12] 频道: 544 | 数据源: http://e.erw.cc/all.xml.gz
[2026-03-13] 频道: 544 | 数据源: http://e.erw.cc/all.xml.gz
[2026-03-14] 频道: 544 | 数据源: http://e.erw.cc/all.xml.gz
[2026-03-08] 频道: 545 | 数据源: http://e.erw.cc/all.xml.gz
[2026-03-09] 频道: 545 | 数据源: http://e.erw.cc/all.xml.gz
[2026-03-10] 频道: 545 | 数据源: http://e.erw.cc/all.xml.gz
[2026-03-11] 频道: 545 | 数据源: http://e.erw.cc/all.xml.gz
[2026-03-12] 频道: 545 | 数据源: http://e.erw.cc/all.xml.gz
[2026-03-13] 频道: 545 | 数据源: http://e.erw.cc/all.xml.gz
[2026-03-14] 频道: 545 | 数据源: http://e.erw.cc/all.xml.gz
[2026-03-08] 频道: 546 | 数据源: http://e.erw.cc/all.xml.gz
[2026-03-09] 频道: 546 | 数据源: http://e.erw.cc/all.xml.gz
[2026-03-10] 频道: 546 | 数据源: http://e.erw.cc/all.xml.gz
[2026-03-11] 频道: 546 | 数据源: http://e.erw.cc/all.xml.gz
[2026-03-12] 频道: 546 | 数据源: http://e.erw.cc/all.xml.gz
[2026-03-13] 频道: 546 | 数据源: http://e.erw.cc/all.xml.gz
[2026-03-14] 频道: 546 | 数据源: http://e.erw.cc/all.xml.gz
[2026-03-08] 频道: 547 | 数据源: http://e.erw.cc/all.xml.gz
[2026-03-09] 频道: 547 | 数据源: http://e.erw.cc/all.xml.gz
[2026-03-10] 频道: 547 | 数据源: http://e.erw.cc/all.xml.gz
[2026-03-11] 频道: 547 | 数据源: http://e.erw.cc/all.xml.gz
[2026-03-12] 频道: 547 | 数据源: http://e.erw.cc/all.xml.gz
[2026-03-13] 频道: 547 | 数据源: http://e.erw.cc/all.xml.gz
[2026-03-14] 频道: 547 | 数据源: http://e.erw.cc/all.xml.gz
[2026-03-08] 频道: 548 | 数据源: http://e.erw.cc/all.xml.gz
[2026-03-09] 频道: 548 | 数据源: http://e.erw.cc/all.xml.gz
[2026-03-10] 频道: 548 | 数据源: http://e.erw.cc/all.xml.gz
[2026-03-11] 频道: 548 | 数据源: http://e.erw.cc/all.xml.gz
[2026-03-12] 频道: 548 | 数据源: http://e.erw.cc/all.xml.gz
[2026-03-13] 频道: 548 | 数据源: http://e.erw.cc/all.xml.gz
[2026-03-14] 频道: 548 | 数据源: http://e.erw.cc/all.xml.gz
[2026-03-15] 频道: 548 | 数据源: http://epg.51zmt.top:8000/e1.xml.gz
[2026-03-08] 频道: 549 | 数据源: http://e.erw.cc/all.xml.gz
[2026-03-09] 频道: 549 | 数据源: http://e.erw.cc/all.xml.gz
[2026-03-10] 频道: 549 | 数据源: http://e.erw.cc/all.xml.gz
[2026-03-11] 频道: 549 | 数据源: http://e.erw.cc/all.xml.gz
[2026-03-12] 频道: 549 | 数据源: http://e.erw.cc/all.xml.gz
[2026-03-13] 频道: 549 | 数据源: http://e.erw.cc/all.xml.gz
[2026-03-14] 频道: 549 | 数据源: http://e.erw.cc/all.xml.gz
[2026-03-08] 频道: 550 | 数据源: http://e.erw.cc/all.xml.gz
[2026-03-09] 频道: 550 | 数据源: http://e.erw.cc/all.xml.gz
[2026-03-10] 频道: 550 | 数据源: http://e.erw.cc/all.xml.gz
[2026-03-11] 频道: 550 | 数据源: http://e.erw.cc/all.xml.gz
[2026-03-12] 频道: 550 | 数据源: http://e.erw.cc/all.xml.gz
[2026-03-13] 频道: 550 | 数据源: http://e.erw.cc/all.xml.gz
[2026-03-14] 频道: 550 | 数据源: http://e.erw.cc/all.xml.gz
[2026-03-15] 频道: 550 | 数据源: http://epg.51zmt.top:8000/e1.xml.gz
[2026-03-08] 频道: 551 | 数据源: http://e.erw.cc/all.xml.gz
[2026-03-09] 频道: 551 | 数据源: http://e.erw.cc/all.xml.gz
[2026-03-10] 频道: 551 | 数据源: http://e.erw.cc/all.xml.gz
[2026-03-11] 频道: 551 | 数据源: http://e.erw.cc/all.xml.gz
[2026-03-12] 频道: 551 | 数据源: http://e.erw.cc/all.xml.gz
[2026-03-13] 频道: 551 | 数据源: http://e.erw.cc/all.xml.gz
[2026-03-14] 频道: 551 | 数据源: http://e.erw.cc/all.xml.gz
[2026-03-08] 频道: 552 | 数据源: http://e.erw.cc/all.xml.gz
[2026-03-09] 频道: 552 | 数据源: http://e.erw.cc/all.xml.gz
[2026-03-10] 频道: 552 | 数据源: http://e.erw.cc/all.xml.gz
[2026-03-11] 频道: 552 | 数据源: http://e.erw.cc/all.xml.gz
[2026-03-12] 频道: 552 | 数据源: http://e.erw.cc/all.xml.gz
[2026-03-13] 频道: 552 | 数据源: http://e.erw.cc/all.xml.gz
[2026-03-14] 频道: 552 | 数据源: http://e.erw.cc/all.xml.gz
[2026-03-08] 频道: 553 | 数据源: http://e.erw.cc/all.xml.gz
[2026-03-09] 频道: 553 | 数据源: http://e.erw.cc/all.xml.gz
[2026-03-10] 频道: 553 | 数据源: http://e.erw.cc/all.xml.gz
[2026-03-11] 频道: 553 | 数据源: http://e.erw.cc/all.xml.gz
[2026-03-12] 频道: 553 | 数据源: http://e.erw.cc/all.xml.gz
[2026-03-13] 频道: 553 | 数据源: http://e.erw.cc/all.xml.gz
[2026-03-14] 频道: 553 | 数据源: http://e.erw.cc/all.xml.gz
[2026-03-08] 频道: 554 | 数据源: http://e.erw.cc/all.xml.gz
[2026-03-09] 频道: 554 | 数据源: http://e.erw.cc/all.xml.gz
[2026-03-10] 频道: 554 | 数据源: http://e.erw.cc/all.xml.gz
[2026-03-11] 频道: 554 | 数据源: http://e.erw.cc/all.xml.gz
[2026-03-12] 频道: 554 | 数据源: http://e.erw.cc/all.xml.gz
[2026-03-13] 频道: 554 | 数据源: http://e.erw.cc/all.xml.gz
[2026-03-14] 频道: 554 | 数据源: http://e.erw.cc/all.xml.gz
[2026-03-15] 频道: 554 | 数据源: https://github.com/mytv-android/SCTV_EPG/raw/refs/heads/main/epg.xml
[2026-03-08] 频道: 555 | 数据源: https://epg.136605.xyz/9days.xml
[2026-03-09] 频道: 555 | 数据源: https://github.com/litiande03/epg/raw/refs/heads/master/pl.xml.gz
[2026-03-10] 频道: 555 | 数据源: https://epg.136605.xyz/9days.xml
[2026-03-11] 频道: 555 | 数据源: https://epg.136605.xyz/9days.xml
[2026-03-12] 频道: 555 | 数据源: https://epg.136605.xyz/9days.xml
[2026-03-13] 频道: 555 | 数据源: https://github.com/litiande03/epg/raw/refs/heads/master/pl.xml.gz
[2026-03-14] 频道: 555 | 数据源: https://github.com/litiande03/epg/raw/refs/heads/master/pl.xml.gz
[2026-03-15] 频道: 555 | 数据源: https://epg.136605.xyz/9days.xml
[2026-03-16] 频道: 555 | 数据源: https://epg.136605.xyz/9days.xml
[2026-03-17] 频道: 555 | 数据源: https://github.com/litiande03/epg/raw/refs/heads/master/pl.xml.gz
[2026-03-08] 频道: 556 | 数据源: https://epg.136605.xyz/9days.xml
[2026-03-09] 频道: 556 | 数据源: https://github.com/litiande03/epg/raw/refs/heads/master/pl.xml.gz
[2026-03-10] 频道: 556 | 数据源: https://epg.136605.xyz/9days.xml
[2026-03-11] 频道: 556 | 数据源: https://epg.136605.xyz/9days.xml
[2026-03-12] 频道: 556 | 数据源: https://epg.136605.xyz/9days.xml
[2026-03-13] 频道: 556 | 数据源: https://epg.136605.xyz/9days.xml
[2026-03-14] 频道: 556 | 数据源: https://epg.136605.xyz/9days.xml
[2026-03-15] 频道: 556 | 数据源: https://epg.136605.xyz/9days.xml
[2026-03-16] 频道: 556 | 数据源: https://epg.136605.xyz/9days.xml
[2026-03-17] 频道: 556 | 数据源: https://github.com/litiande03/epg/raw/refs/heads/master/pl.xml.gz
[2026-03-08] 频道: 557 | 数据源: https://epg.136605.xyz/9days.xml
[2026-03-09] 频道: 557 | 数据源: https://epg.136605.xyz/9days.xml
[2026-03-10] 频道: 557 | 数据源: https://epg.136605.xyz/9days.xml
[2026-03-11] 频道: 557 | 数据源: https://epg.136605.xyz/9days.xml
[2026-03-12] 频道: 557 | 数据源: https://epg.136605.xyz/9days.xml
[2026-03-13] 频道: 557 | 数据源: https://epg.136605.xyz/9days.xml
[2026-03-14] 频道: 557 | 数据源: https://epg.136605.xyz/9days.xml
[2026-03-15] 频道: 557 | 数据源: https://epg.136605.xyz/9days.xml
[2026-03-16] 频道: 557 | 数据源: https://epg.136605.xyz/9days.xml
[2026-03-17] 频道: 557 | 数据源: https://github.com/litiande03/epg/raw/refs/heads/master/pl.xml.gz
[2026-03-08] 频道: 558 | 数据源: http://e.erw.cc/all.xml.gz
[2026-03-09] 频道: 558 | 数据源: http://e.erw.cc/all.xml.gz
[2026-03-10] 频道: 558 | 数据源: http://e.erw.cc/all.xml.gz
[2026-03-11] 频道: 558 | 数据源: http://e.erw.cc/all.xml.gz
[2026-03-12] 频道: 558 | 数据源: http://e.erw.cc/all.xml.gz
[2026-03-13] 频道: 558 | 数据源: http://e.erw.cc/all.xml.gz
[2026-03-14] 频道: 558 | 数据源: http://e.erw.cc/all.xml.gz
[2026-03-08] 频道: 559 | 数据源: https://epg.136605.xyz/9days.xml
[2026-03-09] 频道: 559 | 数据源: https://epg.136605.xyz/9days.xml
[2026-03-10] 频道: 559 | 数据源: https://epg.136605.xyz/9days.xml
[2026-03-11] 频道: 559 | 数据源: https://epg.136605.xyz/9days.xml
[2026-03-12] 频道: 559 | 数据源: https://epg.136605.xyz/9days.xml
[2026-03-13] 频道: 559 | 数据源: https://epg.136605.xyz/9days.xml
[2026-03-14] 频道: 559 | 数据源: https://epg.136605.xyz/9days.xml
[2026-03-15] 频道: 559 | 数据源: https://epg.136605.xyz/9days.xml
[2026-03-16] 频道: 559 | 数据源: https://epg.136605.xyz/9days.xml
[2026-03-17] 频道: 559 | 数据源: https://github.com/litiande03/epg/raw/refs/heads/master/pl.xml.gz
[2026-03-08] 频道: 560 | 数据源: http://e.erw.cc/all.xml.gz
[2026-03-09] 频道: 560 | 数据源: http://e.erw.cc/all.xml.gz
[2026-03-10] 频道: 560 | 数据源: http://e.erw.cc/all.xml.gz
[2026-03-11] 频道: 560 | 数据源: http://e.erw.cc/all.xml.gz
[2026-03-12] 频道: 560 | 数据源: http://e.erw.cc/all.xml.gz
[2026-03-13] 频道: 560 | 数据源: http://e.erw.cc/all.xml.gz
[2026-03-14] 频道: 560 | 数据源: http://e.erw.cc/all.xml.gz
[2026-03-08] 频道: 561 | 数据源: http://e.erw.cc/all.xml.gz
[2026-03-09] 频道: 561 | 数据源: http://e.erw.cc/all.xml.gz
[2026-03-10] 频道: 561 | 数据源: http://e.erw.cc/all.xml.gz
[2026-03-11] 频道: 561 | 数据源: http://e.erw.cc/all.xml.gz
[2026-03-12] 频道: 561 | 数据源: http://e.erw.cc/all.xml.gz
[2026-03-13] 频道: 561 | 数据源: http://e.erw.cc/all.xml.gz
[2026-03-14] 频道: 561 | 数据源: http://e.erw.cc/all.xml.gz
[2026-03-08] 频道: 562 | 数据源: http://e.erw.cc/all.xml.gz
[2026-03-09] 频道: 562 | 数据源: http://e.erw.cc/all.xml.gz
[2026-03-10] 频道: 562 | 数据源: http://e.erw.cc/all.xml.gz
[2026-03-11] 频道: 562 | 数据源: http://e.erw.cc/all.xml.gz
[2026-03-12] 频道: 562 | 数据源: http://e.erw.cc/all.xml.gz
[2026-03-13] 频道: 562 | 数据源: http://e.erw.cc/all.xml.gz
[2026-03-14] 频道: 562 | 数据源: http://e.erw.cc/all.xml.gz
[2026-03-08] 频道: 563 | 数据源: http://e.erw.cc/all.xml.gz
[2026-03-09] 频道: 563 | 数据源: http://e.erw.cc/all.xml.gz
[2026-03-10] 频道: 563 | 数据源: http://e.erw.cc/all.xml.gz
[2026-03-11] 频道: 563 | 数据源: http://e.erw.cc/all.xml.gz
[2026-03-12] 频道: 563 | 数据源: http://e.erw.cc/all.xml.gz
[2026-03-13] 频道: 563 | 数据源: http://e.erw.cc/all.xml.gz
[2026-03-14] 频道: 563 | 数据源: http://e.erw.cc/all.xml.gz
[2026-03-08] 频道: 564 | 数据源: http://e.erw.cc/all.xml.gz
[2026-03-09] 频道: 564 | 数据源: http://e.erw.cc/all.xml.gz
[2026-03-10] 频道: 564 | 数据源: http://e.erw.cc/all.xml.gz
[2026-03-11] 频道: 564 | 数据源: http://e.erw.cc/all.xml.gz
[2026-03-12] 频道: 564 | 数据源: http://e.erw.cc/all.xml.gz
[2026-03-13] 频道: 564 | 数据源: http://e.erw.cc/all.xml.gz
[2026-03-14] 频道: 564 | 数据源: http://e.erw.cc/all.xml.gz
[2026-03-08] 频道: 565 | 数据源: https://github.com/litiande03/epg/raw/refs/heads/master/pl.xml.gz
[2026-03-09] 频道: 565 | 数据源: https://github.com/litiande03/epg/raw/refs/heads/master/pl.xml.gz
[2026-03-10] 频道: 565 | 数据源: https://github.com/litiande03/epg/raw/refs/heads/master/pl.xml.gz
[2026-03-11] 频道: 565 | 数据源: https://github.com/litiande03/epg/raw/refs/heads/master/pl.xml.gz
[2026-03-12] 频道: 565 | 数据源: https://github.com/litiande03/epg/raw/refs/heads/master/pl.xml.gz
[2026-03-13] 频道: 565 | 数据源: https://github.com/litiande03/epg/raw/refs/heads/master/pl.xml.gz
[2026-03-14] 频道: 565 | 数据源: https://github.com/litiande03/epg/raw/refs/heads/master/pl.xml.gz
[2026-03-15] 频道: 565 | 数据源: https://github.com/litiande03/epg/raw/refs/heads/master/pl.xml.gz
[2026-03-16] 频道: 565 | 数据源: https://github.com/litiande03/epg/raw/refs/heads/master/pl.xml.gz
[2026-03-17] 频道: 565 | 数据源: https://github.com/litiande03/epg/raw/refs/heads/master/pl.xml.gz
[2026-03-08] 频道: 566 | 数据源: http://e.erw.cc/all.xml.gz
[2026-03-09] 频道: 566 | 数据源: http://e.erw.cc/all.xml.gz
[2026-03-10] 频道: 566 | 数据源: http://e.erw.cc/all.xml.gz
[2026-03-11] 频道: 566 | 数据源: http://e.erw.cc/all.xml.gz
[2026-03-12] 频道: 566 | 数据源: http://e.erw.cc/all.xml.gz
[2026-03-13] 频道: 566 | 数据源: http://e.erw.cc/all.xml.gz
[2026-03-14] 频道: 566 | 数据源: http://e.erw.cc/all.xml.gz
[2026-03-15] 频道: 566 | 数据源: http://epg.51zmt.top:8000/e1.xml.gz
[2026-03-08] 频道: 567 | 数据源: http://e.erw.cc/all.xml.gz
[2026-03-09] 频道: 567 | 数据源: http://e.erw.cc/all.xml.gz
[2026-03-10] 频道: 567 | 数据源: http://e.erw.cc/all.xml.gz
[2026-03-11] 频道: 567 | 数据源: http://e.erw.cc/all.xml.gz
[2026-03-12] 频道: 567 | 数据源: http://e.erw.cc/all.xml.gz
[2026-03-13] 频道: 567 | 数据源: http://e.erw.cc/all.xml.gz
[2026-03-14] 频道: 567 | 数据源: http://e.erw.cc/all.xml.gz
[2026-03-15] 频道: 567 | 数据源: http://epg.51zmt.top:8000/e1.xml.gz
[2026-03-08] 频道: 568 | 数据源: http://e.erw.cc/all.xml.gz
[2026-03-09] 频道: 568 | 数据源: http://e.erw.cc/all.xml.gz
[2026-03-10] 频道: 568 | 数据源: http://e.erw.cc/all.xml.gz
[2026-03-11] 频道: 568 | 数据源: http://e.erw.cc/all.xml.gz
[2026-03-12] 频道: 568 | 数据源: https://github.com/litiande03/epg/raw/refs/heads/master/pl.xml.gz
[2026-03-13] 频道: 568 | 数据源: https://github.com/litiande03/epg/raw/refs/heads/master/pl.xml.gz
[2026-03-14] 频道: 568 | 数据源: https://github.com/litiande03/epg/raw/refs/heads/master/pl.xml.gz
[2026-03-15] 频道: 568 | 数据源: https://github.com/litiande03/epg/raw/refs/heads/master/pl.xml.gz
[2026-03-16] 频道: 568 | 数据源: https://github.com/litiande03/epg/raw/refs/heads/master/pl.xml.gz
[2026-03-08] 频道: 569 | 数据源: http://e.erw.cc/all.xml.gz
[2026-03-09] 频道: 569 | 数据源: http://e.erw.cc/all.xml.gz
[2026-03-10] 频道: 569 | 数据源: http://e.erw.cc/all.xml.gz
[2026-03-11] 频道: 569 | 数据源: http://e.erw.cc/all.xml.gz
[2026-03-12] 频道: 569 | 数据源: http://e.erw.cc/all.xml.gz
[2026-03-13] 频道: 569 | 数据源: http://e.erw.cc/all.xml.gz
[2026-03-14] 频道: 569 | 数据源: http://e.erw.cc/all.xml.gz
[2026-03-15] 频道: 569 | 数据源: https://github.com/litiande03/epg/raw/refs/heads/master/pl.xml.gz
[2026-03-16] 频道: 569 | 数据源: https://github.com/litiande03/epg/raw/refs/heads/master/pl.xml.gz
[2026-03-08] 频道: 571 | 数据源: http://e.erw.cc/all.xml.gz
[2026-03-09] 频道: 571 | 数据源: http://e.erw.cc/all.xml.gz
[2026-03-10] 频道: 571 | 数据源: http://e.erw.cc/all.xml.gz
[2026-03-11] 频道: 571 | 数据源: http://e.erw.cc/all.xml.gz
[2026-03-12] 频道: 571 | 数据源: http://e.erw.cc/all.xml.gz
[2026-03-13] 频道: 571 | 数据源: http://e.erw.cc/all.xml.gz
[2026-03-14] 频道: 571 | 数据源: http://e.erw.cc/all.xml.gz
[2026-03-08] 频道: 572 | 数据源: http://e.erw.cc/all.xml.gz
[2026-03-09] 频道: 572 | 数据源: http://e.erw.cc/all.xml.gz
[2026-03-10] 频道: 572 | 数据源: http://e.erw.cc/all.xml.gz
[2026-03-11] 频道: 572 | 数据源: http://e.erw.cc/all.xml.gz
[2026-03-12] 频道: 572 | 数据源: http://e.erw.cc/all.xml.gz
[2026-03-13] 频道: 572 | 数据源: http://e.erw.cc/all.xml.gz
[2026-03-14] 频道: 572 | 数据源: http://e.erw.cc/all.xml.gz
[2026-03-08] 频道: 573 | 数据源: http://e.erw.cc/all.xml.gz
[2026-03-09] 频道: 573 | 数据源: http://e.erw.cc/all.xml.gz
[2026-03-10] 频道: 573 | 数据源: http://e.erw.cc/all.xml.gz
[2026-03-11] 频道: 573 | 数据源: http://e.erw.cc/all.xml.gz
[2026-03-12] 频道: 573 | 数据源: http://e.erw.cc/all.xml.gz
[2026-03-13] 频道: 573 | 数据源: http://e.erw.cc/all.xml.gz
[2026-03-14] 频道: 573 | 数据源: http://e.erw.cc/all.xml.gz
[2026-03-15] 频道: 573 | 数据源: https://github.com/litiande03/epg/raw/refs/heads/master/pl.xml.gz
[2026-03-08] 频道: 574 | 数据源: http://e.erw.cc/all.xml.gz
[2026-03-09] 频道: 574 | 数据源: http://e.erw.cc/all.xml.gz
[2026-03-10] 频道: 574 | 数据源: http://e.erw.cc/all.xml.gz
[2026-03-11] 频道: 574 | 数据源: http://e.erw.cc/all.xml.gz
[2026-03-12] 频道: 574 | 数据源: http://e.erw.cc/all.xml.gz
[2026-03-13] 频道: 574 | 数据源: http://e.erw.cc/all.xml.gz
[2026-03-14] 频道: 574 | 数据源: http://e.erw.cc/all.xml.gz
[2026-03-15] 频道: 574 | 数据源: https://github.com/litiande03/epg/raw/refs/heads/master/pl.xml.gz
[2026-03-08] 频道: 575 | 数据源: http://e.erw.cc/all.xml.gz
[2026-03-09] 频道: 575 | 数据源: http://e.erw.cc/all.xml.gz
[2026-03-10] 频道: 575 | 数据源: http://e.erw.cc/all.xml.gz
[2026-03-11] 频道: 575 | 数据源: http://e.erw.cc/all.xml.gz
[2026-03-12] 频道: 575 | 数据源: http://e.erw.cc/all.xml.gz
[2026-03-13] 频道: 575 | 数据源: http://e.erw.cc/all.xml.gz
[2026-03-14] 频道: 575 | 数据源: http://e.erw.cc/all.xml.gz
[2026-03-08] 频道: 576 | 数据源: http://e.erw.cc/all.xml.gz
[2026-03-09] 频道: 576 | 数据源: http://e.erw.cc/all.xml.gz
[2026-03-10] 频道: 576 | 数据源: http://e.erw.cc/all.xml.gz
[2026-03-11] 频道: 576 | 数据源: http://e.erw.cc/all.xml.gz
[2026-03-12] 频道: 576 | 数据源: http://e.erw.cc/all.xml.gz
[2026-03-13] 频道: 576 | 数据源: http://e.erw.cc/all.xml.gz
[2026-03-14] 频道: 576 | 数据源: http://e.erw.cc/all.xml.gz
[2026-03-08] 频道: 577 | 数据源: http://e.erw.cc/all.xml.gz
[2026-03-09] 频道: 577 | 数据源: http://e.erw.cc/all.xml.gz
[2026-03-10] 频道: 577 | 数据源: http://e.erw.cc/all.xml.gz
[2026-03-11] 频道: 577 | 数据源: http://e.erw.cc/all.xml.gz
[2026-03-12] 频道: 577 | 数据源: http://e.erw.cc/all.xml.gz
[2026-03-13] 频道: 577 | 数据源: http://e.erw.cc/all.xml.gz
[2026-03-14] 频道: 577 | 数据源: http://e.erw.cc/all.xml.gz
[2026-03-08] 频道: 578 | 数据源: http://e.erw.cc/all.xml.gz
[2026-03-09] 频道: 578 | 数据源: http://e.erw.cc/all.xml.gz
[2026-03-10] 频道: 578 | 数据源: http://e.erw.cc/all.xml.gz
[2026-03-11] 频道: 578 | 数据源: http://e.erw.cc/all.xml.gz
[2026-03-12] 频道: 578 | 数据源: http://e.erw.cc/all.xml.gz
[2026-03-13] 频道: 578 | 数据源: http://e.erw.cc/all.xml.gz
[2026-03-14] 频道: 578 | 数据源: http://e.erw.cc/all.xml.gz
[2026-03-08] 频道: 579 | 数据源: http://e.erw.cc/all.xml.gz
[2026-03-09] 频道: 579 | 数据源: http://e.erw.cc/all.xml.gz
[2026-03-10] 频道: 579 | 数据源: http://e.erw.cc/all.xml.gz
[2026-03-11] 频道: 579 | 数据源: http://e.erw.cc/all.xml.gz
[2026-03-12] 频道: 579 | 数据源: http://e.erw.cc/all.xml.gz
[2026-03-13] 频道: 579 | 数据源: http://e.erw.cc/all.xml.gz
[2026-03-14] 频道: 579 | 数据源: http://e.erw.cc/all.xml.gz
[2026-03-08] 频道: 580 | 数据源: http://e.erw.cc/all.xml.gz
[2026-03-09] 频道: 580 | 数据源: http://e.erw.cc/all.xml.gz
[2026-03-10] 频道: 580 | 数据源: http://e.erw.cc/all.xml.gz
[2026-03-11] 频道: 580 | 数据源: http://e.erw.cc/all.xml.gz
[2026-03-12] 频道: 580 | 数据源: http://e.erw.cc/all.xml.gz
[2026-03-13] 频道: 580 | 数据源: http://e.erw.cc/all.xml.gz
[2026-03-14] 频道: 580 | 数据源: http://e.erw.cc/all.xml.gz
[2026-03-08] 频道: 582 | 数据源: http://e.erw.cc/all.xml.gz
[2026-03-09] 频道: 582 | 数据源: http://e.erw.cc/all.xml.gz
[2026-03-10] 频道: 582 | 数据源: http://e.erw.cc/all.xml.gz
[2026-03-11] 频道: 582 | 数据源: http://e.erw.cc/all.xml.gz
[2026-03-12] 频道: 582 | 数据源: http://e.erw.cc/all.xml.gz
[2026-03-13] 频道: 582 | 数据源: http://e.erw.cc/all.xml.gz
[2026-03-14] 频道: 582 | 数据源: http://e.erw.cc/all.xml.gz
[2026-03-08] 频道: 583 | 数据源: http://e.erw.cc/all.xml.gz
[2026-03-09] 频道: 583 | 数据源: http://e.erw.cc/all.xml.gz
[2026-03-10] 频道: 583 | 数据源: http://e.erw.cc/all.xml.gz
[2026-03-11] 频道: 583 | 数据源: http://e.erw.cc/all.xml.gz
[2026-03-12] 频道: 583 | 数据源: http://e.erw.cc/all.xml.gz
[2026-03-13] 频道: 583 | 数据源: http://e.erw.cc/all.xml.gz
[2026-03-14] 频道: 583 | 数据源: http://e.erw.cc/all.xml.gz
[2026-03-08] 频道: 584 | 数据源: http://e.erw.cc/all.xml.gz
[2026-03-09] 频道: 584 | 数据源: http://e.erw.cc/all.xml.gz
[2026-03-10] 频道: 584 | 数据源: http://e.erw.cc/all.xml.gz
[2026-03-11] 频道: 584 | 数据源: http://e.erw.cc/all.xml.gz
[2026-03-12] 频道: 584 | 数据源: http://e.erw.cc/all.xml.gz
[2026-03-13] 频道: 584 | 数据源: http://e.erw.cc/all.xml.gz
[2026-03-14] 频道: 584 | 数据源: http://e.erw.cc/all.xml.gz
[2026-03-08] 频道: 9999 | 数据源: http://e.erw.cc/all.xml.gz
[2026-03-09] 频道: 9999 | 数据源: http://e.erw.cc/all.xml.gz
[2026-03-10] 频道: 9999 | 数据源: http://e.erw.cc/all.xml.gz
[2026-03-11] 频道: 9999 | 数据源: http://e.erw.cc/all.xml.gz
[2026-03-12] 频道: 9999 | 数据源: http://e.erw.cc/all.xml.gz
[2026-03-13] 频道: 9999 | 数据源: http://e.erw.cc/all.xml.gz
[2026-03-14] 频道: 9999 | 数据源: http://e.erw.cc/all.xml.gz
[2026-03-15] 频道: 9999 | 数据源: http://epg.51zmt.top:8000/e1.xml.gz
[2026-03-07] 频道: 37 | 数据源: https://github.com/zzzz0317/beijing-unicom-iptv-playlist/raw/refs/heads/main/epg.xml
[2026-03-08] 频道: 37 | 数据源: https://github.com/zzzz0317/beijing-unicom-iptv-playlist/raw/refs/heads/main/epg.xml
[2026-03-09] 频道: 37 | 数据源: https://github.com/zzzz0317/beijing-unicom-iptv-playlist/raw/refs/heads/main/epg.xml
[2026-03-10] 频道: 37 | 数据源: https://github.com/zzzz0317/beijing-unicom-iptv-playlist/raw/refs/heads/main/epg.xml
[2026-03-11] 频道: 37 | 数据源: https://github.com/plsy1/epg/raw/refs/heads/main/e/seven-days.xml.gz
[2026-03-12] 频道: 37 | 数据源: https://github.com/zzzz0317/beijing-unicom-iptv-playlist/raw/refs/heads/main/epg.xml
[2026-03-13] 频道: 37 | 数据源: https://github.com/plsy1/epg/raw/refs/heads/main/e/seven-days.xml.gz
[2026-03-14] 频道: 37 | 数据源: https://github.com/zzzz0317/beijing-unicom-iptv-playlist/raw/refs/heads/main/epg.xml
[2026-03-15] 频道: 37 | 数据源: http://epg.51zmt.top:8000/e1.xml.gz
[2026-03-16] 频道: 37 | 数据源: https://github.com/zzzz0317/beijing-unicom-iptv-playlist/raw/refs/heads/main/epg.xml
[2026-03-17] 频道: 37 | 数据源: https://github.com/zzzz0317/beijing-unicom-iptv-playlist/raw/refs/heads/main/epg.xml
[2026-03-18] 频道: 37 | 数据源: https://github.com/zzzz0317/beijing-unicom-iptv-playlist/raw/refs/heads/main/epg.xml
[2026-03-19] 频道: 37 | 数据源: https://github.com/zzzz0317/beijing-unicom-iptv-playlist/raw/refs/heads/main/epg.xml
[2026-03-20] 频道: 37 | 数据源: https://github.com/zzzz0317/beijing-unicom-iptv-playlist/raw/refs/heads/main/epg.xml
[2026-03-21] 频道: 37 | 数据源: https://github.com/zzzz0317/beijing-unicom-iptv-playlist/raw/refs/heads/main/epg.xml
[2026-03-07] 频道: 65 | 数据源: https://github.com/zzzz0317/beijing-unicom-iptv-playlist/raw/refs/heads/main/epg.xml
[2026-03-08] 频道: 65 | 数据源: https://github.com/zzzz0317/beijing-unicom-iptv-playlist/raw/refs/heads/main/epg.xml
[2026-03-09] 频道: 65 | 数据源: https://github.com/zzzz0317/beijing-unicom-iptv-playlist/raw/refs/heads/main/epg.xml
[2026-03-10] 频道: 65 | 数据源: https://github.com/zzzz0317/beijing-unicom-iptv-playlist/raw/refs/heads/main/epg.xml
[2026-03-11] 频道: 65 | 数据源: https://github.com/zzzz0317/beijing-unicom-iptv-playlist/raw/refs/heads/main/epg.xml
[2026-03-12] 频道: 65 | 数据源: https://github.com/zzzz0317/beijing-unicom-iptv-playlist/raw/refs/heads/main/epg.xml
[2026-03-13] 频道: 65 | 数据源: https://github.com/zzzz0317/beijing-unicom-iptv-playlist/raw/refs/heads/main/epg.xml
[2026-03-14] 频道: 65 | 数据源: https://github.com/zzzz0317/beijing-unicom-iptv-playlist/raw/refs/heads/main/epg.xml
[2026-03-15] 频道: 65 | 数据源: https://github.com/zzzz0317/beijing-unicom-iptv-playlist/raw/refs/heads/main/epg.xml
[2026-03-16] 频道: 65 | 数据源: https://github.com/zzzz0317/beijing-unicom-iptv-playlist/raw/refs/heads/main/epg.xml
[2026-03-17] 频道: 65 | 数据源: https://github.com/zzzz0317/beijing-unicom-iptv-playlist/raw/refs/heads/main/epg.xml
[2026-03-06] 频道: 67 | 数据源: https://github.com/plsy1/epg/raw/refs/heads/main/e/seven-days.xml.gz
[2026-03-07] 频道: 67 | 数据源: https://github.com/zzzz0317/beijing-unicom-iptv-playlist/raw/refs/heads/main/epg.xml
[2026-03-08] 频道: 67 | 数据源: https://github.com/zzzz0317/beijing-unicom-iptv-playlist/raw/refs/heads/main/epg.xml
[2026-03-09] 频道: 67 | 数据源: https://github.com/zzzz0317/beijing-unicom-iptv-playlist/raw/refs/heads/main/epg.xml
[2026-03-10] 频道: 67 | 数据源: https://github.com/zzzz0317/beijing-unicom-iptv-playlist/raw/refs/heads/main/epg.xml
[2026-03-11] 频道: 67 | 数据源: https://github.com/zzzz0317/beijing-unicom-iptv-playlist/raw/refs/heads/main/epg.xml
[2026-03-12] 频道: 67 | 数据源: https://github.com/zzzz0317/beijing-unicom-iptv-playlist/raw/refs/heads/main/epg.xml
[2026-03-13] 频道: 67 | 数据源: https://github.com/zzzz0317/beijing-unicom-iptv-playlist/raw/refs/heads/main/epg.xml
[2026-03-14] 频道: 67 | 数据源: http://epg.51zmt.top:8000/e1.xml.gz
[2026-03-15] 频道: 67 | 数据源: http://epg.51zmt.top:8000/e1.xml.gz
[2026-03-16] 频道: 67 | 数据源: https://github.com/litiande03/epg/raw/refs/heads/master/pl.xml.gz
[2026-03-17] 频道: 67 | 数据源: https://github.com/zzzz0317/beijing-unicom-iptv-playlist/raw/refs/heads/main/epg.xml
[2026-03-18] 频道: 67 | 数据源: https://github.com/zzzz0317/beijing-unicom-iptv-playlist/raw/refs/heads/main/epg.xml
[2026-03-19] 频道: 67 | 数据源: https://github.com/zzzz0317/beijing-unicom-iptv-playlist/raw/refs/heads/main/epg.xml
[2026-03-20] 频道: 67 | 数据源: https://github.com/zzzz0317/beijing-unicom-iptv-playlist/raw/refs/heads/main/epg.xml
[2026-03-21] 频道: 67 | 数据源: https://github.com/zzzz0317/beijing-unicom-iptv-playlist/raw/refs/heads/main/epg.xml
[2026-03-07] 频道: 73 | 数据源: https://github.com/plsy1/epg/raw/refs/heads/main/e/seven-days.xml.gz
[2026-03-08] 频道: 73 | 数据源: https://epg.136605.xyz/9days.xml
[2026-03-09] 频道: 73 | 数据源: https://epg.136605.xyz/9days.xml
[2026-03-10] 频道: 73 | 数据源: https://epg.136605.xyz/9days.xml
[2026-03-11] 频道: 73 | 数据源: https://epg.136605.xyz/9days.xml
[2026-03-12] 频道: 73 | 数据源: https://epg.136605.xyz/9days.xml
[2026-03-13] 频道: 73 | 数据源: https://epg.136605.xyz/9days.xml
[2026-03-14] 频道: 73 | 数据源: http://epg.51zmt.top:8000/e1.xml.gz
[2026-03-15] 频道: 73 | 数据源: http://epg.51zmt.top:8000/e1.xml.gz
[2026-03-16] 频道: 73 | 数据源: https://epg.136605.xyz/9days.xml
[2026-03-17] 频道: 73 | 数据源: https://github.com/zzzz0317/beijing-unicom-iptv-playlist/raw/refs/heads/main/epg.xml
[2026-03-07] 频道: 74 | 数据源: https://github.com/zzzz0317/beijing-unicom-iptv-playlist/raw/refs/heads/main/epg.xml
[2026-03-08] 频道: 74 | 数据源: https://github.com/zzzz0317/beijing-unicom-iptv-playlist/raw/refs/heads/main/epg.xml
[2026-03-09] 频道: 74 | 数据源: https://github.com/zzzz0317/beijing-unicom-iptv-playlist/raw/refs/heads/main/epg.xml
[2026-03-10] 频道: 74 | 数据源: https://github.com/zzzz0317/beijing-unicom-iptv-playlist/raw/refs/heads/main/epg.xml
[2026-03-11] 频道: 74 | 数据源: https://github.com/zzzz0317/beijing-unicom-iptv-playlist/raw/refs/heads/main/epg.xml
[2026-03-12] 频道: 74 | 数据源: https://github.com/zzzz0317/beijing-unicom-iptv-playlist/raw/refs/heads/main/epg.xml
[2026-03-13] 频道: 74 | 数据源: https://github.com/zzzz0317/beijing-unicom-iptv-playlist/raw/refs/heads/main/epg.xml
[2026-03-14] 频道: 74 | 数据源: https://github.com/zzzz0317/beijing-unicom-iptv-playlist/raw/refs/heads/main/epg.xml
[2026-03-15] 频道: 74 | 数据源: https://epg.136605.xyz/9days.xml
[2026-03-16] 频道: 74 | 数据源: https://epg.136605.xyz/9days.xml
[2026-03-17] 频道: 74 | 数据源: https://github.com/zzzz0317/beijing-unicom-iptv-playlist/raw/refs/heads/main/epg.xml
[2026-03-06] 频道: 75 | 数据源: https://github.com/plsy1/epg/raw/refs/heads/main/e/seven-days.xml.gz
[2026-03-07] 频道: 75 | 数据源: https://github.com/plsy1/epg/raw/refs/heads/main/e/seven-days.xml.gz
[2026-03-08] 频道: 75 | 数据源: https://epg.136605.xyz/9days.xml
[2026-03-09] 频道: 75 | 数据源: https://epg.136605.xyz/9days.xml
[2026-03-10] 频道: 75 | 数据源: https://epg.136605.xyz/9days.xml
[2026-03-11] 频道: 75 | 数据源: https://epg.136605.xyz/9days.xml
[2026-03-12] 频道: 75 | 数据源: https://epg.136605.xyz/9days.xml
[2026-03-13] 频道: 75 | 数据源: https://epg.136605.xyz/9days.xml
[2026-03-14] 频道: 75 | 数据源: https://epg.136605.xyz/9days.xml
[2026-03-15] 频道: 75 | 数据源: https://epg.136605.xyz/9days.xml
[2026-03-16] 频道: 75 | 数据源: https://epg.136605.xyz/9days.xml
[2026-03-17] 频道: 75 | 数据源: https://epg.136605.xyz/9days.xml
[2026-03-14] 频道: 657 | 数据源: http://epg.51zmt.top:8000/e1.xml.gz
[2026-03-15] 频道: 657 | 数据源: http://epg.51zmt.top:8000/e1.xml.gz
[2026-03-14] 频道: 658 | 数据源: http://epg.51zmt.top:8000/e1.xml.gz
[2026-03-15] 频道: 658 | 数据源: http://epg.51zmt.top:8000/e1.xml.gz
[2026-03-14] 频道: 659 | 数据源: http://epg.51zmt.top:8000/e1.xml.gz
[2026-03-15] 频道: 659 | 数据源: http://epg.51zmt.top:8000/e1.xml.gz
[2026-03-14] 频道: 661 | 数据源: http://epg.51zmt.top:8000/e1.xml.gz
[2026-03-15] 频道: 661 | 数据源: http://epg.51zmt.top:8000/e1.xml.gz
[2026-03-14] 频道: 729 | 数据源: http://epg.51zmt.top:8000/e1.xml.gz
[2026-03-15] 频道: 729 | 数据源: http://epg.51zmt.top:8000/e1.xml.gz
[2026-03-14] 频道: 833 | 数据源: http://epg.51zmt.top:8000/e1.xml.gz
[2026-03-15] 频道: 833 | 数据源: http://epg.51zmt.top:8000/e1.xml.gz
[2026-03-14] 频道: 838 | 数据源: http://epg.51zmt.top:8000/e1.xml.gz
[2026-03-15] 频道: 838 | 数据源: http://epg.51zmt.top:8000/e1.xml.gz
[2026-03-14] 频道: 892 | 数据源: http://epg.51zmt.top:8000/e1.xml.gz
[2026-03-15] 频道: 892 | 数据源: http://epg.51zmt.top:8000/e1.xml.gz
[2026-03-14] 频道: 936 | 数据源: http://epg.51zmt.top:8000/e1.xml.gz
[2026-03-15] 频道: 936 | 数据源: http://epg.51zmt.top:8000/e1.xml.gz
[2026-03-08] 频道: 1084 | 数据源: https://epg.136605.xyz/9days.xml
[2026-03-09] 频道: 1084 | 数据源: https://epg.136605.xyz/9days.xml
[2026-03-10] 频道: 1084 | 数据源: https://epg.136605.xyz/9days.xml
[2026-03-11] 频道: 1084 | 数据源: https://epg.136605.xyz/9days.xml
[2026-03-12] 频道: 1084 | 数据源: https://epg.136605.xyz/9days.xml
[2026-03-13] 频道: 1084 | 数据源: https://epg.136605.xyz/9days.xml
[2026-03-14] 频道: 1084 | 数据源: https://epg.136605.xyz/9days.xml
[2026-03-15] 频道: 1084 | 数据源: https://epg.136605.xyz/9days.xml
[2026-03-16] 频道: 1084 | 数据源: https://epg.136605.xyz/9days.xml
[2026-03-17] 频道: 1084 | 数据源: https://epg.136605.xyz/9days.xml
[2026-03-08] 频道: 1085 | 数据源: https://epg.136605.xyz/9days.xml
[2026-03-09] 频道: 1085 | 数据源: https://epg.136605.xyz/9days.xml
[2026-03-10] 频道: 1085 | 数据源: https://epg.136605.xyz/9days.xml
[2026-03-11] 频道: 1085 | 数据源: https://epg.136605.xyz/9days.xml
[2026-03-12] 频道: 1085 | 数据源: https://epg.136605.xyz/9days.xml
[2026-03-13] 频道: 1085 | 数据源: https://epg.136605.xyz/9days.xml
[2026-03-14] 频道: 1085 | 数据源: https://epg.136605.xyz/9days.xml
[2026-03-15] 频道: 1085 | 数据源: https://epg.136605.xyz/9days.xml
[2026-03-16] 频道: 1085 | 数据源: https://epg.136605.xyz/9days.xml
[2026-03-17] 频道: 1085 | 数据源: https://epg.136605.xyz/9days.xml
[2026-03-08] 频道: 1128 | 数据源: https://epg.136605.xyz/9days.xml
[2026-03-09] 频道: 1128 | 数据源: https://epg.136605.xyz/9days.xml
[2026-03-10] 频道: 1128 | 数据源: https://epg.136605.xyz/9days.xml
[2026-03-11] 频道: 1128 | 数据源: https://epg.136605.xyz/9days.xml
[2026-03-12] 频道: 1128 | 数据源: https://epg.136605.xyz/9days.xml
[2026-03-13] 频道: 1128 | 数据源: https://epg.136605.xyz/9days.xml
[2026-03-14] 频道: 1128 | 数据源: https://epg.136605.xyz/9days.xml
[2026-03-15] 频道: 1128 | 数据源: https://epg.136605.xyz/9days.xml
[2026-03-16] 频道: 1128 | 数据源: https://epg.136605.xyz/9days.xml
[2026-03-14] 频道: 1138 | 数据源: http://epg.51zmt.top:8000/e1.xml.gz
[2026-03-15] 频道: 1138 | 数据源: http://epg.51zmt.top:8000/e1.xml.gz
[2026-03-08] 频道: 1153 | 数据源: https://epg.136605.xyz/9days.xml
[2026-03-09] 频道: 1153 | 数据源: https://epg.136605.xyz/9days.xml
[2026-03-10] 频道: 1153 | 数据源: https://epg.136605.xyz/9days.xml
[2026-03-11] 频道: 1153 | 数据源: https://epg.136605.xyz/9days.xml
[2026-03-12] 频道: 1153 | 数据源: https://epg.136605.xyz/9days.xml
[2026-03-13] 频道: 1153 | 数据源: https://epg.136605.xyz/9days.xml
[2026-03-14] 频道: 1153 | 数据源: https://epg.136605.xyz/9days.xml
[2026-03-15] 频道: 1153 | 数据源: https://epg.136605.xyz/9days.xml
[2026-03-16] 频道: 1153 | 数据源: https://epg.136605.xyz/9days.xml
[2026-03-08] 频道: 1155 | 数据源: https://epg.136605.xyz/9days.xml
[2026-03-09] 频道: 1155 | 数据源: https://epg.136605.xyz/9days.xml
[2026-03-10] 频道: 1155 | 数据源: https://epg.136605.xyz/9days.xml
[2026-03-11] 频道: 1155 | 数据源: https://epg.136605.xyz/9days.xml
[2026-03-12] 频道: 1155 | 数据源: https://epg.136605.xyz/9days.xml
[2026-03-13] 频道: 1155 | 数据源: https://epg.136605.xyz/9days.xml
[2026-03-14] 频道: 1155 | 数据源: https://epg.136605.xyz/9days.xml
[2026-03-15] 频道: 1155 | 数据源: https://epg.136605.xyz/9days.xml
[2026-03-16] 频道: 1155 | 数据源: https://epg.136605.xyz/9days.xml
[2026-03-17] 频道: 1155 | 数据源: https://epg.136605.xyz/9days.xml
[2026-03-14] 频道: 1173 | 数据源: http://epg.51zmt.top:8000/e1.xml.gz
[2026-03-15] 频道: 1173 | 数据源: http://epg.51zmt.top:8000/e1.xml.gz
[2026-03-14] 频道: 1174 | 数据源: http://epg.51zmt.top:8000/e1.xml.gz
[2026-03-15] 频道: 1174 | 数据源: http://epg.51zmt.top:8000/e1.xml.gz
[2026-03-14] 频道: 1176 | 数据源: http://epg.51zmt.top:8000/e1.xml.gz
[2026-03-15] 频道: 1176 | 数据源: http://epg.51zmt.top:8000/e1.xml.gz
[2026-03-14] 频道: 1177 | 数据源: http://epg.51zmt.top:8000/e1.xml.gz
[2026-03-15] 频道: 1177 | 数据源: http://epg.51zmt.top:8000/e1.xml.gz
[2026-03-14] 频道: 1178 | 数据源: http://epg.51zmt.top:8000/e1.xml.gz
[2026-03-15] 频道: 1178 | 数据源: http://epg.51zmt.top:8000/e1.xml.gz
[2026-03-14] 频道: 1179 | 数据源: http://epg.51zmt.top:8000/e1.xml.gz
[2026-03-15] 频道: 1179 | 数据源: http://epg.51zmt.top:8000/e1.xml.gz
[2026-03-14] 频道: 1181 | 数据源: http://epg.51zmt.top:8000/e1.xml.gz
[2026-03-15] 频道: 1181 | 数据源: http://epg.51zmt.top:8000/e1.xml.gz
[2026-03-14] 频道: 1185 | 数据源: http://epg.51zmt.top:8000/e1.xml.gz
[2026-03-15] 频道: 1185 | 数据源: http://epg.51zmt.top:8000/e1.xml.gz
[2026-03-14] 频道: 1186 | 数据源: http://epg.51zmt.top:8000/e1.xml.gz
[2026-03-15] 频道: 1186 | 数据源: http://epg.51zmt.top:8000/e1.xml.gz
[2026-03-14] 频道: 1187 | 数据源: http://epg.51zmt.top:8000/e1.xml.gz
[2026-03-15] 频道: 1187 | 数据源: http://epg.51zmt.top:8000/e1.xml.gz
[2026-03-14] 频道: 1188 | 数据源: http://epg.51zmt.top:8000/e1.xml.gz
[2026-03-15] 频道: 1188 | 数据源: http://epg.51zmt.top:8000/e1.xml.gz
[2026-03-14] 频道: 1189 | 数据源: http://epg.51zmt.top:8000/e1.xml.gz
[2026-03-15] 频道: 1189 | 数据源: http://epg.51zmt.top:8000/e1.xml.gz
[2026-03-08] 频道: 1190 | 数据源: https://epg.136605.xyz/9days.xml
[2026-03-09] 频道: 1190 | 数据源: https://epg.136605.xyz/9days.xml
[2026-03-10] 频道: 1190 | 数据源: https://epg.136605.xyz/9days.xml
[2026-03-11] 频道: 1190 | 数据源: https://epg.136605.xyz/9days.xml
[2026-03-12] 频道: 1190 | 数据源: https://epg.136605.xyz/9days.xml
[2026-03-13] 频道: 1190 | 数据源: https://epg.136605.xyz/9days.xml
[2026-03-14] 频道: 1190 | 数据源: https://epg.136605.xyz/9days.xml
[2026-03-15] 频道: 1190 | 数据源: https://epg.136605.xyz/9days.xml
[2026-03-16] 频道: 1190 | 数据源: https://epg.136605.xyz/9days.xml
[2026-03-14] 频道: 1274 | 数据源: http://epg.51zmt.top:8000/e1.xml.gz
[2026-03-15] 频道: 1274 | 数据源: http://epg.51zmt.top:8000/e1.xml.gz
[2026-03-14] 频道: 1276 | 数据源: http://epg.51zmt.top:8000/e1.xml.gz
[2026-03-15] 频道: 1276 | 数据源: http://epg.51zmt.top:8000/e1.xml.gz
[2026-03-08] 频道: 1284 | 数据源: https://epg.136605.xyz/9days.xml
[2026-03-09] 频道: 1284 | 数据源: https://epg.136605.xyz/9days.xml
[2026-03-10] 频道: 1284 | 数据源: https://epg.136605.xyz/9days.xml
[2026-03-11] 频道: 1284 | 数据源: https://epg.136605.xyz/9days.xml
[2026-03-12] 频道: 1284 | 数据源: https://epg.136605.xyz/9days.xml
[2026-03-13] 频道: 1284 | 数据源: https://epg.136605.xyz/9days.xml
[2026-03-14] 频道: 1284 | 数据源: https://epg.136605.xyz/9days.xml
[2026-03-15] 频道: 1284 | 数据源: https://epg.136605.xyz/9days.xml
[2026-03-16] 频道: 1284 | 数据源: https://epg.136605.xyz/9days.xml
[2026-03-14] 频道: 1287 | 数据源: http://epg.51zmt.top:8000/e1.xml.gz
[2026-03-15] 频道: 1287 | 数据源: http://epg.51zmt.top:8000/e1.xml.gz
[2026-03-08] 频道: 1293 | 数据源: https://epg.136605.xyz/9days.xml
[2026-03-09] 频道: 1293 | 数据源: https://epg.136605.xyz/9days.xml
[2026-03-10] 频道: 1293 | 数据源: https://epg.136605.xyz/9days.xml
[2026-03-11] 频道: 1293 | 数据源: https://epg.136605.xyz/9days.xml
[2026-03-12] 频道: 1293 | 数据源: https://epg.136605.xyz/9days.xml
[2026-03-13] 频道: 1293 | 数据源: https://epg.136605.xyz/9days.xml
[2026-03-14] 频道: 1293 | 数据源: https://epg.136605.xyz/9days.xml
[2026-03-15] 频道: 1293 | 数据源: https://epg.136605.xyz/9days.xml
[2026-03-16] 频道: 1293 | 数据源: https://epg.136605.xyz/9days.xml
[2026-03-14] 频道: 1353 | 数据源: http://epg.51zmt.top:8000/e1.xml.gz
[2026-03-15] 频道: 1353 | 数据源: http://epg.51zmt.top:8000/e1.xml.gz
[2026-03-14] 频道: 1354 | 数据源: http://epg.51zmt.top:8000/e1.xml.gz
[2026-03-15] 频道: 1354 | 数据源: http://epg.51zmt.top:8000/e1.xml.gz
[2026-03-14] 频道: 1355 | 数据源: http://epg.51zmt.top:8000/e1.xml.gz
[2026-03-15] 频道: 1355 | 数据源: http://epg.51zmt.top:8000/e1.xml.gz
[2026-03-14] 频道: 1356 | 数据源: http://epg.51zmt.top:8000/e1.xml.gz
[2026-03-15] 频道: 1356 | 数据源: http://epg.51zmt.top:8000/e1.xml.gz
[2026-03-14] 频道: 1358 | 数据源: http://epg.51zmt.top:8000/e1.xml.gz
[2026-03-15] 频道: 1358 | 数据源: http://epg.51zmt.top:8000/e1.xml.gz
[2026-03-14] 频道: 1359 | 数据源: http://epg.51zmt.top:8000/e1.xml.gz
[2026-03-15] 频道: 1359 | 数据源: http://epg.51zmt.top:8000/e1.xml.gz
[2026-03-14] 频道: 1361 | 数据源: http://epg.51zmt.top:8000/e1.xml.gz
[2026-03-15] 频道: 1361 | 数据源: http://epg.51zmt.top:8000/e1.xml.gz
[2026-03-14] 频道: 1363 | 数据源: http://epg.51zmt.top:8000/e1.xml.gz
[2026-03-15] 频道: 1363 | 数据源: http://epg.51zmt.top:8000/e1.xml.gz
[2026-03-14] 频道: 1364 | 数据源: http://epg.51zmt.top:8000/e1.xml.gz
[2026-03-15] 频道: 1364 | 数据源: http://epg.51zmt.top:8000/e1.xml.gz
[2026-03-14] 频道: 1365 | 数据源: http://epg.51zmt.top:8000/e1.xml.gz
[2026-03-15] 频道: 1365 | 数据源: http://epg.51zmt.top:8000/e1.xml.gz
[2026-03-14] 频道: 1366 | 数据源: http://epg.51zmt.top:8000/e1.xml.gz
[2026-03-15] 频道: 1366 | 数据源: http://epg.51zmt.top:8000/e1.xml.gz
[2026-03-14] 频道: 1367 | 数据源: http://epg.51zmt.top:8000/e1.xml.gz
[2026-03-15] 频道: 1367 | 数据源: http://epg.51zmt.top:8000/e1.xml.gz
[2026-03-14] 频道: 1368 | 数据源: http://epg.51zmt.top:8000/e1.xml.gz
[2026-03-15] 频道: 1368 | 数据源: http://epg.51zmt.top:8000/e1.xml.gz
[2026-03-14] 频道: 1427 | 数据源: http://epg.51zmt.top:8000/e1.xml.gz
[2026-03-15] 频道: 1427 | 数据源: http://epg.51zmt.top:8000/e1.xml.gz
[2026-03-14] 频道: 1431 | 数据源: http://epg.51zmt.top:8000/e1.xml.gz
[2026-03-15] 频道: 1431 | 数据源: http://epg.51zmt.top:8000/e1.xml.gz
[2026-03-14] 频道: 1639 | 数据源: http://epg.51zmt.top:8000/e1.xml.gz
[2026-03-15] 频道: 1639 | 数据源: http://epg.51zmt.top:8000/e1.xml.gz
[2026-03-14] 频道: 1642 | 数据源: http://epg.51zmt.top:8000/e1.xml.gz
[2026-03-15] 频道: 1642 | 数据源: http://epg.51zmt.top:8000/e1.xml.gz
[2026-03-14] 频道: 1644 | 数据源: http://epg.51zmt.top:8000/e1.xml.gz
[2026-03-15] 频道: 1644 | 数据源: http://epg.51zmt.top:8000/e1.xml.gz
[2026-03-14] 频道: 1645 | 数据源: http://epg.51zmt.top:8000/e1.xml.gz
[2026-03-15] 频道: 1645 | 数据源: http://epg.51zmt.top:8000/e1.xml.gz
[2026-03-14] 频道: 1658 | 数据源: http://epg.51zmt.top:8000/e1.xml.gz
[2026-03-15] 频道: 1658 | 数据源: http://epg.51zmt.top:8000/e1.xml.gz
[2026-03-14] 频道: 1671 | 数据源: http://epg.51zmt.top:8000/e1.xml.gz
[2026-03-15] 频道: 1671 | 数据源: http://epg.51zmt.top:8000/e1.xml.gz
[2026-03-14] 频道: 1685 | 数据源: http://epg.51zmt.top:8000/e1.xml.gz
[2026-03-15] 频道: 1685 | 数据源: http://epg.51zmt.top:8000/e1.xml.gz
[2026-03-14] 频道: 1712 | 数据源: http://epg.51zmt.top:8000/e1.xml.gz
[2026-03-15] 频道: 1712 | 数据源: http://epg.51zmt.top:8000/e1.xml.gz
[2026-03-14] 频道: 1759 | 数据源: http://epg.51zmt.top:8000/e1.xml.gz
[2026-03-15] 频道: 1759 | 数据源: http://epg.51zmt.top:8000/e1.xml.gz
[2026-03-14] 频道: 1857 | 数据源: http://epg.51zmt.top:8000/e1.xml.gz
[2026-03-15] 频道: 1857 | 数据源: http://epg.51zmt.top:8000/e1.xml.gz
[2026-03-14] 频道: 1860 | 数据源: http://epg.51zmt.top:8000/e1.xml.gz
[2026-03-15] 频道: 1860 | 数据源: http://epg.51zmt.top:8000/e1.xml.gz
[2026-03-14] 频道: 1867 | 数据源: http://epg.51zmt.top:8000/e1.xml.gz
[2026-03-15] 频道: 1867 | 数据源: http://epg.51zmt.top:8000/e1.xml.gz
[2026-03-14] 频道: 1940 | 数据源: http://epg.51zmt.top:8000/e1.xml.gz
[2026-03-15] 频道: 1940 | 数据源: http://epg.51zmt.top:8000/e1.xml.gz
[2026-03-14] 频道: 1942 | 数据源: http://epg.51zmt.top:8000/e1.xml.gz
[2026-03-15] 频道: 1942 | 数据源: http://epg.51zmt.top:8000/e1.xml.gz
[2026-03-14] 频道: 1943 | 数据源: http://epg.51zmt.top:8000/e1.xml.gz
[2026-03-15] 频道: 1943 | 数据源: http://epg.51zmt.top:8000/e1.xml.gz
[2026-03-14] 频道: 1944 | 数据源: http://epg.51zmt.top:8000/e1.xml.gz
[2026-03-15] 频道: 1944 | 数据源: http://epg.51zmt.top:8000/e1.xml.gz
[2026-03-14] 频道: 1945 | 数据源: http://epg.51zmt.top:8000/e1.xml.gz
[2026-03-15] 频道: 1945 | 数据源: http://epg.51zmt.top:8000/e1.xml.gz
[2026-03-14] 频道: 1960 | 数据源: http://epg.51zmt.top:8000/e1.xml.gz
[2026-03-15] 频道: 1960 | 数据源: http://epg.51zmt.top:8000/e1.xml.gz
[2026-03-14] 频道: 1961 | 数据源: http://epg.51zmt.top:8000/e1.xml.gz
[2026-03-15] 频道: 1961 | 数据源: http://epg.51zmt.top:8000/e1.xml.gz
[2026-03-14] 频道: 1964 | 数据源: http://epg.51zmt.top:8000/e1.xml.gz
[2026-03-15] 频道: 1964 | 数据源: http://epg.51zmt.top:8000/e1.xml.gz
[2026-03-14] 频道: 1971 | 数据源: http://epg.51zmt.top:8000/e1.xml.gz
[2026-03-15] 频道: 1971 | 数据源: http://epg.51zmt.top:8000/e1.xml.gz
[2026-03-14] 频道: 2012 | 数据源: http://epg.51zmt.top:8000/e1.xml.gz
[2026-03-15] 频道: 2012 | 数据源: http://epg.51zmt.top:8000/e1.xml.gz
[2026-03-14] 频道: 2014 | 数据源: http://epg.51zmt.top:8000/e1.xml.gz
[2026-03-15] 频道: 2014 | 数据源: http://epg.51zmt.top:8000/e1.xml.gz
[2026-03-14] 频道: 2026 | 数据源: http://epg.51zmt.top:8000/e1.xml.gz
[2026-03-15] 频道: 2026 | 数据源: http://epg.51zmt.top:8000/e1.xml.gz
[2026-03-14] 频道: 2034 | 数据源: http://epg.51zmt.top:8000/e1.xml.gz
[2026-03-15] 频道: 2034 | 数据源: http://epg.51zmt.top:8000/e1.xml.gz
[2026-03-14] 频道: 2035 | 数据源: http://epg.51zmt.top:8000/e1.xml.gz
[2026-03-15] 频道: 2035 | 数据源: http://epg.51zmt.top:8000/e1.xml.gz
[2026-03-14] 频道: 2036 | 数据源: http://epg.51zmt.top:8000/e1.xml.gz
[2026-03-15] 频道: 2036 | 数据源: http://epg.51zmt.top:8000/e1.xml.gz
[2026-03-14] 频道: 2037 | 数据源: http://epg.51zmt.top:8000/e1.xml.gz
[2026-03-15] 频道: 2037 | 数据源: http://epg.51zmt.top:8000/e1.xml.gz
[2026-03-14] 频道: 2051 | 数据源: http://epg.51zmt.top:8000/e1.xml.gz
[2026-03-15] 频道: 2051 | 数据源: http://epg.51zmt.top:8000/e1.xml.gz
[2026-03-08] 频道: 经济科教 | 数据源: https://github.com/litiande03/epg/raw/refs/heads/master/pl.xml.gz
[2026-03-09] 频道: 经济科教 | 数据源: https://github.com/litiande03/epg/raw/refs/heads/master/pl.xml.gz
[2026-03-10] 频道: 经济科教 | 数据源: https://github.com/litiande03/epg/raw/refs/heads/master/pl.xml.gz
[2026-03-11] 频道: 经济科教 | 数据源: https://github.com/litiande03/epg/raw/refs/heads/master/pl.xml.gz
[2026-03-12] 频道: 经济科教 | 数据源: https://github.com/litiande03/epg/raw/refs/heads/master/pl.xml.gz
[2026-03-13] 频道: 经济科教 | 数据源: https://github.com/litiande03/epg/raw/refs/heads/master/pl.xml.gz
[2026-03-14] 频道: 经济科教 | 数据源: https://github.com/litiande03/epg/raw/refs/heads/master/pl.xml.gz
[2026-03-15] 频道: 经济科教 | 数据源: https://github.com/litiande03/epg/raw/refs/heads/master/pl.xml.gz
[2026-03-16] 频道: 经济科教 | 数据源: https://github.com/litiande03/epg/raw/refs/heads/master/pl.xml.gz
[2026-03-08] 频道: 南方购物-精选 | 数据源: https://github.com/litiande03/epg/raw/refs/heads/master/pl.xml.gz
[2026-03-09] 频道: 南方购物-精选 | 数据源: https://github.com/litiande03/epg/raw/refs/heads/master/pl.xml.gz
[2026-03-10] 频道: 南方购物-精选 | 数据源: https://github.com/litiande03/epg/raw/refs/heads/master/pl.xml.gz
[2026-03-11] 频道: 南方购物-精选 | 数据源: https://github.com/litiande03/epg/raw/refs/heads/master/pl.xml.gz
[2026-03-12] 频道: 南方购物-精选 | 数据源: https://github.com/litiande03/epg/raw/refs/heads/master/pl.xml.gz
[2026-03-13] 频道: 南方购物-精选 | 数据源: https://github.com/litiande03/epg/raw/refs/heads/master/pl.xml.gz
[2026-03-14] 频道: 南方购物-精选 | 数据源: https://github.com/litiande03/epg/raw/refs/heads/master/pl.xml.gz
[2026-03-16] 频道: 南方购物-精选 | 数据源: https://github.com/litiande03/epg/raw/refs/heads/master/pl.xml.gz
[2026-03-08] 频道: 南方购物 | 数据源: https://github.com/litiande03/epg/raw/refs/heads/master/pl.xml.gz
[2026-03-09] 频道: 南方购物 | 数据源: https://github.com/litiande03/epg/raw/refs/heads/master/pl.xml.gz
[2026-03-10] 频道: 南方购物 | 数据源: https://github.com/litiande03/epg/raw/refs/heads/master/pl.xml.gz
[2026-03-11] 频道: 南方购物 | 数据源: https://github.com/litiande03/epg/raw/refs/heads/master/pl.xml.gz
[2026-03-12] 频道: 南方购物 | 数据源: https://github.com/litiande03/epg/raw/refs/heads/master/pl.xml.gz
[2026-03-13] 频道: 南方购物 | 数据源: https://github.com/litiande03/epg/raw/refs/heads/master/pl.xml.gz
[2026-03-14] 频道: 南方购物 | 数据源: https://github.com/litiande03/epg/raw/refs/heads/master/pl.xml.gz
[2026-03-16] 频道: 南方购物 | 数据源: https://github.com/litiande03/epg/raw/refs/heads/master/pl.xml.gz
[2026-03-08] 频道: 现代教育 | 数据源: https://github.com/litiande03/epg/raw/refs/heads/master/pl.xml.gz
[2026-03-09] 频道: 现代教育 | 数据源: https://github.com/litiande03/epg/raw/refs/heads/master/pl.xml.gz
[2026-03-10] 频道: 现代教育 | 数据源: https://github.com/litiande03/epg/raw/refs/heads/master/pl.xml.gz
[2026-03-11] 频道: 现代教育 | 数据源: https://github.com/litiande03/epg/raw/refs/heads/master/pl.xml.gz
[2026-03-12] 频道: 现代教育 | 数据源: https://github.com/litiande03/epg/raw/refs/heads/master/pl.xml.gz
[2026-03-13] 频道: 现代教育 | 数据源: https://github.com/litiande03/epg/raw/refs/heads/master/pl.xml.gz
[2026-03-14] 频道: 现代教育 | 数据源: https://github.com/litiande03/epg/raw/refs/heads/master/pl.xml.gz
[2026-03-15] 频道: 现代教育 | 数据源: https://github.com/litiande03/epg/raw/refs/heads/master/pl.xml.gz
[2026-03-16] 频道: 现代教育 | 数据源: https://github.com/litiande03/epg/raw/refs/heads/master/pl.xml.gz
[2026-03-17] 频道: 现代教育 | 数据源: https://github.com/litiande03/epg/raw/refs/heads/master/pl.xml.gz
[2026-03-08] 频道: 深圳宝安 | 数据源: https://github.com/litiande03/epg/raw/refs/heads/master/pl.xml.gz
[2026-03-09] 频道: 深圳宝安 | 数据源: https://github.com/litiande03/epg/raw/refs/heads/master/pl.xml.gz
[2026-03-10] 频道: 深圳宝安 | 数据源: https://github.com/litiande03/epg/raw/refs/heads/master/pl.xml.gz
[2026-03-11] 频道: 深圳宝安 | 数据源: https://github.com/litiande03/epg/raw/refs/heads/master/pl.xml.gz
[2026-03-12] 频道: 深圳宝安 | 数据源: https://github.com/litiande03/epg/raw/refs/heads/master/pl.xml.gz
[2026-03-13] 频道: 深圳宝安 | 数据源: https://github.com/litiande03/epg/raw/refs/heads/master/pl.xml.gz
[2026-03-14] 频道: 深圳宝安 | 数据源: https://github.com/litiande03/epg/raw/refs/heads/master/pl.xml.gz
[2026-03-15] 频道: 深圳宝安 | 数据源: https://github.com/litiande03/epg/raw/refs/heads/master/pl.xml.gz
[2026-03-16] 频道: 深圳宝安 | 数据源: https://github.com/litiande03/epg/raw/refs/heads/master/pl.xml.gz
[2026-03-17] 频道: 深圳宝安 | 数据源: https://github.com/litiande03/epg/raw/refs/heads/master/pl.xml.gz
[2026-03-08] 频道: 深圳龙岗 | 数据源: https://github.com/litiande03/epg/raw/refs/heads/master/pl.xml.gz
[2026-03-09] 频道: 深圳龙岗 | 数据源: https://github.com/litiande03/epg/raw/refs/heads/master/pl.xml.gz
[2026-03-10] 频道: 深圳龙岗 | 数据源: https://github.com/litiande03/epg/raw/refs/heads/master/pl.xml.gz
[2026-03-11] 频道: 深圳龙岗 | 数据源: https://github.com/litiande03/epg/raw/refs/heads/master/pl.xml.gz
[2026-03-12] 频道: 深圳龙岗 | 数据源: https://github.com/litiande03/epg/raw/refs/heads/master/pl.xml.gz
[2026-03-13] 频道: 深圳龙岗 | 数据源: https://github.com/litiande03/epg/raw/refs/heads/master/pl.xml.gz
[2026-03-14] 频道: 深圳龙岗 | 数据源: https://github.com/litiande03/epg/raw/refs/heads/master/pl.xml.gz
[2026-03-15] 频道: 深圳龙岗 | 数据源: https://github.com/litiande03/epg/raw/refs/heads/master/pl.xml.gz
[2026-03-16] 频道: 深圳龙岗 | 数据源: https://github.com/litiande03/epg/raw/refs/heads/master/pl.xml.gz
[2026-03-17] 频道: 深圳龙岗 | 数据源: https://github.com/litiande03/epg/raw/refs/heads/master/pl.xml.gz
[2026-03-08] 频道: 佛山综合 | 数据源: https://github.com/litiande03/epg/raw/refs/heads/master/pl.xml.gz
[2026-03-09] 频道: 佛山综合 | 数据源: https://github.com/litiande03/epg/raw/refs/heads/master/pl.xml.gz
[2026-03-10] 频道: 佛山综合 | 数据源: https://github.com/litiande03/epg/raw/refs/heads/master/pl.xml.gz
[2026-03-11] 频道: 佛山综合 | 数据源: https://github.com/litiande03/epg/raw/refs/heads/master/pl.xml.gz
[2026-03-12] 频道: 佛山综合 | 数据源: https://github.com/litiande03/epg/raw/refs/heads/master/pl.xml.gz
[2026-03-13] 频道: 佛山综合 | 数据源: https://github.com/litiande03/epg/raw/refs/heads/master/pl.xml.gz
[2026-03-14] 频道: 佛山综合 | 数据源: https://github.com/litiande03/epg/raw/refs/heads/master/pl.xml.gz
[2026-03-15] 频道: 佛山综合 | 数据源: https://github.com/litiande03/epg/raw/refs/heads/master/pl.xml.gz
[2026-03-16] 频道: 佛山综合 | 数据源: https://github.com/litiande03/epg/raw/refs/heads/master/pl.xml.gz
[2026-03-08] 频道: 佛山城市生活 | 数据源: https://github.com/litiande03/epg/raw/refs/heads/master/pl.xml.gz
[2026-03-09] 频道: 佛山城市生活 | 数据源: https://github.com/litiande03/epg/raw/refs/heads/master/pl.xml.gz
[2026-03-10] 频道: 佛山城市生活 | 数据源: https://github.com/litiande03/epg/raw/refs/heads/master/pl.xml.gz
[2026-03-11] 频道: 佛山城市生活 | 数据源: https://github.com/litiande03/epg/raw/refs/heads/master/pl.xml.gz
[2026-03-12] 频道: 佛山城市生活 | 数据源: https://github.com/litiande03/epg/raw/refs/heads/master/pl.xml.gz
[2026-03-13] 频道: 佛山城市生活 | 数据源: https://github.com/litiande03/epg/raw/refs/heads/master/pl.xml.gz
[2026-03-14] 频道: 佛山城市生活 | 数据源: https://github.com/litiande03/epg/raw/refs/heads/master/pl.xml.gz
[2026-03-15] 频道: 佛山城市生活 | 数据源: https://github.com/litiande03/epg/raw/refs/heads/master/pl.xml.gz
[2026-03-16] 频道: 佛山城市生活 | 数据源: https://github.com/litiande03/epg/raw/refs/heads/master/pl.xml.gz
[2026-03-08] 频道: 佛山顺德 | 数据源: https://github.com/litiande03/epg/raw/refs/heads/master/pl.xml.gz
[2026-03-09] 频道: 佛山顺德 | 数据源: https://github.com/litiande03/epg/raw/refs/heads/master/pl.xml.gz
[2026-03-10] 频道: 佛山顺德 | 数据源: https://github.com/litiande03/epg/raw/refs/heads/master/pl.xml.gz
[2026-03-11] 频道: 佛山顺德 | 数据源: https://github.com/litiande03/epg/raw/refs/heads/master/pl.xml.gz
[2026-03-12] 频道: 佛山顺德 | 数据源: https://github.com/litiande03/epg/raw/refs/heads/master/pl.xml.gz
[2026-03-13] 频道: 佛山顺德 | 数据源: https://github.com/litiande03/epg/raw/refs/heads/master/pl.xml.gz
[2026-03-14] 频道: 佛山顺德 | 数据源: https://github.com/litiande03/epg/raw/refs/heads/master/pl.xml.gz
[2026-03-15] 频道: 佛山顺德 | 数据源: https://github.com/litiande03/epg/raw/refs/heads/master/pl.xml.gz
[2026-03-16] 频道: 佛山顺德 | 数据源: https://github.com/litiande03/epg/raw/refs/heads/master/pl.xml.gz
[2026-03-08] 频道: 佛山南海 | 数据源: https://github.com/litiande03/epg/raw/refs/heads/master/pl.xml.gz
[2026-03-09] 频道: 佛山南海 | 数据源: https://github.com/litiande03/epg/raw/refs/heads/master/pl.xml.gz
[2026-03-10] 频道: 佛山南海 | 数据源: https://github.com/litiande03/epg/raw/refs/heads/master/pl.xml.gz
[2026-03-11] 频道: 佛山南海 | 数据源: https://github.com/litiande03/epg/raw/refs/heads/master/pl.xml.gz
[2026-03-12] 频道: 佛山南海 | 数据源: https://github.com/litiande03/epg/raw/refs/heads/master/pl.xml.gz
[2026-03-13] 频道: 佛山南海 | 数据源: https://github.com/litiande03/epg/raw/refs/heads/master/pl.xml.gz
[2026-03-14] 频道: 佛山南海 | 数据源: https://github.com/litiande03/epg/raw/refs/heads/master/pl.xml.gz
[2026-03-15] 频道: 佛山南海 | 数据源: https://github.com/litiande03/epg/raw/refs/heads/master/pl.xml.gz
[2026-03-16] 频道: 佛山南海 | 数据源: https://github.com/litiande03/epg/raw/refs/heads/master/pl.xml.gz
[2026-03-08] 频道: 东莞新闻综合 | 数据源: https://github.com/litiande03/epg/raw/refs/heads/master/pl.xml.gz
[2026-03-09] 频道: 东莞新闻综合 | 数据源: https://github.com/litiande03/epg/raw/refs/heads/master/pl.xml.gz
[2026-03-10] 频道: 东莞新闻综合 | 数据源: https://github.com/litiande03/epg/raw/refs/heads/master/pl.xml.gz
[2026-03-11] 频道: 东莞新闻综合 | 数据源: https://github.com/litiande03/epg/raw/refs/heads/master/pl.xml.gz
[2026-03-12] 频道: 东莞新闻综合 | 数据源: https://github.com/litiande03/epg/raw/refs/heads/master/pl.xml.gz
[2026-03-13] 频道: 东莞新闻综合 | 数据源: https://github.com/litiande03/epg/raw/refs/heads/master/pl.xml.gz
[2026-03-14] 频道: 东莞新闻综合 | 数据源: https://github.com/litiande03/epg/raw/refs/heads/master/pl.xml.gz
[2026-03-15] 频道: 东莞新闻综合 | 数据源: https://github.com/litiande03/epg/raw/refs/heads/master/pl.xml.gz
[2026-03-16] 频道: 东莞新闻综合 | 数据源: https://github.com/litiande03/epg/raw/refs/heads/master/pl.xml.gz
[2026-03-08] 频道: 东莞生活资讯 | 数据源: https://github.com/litiande03/epg/raw/refs/heads/master/pl.xml.gz
[2026-03-09] 频道: 东莞生活资讯 | 数据源: https://github.com/litiande03/epg/raw/refs/heads/master/pl.xml.gz
[2026-03-10] 频道: 东莞生活资讯 | 数据源: https://github.com/litiande03/epg/raw/refs/heads/master/pl.xml.gz
[2026-03-11] 频道: 东莞生活资讯 | 数据源: https://github.com/litiande03/epg/raw/refs/heads/master/pl.xml.gz
[2026-03-12] 频道: 东莞生活资讯 | 数据源: https://github.com/litiande03/epg/raw/refs/heads/master/pl.xml.gz
[2026-03-13] 频道: 东莞生活资讯 | 数据源: https://github.com/litiande03/epg/raw/refs/heads/master/pl.xml.gz
[2026-03-14] 频道: 东莞生活资讯 | 数据源: https://github.com/litiande03/epg/raw/refs/heads/master/pl.xml.gz
[2026-03-15] 频道: 东莞生活资讯 | 数据源: https://github.com/litiande03/epg/raw/refs/heads/master/pl.xml.gz
[2026-03-16] 频道: 东莞生活资讯 | 数据源: https://github.com/litiande03/epg/raw/refs/heads/master/pl.xml.gz
[2026-03-08] 频道: 惠州综合 | 数据源: https://github.com/litiande03/epg/raw/refs/heads/master/pl.xml.gz
[2026-03-09] 频道: 惠州综合 | 数据源: https://github.com/litiande03/epg/raw/refs/heads/master/pl.xml.gz
[2026-03-10] 频道: 惠州综合 | 数据源: https://github.com/litiande03/epg/raw/refs/heads/master/pl.xml.gz
[2026-03-11] 频道: 惠州综合 | 数据源: https://github.com/litiande03/epg/raw/refs/heads/master/pl.xml.gz
[2026-03-12] 频道: 惠州综合 | 数据源: https://github.com/litiande03/epg/raw/refs/heads/master/pl.xml.gz
[2026-03-13] 频道: 惠州综合 | 数据源: https://github.com/litiande03/epg/raw/refs/heads/master/pl.xml.gz
[2026-03-14] 频道: 惠州综合 | 数据源: https://github.com/litiande03/epg/raw/refs/heads/master/pl.xml.gz
[2026-03-15] 频道: 惠州综合 | 数据源: https://github.com/litiande03/epg/raw/refs/heads/master/pl.xml.gz
[2026-03-16] 频道: 惠州综合 | 数据源: https://github.com/litiande03/epg/raw/refs/heads/master/pl.xml.gz
[2026-03-17] 频道: 惠州综合 | 数据源: https://github.com/litiande03/epg/raw/refs/heads/master/pl.xml.gz
[2026-03-08] 频道: 惠州都市生活 | 数据源: https://github.com/litiande03/epg/raw/refs/heads/master/pl.xml.gz
[2026-03-09] 频道: 惠州都市生活 | 数据源: https://github.com/litiande03/epg/raw/refs/heads/master/pl.xml.gz
[2026-03-10] 频道: 惠州都市生活 | 数据源: https://github.com/litiande03/epg/raw/refs/heads/master/pl.xml.gz
[2026-03-11] 频道: 惠州都市生活 | 数据源: https://github.com/litiande03/epg/raw/refs/heads/master/pl.xml.gz
[2026-03-12] 频道: 惠州都市生活 | 数据源: https://github.com/litiande03/epg/raw/refs/heads/master/pl.xml.gz
[2026-03-13] 频道: 惠州都市生活 | 数据源: https://github.com/litiande03/epg/raw/refs/heads/master/pl.xml.gz
[2026-03-14] 频道: 惠州都市生活 | 数据源: https://github.com/litiande03/epg/raw/refs/heads/master/pl.xml.gz
[2026-03-15] 频道: 惠州都市生活 | 数据源: https://github.com/litiande03/epg/raw/refs/heads/master/pl.xml.gz
[2026-03-16] 频道: 惠州都市生活 | 数据源: https://github.com/litiande03/epg/raw/refs/heads/master/pl.xml.gz
[2026-03-17] 频道: 惠州都市生活 | 数据源: https://github.com/litiande03/epg/raw/refs/heads/master/pl.xml.gz
[2026-03-08] 频道: 珠海 | 数据源: https://github.com/litiande03/epg/raw/refs/heads/master/pl.xml.gz
[2026-03-09] 频道: 珠海 | 数据源: https://github.com/litiande03/epg/raw/refs/heads/master/pl.xml.gz
[2026-03-10] 频道: 珠海 | 数据源: https://github.com/litiande03/epg/raw/refs/heads/master/pl.xml.gz
[2026-03-11] 频道: 珠海 | 数据源: https://github.com/litiande03/epg/raw/refs/heads/master/pl.xml.gz
[2026-03-12] 频道: 珠海 | 数据源: https://github.com/litiande03/epg/raw/refs/heads/master/pl.xml.gz
[2026-03-13] 频道: 珠海 | 数据源: https://github.com/litiande03/epg/raw/refs/heads/master/pl.xml.gz
[2026-03-14] 频道: 珠海 | 数据源: https://github.com/litiande03/epg/raw/refs/heads/master/pl.xml.gz
[2026-03-15] 频道: 珠海 | 数据源: https://github.com/litiande03/epg/raw/refs/heads/master/pl.xml.gz
[2026-03-16] 频道: 珠海 | 数据源: https://github.com/litiande03/epg/raw/refs/heads/master/pl.xml.gz
[2026-03-08] 频道: 江门综合 | 数据源: https://github.com/litiande03/epg/raw/refs/heads/master/pl.xml.gz
[2026-03-09] 频道: 江门综合 | 数据源: https://github.com/litiande03/epg/raw/refs/heads/master/pl.xml.gz
[2026-03-10] 频道: 江门综合 | 数据源: https://github.com/litiande03/epg/raw/refs/heads/master/pl.xml.gz
[2026-03-11] 频道: 江门综合 | 数据源: https://github.com/litiande03/epg/raw/refs/heads/master/pl.xml.gz
[2026-03-12] 频道: 江门综合 | 数据源: https://github.com/litiande03/epg/raw/refs/heads/master/pl.xml.gz
[2026-03-13] 频道: 江门综合 | 数据源: https://github.com/litiande03/epg/raw/refs/heads/master/pl.xml.gz
[2026-03-14] 频道: 江门综合 | 数据源: https://github.com/litiande03/epg/raw/refs/heads/master/pl.xml.gz
[2026-03-15] 频道: 江门综合 | 数据源: https://github.com/litiande03/epg/raw/refs/heads/master/pl.xml.gz
[2026-03-16] 频道: 江门综合 | 数据源: https://github.com/litiande03/epg/raw/refs/heads/master/pl.xml.gz
[2026-03-08] 频道: 中山综合 | 数据源: https://github.com/litiande03/epg/raw/refs/heads/master/pl.xml.gz
[2026-03-09] 频道: 中山综合 | 数据源: https://github.com/litiande03/epg/raw/refs/heads/master/pl.xml.gz
[2026-03-10] 频道: 中山综合 | 数据源: https://github.com/litiande03/epg/raw/refs/heads/master/pl.xml.gz
[2026-03-11] 频道: 中山综合 | 数据源: https://github.com/litiande03/epg/raw/refs/heads/master/pl.xml.gz
[2026-03-12] 频道: 中山综合 | 数据源: https://github.com/litiande03/epg/raw/refs/heads/master/pl.xml.gz
[2026-03-13] 频道: 中山综合 | 数据源: https://github.com/litiande03/epg/raw/refs/heads/master/pl.xml.gz
[2026-03-14] 频道: 中山综合 | 数据源: https://github.com/litiande03/epg/raw/refs/heads/master/pl.xml.gz
[2026-03-15] 频道: 中山综合 | 数据源: https://github.com/litiande03/epg/raw/refs/heads/master/pl.xml.gz
[2026-03-16] 频道: 中山综合 | 数据源: https://github.com/litiande03/epg/raw/refs/heads/master/pl.xml.gz
[2026-03-08] 频道: 肇庆新闻综合 | 数据源: https://github.com/litiande03/epg/raw/refs/heads/master/pl.xml.gz
[2026-03-09] 频道: 肇庆新闻综合 | 数据源: https://github.com/litiande03/epg/raw/refs/heads/master/pl.xml.gz
[2026-03-10] 频道: 肇庆新闻综合 | 数据源: https://github.com/litiande03/epg/raw/refs/heads/master/pl.xml.gz
[2026-03-11] 频道: 肇庆新闻综合 | 数据源: https://github.com/litiande03/epg/raw/refs/heads/master/pl.xml.gz
[2026-03-12] 频道: 肇庆新闻综合 | 数据源: https://github.com/litiande03/epg/raw/refs/heads/master/pl.xml.gz
[2026-03-13] 频道: 肇庆新闻综合 | 数据源: https://github.com/litiande03/epg/raw/refs/heads/master/pl.xml.gz
[2026-03-14] 频道: 肇庆新闻综合 | 数据源: https://github.com/litiande03/epg/raw/refs/heads/master/pl.xml.gz
[2026-03-15] 频道: 肇庆新闻综合 | 数据源: https://github.com/litiande03/epg/raw/refs/heads/master/pl.xml.gz
[2026-03-16] 频道: 肇庆新闻综合 | 数据源: https://github.com/litiande03/epg/raw/refs/heads/master/pl.xml.gz
[2026-03-08] 频道: 肇庆生活服务 | 数据源: https://github.com/litiande03/epg/raw/refs/heads/master/pl.xml.gz
[2026-03-09] 频道: 肇庆生活服务 | 数据源: https://github.com/litiande03/epg/raw/refs/heads/master/pl.xml.gz
[2026-03-10] 频道: 肇庆生活服务 | 数据源: https://github.com/litiande03/epg/raw/refs/heads/master/pl.xml.gz
[2026-03-11] 频道: 肇庆生活服务 | 数据源: https://github.com/litiande03/epg/raw/refs/heads/master/pl.xml.gz
[2026-03-12] 频道: 肇庆生活服务 | 数据源: https://github.com/litiande03/epg/raw/refs/heads/master/pl.xml.gz
[2026-03-13] 频道: 肇庆生活服务 | 数据源: https://github.com/litiande03/epg/raw/refs/heads/master/pl.xml.gz
[2026-03-14] 频道: 肇庆生活服务 | 数据源: https://github.com/litiande03/epg/raw/refs/heads/master/pl.xml.gz
[2026-03-15] 频道: 肇庆生活服务 | 数据源: https://github.com/litiande03/epg/raw/refs/heads/master/pl.xml.gz
[2026-03-16] 频道: 肇庆生活服务 | 数据源: https://github.com/litiande03/epg/raw/refs/heads/master/pl.xml.gz
[2026-03-08] 频道: 揭阳综合 | 数据源: https://github.com/litiande03/epg/raw/refs/heads/master/pl.xml.gz
[2026-03-09] 频道: 揭阳综合 | 数据源: https://github.com/litiande03/epg/raw/refs/heads/master/pl.xml.gz
[2026-03-10] 频道: 揭阳综合 | 数据源: https://github.com/litiande03/epg/raw/refs/heads/master/pl.xml.gz
[2026-03-11] 频道: 揭阳综合 | 数据源: https://github.com/litiande03/epg/raw/refs/heads/master/pl.xml.gz
[2026-03-12] 频道: 揭阳综合 | 数据源: https://github.com/litiande03/epg/raw/refs/heads/master/pl.xml.gz
[2026-03-13] 频道: 揭阳综合 | 数据源: https://github.com/litiande03/epg/raw/refs/heads/master/pl.xml.gz
[2026-03-14] 频道: 揭阳综合 | 数据源: https://github.com/litiande03/epg/raw/refs/heads/master/pl.xml.gz
[2026-03-15] 频道: 揭阳综合 | 数据源: https://github.com/litiande03/epg/raw/refs/heads/master/pl.xml.gz
[2026-03-16] 频道: 揭阳综合 | 数据源: https://github.com/litiande03/epg/raw/refs/heads/master/pl.xml.gz
[2026-03-08] 频道: 揭阳生活 | 数据源: https://github.com/litiande03/epg/raw/refs/heads/master/pl.xml.gz
[2026-03-09] 频道: 揭阳生活 | 数据源: https://github.com/litiande03/epg/raw/refs/heads/master/pl.xml.gz
[2026-03-10] 频道: 揭阳生活 | 数据源: https://github.com/litiande03/epg/raw/refs/heads/master/pl.xml.gz
[2026-03-11] 频道: 揭阳生活 | 数据源: https://github.com/litiande03/epg/raw/refs/heads/master/pl.xml.gz
[2026-03-12] 频道: 揭阳生活 | 数据源: https://github.com/litiande03/epg/raw/refs/heads/master/pl.xml.gz
[2026-03-13] 频道: 揭阳生活 | 数据源: https://github.com/litiande03/epg/raw/refs/heads/master/pl.xml.gz
[2026-03-14] 频道: 揭阳生活 | 数据源: https://github.com/litiande03/epg/raw/refs/heads/master/pl.xml.gz
[2026-03-15] 频道: 揭阳生活 | 数据源: https://github.com/litiande03/epg/raw/refs/heads/master/pl.xml.gz
[2026-03-16] 频道: 揭阳生活 | 数据源: https://github.com/litiande03/epg/raw/refs/heads/master/pl.xml.gz
[2026-03-08] 频道: 潮州综合 | 数据源: https://github.com/litiande03/epg/raw/refs/heads/master/pl.xml.gz
[2026-03-09] 频道: 潮州综合 | 数据源: https://github.com/litiande03/epg/raw/refs/heads/master/pl.xml.gz
[2026-03-10] 频道: 潮州综合 | 数据源: https://github.com/litiande03/epg/raw/refs/heads/master/pl.xml.gz
[2026-03-11] 频道: 潮州综合 | 数据源: https://github.com/litiande03/epg/raw/refs/heads/master/pl.xml.gz
[2026-03-12] 频道: 潮州综合 | 数据源: https://github.com/litiande03/epg/raw/refs/heads/master/pl.xml.gz
[2026-03-13] 频道: 潮州综合 | 数据源: https://github.com/litiande03/epg/raw/refs/heads/master/pl.xml.gz
[2026-03-14] 频道: 潮州综合 | 数据源: https://github.com/litiande03/epg/raw/refs/heads/master/pl.xml.gz
[2026-03-15] 频道: 潮州综合 | 数据源: https://github.com/litiande03/epg/raw/refs/heads/master/pl.xml.gz
[2026-03-16] 频道: 潮州综合 | 数据源: https://github.com/litiande03/epg/raw/refs/heads/master/pl.xml.gz
[2026-03-08] 频道: 潮州民生 | 数据源: https://github.com/litiande03/epg/raw/refs/heads/master/pl.xml.gz
[2026-03-09] 频道: 潮州民生 | 数据源: https://github.com/litiande03/epg/raw/refs/heads/master/pl.xml.gz
[2026-03-10] 频道: 潮州民生 | 数据源: https://github.com/litiande03/epg/raw/refs/heads/master/pl.xml.gz
[2026-03-11] 频道: 潮州民生 | 数据源: https://github.com/litiande03/epg/raw/refs/heads/master/pl.xml.gz
[2026-03-12] 频道: 潮州民生 | 数据源: https://github.com/litiande03/epg/raw/refs/heads/master/pl.xml.gz
[2026-03-13] 频道: 潮州民生 | 数据源: https://github.com/litiande03/epg/raw/refs/heads/master/pl.xml.gz
[2026-03-14] 频道: 潮州民生 | 数据源: https://github.com/litiande03/epg/raw/refs/heads/master/pl.xml.gz
[2026-03-15] 频道: 潮州民生 | 数据源: https://github.com/litiande03/epg/raw/refs/heads/master/pl.xml.gz
[2026-03-16] 频道: 潮州民生 | 数据源: https://github.com/litiande03/epg/raw/refs/heads/master/pl.xml.gz
[2026-03-08] 频道: 汕尾新闻综合 | 数据源: https://github.com/litiande03/epg/raw/refs/heads/master/pl.xml.gz
[2026-03-09] 频道: 汕尾新闻综合 | 数据源: https://github.com/litiande03/epg/raw/refs/heads/master/pl.xml.gz
[2026-03-10] 频道: 汕尾新闻综合 | 数据源: https://github.com/litiande03/epg/raw/refs/heads/master/pl.xml.gz
[2026-03-11] 频道: 汕尾新闻综合 | 数据源: https://github.com/litiande03/epg/raw/refs/heads/master/pl.xml.gz
[2026-03-12] 频道: 汕尾新闻综合 | 数据源: https://github.com/litiande03/epg/raw/refs/heads/master/pl.xml.gz
[2026-03-13] 频道: 汕尾新闻综合 | 数据源: https://github.com/litiande03/epg/raw/refs/heads/master/pl.xml.gz
[2026-03-14] 频道: 汕尾新闻综合 | 数据源: https://github.com/litiande03/epg/raw/refs/heads/master/pl.xml.gz
[2026-03-15] 频道: 汕尾新闻综合 | 数据源: https://github.com/litiande03/epg/raw/refs/heads/master/pl.xml.gz
[2026-03-16] 频道: 汕尾新闻综合 | 数据源: https://github.com/litiande03/epg/raw/refs/heads/master/pl.xml.gz
[2026-03-08] 频道: 汕尾文化生活 | 数据源: https://github.com/litiande03/epg/raw/refs/heads/master/pl.xml.gz
[2026-03-09] 频道: 汕尾文化生活 | 数据源: https://github.com/litiande03/epg/raw/refs/heads/master/pl.xml.gz
[2026-03-10] 频道: 汕尾文化生活 | 数据源: https://github.com/litiande03/epg/raw/refs/heads/master/pl.xml.gz
[2026-03-11] 频道: 汕尾文化生活 | 数据源: https://github.com/litiande03/epg/raw/refs/heads/master/pl.xml.gz
[2026-03-12] 频道: 汕尾文化生活 | 数据源: https://github.com/litiande03/epg/raw/refs/heads/master/pl.xml.gz
[2026-03-13] 频道: 汕尾文化生活 | 数据源: https://github.com/litiande03/epg/raw/refs/heads/master/pl.xml.gz
[2026-03-14] 频道: 汕尾文化生活 | 数据源: https://github.com/litiande03/epg/raw/refs/heads/master/pl.xml.gz
[2026-03-15] 频道: 汕尾文化生活 | 数据源: https://github.com/litiande03/epg/raw/refs/heads/master/pl.xml.gz
[2026-03-16] 频道: 汕尾文化生活 | 数据源: https://github.com/litiande03/epg/raw/refs/heads/master/pl.xml.gz
[2026-03-08] 频道: 茂名综合 | 数据源: https://github.com/litiande03/epg/raw/refs/heads/master/pl.xml.gz
[2026-03-09] 频道: 茂名综合 | 数据源: https://github.com/litiande03/epg/raw/refs/heads/master/pl.xml.gz
[2026-03-10] 频道: 茂名综合 | 数据源: https://github.com/litiande03/epg/raw/refs/heads/master/pl.xml.gz
[2026-03-11] 频道: 茂名综合 | 数据源: https://github.com/litiande03/epg/raw/refs/heads/master/pl.xml.gz
[2026-03-12] 频道: 茂名综合 | 数据源: https://github.com/litiande03/epg/raw/refs/heads/master/pl.xml.gz
[2026-03-13] 频道: 茂名综合 | 数据源: https://github.com/litiande03/epg/raw/refs/heads/master/pl.xml.gz
[2026-03-14] 频道: 茂名综合 | 数据源: https://github.com/litiande03/epg/raw/refs/heads/master/pl.xml.gz
[2026-03-15] 频道: 茂名综合 | 数据源: https://github.com/litiande03/epg/raw/refs/heads/master/pl.xml.gz
[2026-03-16] 频道: 茂名综合 | 数据源: https://github.com/litiande03/epg/raw/refs/heads/master/pl.xml.gz
[2026-03-08] 频道: 茂名文化生活 | 数据源: https://github.com/litiande03/epg/raw/refs/heads/master/pl.xml.gz
[2026-03-09] 频道: 茂名文化生活 | 数据源: https://github.com/litiande03/epg/raw/refs/heads/master/pl.xml.gz
[2026-03-10] 频道: 茂名文化生活 | 数据源: https://github.com/litiande03/epg/raw/refs/heads/master/pl.xml.gz
[2026-03-11] 频道: 茂名文化生活 | 数据源: https://github.com/litiande03/epg/raw/refs/heads/master/pl.xml.gz
[2026-03-12] 频道: 茂名文化生活 | 数据源: https://github.com/litiande03/epg/raw/refs/heads/master/pl.xml.gz
[2026-03-13] 频道: 茂名文化生活 | 数据源: https://github.com/litiande03/epg/raw/refs/heads/master/pl.xml.gz
[2026-03-14] 频道: 茂名文化生活 | 数据源: https://github.com/litiande03/epg/raw/refs/heads/master/pl.xml.gz
[2026-03-15] 频道: 茂名文化生活 | 数据源: https://github.com/litiande03/epg/raw/refs/heads/master/pl.xml.gz
[2026-03-16] 频道: 茂名文化生活 | 数据源: https://github.com/litiande03/epg/raw/refs/heads/master/pl.xml.gz
[2026-03-08] 频道: 阳江-1 | 数据源: https://github.com/litiande03/epg/raw/refs/heads/master/pl.xml.gz
[2026-03-09] 频道: 阳江-1 | 数据源: https://github.com/litiande03/epg/raw/refs/heads/master/pl.xml.gz
[2026-03-10] 频道: 阳江-1 | 数据源: https://github.com/litiande03/epg/raw/refs/heads/master/pl.xml.gz
[2026-03-11] 频道: 阳江-1 | 数据源: https://github.com/litiande03/epg/raw/refs/heads/master/pl.xml.gz
[2026-03-12] 频道: 阳江-1 | 数据源: https://github.com/litiande03/epg/raw/refs/heads/master/pl.xml.gz
[2026-03-13] 频道: 阳江-1 | 数据源: https://github.com/litiande03/epg/raw/refs/heads/master/pl.xml.gz
[2026-03-14] 频道: 阳江-1 | 数据源: https://github.com/litiande03/epg/raw/refs/heads/master/pl.xml.gz
[2026-03-15] 频道: 阳江-1 | 数据源: https://github.com/litiande03/epg/raw/refs/heads/master/pl.xml.gz
[2026-03-16] 频道: 阳江-1 | 数据源: https://github.com/litiande03/epg/raw/refs/heads/master/pl.xml.gz
[2026-03-17] 频道: 阳江-1 | 数据源: https://github.com/litiande03/epg/raw/refs/heads/master/pl.xml.gz
[2026-03-08] 频道: 阳江-2 | 数据源: https://github.com/litiande03/epg/raw/refs/heads/master/pl.xml.gz
[2026-03-09] 频道: 阳江-2 | 数据源: https://github.com/litiande03/epg/raw/refs/heads/master/pl.xml.gz
[2026-03-10] 频道: 阳江-2 | 数据源: https://github.com/litiande03/epg/raw/refs/heads/master/pl.xml.gz
[2026-03-11] 频道: 阳江-2 | 数据源: https://github.com/litiande03/epg/raw/refs/heads/master/pl.xml.gz
[2026-03-12] 频道: 阳江-2 | 数据源: https://github.com/litiande03/epg/raw/refs/heads/master/pl.xml.gz
[2026-03-13] 频道: 阳江-2 | 数据源: https://github.com/litiande03/epg/raw/refs/heads/master/pl.xml.gz
[2026-03-14] 频道: 阳江-2 | 数据源: https://github.com/litiande03/epg/raw/refs/heads/master/pl.xml.gz
[2026-03-15] 频道: 阳江-2 | 数据源: https://github.com/litiande03/epg/raw/refs/heads/master/pl.xml.gz
[2026-03-16] 频道: 阳江-2 | 数据源: https://github.com/litiande03/epg/raw/refs/heads/master/pl.xml.gz
[2026-03-17] 频道: 阳江-2 | 数据源: https://github.com/litiande03/epg/raw/refs/heads/master/pl.xml.gz
[2026-03-08] 频道: 云浮综合 | 数据源: https://github.com/litiande03/epg/raw/refs/heads/master/pl.xml.gz
[2026-03-09] 频道: 云浮综合 | 数据源: https://github.com/litiande03/epg/raw/refs/heads/master/pl.xml.gz
[2026-03-10] 频道: 云浮综合 | 数据源: https://github.com/litiande03/epg/raw/refs/heads/master/pl.xml.gz
[2026-03-11] 频道: 云浮综合 | 数据源: https://github.com/litiande03/epg/raw/refs/heads/master/pl.xml.gz
[2026-03-12] 频道: 云浮综合 | 数据源: https://github.com/litiande03/epg/raw/refs/heads/master/pl.xml.gz
[2026-03-13] 频道: 云浮综合 | 数据源: https://github.com/litiande03/epg/raw/refs/heads/master/pl.xml.gz
[2026-03-14] 频道: 云浮综合 | 数据源: https://github.com/litiande03/epg/raw/refs/heads/master/pl.xml.gz
[2026-03-15] 频道: 云浮综合 | 数据源: https://github.com/litiande03/epg/raw/refs/heads/master/pl.xml.gz
[2026-03-16] 频道: 云浮综合 | 数据源: https://github.com/litiande03/epg/raw/refs/heads/master/pl.xml.gz
[2026-03-08] 频道: 云浮文旅 | 数据源: https://github.com/litiande03/epg/raw/refs/heads/master/pl.xml.gz
[2026-03-09] 频道: 云浮文旅 | 数据源: https://github.com/litiande03/epg/raw/refs/heads/master/pl.xml.gz
[2026-03-10] 频道: 云浮文旅 | 数据源: https://github.com/litiande03/epg/raw/refs/heads/master/pl.xml.gz
[2026-03-11] 频道: 云浮文旅 | 数据源: https://github.com/litiande03/epg/raw/refs/heads/master/pl.xml.gz
[2026-03-12] 频道: 云浮文旅 | 数据源: https://github.com/litiande03/epg/raw/refs/heads/master/pl.xml.gz
[2026-03-13] 频道: 云浮文旅 | 数据源: https://github.com/litiande03/epg/raw/refs/heads/master/pl.xml.gz
[2026-03-14] 频道: 云浮文旅 | 数据源: https://github.com/litiande03/epg/raw/refs/heads/master/pl.xml.gz
[2026-03-15] 频道: 云浮文旅 | 数据源: https://github.com/litiande03/epg/raw/refs/heads/master/pl.xml.gz
[2026-03-16] 频道: 云浮文旅 | 数据源: https://github.com/litiande03/epg/raw/refs/heads/master/pl.xml.gz
[2026-03-08] 频道: 清远新闻综合 | 数据源: https://github.com/litiande03/epg/raw/refs/heads/master/pl.xml.gz
[2026-03-09] 频道: 清远新闻综合 | 数据源: https://github.com/litiande03/epg/raw/refs/heads/master/pl.xml.gz
[2026-03-10] 频道: 清远新闻综合 | 数据源: https://github.com/litiande03/epg/raw/refs/heads/master/pl.xml.gz
[2026-03-11] 频道: 清远新闻综合 | 数据源: https://github.com/litiande03/epg/raw/refs/heads/master/pl.xml.gz
[2026-03-12] 频道: 清远新闻综合 | 数据源: https://github.com/litiande03/epg/raw/refs/heads/master/pl.xml.gz
[2026-03-13] 频道: 清远新闻综合 | 数据源: https://github.com/litiande03/epg/raw/refs/heads/master/pl.xml.gz
[2026-03-14] 频道: 清远新闻综合 | 数据源: https://github.com/litiande03/epg/raw/refs/heads/master/pl.xml.gz
[2026-03-15] 频道: 清远新闻综合 | 数据源: https://github.com/litiande03/epg/raw/refs/heads/master/pl.xml.gz
[2026-03-16] 频道: 清远新闻综合 | 数据源: https://github.com/litiande03/epg/raw/refs/heads/master/pl.xml.gz
[2026-03-08] 频道: 韶关新闻综合 | 数据源: https://github.com/litiande03/epg/raw/refs/heads/master/pl.xml.gz
[2026-03-09] 频道: 韶关新闻综合 | 数据源: https://github.com/litiande03/epg/raw/refs/heads/master/pl.xml.gz
[2026-03-10] 频道: 韶关新闻综合 | 数据源: https://github.com/litiande03/epg/raw/refs/heads/master/pl.xml.gz
[2026-03-11] 频道: 韶关新闻综合 | 数据源: https://github.com/litiande03/epg/raw/refs/heads/master/pl.xml.gz
[2026-03-12] 频道: 韶关新闻综合 | 数据源: https://github.com/litiande03/epg/raw/refs/heads/master/pl.xml.gz
[2026-03-13] 频道: 韶关新闻综合 | 数据源: https://github.com/litiande03/epg/raw/refs/heads/master/pl.xml.gz
[2026-03-14] 频道: 韶关新闻综合 | 数据源: https://github.com/litiande03/epg/raw/refs/heads/master/pl.xml.gz
[2026-03-15] 频道: 韶关新闻综合 | 数据源: https://github.com/litiande03/epg/raw/refs/heads/master/pl.xml.gz
[2026-03-16] 频道: 韶关新闻综合 | 数据源: https://github.com/litiande03/epg/raw/refs/heads/master/pl.xml.gz
[2026-03-08] 频道: 河源综合 | 数据源: https://github.com/litiande03/epg/raw/refs/heads/master/pl.xml.gz
[2026-03-09] 频道: 河源综合 | 数据源: https://github.com/litiande03/epg/raw/refs/heads/master/pl.xml.gz
[2026-03-10] 频道: 河源综合 | 数据源: https://github.com/litiande03/epg/raw/refs/heads/master/pl.xml.gz
[2026-03-11] 频道: 河源综合 | 数据源: https://github.com/litiande03/epg/raw/refs/heads/master/pl.xml.gz
[2026-03-12] 频道: 河源综合 | 数据源: https://github.com/litiande03/epg/raw/refs/heads/master/pl.xml.gz
[2026-03-13] 频道: 河源综合 | 数据源: https://github.com/litiande03/epg/raw/refs/heads/master/pl.xml.gz
[2026-03-14] 频道: 河源综合 | 数据源: https://github.com/litiande03/epg/raw/refs/heads/master/pl.xml.gz
[2026-03-15] 频道: 河源综合 | 数据源: https://github.com/litiande03/epg/raw/refs/heads/master/pl.xml.gz
[2026-03-16] 频道: 河源综合 | 数据源: https://github.com/litiande03/epg/raw/refs/heads/master/pl.xml.gz
[2026-03-08] 频道: 河源生活 | 数据源: https://github.com/litiande03/epg/raw/refs/heads/master/pl.xml.gz
[2026-03-09] 频道: 河源生活 | 数据源: https://github.com/litiande03/epg/raw/refs/heads/master/pl.xml.gz
[2026-03-10] 频道: 河源生活 | 数据源: https://github.com/litiande03/epg/raw/refs/heads/master/pl.xml.gz
[2026-03-11] 频道: 河源生活 | 数据源: https://github.com/litiande03/epg/raw/refs/heads/master/pl.xml.gz
[2026-03-12] 频道: 河源生活 | 数据源: https://github.com/litiande03/epg/raw/refs/heads/master/pl.xml.gz
[2026-03-13] 频道: 河源生活 | 数据源: https://github.com/litiande03/epg/raw/refs/heads/master/pl.xml.gz
[2026-03-14] 频道: 河源生活 | 数据源: https://github.com/litiande03/epg/raw/refs/heads/master/pl.xml.gz
[2026-03-15] 频道: 河源生活 | 数据源: https://github.com/litiande03/epg/raw/refs/heads/master/pl.xml.gz
[2026-03-16] 频道: 河源生活 | 数据源: https://github.com/litiande03/epg/raw/refs/heads/master/pl.xml.gz
[2026-03-08] 频道: 梅州综合 | 数据源: https://github.com/litiande03/epg/raw/refs/heads/master/pl.xml.gz
[2026-03-09] 频道: 梅州综合 | 数据源: https://github.com/litiande03/epg/raw/refs/heads/master/pl.xml.gz
[2026-03-10] 频道: 梅州综合 | 数据源: https://github.com/litiande03/epg/raw/refs/heads/master/pl.xml.gz
[2026-03-11] 频道: 梅州综合 | 数据源: https://github.com/litiande03/epg/raw/refs/heads/master/pl.xml.gz
[2026-03-12] 频道: 梅州综合 | 数据源: https://github.com/litiande03/epg/raw/refs/heads/master/pl.xml.gz
[2026-03-13] 频道: 梅州综合 | 数据源: https://github.com/litiande03/epg/raw/refs/heads/master/pl.xml.gz
[2026-03-14] 频道: 梅州综合 | 数据源: https://github.com/litiande03/epg/raw/refs/heads/master/pl.xml.gz
[2026-03-15] 频道: 梅州综合 | 数据源: https://github.com/litiande03/epg/raw/refs/heads/master/pl.xml.gz
[2026-03-16] 频道: 梅州综合 | 数据源: https://github.com/litiande03/epg/raw/refs/heads/master/pl.xml.gz
[2026-03-08] 频道: 梅州客家生活 | 数据源: https://github.com/litiande03/epg/raw/refs/heads/master/pl.xml.gz
[2026-03-09] 频道: 梅州客家生活 | 数据源: https://github.com/litiande03/epg/raw/refs/heads/master/pl.xml.gz
[2026-03-10] 频道: 梅州客家生活 | 数据源: https://github.com/litiande03/epg/raw/refs/heads/master/pl.xml.gz
[2026-03-11] 频道: 梅州客家生活 | 数据源: https://github.com/litiande03/epg/raw/refs/heads/master/pl.xml.gz
[2026-03-12] 频道: 梅州客家生活 | 数据源: https://github.com/litiande03/epg/raw/refs/heads/master/pl.xml.gz
[2026-03-13] 频道: 梅州客家生活 | 数据源: https://github.com/litiande03/epg/raw/refs/heads/master/pl.xml.gz
[2026-03-14] 频道: 梅州客家生活 | 数据源: https://github.com/litiande03/epg/raw/refs/heads/master/pl.xml.gz
[2026-03-15] 频道: 梅州客家生活 | 数据源: https://github.com/litiande03/epg/raw/refs/heads/master/pl.xml.gz
[2026-03-16] 频道: 梅州客家生活 | 数据源: https://github.com/litiande03/epg/raw/refs/heads/master/pl.xml.gz
[2026-03-08] 频道: 宜和购物 | 数据源: https://github.com/litiande03/epg/raw/refs/heads/master/pl.xml.gz
[2026-03-09] 频道: 宜和购物 | 数据源: https://github.com/litiande03/epg/raw/refs/heads/master/pl.xml.gz
[2026-03-10] 频道: 宜和购物 | 数据源: https://github.com/litiande03/epg/raw/refs/heads/master/pl.xml.gz
[2026-03-11] 频道: 宜和购物 | 数据源: https://github.com/litiande03/epg/raw/refs/heads/master/pl.xml.gz
[2026-03-12] 频道: 宜和购物 | 数据源: https://github.com/litiande03/epg/raw/refs/heads/master/pl.xml.gz
[2026-03-13] 频道: 宜和购物 | 数据源: https://github.com/litiande03/epg/raw/refs/heads/master/pl.xml.gz
[2026-03-14] 频道: 宜和购物 | 数据源: https://github.com/litiande03/epg/raw/refs/heads/master/pl.xml.gz
[2026-03-15] 频道: 宜和购物 | 数据源: https://github.com/litiande03/epg/raw/refs/heads/master/pl.xml.gz
[2026-03-16] 频道: 宜和购物 | 数据源: https://github.com/litiande03/epg/raw/refs/heads/master/pl.xml.gz
[2026-03-08] 频道: CCTV-4 中文国际 | 数据源: https://github.com/litiande03/epg/raw/refs/heads/master/pl.xml.gz
[2026-03-09] 频道: CCTV-4 中文国际 | 数据源: https://github.com/litiande03/epg/raw/refs/heads/master/pl.xml.gz
[2026-03-10] 频道: CCTV-4 中文国际 | 数据源: https://github.com/litiande03/epg/raw/refs/heads/master/pl.xml.gz
[2026-03-11] 频道: CCTV-4 中文国际 | 数据源: https://github.com/litiande03/epg/raw/refs/heads/master/pl.xml.gz
[2026-03-12] 频道: CCTV-4 中文国际 | 数据源: https://github.com/litiande03/epg/raw/refs/heads/master/pl.xml.gz
[2026-03-13] 频道: CCTV-4 中文国际 | 数据源: https://github.com/litiande03/epg/raw/refs/heads/master/pl.xml.gz
[2026-03-14] 频道: CCTV-4 中文国际 | 数据源: https://github.com/litiande03/epg/raw/refs/heads/master/pl.xml.gz
[2026-03-15] 频道: CCTV-4 中文国际 | 数据源: https://github.com/litiande03/epg/raw/refs/heads/master/pl.xml.gz
[2026-03-16] 频道: CCTV-4 中文国际 | 数据源: https://github.com/litiande03/epg/raw/refs/heads/master/pl.xml.gz
[2026-03-17] 频道: CCTV-4 中文国际 | 数据源: https://github.com/litiande03/epg/raw/refs/heads/master/pl.xml.gz
[2026-03-14] 频道: CCTV-4 中文国际欧洲 | 数据源: https://github.com/litiande03/epg/raw/refs/heads/master/pl.xml.gz
[2026-03-15] 频道: CCTV-4 中文国际欧洲 | 数据源: https://github.com/litiande03/epg/raw/refs/heads/master/pl.xml.gz
[2026-03-14] 频道: CCTV-4 中文国际美洲 | 数据源: https://github.com/litiande03/epg/raw/refs/heads/master/pl.xml.gz
[2026-03-15] 频道: CCTV-4 中文国际美洲 | 数据源: https://github.com/litiande03/epg/raw/refs/heads/master/pl.xml.gz
[2026-03-08] 频道: CCTV-7 国防 军事 | 数据源: https://github.com/litiande03/epg/raw/refs/heads/master/pl.xml.gz
[2026-03-09] 频道: CCTV-7 国防 军事 | 数据源: https://github.com/litiande03/epg/raw/refs/heads/master/pl.xml.gz
[2026-03-10] 频道: CCTV-7 国防 军事 | 数据源: https://github.com/litiande03/epg/raw/refs/heads/master/pl.xml.gz
[2026-03-11] 频道: CCTV-7 国防 军事 | 数据源: https://github.com/litiande03/epg/raw/refs/heads/master/pl.xml.gz
[2026-03-12] 频道: CCTV-7 国防 军事 | 数据源: https://github.com/litiande03/epg/raw/refs/heads/master/pl.xml.gz
[2026-03-13] 频道: CCTV-7 国防 军事 | 数据源: https://github.com/litiande03/epg/raw/refs/heads/master/pl.xml.gz
[2026-03-14] 频道: CCTV-7 国防 军事 | 数据源: https://github.com/litiande03/epg/raw/refs/heads/master/pl.xml.gz
[2026-03-15] 频道: CCTV-7 国防 军事 | 数据源: https://github.com/litiande03/epg/raw/refs/heads/master/pl.xml.gz
[2026-03-16] 频道: CCTV-7 国防 军事 | 数据源: https://github.com/litiande03/epg/raw/refs/heads/master/pl.xml.gz
[2026-03-17] 频道: CCTV-7 国防 军事 | 数据源: https://github.com/litiande03/epg/raw/refs/heads/master/pl.xml.gz
[2026-03-08] 频道: CCTV-9 记录 | 数据源: https://github.com/litiande03/epg/raw/refs/heads/master/pl.xml.gz
[2026-03-09] 频道: CCTV-9 记录 | 数据源: https://github.com/litiande03/epg/raw/refs/heads/master/pl.xml.gz
[2026-03-10] 频道: CCTV-9 记录 | 数据源: https://github.com/litiande03/epg/raw/refs/heads/master/pl.xml.gz
[2026-03-11] 频道: CCTV-9 记录 | 数据源: https://github.com/litiande03/epg/raw/refs/heads/master/pl.xml.gz
[2026-03-12] 频道: CCTV-9 记录 | 数据源: https://github.com/litiande03/epg/raw/refs/heads/master/pl.xml.gz
[2026-03-13] 频道: CCTV-9 记录 | 数据源: https://github.com/litiande03/epg/raw/refs/heads/master/pl.xml.gz
[2026-03-14] 频道: CCTV-9 记录 | 数据源: https://github.com/litiande03/epg/raw/refs/heads/master/pl.xml.gz
[2026-03-15] 频道: CCTV-9 记录 | 数据源: https://github.com/litiande03/epg/raw/refs/heads/master/pl.xml.gz
[2026-03-16] 频道: CCTV-9 记录 | 数据源: https://github.com/litiande03/epg/raw/refs/heads/master/pl.xml.gz
[2026-03-17] 频道: CCTV-9 记录 | 数据源: https://github.com/litiande03/epg/raw/refs/heads/master/pl.xml.gz
[2026-03-08] 频道: CCTV-13 新闻 | 数据源: https://github.com/litiande03/epg/raw/refs/heads/master/pl.xml.gz
[2026-03-09] 频道: CCTV-13 新闻 | 数据源: https://github.com/litiande03/epg/raw/refs/heads/master/pl.xml.gz
[2026-03-10] 频道: CCTV-13 新闻 | 数据源: https://github.com/litiande03/epg/raw/refs/heads/master/pl.xml.gz
[2026-03-11] 频道: CCTV-13 新闻 | 数据源: https://github.com/litiande03/epg/raw/refs/heads/master/pl.xml.gz
[2026-03-12] 频道: CCTV-13 新闻 | 数据源: https://github.com/litiande03/epg/raw/refs/heads/master/pl.xml.gz
[2026-03-13] 频道: CCTV-13 新闻 | 数据源: https://github.com/litiande03/epg/raw/refs/heads/master/pl.xml.gz
[2026-03-14] 频道: CCTV-13 新闻 | 数据源: https://github.com/litiande03/epg/raw/refs/heads/master/pl.xml.gz
[2026-03-14] 频道: CCTV-16 奥林匹克 | 数据源: https://github.com/litiande03/epg/raw/refs/heads/master/pl.xml.gz
[2026-03-15] 频道: CCTV-16 奥林匹克 | 数据源: https://github.com/litiande03/epg/raw/refs/heads/master/pl.xml.gz
[2026-03-16] 频道: CCTV-16 奥林匹克 | 数据源: https://github.com/litiande03/epg/raw/refs/heads/master/pl.xml.gz
[2026-03-17] 频道: CCTV-16 奥林匹克 | 数据源: https://github.com/litiande03/epg/raw/refs/heads/master/pl.xml.gz
[2026-03-08] 频道: CCTV-17 农业 农村 | 数据源: https://github.com/litiande03/epg/raw/refs/heads/master/pl.xml.gz
[2026-03-09] 频道: CCTV-17 农业 农村 | 数据源: https://github.com/litiande03/epg/raw/refs/heads/master/pl.xml.gz
[2026-03-10] 频道: CCTV-17 农业 农村 | 数据源: https://github.com/litiande03/epg/raw/refs/heads/master/pl.xml.gz
[2026-03-11] 频道: CCTV-17 农业 农村 | 数据源: https://github.com/litiande03/epg/raw/refs/heads/master/pl.xml.gz
[2026-03-12] 频道: CCTV-17 农业 农村 | 数据源: https://github.com/litiande03/epg/raw/refs/heads/master/pl.xml.gz
[2026-03-13] 频道: CCTV-17 农业 农村 | 数据源: https://github.com/litiande03/epg/raw/refs/heads/master/pl.xml.gz
[2026-03-14] 频道: CCTV-17 农业 农村 | 数据源: https://github.com/litiande03/epg/raw/refs/heads/master/pl.xml.gz
[2026-03-15] 频道: CCTV-17 农业 农村 | 数据源: https://github.com/litiande03/epg/raw/refs/heads/master/pl.xml.gz
[2026-03-16] 频道: CCTV-17 农业 农村 | 数据源: https://github.com/litiande03/epg/raw/refs/heads/master/pl.xml.gz
[2026-03-17] 频道: CCTV-17 农业 农村 | 数据源: https://github.com/litiande03/epg/raw/refs/heads/master/pl.xml.gz
[2026-03-08] 频道: CCTV-卫生健康 | 数据源: https://github.com/litiande03/epg/raw/refs/heads/master/pl.xml.gz
[2026-03-09] 频道: CCTV-卫生健康 | 数据源: https://github.com/litiande03/epg/raw/refs/heads/master/pl.xml.gz
[2026-03-10] 频道: CCTV-卫生健康 | 数据源: https://github.com/litiande03/epg/raw/refs/heads/master/pl.xml.gz
[2026-03-11] 频道: CCTV-卫生健康 | 数据源: https://github.com/litiande03/epg/raw/refs/heads/master/pl.xml.gz
[2026-03-12] 频道: CCTV-卫生健康 | 数据源: https://github.com/litiande03/epg/raw/refs/heads/master/pl.xml.gz
[2026-03-13] 频道: CCTV-卫生健康 | 数据源: https://github.com/litiande03/epg/raw/refs/heads/master/pl.xml.gz
[2026-03-14] 频道: CCTV-卫生健康 | 数据源: https://github.com/litiande03/epg/raw/refs/heads/master/pl.xml.gz
[2026-03-15] 频道: CCTV-卫生健康 | 数据源: https://github.com/litiande03/epg/raw/refs/heads/master/pl.xml.gz
[2026-03-16] 频道: CCTV-卫生健康 | 数据源: https://github.com/litiande03/epg/raw/refs/heads/master/pl.xml.gz
[2026-03-17] 频道: CCTV-卫生健康 | 数据源: https://github.com/litiande03/epg/raw/refs/heads/master/pl.xml.gz
[2026-03-08] 频道: CCTV-兵器科技 | 数据源: https://github.com/litiande03/epg/raw/refs/heads/master/pl.xml.gz
[2026-03-09] 频道: CCTV-兵器科技 | 数据源: https://github.com/litiande03/epg/raw/refs/heads/master/pl.xml.gz
[2026-03-10] 频道: CCTV-兵器科技 | 数据源: https://github.com/litiande03/epg/raw/refs/heads/master/pl.xml.gz
[2026-03-11] 频道: CCTV-兵器科技 | 数据源: https://github.com/litiande03/epg/raw/refs/heads/master/pl.xml.gz
[2026-03-12] 频道: CCTV-兵器科技 | 数据源: https://github.com/litiande03/epg/raw/refs/heads/master/pl.xml.gz
[2026-03-13] 频道: CCTV-兵器科技 | 数据源: https://github.com/litiande03/epg/raw/refs/heads/master/pl.xml.gz
[2026-03-14] 频道: CCTV-兵器科技 | 数据源: https://github.com/litiande03/epg/raw/refs/heads/master/pl.xml.gz
[2026-03-15] 频道: CCTV-兵器科技 | 数据源: https://github.com/litiande03/epg/raw/refs/heads/master/pl.xml.gz
[2026-03-16] 频道: CCTV-兵器科技 | 数据源: https://github.com/litiande03/epg/raw/refs/heads/master/pl.xml.gz
[2026-03-17] 频道: CCTV-兵器科技 | 数据源: https://github.com/litiande03/epg/raw/refs/heads/master/pl.xml.gz
[2026-03-08] 频道: CCTV-电视指南 | 数据源: https://github.com/litiande03/epg/raw/refs/heads/master/pl.xml.gz
[2026-03-09] 频道: CCTV-电视指南 | 数据源: https://github.com/litiande03/epg/raw/refs/heads/master/pl.xml.gz
[2026-03-10] 频道: CCTV-电视指南 | 数据源: https://github.com/litiande03/epg/raw/refs/heads/master/pl.xml.gz
[2026-03-11] 频道: CCTV-电视指南 | 数据源: https://github.com/litiande03/epg/raw/refs/heads/master/pl.xml.gz
[2026-03-12] 频道: CCTV-电视指南 | 数据源: https://github.com/litiande03/epg/raw/refs/heads/master/pl.xml.gz
[2026-03-13] 频道: CCTV-电视指南 | 数据源: https://github.com/litiande03/epg/raw/refs/heads/master/pl.xml.gz
[2026-03-14] 频道: CCTV-电视指南 | 数据源: https://github.com/litiande03/epg/raw/refs/heads/master/pl.xml.gz
[2026-03-15] 频道: CCTV-电视指南 | 数据源: https://github.com/litiande03/epg/raw/refs/heads/master/pl.xml.gz
[2026-03-16] 频道: CCTV-电视指南 | 数据源: https://github.com/litiande03/epg/raw/refs/heads/master/pl.xml.gz
[2026-03-17] 频道: CCTV-电视指南 | 数据源: https://github.com/litiande03/epg/raw/refs/heads/master/pl.xml.gz
[2026-03-08] 频道: CCTV-央视足球 | 数据源: https://github.com/litiande03/epg/raw/refs/heads/master/pl.xml.gz
[2026-03-09] 频道: CCTV-央视足球 | 数据源: https://github.com/litiande03/epg/raw/refs/heads/master/pl.xml.gz
[2026-03-10] 频道: CCTV-央视足球 | 数据源: https://github.com/litiande03/epg/raw/refs/heads/master/pl.xml.gz
[2026-03-11] 频道: CCTV-央视足球 | 数据源: https://github.com/litiande03/epg/raw/refs/heads/master/pl.xml.gz
[2026-03-12] 频道: CCTV-央视足球 | 数据源: https://github.com/litiande03/epg/raw/refs/heads/master/pl.xml.gz
[2026-03-13] 频道: CCTV-央视足球 | 数据源: https://github.com/litiande03/epg/raw/refs/heads/master/pl.xml.gz
[2026-03-14] 频道: CCTV-央视足球 | 数据源: https://github.com/litiande03/epg/raw/refs/heads/master/pl.xml.gz
[2026-03-15] 频道: CCTV-央视足球 | 数据源: https://github.com/litiande03/epg/raw/refs/heads/master/pl.xml.gz
[2026-03-16] 频道: CCTV-央视足球 | 数据源: https://github.com/litiande03/epg/raw/refs/heads/master/pl.xml.gz
[2026-03-17] 频道: CCTV-央视足球 | 数据源: https://github.com/litiande03/epg/raw/refs/heads/master/pl.xml.gz
[2026-03-08] 频道: CCTV-央视台球 | 数据源: https://github.com/litiande03/epg/raw/refs/heads/master/pl.xml.gz
[2026-03-09] 频道: CCTV-央视台球 | 数据源: https://github.com/litiande03/epg/raw/refs/heads/master/pl.xml.gz
[2026-03-10] 频道: CCTV-央视台球 | 数据源: https://github.com/litiande03/epg/raw/refs/heads/master/pl.xml.gz
[2026-03-11] 频道: CCTV-央视台球 | 数据源: https://github.com/litiande03/epg/raw/refs/heads/master/pl.xml.gz
[2026-03-12] 频道: CCTV-央视台球 | 数据源: https://github.com/litiande03/epg/raw/refs/heads/master/pl.xml.gz
[2026-03-13] 频道: CCTV-央视台球 | 数据源: https://github.com/litiande03/epg/raw/refs/heads/master/pl.xml.gz
[2026-03-14] 频道: CCTV-央视台球 | 数据源: https://github.com/litiande03/epg/raw/refs/heads/master/pl.xml.gz
[2026-03-15] 频道: CCTV-央视台球 | 数据源: https://github.com/litiande03/epg/raw/refs/heads/master/pl.xml.gz
[2026-03-16] 频道: CCTV-央视台球 | 数据源: https://github.com/litiande03/epg/raw/refs/heads/master/pl.xml.gz
[2026-03-17] 频道: CCTV-央视台球 | 数据源: https://github.com/litiande03/epg/raw/refs/heads/master/pl.xml.gz
[2026-03-08] 频道: CCTV-高尔夫网球 | 数据源: https://github.com/litiande03/epg/raw/refs/heads/master/pl.xml.gz
[2026-03-09] 频道: CCTV-高尔夫网球 | 数据源: https://github.com/litiande03/epg/raw/refs/heads/master/pl.xml.gz
[2026-03-10] 频道: CCTV-高尔夫网球 | 数据源: https://github.com/litiande03/epg/raw/refs/heads/master/pl.xml.gz
[2026-03-11] 频道: CCTV-高尔夫网球 | 数据源: https://github.com/litiande03/epg/raw/refs/heads/master/pl.xml.gz
[2026-03-12] 频道: CCTV-高尔夫网球 | 数据源: https://github.com/litiande03/epg/raw/refs/heads/master/pl.xml.gz
[2026-03-13] 频道: CCTV-高尔夫网球 | 数据源: https://github.com/litiande03/epg/raw/refs/heads/master/pl.xml.gz
[2026-03-14] 频道: CCTV-高尔夫网球 | 数据源: https://github.com/litiande03/epg/raw/refs/heads/master/pl.xml.gz
[2026-03-15] 频道: CCTV-高尔夫网球 | 数据源: https://github.com/litiande03/epg/raw/refs/heads/master/pl.xml.gz
[2026-03-16] 频道: CCTV-高尔夫网球 | 数据源: https://github.com/litiande03/epg/raw/refs/heads/master/pl.xml.gz
[2026-03-17] 频道: CCTV-高尔夫网球 | 数据源: https://github.com/litiande03/epg/raw/refs/heads/master/pl.xml.gz
[2026-03-08] 频道: CCTV-女性时尚 | 数据源: https://github.com/litiande03/epg/raw/refs/heads/master/pl.xml.gz
[2026-03-09] 频道: CCTV-女性时尚 | 数据源: https://github.com/litiande03/epg/raw/refs/heads/master/pl.xml.gz
[2026-03-10] 频道: CCTV-女性时尚 | 数据源: https://github.com/litiande03/epg/raw/refs/heads/master/pl.xml.gz
[2026-03-11] 频道: CCTV-女性时尚 | 数据源: https://github.com/litiande03/epg/raw/refs/heads/master/pl.xml.gz
[2026-03-12] 频道: CCTV-女性时尚 | 数据源: https://github.com/litiande03/epg/raw/refs/heads/master/pl.xml.gz
[2026-03-13] 频道: CCTV-女性时尚 | 数据源: https://github.com/litiande03/epg/raw/refs/heads/master/pl.xml.gz
[2026-03-14] 频道: CCTV-女性时尚 | 数据源: https://github.com/litiande03/epg/raw/refs/heads/master/pl.xml.gz
[2026-03-15] 频道: CCTV-女性时尚 | 数据源: https://github.com/litiande03/epg/raw/refs/heads/master/pl.xml.gz
[2026-03-16] 频道: CCTV-女性时尚 | 数据源: https://github.com/litiande03/epg/raw/refs/heads/master/pl.xml.gz
[2026-03-17] 频道: CCTV-女性时尚 | 数据源: https://github.com/litiande03/epg/raw/refs/heads/master/pl.xml.gz
[2026-03-08] 频道: CCTV-世界地理 | 数据源: https://github.com/litiande03/epg/raw/refs/heads/master/pl.xml.gz
[2026-03-09] 频道: CCTV-世界地理 | 数据源: https://github.com/litiande03/epg/raw/refs/heads/master/pl.xml.gz
[2026-03-10] 频道: CCTV-世界地理 | 数据源: https://github.com/litiande03/epg/raw/refs/heads/master/pl.xml.gz
[2026-03-11] 频道: CCTV-世界地理 | 数据源: https://github.com/litiande03/epg/raw/refs/heads/master/pl.xml.gz
[2026-03-12] 频道: CCTV-世界地理 | 数据源: https://github.com/litiande03/epg/raw/refs/heads/master/pl.xml.gz
[2026-03-13] 频道: CCTV-世界地理 | 数据源: https://github.com/litiande03/epg/raw/refs/heads/master/pl.xml.gz
[2026-03-14] 频道: CCTV-世界地理 | 数据源: https://github.com/litiande03/epg/raw/refs/heads/master/pl.xml.gz
[2026-03-15] 频道: CCTV-世界地理 | 数据源: https://github.com/litiande03/epg/raw/refs/heads/master/pl.xml.gz
[2026-03-16] 频道: CCTV-世界地理 | 数据源: https://github.com/litiande03/epg/raw/refs/heads/master/pl.xml.gz
[2026-03-17] 频道: CCTV-世界地理 | 数据源: https://github.com/litiande03/epg/raw/refs/heads/master/pl.xml.gz
[2026-03-08] 频道: CCTV-怀旧剧场 | 数据源: https://github.com/litiande03/epg/raw/refs/heads/master/pl.xml.gz
[2026-03-09] 频道: CCTV-怀旧剧场 | 数据源: https://github.com/litiande03/epg/raw/refs/heads/master/pl.xml.gz
[2026-03-10] 频道: CCTV-怀旧剧场 | 数据源: https://github.com/litiande03/epg/raw/refs/heads/master/pl.xml.gz
[2026-03-11] 频道: CCTV-怀旧剧场 | 数据源: https://github.com/litiande03/epg/raw/refs/heads/master/pl.xml.gz
[2026-03-12] 频道: CCTV-怀旧剧场 | 数据源: https://github.com/litiande03/epg/raw/refs/heads/master/pl.xml.gz
[2026-03-13] 频道: CCTV-怀旧剧场 | 数据源: https://github.com/litiande03/epg/raw/refs/heads/master/pl.xml.gz
[2026-03-14] 频道: CCTV-怀旧剧场 | 数据源: https://github.com/litiande03/epg/raw/refs/heads/master/pl.xml.gz
[2026-03-15] 频道: CCTV-怀旧剧场 | 数据源: https://github.com/litiande03/epg/raw/refs/heads/master/pl.xml.gz
[2026-03-16] 频道: CCTV-怀旧剧场 | 数据源: https://github.com/litiande03/epg/raw/refs/heads/master/pl.xml.gz
[2026-03-17] 频道: CCTV-怀旧剧场 | 数据源: https://github.com/litiande03/epg/raw/refs/heads/master/pl.xml.gz
[2026-03-08] 频道: CCTV-风云剧场 | 数据源: https://github.com/litiande03/epg/raw/refs/heads/master/pl.xml.gz
[2026-03-09] 频道: CCTV-风云剧场 | 数据源: https://github.com/litiande03/epg/raw/refs/heads/master/pl.xml.gz
[2026-03-10] 频道: CCTV-风云剧场 | 数据源: https://github.com/litiande03/epg/raw/refs/heads/master/pl.xml.gz
[2026-03-11] 频道: CCTV-风云剧场 | 数据源: https://github.com/litiande03/epg/raw/refs/heads/master/pl.xml.gz
[2026-03-12] 频道: CCTV-风云剧场 | 数据源: https://github.com/litiande03/epg/raw/refs/heads/master/pl.xml.gz
[2026-03-13] 频道: CCTV-风云剧场 | 数据源: https://github.com/litiande03/epg/raw/refs/heads/master/pl.xml.gz
[2026-03-14] 频道: CCTV-风云剧场 | 数据源: https://github.com/litiande03/epg/raw/refs/heads/master/pl.xml.gz
[2026-03-15] 频道: CCTV-风云剧场 | 数据源: https://github.com/litiande03/epg/raw/refs/heads/master/pl.xml.gz
[2026-03-16] 频道: CCTV-风云剧场 | 数据源: https://github.com/litiande03/epg/raw/refs/heads/master/pl.xml.gz
[2026-03-17] 频道: CCTV-风云剧场 | 数据源: https://github.com/litiande03/epg/raw/refs/heads/master/pl.xml.gz
[2026-03-08] 频道: CCTV-央视文化精品 | 数据源: https://github.com/litiande03/epg/raw/refs/heads/master/pl.xml.gz
[2026-03-09] 频道: CCTV-央视文化精品 | 数据源: https://github.com/litiande03/epg/raw/refs/heads/master/pl.xml.gz
[2026-03-10] 频道: CCTV-央视文化精品 | 数据源: https://github.com/litiande03/epg/raw/refs/heads/master/pl.xml.gz
[2026-03-11] 频道: CCTV-央视文化精品 | 数据源: https://github.com/litiande03/epg/raw/refs/heads/master/pl.xml.gz
[2026-03-12] 频道: CCTV-央视文化精品 | 数据源: https://github.com/litiande03/epg/raw/refs/heads/master/pl.xml.gz
[2026-03-13] 频道: CCTV-央视文化精品 | 数据源: https://github.com/litiande03/epg/raw/refs/heads/master/pl.xml.gz
[2026-03-14] 频道: CCTV-央视文化精品 | 数据源: https://github.com/litiande03/epg/raw/refs/heads/master/pl.xml.gz
[2026-03-15] 频道: CCTV-央视文化精品 | 数据源: https://github.com/litiande03/epg/raw/refs/heads/master/pl.xml.gz
[2026-03-16] 频道: CCTV-央视文化精品 | 数据源: https://github.com/litiande03/epg/raw/refs/heads/master/pl.xml.gz
[2026-03-17] 频道: CCTV-央视文化精品 | 数据源: https://github.com/litiande03/epg/raw/refs/heads/master/pl.xml.gz
[2026-03-08] 频道: CCTV-第一剧场 | 数据源: https://github.com/litiande03/epg/raw/refs/heads/master/pl.xml.gz
[2026-03-09] 频道: CCTV-第一剧场 | 数据源: https://github.com/litiande03/epg/raw/refs/heads/master/pl.xml.gz
[2026-03-10] 频道: CCTV-第一剧场 | 数据源: https://github.com/litiande03/epg/raw/refs/heads/master/pl.xml.gz
[2026-03-11] 频道: CCTV-第一剧场 | 数据源: https://github.com/litiande03/epg/raw/refs/heads/master/pl.xml.gz
[2026-03-12] 频道: CCTV-第一剧场 | 数据源: https://github.com/litiande03/epg/raw/refs/heads/master/pl.xml.gz
[2026-03-13] 频道: CCTV-第一剧场 | 数据源: https://github.com/litiande03/epg/raw/refs/heads/master/pl.xml.gz
[2026-03-14] 频道: CCTV-第一剧场 | 数据源: https://github.com/litiande03/epg/raw/refs/heads/master/pl.xml.gz
[2026-03-15] 频道: CCTV-第一剧场 | 数据源: https://github.com/litiande03/epg/raw/refs/heads/master/pl.xml.gz
[2026-03-16] 频道: CCTV-第一剧场 | 数据源: https://github.com/litiande03/epg/raw/refs/heads/master/pl.xml.gz
[2026-03-17] 频道: CCTV-第一剧场 | 数据源: https://github.com/litiande03/epg/raw/refs/heads/master/pl.xml.gz
[2026-03-08] 频道: CCTV-风云音乐 | 数据源: https://github.com/litiande03/epg/raw/refs/heads/master/pl.xml.gz
[2026-03-09] 频道: CCTV-风云音乐 | 数据源: https://github.com/litiande03/epg/raw/refs/heads/master/pl.xml.gz
[2026-03-10] 频道: CCTV-风云音乐 | 数据源: https://github.com/litiande03/epg/raw/refs/heads/master/pl.xml.gz
[2026-03-11] 频道: CCTV-风云音乐 | 数据源: https://github.com/litiande03/epg/raw/refs/heads/master/pl.xml.gz
[2026-03-12] 频道: CCTV-风云音乐 | 数据源: https://github.com/litiande03/epg/raw/refs/heads/master/pl.xml.gz
[2026-03-13] 频道: CCTV-风云音乐 | 数据源: https://github.com/litiande03/epg/raw/refs/heads/master/pl.xml.gz
[2026-03-14] 频道: CCTV-风云音乐 | 数据源: https://github.com/litiande03/epg/raw/refs/heads/master/pl.xml.gz
[2026-03-15] 频道: CCTV-风云音乐 | 数据源: https://github.com/litiande03/epg/raw/refs/heads/master/pl.xml.gz
[2026-03-16] 频道: CCTV-风云音乐 | 数据源: https://github.com/litiande03/epg/raw/refs/heads/master/pl.xml.gz
[2026-03-17] 频道: CCTV-风云音乐 | 数据源: https://github.com/litiande03/epg/raw/refs/heads/master/pl.xml.gz
[2026-03-07] 频道: CGTN英语 | 数据源: https://github.com/mytv-android/SCTV_EPG/raw/refs/heads/main/epg.xml
[2026-03-08] 频道: CGTN英语 | 数据源: https://github.com/mytv-android/SCTV_EPG/raw/refs/heads/main/epg.xml
[2026-03-09] 频道: CGTN英语 | 数据源: https://github.com/mytv-android/SCTV_EPG/raw/refs/heads/main/epg.xml
[2026-03-10] 频道: CGTN英语 | 数据源: https://github.com/mytv-android/SCTV_EPG/raw/refs/heads/main/epg.xml
[2026-03-11] 频道: CGTN英语 | 数据源: https://github.com/mytv-android/SCTV_EPG/raw/refs/heads/main/epg.xml
[2026-03-12] 频道: CGTN英语 | 数据源: https://github.com/mytv-android/SCTV_EPG/raw/refs/heads/main/epg.xml
[2026-03-13] 频道: CGTN英语 | 数据源: https://github.com/mytv-android/SCTV_EPG/raw/refs/heads/main/epg.xml
[2026-03-14] 频道: CGTN英语 | 数据源: https://github.com/mytv-android/SCTV_EPG/raw/refs/heads/main/epg.xml
[2026-03-15] 频道: CGTN英语 | 数据源: https://github.com/litiande03/epg/raw/refs/heads/master/pl.xml.gz
[2026-03-16] 频道: CGTN英语 | 数据源: https://github.com/litiande03/epg/raw/refs/heads/master/pl.xml.gz
[2026-03-14] 频道: CGTN英文记录 | 数据源: https://github.com/litiande03/epg/raw/refs/heads/master/pl.xml.gz
[2026-03-15] 频道: CGTN英文记录 | 数据源: https://github.com/litiande03/epg/raw/refs/heads/master/pl.xml.gz
[2026-03-07] 频道: CGTN西班牙语 | 数据源: https://github.com/mytv-android/SCTV_EPG/raw/refs/heads/main/epg.xml
[2026-03-08] 频道: CGTN西班牙语 | 数据源: https://github.com/mytv-android/SCTV_EPG/raw/refs/heads/main/epg.xml
[2026-03-09] 频道: CGTN西班牙语 | 数据源: https://github.com/mytv-android/SCTV_EPG/raw/refs/heads/main/epg.xml
[2026-03-10] 频道: CGTN西班牙语 | 数据源: https://github.com/mytv-android/SCTV_EPG/raw/refs/heads/main/epg.xml
[2026-03-11] 频道: CGTN西班牙语 | 数据源: https://github.com/mytv-android/SCTV_EPG/raw/refs/heads/main/epg.xml
[2026-03-12] 频道: CGTN西班牙语 | 数据源: https://github.com/mytv-android/SCTV_EPG/raw/refs/heads/main/epg.xml
[2026-03-13] 频道: CGTN西班牙语 | 数据源: https://github.com/mytv-android/SCTV_EPG/raw/refs/heads/main/epg.xml
[2026-03-14] 频道: CGTN西班牙语 | 数据源: https://github.com/mytv-android/SCTV_EPG/raw/refs/heads/main/epg.xml
[2026-03-15] 频道: CGTN西班牙语 | 数据源: https://github.com/litiande03/epg/raw/refs/heads/master/pl.xml.gz
[2026-03-16] 频道: CGTN西班牙语 | 数据源: https://github.com/litiande03/epg/raw/refs/heads/master/pl.xml.gz
[2026-03-14] 频道: CGTN阿拉伯语 | 数据源: https://github.com/litiande03/epg/raw/refs/heads/master/pl.xml.gz
[2026-03-15] 频道: CGTN阿拉伯语 | 数据源: https://github.com/litiande03/epg/raw/refs/heads/master/pl.xml.gz
[2026-03-16] 频道: CGTN阿拉伯语 | 数据源: https://github.com/litiande03/epg/raw/refs/heads/master/pl.xml.gz
[2026-03-17] 频道: CGTN阿拉伯语 | 数据源: https://github.com/litiande03/epg/raw/refs/heads/master/pl.xml.gz
[2026-03-08] 频道: 茶 | 数据源: https://github.com/litiande03/epg/raw/refs/heads/master/pl.xml.gz
[2026-03-09] 频道: 茶 | 数据源: https://github.com/litiande03/epg/raw/refs/heads/master/pl.xml.gz
[2026-03-10] 频道: 茶 | 数据源: https://github.com/litiande03/epg/raw/refs/heads/master/pl.xml.gz
[2026-03-11] 频道: 茶 | 数据源: https://github.com/litiande03/epg/raw/refs/heads/master/pl.xml.gz
[2026-03-12] 频道: 茶 | 数据源: https://github.com/litiande03/epg/raw/refs/heads/master/pl.xml.gz
[2026-03-13] 频道: 茶 | 数据源: https://github.com/litiande03/epg/raw/refs/heads/master/pl.xml.gz
[2026-03-14] 频道: 茶 | 数据源: https://github.com/litiande03/epg/raw/refs/heads/master/pl.xml.gz
[2026-03-15] 频道: 茶 | 数据源: https://github.com/litiande03/epg/raw/refs/heads/master/pl.xml.gz
[2026-03-16] 频道: 茶 | 数据源: https://github.com/litiande03/epg/raw/refs/heads/master/pl.xml.gz
[2026-03-17] 频道: 茶 | 数据源: https://github.com/litiande03/epg/raw/refs/heads/master/pl.xml.gz
[2026-03-08] 频道: 广东卫视4K | 数据源: https://github.com/litiande03/epg/raw/refs/heads/master/pl.xml.gz
[2026-03-09] 频道: 广东卫视4K | 数据源: https://github.com/litiande03/epg/raw/refs/heads/master/pl.xml.gz
[2026-03-10] 频道: 广东卫视4K | 数据源: https://github.com/litiande03/epg/raw/refs/heads/master/pl.xml.gz
[2026-03-11] 频道: 广东卫视4K | 数据源: https://github.com/litiande03/epg/raw/refs/heads/master/pl.xml.gz
[2026-03-12] 频道: 广东卫视4K | 数据源: https://github.com/litiande03/epg/raw/refs/heads/master/pl.xml.gz
[2026-03-13] 频道: 广东卫视4K | 数据源: https://github.com/litiande03/epg/raw/refs/heads/master/pl.xml.gz
[2026-03-14] 频道: 广东卫视4K | 数据源: https://github.com/litiande03/epg/raw/refs/heads/master/pl.xml.gz
[2026-03-15] 频道: 广东卫视4K | 数据源: https://github.com/litiande03/epg/raw/refs/heads/master/pl.xml.gz
[2026-03-16] 频道: 广东卫视4K | 数据源: https://github.com/litiande03/epg/raw/refs/heads/master/pl.xml.gz
[2026-03-17] 频道: 广东卫视4K | 数据源: https://github.com/litiande03/epg/raw/refs/heads/master/pl.xml.gz
[2026-03-11] 频道: 广东4K | 数据源: https://github.com/litiande03/epg/raw/refs/heads/master/pl.xml.gz
[2026-03-12] 频道: 广东4K | 数据源: https://github.com/litiande03/epg/raw/refs/heads/master/pl.xml.gz
[2026-03-13] 频道: 广东4K | 数据源: https://github.com/litiande03/epg/raw/refs/heads/master/pl.xml.gz
[2026-03-14] 频道: 广东4K | 数据源: https://github.com/litiande03/epg/raw/refs/heads/master/pl.xml.gz
[2026-03-15] 频道: 广东4K | 数据源: https://github.com/litiande03/epg/raw/refs/heads/master/pl.xml.gz
[2026-03-16] 频道: 广东4K | 数据源: https://github.com/litiande03/epg/raw/refs/heads/master/pl.xml.gz
[2026-03-14] 频道: 广州南国都市4K | 数据源: https://github.com/litiande03/epg/raw/refs/heads/master/pl.xml.gz
[2026-03-15] 频道: 广州南国都市4K | 数据源: https://github.com/litiande03/epg/raw/refs/heads/master/pl.xml.gz
[2026-03-16] 频道: 广州南国都市4K | 数据源: https://github.com/litiande03/epg/raw/refs/heads/master/pl.xml.gz
[2026-03-08] 频道: 深圳卫视4K | 数据源: https://github.com/litiande03/epg/raw/refs/heads/master/pl.xml.gz
[2026-03-09] 频道: 深圳卫视4K | 数据源: https://github.com/litiande03/epg/raw/refs/heads/master/pl.xml.gz
[2026-03-10] 频道: 深圳卫视4K | 数据源: https://github.com/litiande03/epg/raw/refs/heads/master/pl.xml.gz
[2026-03-11] 频道: 深圳卫视4K | 数据源: https://github.com/litiande03/epg/raw/refs/heads/master/pl.xml.gz
[2026-03-12] 频道: 深圳卫视4K | 数据源: https://github.com/litiande03/epg/raw/refs/heads/master/pl.xml.gz
[2026-03-13] 频道: 深圳卫视4K | 数据源: https://github.com/litiande03/epg/raw/refs/heads/master/pl.xml.gz
[2026-03-14] 频道: 深圳卫视4K | 数据源: https://github.com/litiande03/epg/raw/refs/heads/master/pl.xml.gz
[2026-03-15] 频道: 深圳卫视4K | 数据源: https://github.com/litiande03/epg/raw/refs/heads/master/pl.xml.gz
[2026-03-16] 频道: 深圳卫视4K | 数据源: https://github.com/litiande03/epg/raw/refs/heads/master/pl.xml.gz
[2026-03-17] 频道: 深圳卫视4K | 数据源: https://github.com/litiande03/epg/raw/refs/heads/master/pl.xml.gz
[2026-03-07] 频道: 北京卫视4K | 数据源: https://github.com/mytv-android/SCTV_EPG/raw/refs/heads/main/epg.xml
[2026-03-08] 频道: 北京卫视4K | 数据源: https://github.com/mytv-android/SCTV_EPG/raw/refs/heads/main/epg.xml
[2026-03-09] 频道: 北京卫视4K | 数据源: https://github.com/mytv-android/SCTV_EPG/raw/refs/heads/main/epg.xml
[2026-03-10] 频道: 北京卫视4K | 数据源: https://github.com/mytv-android/SCTV_EPG/raw/refs/heads/main/epg.xml
[2026-03-11] 频道: 北京卫视4K | 数据源: https://github.com/mytv-android/SCTV_EPG/raw/refs/heads/main/epg.xml
[2026-03-12] 频道: 北京卫视4K | 数据源: https://github.com/mytv-android/SCTV_EPG/raw/refs/heads/main/epg.xml
[2026-03-13] 频道: 北京卫视4K | 数据源: https://github.com/mytv-android/SCTV_EPG/raw/refs/heads/main/epg.xml
[2026-03-14] 频道: 北京卫视4K | 数据源: https://github.com/mytv-android/SCTV_EPG/raw/refs/heads/main/epg.xml
[2026-03-15] 频道: 北京卫视4K | 数据源: https://github.com/mytv-android/SCTV_EPG/raw/refs/heads/main/epg.xml
[2026-03-08] 频道: 湖南卫视4K | 数据源: https://github.com/litiande03/epg/raw/refs/heads/master/pl.xml.gz
[2026-03-09] 频道: 湖南卫视4K | 数据源: https://github.com/litiande03/epg/raw/refs/heads/master/pl.xml.gz
[2026-03-10] 频道: 湖南卫视4K | 数据源: https://github.com/litiande03/epg/raw/refs/heads/master/pl.xml.gz
[2026-03-11] 频道: 湖南卫视4K | 数据源: https://github.com/litiande03/epg/raw/refs/heads/master/pl.xml.gz
[2026-03-12] 频道: 湖南卫视4K | 数据源: https://github.com/litiande03/epg/raw/refs/heads/master/pl.xml.gz
[2026-03-13] 频道: 湖南卫视4K | 数据源: https://github.com/litiande03/epg/raw/refs/heads/master/pl.xml.gz
[2026-03-14] 频道: 湖南卫视4K | 数据源: https://github.com/litiande03/epg/raw/refs/heads/master/pl.xml.gz
[2026-03-15] 频道: 湖南卫视4K | 数据源: https://github.com/litiande03/epg/raw/refs/heads/master/pl.xml.gz
[2026-03-16] 频道: 湖南卫视4K | 数据源: https://github.com/litiande03/epg/raw/refs/heads/master/pl.xml.gz
[2026-03-17] 频道: 湖南卫视4K | 数据源: https://github.com/litiande03/epg/raw/refs/heads/master/pl.xml.gz
[2026-03-08] 频道: 江苏卫视4K | 数据源: https://github.com/litiande03/epg/raw/refs/heads/master/pl.xml.gz
[2026-03-09] 频道: 江苏卫视4K | 数据源: https://github.com/litiande03/epg/raw/refs/heads/master/pl.xml.gz
[2026-03-10] 频道: 江苏卫视4K | 数据源: https://github.com/litiande03/epg/raw/refs/heads/master/pl.xml.gz
[2026-03-11] 频道: 江苏卫视4K | 数据源: https://github.com/litiande03/epg/raw/refs/heads/master/pl.xml.gz
[2026-03-12] 频道: 江苏卫视4K | 数据源: https://github.com/litiande03/epg/raw/refs/heads/master/pl.xml.gz
[2026-03-13] 频道: 江苏卫视4K | 数据源: https://github.com/litiande03/epg/raw/refs/heads/master/pl.xml.gz
[2026-03-14] 频道: 江苏卫视4K | 数据源: https://github.com/litiande03/epg/raw/refs/heads/master/pl.xml.gz
[2026-03-15] 频道: 江苏卫视4K | 数据源: https://github.com/litiande03/epg/raw/refs/heads/master/pl.xml.gz
[2026-03-16] 频道: 江苏卫视4K | 数据源: https://github.com/litiande03/epg/raw/refs/heads/master/pl.xml.gz
[2026-03-17] 频道: 江苏卫视4K | 数据源: https://github.com/litiande03/epg/raw/refs/heads/master/pl.xml.gz
[2026-03-08] 频道: 浙江卫视4K | 数据源: https://github.com/litiande03/epg/raw/refs/heads/master/pl.xml.gz
[2026-03-09] 频道: 浙江卫视4K | 数据源: https://github.com/litiande03/epg/raw/refs/heads/master/pl.xml.gz
[2026-03-10] 频道: 浙江卫视4K | 数据源: https://github.com/litiande03/epg/raw/refs/heads/master/pl.xml.gz
[2026-03-11] 频道: 浙江卫视4K | 数据源: https://github.com/litiande03/epg/raw/refs/heads/master/pl.xml.gz
[2026-03-12] 频道: 浙江卫视4K | 数据源: https://github.com/litiande03/epg/raw/refs/heads/master/pl.xml.gz
[2026-03-13] 频道: 浙江卫视4K | 数据源: https://github.com/litiande03/epg/raw/refs/heads/master/pl.xml.gz
[2026-03-14] 频道: 浙江卫视4K | 数据源: https://github.com/litiande03/epg/raw/refs/heads/master/pl.xml.gz
[2026-03-15] 频道: 浙江卫视4K | 数据源: https://github.com/litiande03/epg/raw/refs/heads/master/pl.xml.gz
[2026-03-16] 频道: 浙江卫视4K | 数据源: https://github.com/litiande03/epg/raw/refs/heads/master/pl.xml.gz
[2026-03-17] 频道: 浙江卫视4K | 数据源: https://github.com/litiande03/epg/raw/refs/heads/master/pl.xml.gz
[2026-03-08] 频道: 东方卫视4K | 数据源: https://github.com/litiande03/epg/raw/refs/heads/master/pl.xml.gz
[2026-03-09] 频道: 东方卫视4K | 数据源: https://github.com/litiande03/epg/raw/refs/heads/master/pl.xml.gz
[2026-03-10] 频道: 东方卫视4K | 数据源: https://github.com/litiande03/epg/raw/refs/heads/master/pl.xml.gz
[2026-03-11] 频道: 东方卫视4K | 数据源: https://github.com/litiande03/epg/raw/refs/heads/master/pl.xml.gz
[2026-03-12] 频道: 东方卫视4K | 数据源: https://github.com/litiande03/epg/raw/refs/heads/master/pl.xml.gz
[2026-03-13] 频道: 东方卫视4K | 数据源: https://github.com/litiande03/epg/raw/refs/heads/master/pl.xml.gz
[2026-03-14] 频道: 东方卫视4K | 数据源: https://github.com/litiande03/epg/raw/refs/heads/master/pl.xml.gz
[2026-03-15] 频道: 东方卫视4K | 数据源: https://github.com/litiande03/epg/raw/refs/heads/master/pl.xml.gz
[2026-03-07] 频道: 四川卫视4K | 数据源: https://github.com/mytv-android/SCTV_EPG/raw/refs/heads/main/epg.xml
[2026-03-08] 频道: 四川卫视4K | 数据源: https://github.com/litiande03/epg/raw/refs/heads/master/pl.xml.gz
[2026-03-09] 频道: 四川卫视4K | 数据源: https://github.com/litiande03/epg/raw/refs/heads/master/pl.xml.gz
[2026-03-10] 频道: 四川卫视4K | 数据源: https://github.com/litiande03/epg/raw/refs/heads/master/pl.xml.gz
[2026-03-11] 频道: 四川卫视4K | 数据源: https://github.com/litiande03/epg/raw/refs/heads/master/pl.xml.gz
[2026-03-12] 频道: 四川卫视4K | 数据源: https://github.com/litiande03/epg/raw/refs/heads/master/pl.xml.gz
[2026-03-13] 频道: 四川卫视4K | 数据源: https://github.com/litiande03/epg/raw/refs/heads/master/pl.xml.gz
[2026-03-14] 频道: 四川卫视4K | 数据源: https://github.com/litiande03/epg/raw/refs/heads/master/pl.xml.gz
[2026-03-15] 频道: 四川卫视4K | 数据源: https://github.com/mytv-android/SCTV_EPG/raw/refs/heads/main/epg.xml
[2026-03-08] 频道: 山东卫视4K | 数据源: https://github.com/litiande03/epg/raw/refs/heads/master/pl.xml.gz
[2026-03-09] 频道: 山东卫视4K | 数据源: https://github.com/litiande03/epg/raw/refs/heads/master/pl.xml.gz
[2026-03-10] 频道: 山东卫视4K | 数据源: https://github.com/litiande03/epg/raw/refs/heads/master/pl.xml.gz
[2026-03-11] 频道: 山东卫视4K | 数据源: https://github.com/litiande03/epg/raw/refs/heads/master/pl.xml.gz
[2026-03-12] 频道: 山东卫视4K | 数据源: https://github.com/litiande03/epg/raw/refs/heads/master/pl.xml.gz
[2026-03-13] 频道: 山东卫视4K | 数据源: https://github.com/litiande03/epg/raw/refs/heads/master/pl.xml.gz
[2026-03-14] 频道: 山东卫视4K | 数据源: https://github.com/litiande03/epg/raw/refs/heads/master/pl.xml.gz
[2026-03-15] 频道: 山东卫视4K | 数据源: https://github.com/litiande03/epg/raw/refs/heads/master/pl.xml.gz
[2026-03-16] 频道: 山东卫视4K | 数据源: https://github.com/litiande03/epg/raw/refs/heads/master/pl.xml.gz
[2026-03-17] 频道: 山东卫视4K | 数据源: https://github.com/litiande03/epg/raw/refs/heads/master/pl.xml.gz
[2026-03-08] 频道: 吉林延边卫视 | 数据源: https://github.com/litiande03/epg/raw/refs/heads/master/pl.xml.gz
[2026-03-09] 频道: 吉林延边卫视 | 数据源: https://github.com/litiande03/epg/raw/refs/heads/master/pl.xml.gz
[2026-03-10] 频道: 吉林延边卫视 | 数据源: https://github.com/litiande03/epg/raw/refs/heads/master/pl.xml.gz
[2026-03-11] 频道: 吉林延边卫视 | 数据源: https://github.com/litiande03/epg/raw/refs/heads/master/pl.xml.gz
[2026-03-12] 频道: 吉林延边卫视 | 数据源: https://github.com/litiande03/epg/raw/refs/heads/master/pl.xml.gz
[2026-03-13] 频道: 吉林延边卫视 | 数据源: https://github.com/litiande03/epg/raw/refs/heads/master/pl.xml.gz
[2026-03-14] 频道: 吉林延边卫视 | 数据源: https://github.com/litiande03/epg/raw/refs/heads/master/pl.xml.gz
[2026-03-15] 频道: 吉林延边卫视 | 数据源: https://github.com/litiande03/epg/raw/refs/heads/master/pl.xml.gz
[2026-03-16] 频道: 吉林延边卫视 | 数据源: https://github.com/litiande03/epg/raw/refs/heads/master/pl.xml.gz
[2026-03-17] 频道: 吉林延边卫视 | 数据源: https://github.com/litiande03/epg/raw/refs/heads/master/pl.xml.gz
[2026-03-14] 频道: 爱电影 | 数据源: https://github.com/litiande03/epg/raw/refs/heads/master/pl.xml.gz
[2026-03-15] 频道: 爱电影 | 数据源: https://github.com/litiande03/epg/raw/refs/heads/master/pl.xml.gz
[2026-03-14] 频道: 爱大剧 | 数据源: https://github.com/litiande03/epg/raw/refs/heads/master/pl.xml.gz
[2026-03-15] 频道: 爱大剧 | 数据源: https://github.com/litiande03/epg/raw/refs/heads/master/pl.xml.gz
[2026-03-14] 频道: 爱综艺 | 数据源: https://github.com/litiande03/epg/raw/refs/heads/master/pl.xml.gz
[2026-03-15] 频道: 爱综艺 | 数据源: https://github.com/litiande03/epg/raw/refs/heads/master/pl.xml.gz
[2026-03-14] 频道: 少儿动画 | 数据源: https://github.com/litiande03/epg/raw/refs/heads/master/pl.xml.gz
[2026-03-15] 频道: 少儿动画 | 数据源: https://github.com/litiande03/epg/raw/refs/heads/master/pl.xml.gz
[2026-03-08] 频道: SUPER奖门人 | 数据源: https://github.com/litiande03/epg/raw/refs/heads/master/pl.xml.gz
[2026-03-09] 频道: SUPER奖门人 | 数据源: https://github.com/litiande03/epg/raw/refs/heads/master/pl.xml.gz
[2026-03-10] 频道: SUPER奖门人 | 数据源: https://github.com/litiande03/epg/raw/refs/heads/master/pl.xml.gz
[2026-03-11] 频道: SUPER奖门人 | 数据源: https://github.com/litiande03/epg/raw/refs/heads/master/pl.xml.gz
[2026-03-12] 频道: SUPER奖门人 | 数据源: https://github.com/litiande03/epg/raw/refs/heads/master/pl.xml.gz
[2026-03-13] 频道: SUPER奖门人 | 数据源: https://github.com/litiande03/epg/raw/refs/heads/master/pl.xml.gz
[2026-03-14] 频道: SUPER奖门人 | 数据源: https://github.com/litiande03/epg/raw/refs/heads/master/pl.xml.gz
[2026-03-15] 频道: SUPER奖门人 | 数据源: https://github.com/litiande03/epg/raw/refs/heads/master/pl.xml.gz
[2026-03-16] 频道: SUPER奖门人 | 数据源: https://github.com/litiande03/epg/raw/refs/heads/master/pl.xml.gz
[2026-03-17] 频道: SUPER奖门人 | 数据源: https://github.com/litiande03/epg/raw/refs/heads/master/pl.xml.gz
[2026-03-08] 频道: 观众票选-追剧马拉松 | 数据源: https://github.com/litiande03/epg/raw/refs/heads/master/pl.xml.gz
[2026-03-09] 频道: 观众票选-追剧马拉松 | 数据源: https://github.com/litiande03/epg/raw/refs/heads/master/pl.xml.gz
[2026-03-10] 频道: 观众票选-追剧马拉松 | 数据源: https://github.com/litiande03/epg/raw/refs/heads/master/pl.xml.gz
[2026-03-11] 频道: 观众票选-追剧马拉松 | 数据源: https://github.com/litiande03/epg/raw/refs/heads/master/pl.xml.gz
[2026-03-12] 频道: 观众票选-追剧马拉松 | 数据源: https://github.com/litiande03/epg/raw/refs/heads/master/pl.xml.gz
[2026-03-13] 频道: 观众票选-追剧马拉松 | 数据源: https://github.com/litiande03/epg/raw/refs/heads/master/pl.xml.gz
[2026-03-14] 频道: 观众票选-追剧马拉松 | 数据源: https://github.com/litiande03/epg/raw/refs/heads/master/pl.xml.gz
[2026-03-15] 频道: 观众票选-追剧马拉松 | 数据源: https://github.com/litiande03/epg/raw/refs/heads/master/pl.xml.gz
[2026-03-16] 频道: 观众票选-追剧马拉松 | 数据源: https://github.com/litiande03/epg/raw/refs/heads/master/pl.xml.gz
[2026-03-17] 频道: 观众票选-追剧马拉松 | 数据源: https://github.com/litiande03/epg/raw/refs/heads/master/pl.xml.gz
[2026-03-08] 频道: SUPER识食 | 数据源: https://github.com/litiande03/epg/raw/refs/heads/master/pl.xml.gz
[2026-03-09] 频道: SUPER识食 | 数据源: https://github.com/litiande03/epg/raw/refs/heads/master/pl.xml.gz
[2026-03-10] 频道: SUPER识食 | 数据源: https://github.com/litiande03/epg/raw/refs/heads/master/pl.xml.gz
[2026-03-11] 频道: SUPER识食 | 数据源: https://github.com/litiande03/epg/raw/refs/heads/master/pl.xml.gz
[2026-03-12] 频道: SUPER识食 | 数据源: https://github.com/litiande03/epg/raw/refs/heads/master/pl.xml.gz
[2026-03-13] 频道: SUPER识食 | 数据源: https://github.com/litiande03/epg/raw/refs/heads/master/pl.xml.gz
[2026-03-14] 频道: SUPER识食 | 数据源: https://github.com/litiande03/epg/raw/refs/heads/master/pl.xml.gz
[2026-03-15] 频道: SUPER识食 | 数据源: https://github.com/litiande03/epg/raw/refs/heads/master/pl.xml.gz
[2026-03-16] 频道: SUPER识食 | 数据源: https://github.com/litiande03/epg/raw/refs/heads/master/pl.xml.gz
[2026-03-17] 频道: SUPER识食 | 数据源: https://github.com/litiande03/epg/raw/refs/heads/master/pl.xml.gz
[2026-03-08] 频道: SUPER识叹 | 数据源: https://github.com/litiande03/epg/raw/refs/heads/master/pl.xml.gz
[2026-03-09] 频道: SUPER识叹 | 数据源: https://github.com/litiande03/epg/raw/refs/heads/master/pl.xml.gz
[2026-03-10] 频道: SUPER识叹 | 数据源: https://github.com/litiande03/epg/raw/refs/heads/master/pl.xml.gz
[2026-03-11] 频道: SUPER识叹 | 数据源: https://github.com/litiande03/epg/raw/refs/heads/master/pl.xml.gz
[2026-03-12] 频道: SUPER识叹 | 数据源: https://github.com/litiande03/epg/raw/refs/heads/master/pl.xml.gz
[2026-03-13] 频道: SUPER识叹 | 数据源: https://github.com/litiande03/epg/raw/refs/heads/master/pl.xml.gz
[2026-03-14] 频道: SUPER识叹 | 数据源: https://github.com/litiande03/epg/raw/refs/heads/master/pl.xml.gz
[2026-03-15] 频道: SUPER识叹 | 数据源: https://github.com/litiande03/epg/raw/refs/heads/master/pl.xml.gz
[2026-03-16] 频道: SUPER识叹 | 数据源: https://github.com/litiande03/epg/raw/refs/heads/master/pl.xml.gz
[2026-03-17] 频道: SUPER识叹 | 数据源: https://github.com/litiande03/epg/raw/refs/heads/master/pl.xml.gz
[2026-03-08] 频道: SUPER Music | 数据源: https://github.com/litiande03/epg/raw/refs/heads/master/pl.xml.gz
[2026-03-09] 频道: SUPER Music | 数据源: https://github.com/litiande03/epg/raw/refs/heads/master/pl.xml.gz
[2026-03-10] 频道: SUPER Music | 数据源: https://github.com/litiande03/epg/raw/refs/heads/master/pl.xml.gz
[2026-03-11] 频道: SUPER Music | 数据源: https://github.com/litiande03/epg/raw/refs/heads/master/pl.xml.gz
[2026-03-12] 频道: SUPER Music | 数据源: https://github.com/litiande03/epg/raw/refs/heads/master/pl.xml.gz
[2026-03-13] 频道: SUPER Music | 数据源: https://github.com/litiande03/epg/raw/refs/heads/master/pl.xml.gz
[2026-03-14] 频道: SUPER Music | 数据源: https://github.com/litiande03/epg/raw/refs/heads/master/pl.xml.gz
[2026-03-15] 频道: SUPER Music | 数据源: https://github.com/litiande03/epg/raw/refs/heads/master/pl.xml.gz
[2026-03-16] 频道: SUPER Music | 数据源: https://github.com/litiande03/epg/raw/refs/heads/master/pl.xml.gz
[2026-03-17] 频道: SUPER Music | 数据源: https://github.com/litiande03/epg/raw/refs/heads/master/pl.xml.gz
[2026-03-08] 频道: SUPER金曲 | 数据源: https://github.com/litiande03/epg/raw/refs/heads/master/pl.xml.gz
[2026-03-09] 频道: SUPER金曲 | 数据源: https://github.com/litiande03/epg/raw/refs/heads/master/pl.xml.gz
[2026-03-10] 频道: SUPER金曲 | 数据源: https://github.com/litiande03/epg/raw/refs/heads/master/pl.xml.gz
[2026-03-11] 频道: SUPER金曲 | 数据源: https://github.com/litiande03/epg/raw/refs/heads/master/pl.xml.gz
[2026-03-12] 频道: SUPER金曲 | 数据源: https://github.com/litiande03/epg/raw/refs/heads/master/pl.xml.gz
[2026-03-13] 频道: SUPER金曲 | 数据源: https://github.com/litiande03/epg/raw/refs/heads/master/pl.xml.gz
[2026-03-14] 频道: SUPER金曲 | 数据源: https://github.com/litiande03/epg/raw/refs/heads/master/pl.xml.gz
[2026-03-15] 频道: SUPER金曲 | 数据源: https://github.com/litiande03/epg/raw/refs/heads/master/pl.xml.gz
[2026-03-16] 频道: SUPER金曲 | 数据源: https://github.com/litiande03/epg/raw/refs/heads/master/pl.xml.gz
[2026-03-17] 频道: SUPER金曲 | 数据源: https://github.com/litiande03/epg/raw/refs/heads/master/pl.xml.gz
[2026-03-08] 频道: SUPER煲剧 | 数据源: https://github.com/litiande03/epg/raw/refs/heads/master/pl.xml.gz
[2026-03-09] 频道: SUPER煲剧 | 数据源: https://github.com/litiande03/epg/raw/refs/heads/master/pl.xml.gz
[2026-03-10] 频道: SUPER煲剧 | 数据源: https://github.com/litiande03/epg/raw/refs/heads/master/pl.xml.gz
[2026-03-11] 频道: SUPER煲剧 | 数据源: https://github.com/litiande03/epg/raw/refs/heads/master/pl.xml.gz
[2026-03-12] 频道: SUPER煲剧 | 数据源: https://github.com/litiande03/epg/raw/refs/heads/master/pl.xml.gz
[2026-03-13] 频道: SUPER煲剧 | 数据源: https://github.com/litiande03/epg/raw/refs/heads/master/pl.xml.gz
[2026-03-14] 频道: SUPER煲剧 | 数据源: https://github.com/litiande03/epg/raw/refs/heads/master/pl.xml.gz
[2026-03-15] 频道: SUPER煲剧 | 数据源: https://github.com/litiande03/epg/raw/refs/heads/master/pl.xml.gz
[2026-03-16] 频道: SUPER煲剧 | 数据源: https://github.com/litiande03/epg/raw/refs/heads/master/pl.xml.gz
[2026-03-17] 频道: SUPER煲剧 | 数据源: https://github.com/litiande03/epg/raw/refs/heads/master/pl.xml.gz
[2026-03-08] 频道: SUPER单元剧 | 数据源: https://github.com/litiande03/epg/raw/refs/heads/master/pl.xml.gz
[2026-03-09] 频道: SUPER单元剧 | 数据源: https://github.com/litiande03/epg/raw/refs/heads/master/pl.xml.gz
[2026-03-10] 频道: SUPER单元剧 | 数据源: https://github.com/litiande03/epg/raw/refs/heads/master/pl.xml.gz
[2026-03-11] 频道: SUPER单元剧 | 数据源: https://github.com/litiande03/epg/raw/refs/heads/master/pl.xml.gz
[2026-03-12] 频道: SUPER单元剧 | 数据源: https://github.com/litiande03/epg/raw/refs/heads/master/pl.xml.gz
[2026-03-13] 频道: SUPER单元剧 | 数据源: https://github.com/litiande03/epg/raw/refs/heads/master/pl.xml.gz
[2026-03-14] 频道: SUPER单元剧 | 数据源: https://github.com/litiande03/epg/raw/refs/heads/master/pl.xml.gz
[2026-03-15] 频道: SUPER单元剧 | 数据源: https://github.com/litiande03/epg/raw/refs/heads/master/pl.xml.gz
[2026-03-16] 频道: SUPER单元剧 | 数据源: https://github.com/litiande03/epg/raw/refs/heads/master/pl.xml.gz
[2026-03-17] 频道: SUPER单元剧 | 数据源: https://github.com/litiande03/epg/raw/refs/heads/master/pl.xml.gz
[2026-03-08] 频道: 真情SUPER煲 | 数据源: https://github.com/litiande03/epg/raw/refs/heads/master/pl.xml.gz
[2026-03-09] 频道: 真情SUPER煲 | 数据源: https://github.com/litiande03/epg/raw/refs/heads/master/pl.xml.gz
[2026-03-10] 频道: 真情SUPER煲 | 数据源: https://github.com/litiande03/epg/raw/refs/heads/master/pl.xml.gz
[2026-03-11] 频道: 真情SUPER煲 | 数据源: https://github.com/litiande03/epg/raw/refs/heads/master/pl.xml.gz
[2026-03-12] 频道: 真情SUPER煲 | 数据源: https://github.com/litiande03/epg/raw/refs/heads/master/pl.xml.gz
[2026-03-13] 频道: 真情SUPER煲 | 数据源: https://github.com/litiande03/epg/raw/refs/heads/master/pl.xml.gz
[2026-03-14] 频道: 真情SUPER煲 | 数据源: https://github.com/litiande03/epg/raw/refs/heads/master/pl.xml.gz
[2026-03-15] 频道: 真情SUPER煲 | 数据源: https://github.com/litiande03/epg/raw/refs/heads/master/pl.xml.gz
[2026-03-16] 频道: 真情SUPER煲 | 数据源: https://github.com/litiande03/epg/raw/refs/heads/master/pl.xml.gz
[2026-03-17] 频道: 真情SUPER煲 | 数据源: https://github.com/litiande03/epg/raw/refs/heads/master/pl.xml.gz
[2026-03-08] 频道: SUPER Sports | 数据源: https://github.com/litiande03/epg/raw/refs/heads/master/pl.xml.gz
[2026-03-09] 频道: SUPER Sports | 数据源: https://github.com/litiande03/epg/raw/refs/heads/master/pl.xml.gz
[2026-03-10] 频道: SUPER Sports | 数据源: https://github.com/litiande03/epg/raw/refs/heads/master/pl.xml.gz
[2026-03-11] 频道: SUPER Sports | 数据源: https://github.com/litiande03/epg/raw/refs/heads/master/pl.xml.gz
[2026-03-12] 频道: SUPER Sports | 数据源: https://github.com/litiande03/epg/raw/refs/heads/master/pl.xml.gz
[2026-03-13] 频道: SUPER Sports | 数据源: https://github.com/litiande03/epg/raw/refs/heads/master/pl.xml.gz
[2026-03-14] 频道: SUPER Sports | 数据源: https://github.com/litiande03/epg/raw/refs/heads/master/pl.xml.gz
[2026-03-15] 频道: SUPER Sports | 数据源: https://github.com/litiande03/epg/raw/refs/heads/master/pl.xml.gz
[2026-03-16] 频道: SUPER Sports | 数据源: https://github.com/litiande03/epg/raw/refs/heads/master/pl.xml.gz
[2026-03-17] 频道: SUPER Sports | 数据源: https://github.com/litiande03/epg/raw/refs/heads/master/pl.xml.gz
[2026-03-08] 频道: myTV SUPER 18台 | 数据源: https://epg.136605.xyz/9days.xml
[2026-03-09] 频道: myTV SUPER 18台 | 数据源: https://epg.136605.xyz/9days.xml
[2026-03-10] 频道: myTV SUPER 18台 | 数据源: https://epg.136605.xyz/9days.xml
[2026-03-11] 频道: myTV SUPER 18台 | 数据源: https://epg.136605.xyz/9days.xml
[2026-03-12] 频道: myTV SUPER 18台 | 数据源: https://epg.136605.xyz/9days.xml
[2026-03-13] 频道: myTV SUPER 18台 | 数据源: https://epg.136605.xyz/9days.xml
[2026-03-14] 频道: myTV SUPER 18台 | 数据源: https://epg.136605.xyz/9days.xml
[2026-03-15] 频道: myTV SUPER 18台 | 数据源: https://epg.136605.xyz/9days.xml
[2026-03-16] 频道: myTV SUPER 18台 | 数据源: https://epg.136605.xyz/9days.xml
[2026-03-17] 频道: myTV SUPER 18台 | 数据源: https://github.com/litiande03/epg/raw/refs/heads/master/pl.xml.gz
[2026-03-08] 频道: 无线新闻台 | 数据源: https://epg.136605.xyz/9days.xml
[2026-03-09] 频道: 无线新闻台 | 数据源: https://epg.136605.xyz/9days.xml
[2026-03-10] 频道: 无线新闻台 | 数据源: https://epg.136605.xyz/9days.xml
[2026-03-11] 频道: 无线新闻台 | 数据源: https://epg.136605.xyz/9days.xml
[2026-03-12] 频道: 无线新闻台 | 数据源: https://epg.136605.xyz/9days.xml
[2026-03-13] 频道: 无线新闻台 | 数据源: https://epg.136605.xyz/9days.xml
[2026-03-14] 频道: 无线新闻台 | 数据源: https://epg.136605.xyz/9days.xml
[2026-03-15] 频道: 无线新闻台 | 数据源: https://epg.136605.xyz/9days.xml
[2026-03-16] 频道: 无线新闻台 | 数据源: https://epg.136605.xyz/9days.xml
[2026-03-17] 频道: 无线新闻台 | 数据源: https://github.com/litiande03/epg/raw/refs/heads/master/pl.xml.gz
[2026-03-08] 频道: 黄金华剧台 | 数据源: https://epg.136605.xyz/9days.xml
[2026-03-09] 频道: 黄金华剧台 | 数据源: https://epg.136605.xyz/9days.xml
[2026-03-10] 频道: 黄金华剧台 | 数据源: https://epg.136605.xyz/9days.xml
[2026-03-11] 频道: 黄金华剧台 | 数据源: https://epg.136605.xyz/9days.xml
[2026-03-12] 频道: 黄金华剧台 | 数据源: https://epg.136605.xyz/9days.xml
[2026-03-13] 频道: 黄金华剧台 | 数据源: https://epg.136605.xyz/9days.xml
[2026-03-14] 频道: 黄金华剧台 | 数据源: https://epg.136605.xyz/9days.xml
[2026-03-15] 频道: 黄金华剧台 | 数据源: https://epg.136605.xyz/9days.xml
[2026-03-16] 频道: 黄金华剧台 | 数据源: https://epg.136605.xyz/9days.xml
[2026-03-17] 频道: 黄金华剧台 | 数据源: https://github.com/litiande03/epg/raw/refs/heads/master/pl.xml.gz
[2026-03-08] 频道: 娱乐新闻台 | 数据源: https://epg.136605.xyz/9days.xml
[2026-03-09] 频道: 娱乐新闻台 | 数据源: https://epg.136605.xyz/9days.xml
[2026-03-10] 频道: 娱乐新闻台 | 数据源: https://epg.136605.xyz/9days.xml
[2026-03-11] 频道: 娱乐新闻台 | 数据源: https://epg.136605.xyz/9days.xml
[2026-03-12] 频道: 娱乐新闻台 | 数据源: https://epg.136605.xyz/9days.xml
[2026-03-13] 频道: 娱乐新闻台 | 数据源: https://epg.136605.xyz/9days.xml
[2026-03-14] 频道: 娱乐新闻台 | 数据源: https://epg.136605.xyz/9days.xml
[2026-03-15] 频道: 娱乐新闻台 | 数据源: https://epg.136605.xyz/9days.xml
[2026-03-16] 频道: 娱乐新闻台 | 数据源: https://epg.136605.xyz/9days.xml
[2026-03-17] 频道: 娱乐新闻台 | 数据源: https://github.com/litiande03/epg/raw/refs/heads/master/pl.xml.gz
[2026-03-08] 频道: 戏曲台 | 数据源: https://epg.136605.xyz/9days.xml
[2026-03-09] 频道: 戏曲台 | 数据源: https://epg.136605.xyz/9days.xml
[2026-03-10] 频道: 戏曲台 | 数据源: https://epg.136605.xyz/9days.xml
[2026-03-11] 频道: 戏曲台 | 数据源: https://epg.136605.xyz/9days.xml
[2026-03-12] 频道: 戏曲台 | 数据源: https://epg.136605.xyz/9days.xml
[2026-03-13] 频道: 戏曲台 | 数据源: https://epg.136605.xyz/9days.xml
[2026-03-14] 频道: 戏曲台 | 数据源: https://epg.136605.xyz/9days.xml
[2026-03-15] 频道: 戏曲台 | 数据源: https://epg.136605.xyz/9days.xml
[2026-03-16] 频道: 戏曲台 | 数据源: https://epg.136605.xyz/9days.xml
[2026-03-17] 频道: 戏曲台 | 数据源: https://github.com/litiande03/epg/raw/refs/heads/master/pl.xml.gz
[2026-03-08] 频道: SUPER Kids Channel | 数据源: https://github.com/litiande03/epg/raw/refs/heads/master/pl.xml.gz
[2026-03-09] 频道: SUPER Kids Channel | 数据源: https://github.com/litiande03/epg/raw/refs/heads/master/pl.xml.gz
[2026-03-10] 频道: SUPER Kids Channel | 数据源: https://github.com/litiande03/epg/raw/refs/heads/master/pl.xml.gz
[2026-03-11] 频道: SUPER Kids Channel | 数据源: https://github.com/litiande03/epg/raw/refs/heads/master/pl.xml.gz
[2026-03-12] 频道: SUPER Kids Channel | 数据源: https://github.com/litiande03/epg/raw/refs/heads/master/pl.xml.gz
[2026-03-13] 频道: SUPER Kids Channel | 数据源: https://github.com/litiande03/epg/raw/refs/heads/master/pl.xml.gz
[2026-03-14] 频道: SUPER Kids Channel | 数据源: https://github.com/litiande03/epg/raw/refs/heads/master/pl.xml.gz
[2026-03-15] 频道: SUPER Kids Channel | 数据源: https://github.com/litiande03/epg/raw/refs/heads/master/pl.xml.gz
[2026-03-16] 频道: SUPER Kids Channel | 数据源: https://github.com/litiande03/epg/raw/refs/heads/master/pl.xml.gz
[2026-03-17] 频道: SUPER Kids Channel | 数据源: https://github.com/litiande03/epg/raw/refs/heads/master/pl.xml.gz
[2026-03-08] 频道: ZooMoo | 数据源: https://github.com/litiande03/epg/raw/refs/heads/master/pl.xml.gz
[2026-03-09] 频道: ZooMoo | 数据源: https://github.com/litiande03/epg/raw/refs/heads/master/pl.xml.gz
[2026-03-10] 频道: ZooMoo | 数据源: https://github.com/litiande03/epg/raw/refs/heads/master/pl.xml.gz
[2026-03-11] 频道: ZooMoo | 数据源: https://github.com/litiande03/epg/raw/refs/heads/master/pl.xml.gz
[2026-03-12] 频道: ZooMoo | 数据源: https://github.com/litiande03/epg/raw/refs/heads/master/pl.xml.gz
[2026-03-13] 频道: ZooMoo | 数据源: https://github.com/litiande03/epg/raw/refs/heads/master/pl.xml.gz
[2026-03-14] 频道: ZooMoo | 数据源: https://github.com/litiande03/epg/raw/refs/heads/master/pl.xml.gz
[2026-03-15] 频道: ZooMoo | 数据源: https://github.com/litiande03/epg/raw/refs/heads/master/pl.xml.gz
[2026-03-16] 频道: ZooMoo | 数据源: https://github.com/litiande03/epg/raw/refs/heads/master/pl.xml.gz
[2026-03-17] 频道: ZooMoo | 数据源: https://github.com/litiande03/epg/raw/refs/heads/master/pl.xml.gz
[2026-03-08] 频道: Nickelodeon | 数据源: https://github.com/litiande03/epg/raw/refs/heads/master/pl.xml.gz
[2026-03-09] 频道: Nickelodeon | 数据源: https://github.com/litiande03/epg/raw/refs/heads/master/pl.xml.gz
[2026-03-10] 频道: Nickelodeon | 数据源: https://github.com/litiande03/epg/raw/refs/heads/master/pl.xml.gz
[2026-03-11] 频道: Nickelodeon | 数据源: https://github.com/litiande03/epg/raw/refs/heads/master/pl.xml.gz
[2026-03-12] 频道: Nickelodeon | 数据源: https://github.com/litiande03/epg/raw/refs/heads/master/pl.xml.gz
[2026-03-13] 频道: Nickelodeon | 数据源: https://github.com/litiande03/epg/raw/refs/heads/master/pl.xml.gz
[2026-03-14] 频道: Nickelodeon | 数据源: https://github.com/litiande03/epg/raw/refs/heads/master/pl.xml.gz
[2026-03-15] 频道: Nickelodeon | 数据源: https://github.com/litiande03/epg/raw/refs/heads/master/pl.xml.gz
[2026-03-16] 频道: Nickelodeon | 数据源: https://github.com/litiande03/epg/raw/refs/heads/master/pl.xml.gz
[2026-03-17] 频道: Nickelodeon | 数据源: https://github.com/litiande03/epg/raw/refs/heads/master/pl.xml.gz
[2026-03-08] 频道: Nick Jr | 数据源: https://github.com/litiande03/epg/raw/refs/heads/master/pl.xml.gz
[2026-03-09] 频道: Nick Jr | 数据源: https://github.com/litiande03/epg/raw/refs/heads/master/pl.xml.gz
[2026-03-10] 频道: Nick Jr | 数据源: https://github.com/litiande03/epg/raw/refs/heads/master/pl.xml.gz
[2026-03-11] 频道: Nick Jr | 数据源: https://github.com/litiande03/epg/raw/refs/heads/master/pl.xml.gz
[2026-03-12] 频道: Nick Jr | 数据源: https://github.com/litiande03/epg/raw/refs/heads/master/pl.xml.gz
[2026-03-13] 频道: Nick Jr | 数据源: https://github.com/litiande03/epg/raw/refs/heads/master/pl.xml.gz
[2026-03-14] 频道: Nick Jr | 数据源: https://github.com/litiande03/epg/raw/refs/heads/master/pl.xml.gz
[2026-03-15] 频道: Nick Jr | 数据源: https://github.com/litiande03/epg/raw/refs/heads/master/pl.xml.gz
[2026-03-16] 频道: Nick Jr | 数据源: https://github.com/litiande03/epg/raw/refs/heads/master/pl.xml.gz
[2026-03-17] 频道: Nick Jr | 数据源: https://github.com/litiande03/epg/raw/refs/heads/master/pl.xml.gz
[2026-03-08] 频道: 粤语片台 | 数据源: https://epg.136605.xyz/9days.xml
[2026-03-09] 频道: 粤语片台 | 数据源: https://epg.136605.xyz/9days.xml
[2026-03-10] 频道: 粤语片台 | 数据源: https://epg.136605.xyz/9days.xml
[2026-03-11] 频道: 粤语片台 | 数据源: https://epg.136605.xyz/9days.xml
[2026-03-12] 频道: 粤语片台 | 数据源: https://epg.136605.xyz/9days.xml
[2026-03-13] 频道: 粤语片台 | 数据源: https://epg.136605.xyz/9days.xml
[2026-03-14] 频道: 粤语片台 | 数据源: https://epg.136605.xyz/9days.xml
[2026-03-15] 频道: 粤语片台 | 数据源: https://epg.136605.xyz/9days.xml
[2026-03-16] 频道: 粤语片台 | 数据源: https://epg.136605.xyz/9days.xml
[2026-03-17] 频道: 粤语片台 | 数据源: https://github.com/litiande03/epg/raw/refs/heads/master/pl.xml.gz
[2026-03-08] 频道: 美亚电影台 | 数据源: https://epg.136605.xyz/9days.xml
[2026-03-09] 频道: 美亚电影台 | 数据源: https://epg.136605.xyz/9days.xml
[2026-03-10] 频道: 美亚电影台 | 数据源: https://epg.136605.xyz/9days.xml
[2026-03-11] 频道: 美亚电影台 | 数据源: https://epg.136605.xyz/9days.xml
[2026-03-12] 频道: 美亚电影台 | 数据源: https://epg.136605.xyz/9days.xml
[2026-03-13] 频道: 美亚电影台 | 数据源: https://epg.136605.xyz/9days.xml
[2026-03-14] 频道: 美亚电影台 | 数据源: https://epg.136605.xyz/9days.xml
[2026-03-15] 频道: 美亚电影台 | 数据源: https://epg.136605.xyz/9days.xml
[2026-03-16] 频道: 美亚电影台 | 数据源: https://epg.136605.xyz/9days.xml
[2026-03-17] 频道: 美亚电影台 | 数据源: https://github.com/litiande03/epg/raw/refs/heads/master/pl.xml.gz
[2026-03-08] 频道: Thrill | 数据源: https://epg.136605.xyz/9days.xml
[2026-03-09] 频道: Thrill | 数据源: https://epg.136605.xyz/9days.xml
[2026-03-10] 频道: Thrill | 数据源: https://epg.136605.xyz/9days.xml
[2026-03-11] 频道: Thrill | 数据源: https://epg.136605.xyz/9days.xml
[2026-03-12] 频道: Thrill | 数据源: https://epg.136605.xyz/9days.xml
[2026-03-13] 频道: Thrill | 数据源: https://epg.136605.xyz/9days.xml
[2026-03-14] 频道: Thrill | 数据源: https://epg.136605.xyz/9days.xml
[2026-03-15] 频道: Thrill | 数据源: https://epg.136605.xyz/9days.xml
[2026-03-16] 频道: Thrill | 数据源: https://epg.136605.xyz/9days.xml
[2026-03-17] 频道: Thrill | 数据源: https://github.com/litiande03/epg/raw/refs/heads/master/pl.xml.gz
[2026-03-08] 频道: 天映经典频道 | 数据源: https://epg.136605.xyz/9days.xml
[2026-03-09] 频道: 天映经典频道 | 数据源: https://epg.136605.xyz/9days.xml
[2026-03-10] 频道: 天映经典频道 | 数据源: https://epg.136605.xyz/9days.xml
[2026-03-11] 频道: 天映经典频道 | 数据源: https://epg.136605.xyz/9days.xml
[2026-03-12] 频道: 天映经典频道 | 数据源: https://epg.136605.xyz/9days.xml
[2026-03-13] 频道: 天映经典频道 | 数据源: https://epg.136605.xyz/9days.xml
[2026-03-14] 频道: 天映经典频道 | 数据源: https://epg.136605.xyz/9days.xml
[2026-03-15] 频道: 天映经典频道 | 数据源: https://epg.136605.xyz/9days.xml
[2026-03-16] 频道: 天映经典频道 | 数据源: https://epg.136605.xyz/9days.xml
[2026-03-17] 频道: 天映经典频道 | 数据源: https://github.com/litiande03/epg/raw/refs/heads/master/pl.xml.gz
[2026-03-08] 频道: 中国电影频道 | 数据源: https://epg.136605.xyz/9days.xml
[2026-03-09] 频道: 中国电影频道 | 数据源: https://epg.136605.xyz/9days.xml
[2026-03-10] 频道: 中国电影频道 | 数据源: https://epg.136605.xyz/9days.xml
[2026-03-11] 频道: 中国电影频道 | 数据源: https://epg.136605.xyz/9days.xml
[2026-03-12] 频道: 中国电影频道 | 数据源: https://epg.136605.xyz/9days.xml
[2026-03-13] 频道: 中国电影频道 | 数据源: https://epg.136605.xyz/9days.xml
[2026-03-14] 频道: 中国电影频道 | 数据源: https://epg.136605.xyz/9days.xml
[2026-03-15] 频道: 中国电影频道 | 数据源: https://epg.136605.xyz/9days.xml
[2026-03-16] 频道: 中国电影频道 | 数据源: https://epg.136605.xyz/9days.xml
[2026-03-17] 频道: 中国电影频道 | 数据源: https://github.com/litiande03/epg/raw/refs/heads/master/pl.xml.gz
[2026-03-08] 频道: ROCK Action | 数据源: https://github.com/litiande03/epg/raw/refs/heads/master/pl.xml.gz
[2026-03-09] 频道: ROCK Action | 数据源: https://github.com/litiande03/epg/raw/refs/heads/master/pl.xml.gz
[2026-03-10] 频道: ROCK Action | 数据源: https://github.com/litiande03/epg/raw/refs/heads/master/pl.xml.gz
[2026-03-11] 频道: ROCK Action | 数据源: https://github.com/litiande03/epg/raw/refs/heads/master/pl.xml.gz
[2026-03-12] 频道: ROCK Action | 数据源: https://github.com/litiande03/epg/raw/refs/heads/master/pl.xml.gz
[2026-03-13] 频道: ROCK Action | 数据源: https://github.com/litiande03/epg/raw/refs/heads/master/pl.xml.gz
[2026-03-14] 频道: ROCK Action | 数据源: https://github.com/litiande03/epg/raw/refs/heads/master/pl.xml.gz
[2026-03-15] 频道: ROCK Action | 数据源: https://github.com/litiande03/epg/raw/refs/heads/master/pl.xml.gz
[2026-03-16] 频道: ROCK Action | 数据源: https://github.com/litiande03/epg/raw/refs/heads/master/pl.xml.gz
[2026-03-17] 频道: ROCK Action | 数据源: https://github.com/litiande03/epg/raw/refs/heads/master/pl.xml.gz
[2026-03-08] 频道: Action Hollywood Movies | 数据源: https://github.com/litiande03/epg/raw/refs/heads/master/pl.xml.gz
[2026-03-09] 频道: Action Hollywood Movies | 数据源: https://github.com/litiande03/epg/raw/refs/heads/master/pl.xml.gz
[2026-03-10] 频道: Action Hollywood Movies | 数据源: https://github.com/litiande03/epg/raw/refs/heads/master/pl.xml.gz
[2026-03-11] 频道: Action Hollywood Movies | 数据源: https://github.com/litiande03/epg/raw/refs/heads/master/pl.xml.gz
[2026-03-12] 频道: Action Hollywood Movies | 数据源: https://github.com/litiande03/epg/raw/refs/heads/master/pl.xml.gz
[2026-03-13] 频道: Action Hollywood Movies | 数据源: https://github.com/litiande03/epg/raw/refs/heads/master/pl.xml.gz
[2026-03-14] 频道: Action Hollywood Movies | 数据源: https://github.com/litiande03/epg/raw/refs/heads/master/pl.xml.gz
[2026-03-15] 频道: Action Hollywood Movies | 数据源: https://github.com/litiande03/epg/raw/refs/heads/master/pl.xml.gz
[2026-03-16] 频道: Action Hollywood Movies | 数据源: https://github.com/litiande03/epg/raw/refs/heads/master/pl.xml.gz
[2026-03-17] 频道: Action Hollywood Movies | 数据源: https://github.com/litiande03/epg/raw/refs/heads/master/pl.xml.gz
[2026-03-08] 频道: Rialto Classic Movies (RCM) | 数据源: https://github.com/litiande03/epg/raw/refs/heads/master/pl.xml.gz
[2026-03-09] 频道: Rialto Classic Movies (RCM) | 数据源: https://github.com/litiande03/epg/raw/refs/heads/master/pl.xml.gz
[2026-03-10] 频道: Rialto Classic Movies (RCM) | 数据源: https://github.com/litiande03/epg/raw/refs/heads/master/pl.xml.gz
[2026-03-11] 频道: Rialto Classic Movies (RCM) | 数据源: https://github.com/litiande03/epg/raw/refs/heads/master/pl.xml.gz
[2026-03-12] 频道: Rialto Classic Movies (RCM) | 数据源: https://github.com/litiande03/epg/raw/refs/heads/master/pl.xml.gz
[2026-03-13] 频道: Rialto Classic Movies (RCM) | 数据源: https://github.com/litiande03/epg/raw/refs/heads/master/pl.xml.gz
[2026-03-14] 频道: Rialto Classic Movies (RCM) | 数据源: https://github.com/litiande03/epg/raw/refs/heads/master/pl.xml.gz
[2026-03-15] 频道: Rialto Classic Movies (RCM) | 数据源: https://github.com/litiande03/epg/raw/refs/heads/master/pl.xml.gz
[2026-03-16] 频道: Rialto Classic Movies (RCM) | 数据源: https://github.com/litiande03/epg/raw/refs/heads/master/pl.xml.gz
[2026-03-17] 频道: Rialto Classic Movies (RCM) | 数据源: https://github.com/litiande03/epg/raw/refs/heads/master/pl.xml.gz
[2026-03-08] 频道: KIX | 数据源: https://github.com/litiande03/epg/raw/refs/heads/master/pl.xml.gz
[2026-03-09] 频道: KIX | 数据源: https://github.com/litiande03/epg/raw/refs/heads/master/pl.xml.gz
[2026-03-10] 频道: KIX | 数据源: https://github.com/litiande03/epg/raw/refs/heads/master/pl.xml.gz
[2026-03-11] 频道: KIX | 数据源: https://github.com/litiande03/epg/raw/refs/heads/master/pl.xml.gz
[2026-03-12] 频道: KIX | 数据源: https://github.com/litiande03/epg/raw/refs/heads/master/pl.xml.gz
[2026-03-13] 频道: KIX | 数据源: https://github.com/litiande03/epg/raw/refs/heads/master/pl.xml.gz
[2026-03-14] 频道: KIX | 数据源: https://github.com/litiande03/epg/raw/refs/heads/master/pl.xml.gz
[2026-03-15] 频道: KIX | 数据源: https://github.com/litiande03/epg/raw/refs/heads/master/pl.xml.gz
[2026-03-16] 频道: KIX | 数据源: https://github.com/litiande03/epg/raw/refs/heads/master/pl.xml.gz
[2026-03-17] 频道: KIX | 数据源: https://github.com/litiande03/epg/raw/refs/heads/master/pl.xml.gz
[2026-03-08] 频道: TRACE Sport Stars | 数据源: https://github.com/litiande03/epg/raw/refs/heads/master/pl.xml.gz
[2026-03-09] 频道: TRACE Sport Stars | 数据源: https://github.com/litiande03/epg/raw/refs/heads/master/pl.xml.gz
[2026-03-10] 频道: TRACE Sport Stars | 数据源: https://github.com/litiande03/epg/raw/refs/heads/master/pl.xml.gz
[2026-03-11] 频道: TRACE Sport Stars | 数据源: https://github.com/litiande03/epg/raw/refs/heads/master/pl.xml.gz
[2026-03-12] 频道: TRACE Sport Stars | 数据源: https://github.com/litiande03/epg/raw/refs/heads/master/pl.xml.gz
[2026-03-13] 频道: TRACE Sport Stars | 数据源: https://github.com/litiande03/epg/raw/refs/heads/master/pl.xml.gz
[2026-03-14] 频道: TRACE Sport Stars | 数据源: https://github.com/litiande03/epg/raw/refs/heads/master/pl.xml.gz
[2026-03-15] 频道: TRACE Sport Stars | 数据源: https://github.com/litiande03/epg/raw/refs/heads/master/pl.xml.gz
[2026-03-16] 频道: TRACE Sport Stars | 数据源: https://github.com/litiande03/epg/raw/refs/heads/master/pl.xml.gz
[2026-03-17] 频道: TRACE Sport Stars | 数据源: https://github.com/litiande03/epg/raw/refs/heads/master/pl.xml.gz
[2026-03-08] 频道: Love Nature HD | 数据源: https://github.com/litiande03/epg/raw/refs/heads/master/pl.xml.gz
[2026-03-09] 频道: Love Nature HD | 数据源: https://github.com/litiande03/epg/raw/refs/heads/master/pl.xml.gz
[2026-03-10] 频道: Love Nature HD | 数据源: https://github.com/litiande03/epg/raw/refs/heads/master/pl.xml.gz
[2026-03-11] 频道: Love Nature HD | 数据源: https://github.com/litiande03/epg/raw/refs/heads/master/pl.xml.gz
[2026-03-12] 频道: Love Nature HD | 数据源: https://github.com/litiande03/epg/raw/refs/heads/master/pl.xml.gz
[2026-03-13] 频道: Love Nature HD | 数据源: https://github.com/litiande03/epg/raw/refs/heads/master/pl.xml.gz
[2026-03-14] 频道: Love Nature HD | 数据源: https://github.com/litiande03/epg/raw/refs/heads/master/pl.xml.gz
[2026-03-15] 频道: Love Nature HD | 数据源: https://github.com/litiande03/epg/raw/refs/heads/master/pl.xml.gz
[2026-03-16] 频道: Love Nature HD | 数据源: https://github.com/litiande03/epg/raw/refs/heads/master/pl.xml.gz
[2026-03-17] 频道: Love Nature HD | 数据源: https://github.com/litiande03/epg/raw/refs/heads/master/pl.xml.gz
[2026-03-08] 频道: Love Nature 4K | 数据源: https://github.com/litiande03/epg/raw/refs/heads/master/pl.xml.gz
[2026-03-09] 频道: Love Nature 4K | 数据源: https://github.com/litiande03/epg/raw/refs/heads/master/pl.xml.gz
[2026-03-10] 频道: Love Nature 4K | 数据源: https://github.com/litiande03/epg/raw/refs/heads/master/pl.xml.gz
[2026-03-11] 频道: Love Nature 4K | 数据源: https://github.com/litiande03/epg/raw/refs/heads/master/pl.xml.gz
[2026-03-12] 频道: Love Nature 4K | 数据源: https://github.com/litiande03/epg/raw/refs/heads/master/pl.xml.gz
[2026-03-13] 频道: Love Nature 4K | 数据源: https://github.com/litiande03/epg/raw/refs/heads/master/pl.xml.gz
[2026-03-14] 频道: Love Nature 4K | 数据源: https://github.com/litiande03/epg/raw/refs/heads/master/pl.xml.gz
[2026-03-15] 频道: Love Nature 4K | 数据源: https://github.com/litiande03/epg/raw/refs/heads/master/pl.xml.gz
[2026-03-16] 频道: Love Nature 4K | 数据源: https://github.com/litiande03/epg/raw/refs/heads/master/pl.xml.gz
[2026-03-17] 频道: Love Nature 4K | 数据源: https://github.com/litiande03/epg/raw/refs/heads/master/pl.xml.gz
[2026-03-08] 频道: Global Trekker | 数据源: https://github.com/litiande03/epg/raw/refs/heads/master/pl.xml.gz
[2026-03-09] 频道: Global Trekker | 数据源: https://github.com/litiande03/epg/raw/refs/heads/master/pl.xml.gz
[2026-03-10] 频道: Global Trekker | 数据源: https://github.com/litiande03/epg/raw/refs/heads/master/pl.xml.gz
[2026-03-11] 频道: Global Trekker | 数据源: https://github.com/litiande03/epg/raw/refs/heads/master/pl.xml.gz
[2026-03-12] 频道: Global Trekker | 数据源: https://github.com/litiande03/epg/raw/refs/heads/master/pl.xml.gz
[2026-03-13] 频道: Global Trekker | 数据源: https://github.com/litiande03/epg/raw/refs/heads/master/pl.xml.gz
[2026-03-14] 频道: Global Trekker | 数据源: https://github.com/litiande03/epg/raw/refs/heads/master/pl.xml.gz
[2026-03-15] 频道: Global Trekker | 数据源: https://github.com/litiande03/epg/raw/refs/heads/master/pl.xml.gz
[2026-03-16] 频道: Global Trekker | 数据源: https://github.com/litiande03/epg/raw/refs/heads/master/pl.xml.gz
[2026-03-17] 频道: Global Trekker | 数据源: https://github.com/litiande03/epg/raw/refs/heads/master/pl.xml.gz
[2026-03-08] 频道: Pet Club TV | 数据源: https://github.com/litiande03/epg/raw/refs/heads/master/pl.xml.gz
[2026-03-09] 频道: Pet Club TV | 数据源: https://github.com/litiande03/epg/raw/refs/heads/master/pl.xml.gz
[2026-03-10] 频道: Pet Club TV | 数据源: https://github.com/litiande03/epg/raw/refs/heads/master/pl.xml.gz
[2026-03-11] 频道: Pet Club TV | 数据源: https://github.com/litiande03/epg/raw/refs/heads/master/pl.xml.gz
[2026-03-12] 频道: Pet Club TV | 数据源: https://github.com/litiande03/epg/raw/refs/heads/master/pl.xml.gz
[2026-03-13] 频道: Pet Club TV | 数据源: https://github.com/litiande03/epg/raw/refs/heads/master/pl.xml.gz
[2026-03-14] 频道: Pet Club TV | 数据源: https://github.com/litiande03/epg/raw/refs/heads/master/pl.xml.gz
[2026-03-15] 频道: Pet Club TV | 数据源: https://github.com/litiande03/epg/raw/refs/heads/master/pl.xml.gz
[2026-03-16] 频道: Pet Club TV | 数据源: https://github.com/litiande03/epg/raw/refs/heads/master/pl.xml.gz
[2026-03-17] 频道: Pet Club TV | 数据源: https://github.com/litiande03/epg/raw/refs/heads/master/pl.xml.gz
[2026-03-08] 频道: Globetrotter | 数据源: https://github.com/litiande03/epg/raw/refs/heads/master/pl.xml.gz
[2026-03-09] 频道: Globetrotter | 数据源: https://github.com/litiande03/epg/raw/refs/heads/master/pl.xml.gz
[2026-03-10] 频道: Globetrotter | 数据源: https://github.com/litiande03/epg/raw/refs/heads/master/pl.xml.gz
[2026-03-11] 频道: Globetrotter | 数据源: https://github.com/litiande03/epg/raw/refs/heads/master/pl.xml.gz
[2026-03-12] 频道: Globetrotter | 数据源: https://github.com/litiande03/epg/raw/refs/heads/master/pl.xml.gz
[2026-03-13] 频道: Globetrotter | 数据源: https://github.com/litiande03/epg/raw/refs/heads/master/pl.xml.gz
[2026-03-14] 频道: Globetrotter | 数据源: https://github.com/litiande03/epg/raw/refs/heads/master/pl.xml.gz
[2026-03-15] 频道: Globetrotter | 数据源: https://github.com/litiande03/epg/raw/refs/heads/master/pl.xml.gz
[2026-03-16] 频道: Globetrotter | 数据源: https://github.com/litiande03/epg/raw/refs/heads/master/pl.xml.gz
[2026-03-17] 频道: Globetrotter | 数据源: https://github.com/litiande03/epg/raw/refs/heads/master/pl.xml.gz
[2026-03-08] 频道: Docsville | 数据源: https://github.com/litiande03/epg/raw/refs/heads/master/pl.xml.gz
[2026-03-09] 频道: Docsville | 数据源: https://github.com/litiande03/epg/raw/refs/heads/master/pl.xml.gz
[2026-03-10] 频道: Docsville | 数据源: https://github.com/litiande03/epg/raw/refs/heads/master/pl.xml.gz
[2026-03-11] 频道: Docsville | 数据源: https://github.com/litiande03/epg/raw/refs/heads/master/pl.xml.gz
[2026-03-12] 频道: Docsville | 数据源: https://github.com/litiande03/epg/raw/refs/heads/master/pl.xml.gz
[2026-03-13] 频道: Docsville | 数据源: https://github.com/litiande03/epg/raw/refs/heads/master/pl.xml.gz
[2026-03-14] 频道: Docsville | 数据源: https://github.com/litiande03/epg/raw/refs/heads/master/pl.xml.gz
[2026-03-15] 频道: Docsville | 数据源: https://github.com/litiande03/epg/raw/refs/heads/master/pl.xml.gz
[2026-03-16] 频道: Docsville | 数据源: https://github.com/litiande03/epg/raw/refs/heads/master/pl.xml.gz
[2026-03-17] 频道: Docsville | 数据源: https://github.com/litiande03/epg/raw/refs/heads/master/pl.xml.gz
[2026-03-08] 频道: Wild Stuff | 数据源: https://github.com/litiande03/epg/raw/refs/heads/master/pl.xml.gz
[2026-03-09] 频道: Wild Stuff | 数据源: https://github.com/litiande03/epg/raw/refs/heads/master/pl.xml.gz
[2026-03-10] 频道: Wild Stuff | 数据源: https://github.com/litiande03/epg/raw/refs/heads/master/pl.xml.gz
[2026-03-11] 频道: Wild Stuff | 数据源: https://github.com/litiande03/epg/raw/refs/heads/master/pl.xml.gz
[2026-03-12] 频道: Wild Stuff | 数据源: https://github.com/litiande03/epg/raw/refs/heads/master/pl.xml.gz
[2026-03-13] 频道: Wild Stuff | 数据源: https://github.com/litiande03/epg/raw/refs/heads/master/pl.xml.gz
[2026-03-14] 频道: Wild Stuff | 数据源: https://github.com/litiande03/epg/raw/refs/heads/master/pl.xml.gz
[2026-03-15] 频道: Wild Stuff | 数据源: https://github.com/litiande03/epg/raw/refs/heads/master/pl.xml.gz
[2026-03-16] 频道: Wild Stuff | 数据源: https://github.com/litiande03/epg/raw/refs/heads/master/pl.xml.gz
[2026-03-17] 频道: Wild Stuff | 数据源: https://github.com/litiande03/epg/raw/refs/heads/master/pl.xml.gz
[2026-03-08] 频道: ROCK综艺娱乐 | 数据源: https://github.com/litiande03/epg/raw/refs/heads/master/pl.xml.gz
[2026-03-09] 频道: ROCK综艺娱乐 | 数据源: https://github.com/litiande03/epg/raw/refs/heads/master/pl.xml.gz
[2026-03-10] 频道: ROCK综艺娱乐 | 数据源: https://github.com/litiande03/epg/raw/refs/heads/master/pl.xml.gz
[2026-03-11] 频道: ROCK综艺娱乐 | 数据源: https://github.com/litiande03/epg/raw/refs/heads/master/pl.xml.gz
[2026-03-12] 频道: ROCK综艺娱乐 | 数据源: https://github.com/litiande03/epg/raw/refs/heads/master/pl.xml.gz
[2026-03-13] 频道: ROCK综艺娱乐 | 数据源: https://github.com/litiande03/epg/raw/refs/heads/master/pl.xml.gz
[2026-03-14] 频道: ROCK综艺娱乐 | 数据源: https://github.com/litiande03/epg/raw/refs/heads/master/pl.xml.gz
[2026-03-15] 频道: ROCK综艺娱乐 | 数据源: https://github.com/litiande03/epg/raw/refs/heads/master/pl.xml.gz
[2026-03-16] 频道: ROCK综艺娱乐 | 数据源: https://github.com/litiande03/epg/raw/refs/heads/master/pl.xml.gz
[2026-03-17] 频道: ROCK综艺娱乐 | 数据源: https://github.com/litiande03/epg/raw/refs/heads/master/pl.xml.gz
[2026-03-08] 频道: AXN | 数据源: https://epg.136605.xyz/9days.xml
[2026-03-09] 频道: AXN | 数据源: https://epg.136605.xyz/9days.xml
[2026-03-10] 频道: AXN | 数据源: https://epg.136605.xyz/9days.xml
[2026-03-11] 频道: AXN | 数据源: https://epg.136605.xyz/9days.xml
[2026-03-12] 频道: AXN | 数据源: https://epg.136605.xyz/9days.xml
[2026-03-13] 频道: AXN | 数据源: https://epg.136605.xyz/9days.xml
[2026-03-14] 频道: AXN | 数据源: https://epg.136605.xyz/9days.xml
[2026-03-15] 频道: AXN | 数据源: https://epg.136605.xyz/9days.xml
[2026-03-16] 频道: AXN | 数据源: https://epg.136605.xyz/9days.xml
[2026-03-17] 频道: AXN | 数据源: https://github.com/litiande03/epg/raw/refs/heads/master/pl.xml.gz
[2026-03-08] 频道: ROCK X Stream | 数据源: https://github.com/litiande03/epg/raw/refs/heads/master/pl.xml.gz
[2026-03-09] 频道: ROCK X Stream | 数据源: https://github.com/litiande03/epg/raw/refs/heads/master/pl.xml.gz
[2026-03-10] 频道: ROCK X Stream | 数据源: https://github.com/litiande03/epg/raw/refs/heads/master/pl.xml.gz
[2026-03-11] 频道: ROCK X Stream | 数据源: https://github.com/litiande03/epg/raw/refs/heads/master/pl.xml.gz
[2026-03-12] 频道: ROCK X Stream | 数据源: https://github.com/litiande03/epg/raw/refs/heads/master/pl.xml.gz
[2026-03-13] 频道: ROCK X Stream | 数据源: https://github.com/litiande03/epg/raw/refs/heads/master/pl.xml.gz
[2026-03-14] 频道: ROCK X Stream | 数据源: https://github.com/litiande03/epg/raw/refs/heads/master/pl.xml.gz
[2026-03-15] 频道: ROCK X Stream | 数据源: https://github.com/litiande03/epg/raw/refs/heads/master/pl.xml.gz
[2026-03-16] 频道: ROCK X Stream | 数据源: https://github.com/litiande03/epg/raw/refs/heads/master/pl.xml.gz
[2026-03-17] 频道: ROCK X Stream | 数据源: https://github.com/litiande03/epg/raw/refs/heads/master/pl.xml.gz
[2026-03-08] 频道: Animax | 数据源: https://github.com/litiande03/epg/raw/refs/heads/master/pl.xml.gz
[2026-03-09] 频道: Animax | 数据源: https://github.com/litiande03/epg/raw/refs/heads/master/pl.xml.gz
[2026-03-10] 频道: Animax | 数据源: https://github.com/litiande03/epg/raw/refs/heads/master/pl.xml.gz
[2026-03-11] 频道: Animax | 数据源: https://github.com/litiande03/epg/raw/refs/heads/master/pl.xml.gz
[2026-03-12] 频道: Animax | 数据源: https://github.com/litiande03/epg/raw/refs/heads/master/pl.xml.gz
[2026-03-13] 频道: Animax | 数据源: https://github.com/litiande03/epg/raw/refs/heads/master/pl.xml.gz
[2026-03-14] 频道: Animax | 数据源: https://github.com/litiande03/epg/raw/refs/heads/master/pl.xml.gz
[2026-03-15] 频道: Animax | 数据源: https://github.com/litiande03/epg/raw/refs/heads/master/pl.xml.gz
[2026-03-16] 频道: Animax | 数据源: https://github.com/litiande03/epg/raw/refs/heads/master/pl.xml.gz
[2026-03-17] 频道: Animax | 数据源: https://github.com/litiande03/epg/raw/refs/heads/master/pl.xml.gz
[2026-03-08] 频道: tvN | 数据源: https://epg.136605.xyz/9days.xml
[2026-03-09] 频道: tvN | 数据源: https://epg.136605.xyz/9days.xml
[2026-03-10] 频道: tvN | 数据源: https://github.com/litiande03/epg/raw/refs/heads/master/pl.xml.gz
[2026-03-11] 频道: tvN | 数据源: https://github.com/litiande03/epg/raw/refs/heads/master/pl.xml.gz
[2026-03-12] 频道: tvN | 数据源: https://epg.136605.xyz/9days.xml
[2026-03-13] 频道: tvN | 数据源: https://github.com/litiande03/epg/raw/refs/heads/master/pl.xml.gz
[2026-03-14] 频道: tvN | 数据源: https://epg.136605.xyz/9days.xml
[2026-03-15] 频道: tvN | 数据源: https://epg.136605.xyz/9days.xml
[2026-03-16] 频道: tvN | 数据源: https://epg.136605.xyz/9days.xml
[2026-03-17] 频道: tvN | 数据源: https://github.com/litiande03/epg/raw/refs/heads/master/pl.xml.gz
[2026-03-08] 频道: 无线卫星亚洲台 | 数据源: https://epg.136605.xyz/9days.xml
[2026-03-09] 频道: 无线卫星亚洲台 | 数据源: https://epg.136605.xyz/9days.xml
[2026-03-10] 频道: 无线卫星亚洲台 | 数据源: https://epg.136605.xyz/9days.xml
[2026-03-11] 频道: 无线卫星亚洲台 | 数据源: https://epg.136605.xyz/9days.xml
[2026-03-12] 频道: 无线卫星亚洲台 | 数据源: https://epg.136605.xyz/9days.xml
[2026-03-13] 频道: 无线卫星亚洲台 | 数据源: https://epg.136605.xyz/9days.xml
[2026-03-14] 频道: 无线卫星亚洲台 | 数据源: https://epg.136605.xyz/9days.xml
[2026-03-15] 频道: 无线卫星亚洲台 | 数据源: https://epg.136605.xyz/9days.xml
[2026-03-16] 频道: 无线卫星亚洲台 | 数据源: https://epg.136605.xyz/9days.xml
[2026-03-17] 频道: 无线卫星亚洲台 | 数据源: https://github.com/litiande03/epg/raw/refs/heads/master/pl.xml.gz
[2026-03-08] 频道: 创世电视 | 数据源: https://github.com/litiande03/epg/raw/refs/heads/master/pl.xml.gz
[2026-03-09] 频道: 创世电视 | 数据源: https://github.com/litiande03/epg/raw/refs/heads/master/pl.xml.gz
[2026-03-10] 频道: 创世电视 | 数据源: https://github.com/litiande03/epg/raw/refs/heads/master/pl.xml.gz
[2026-03-11] 频道: 创世电视 | 数据源: https://github.com/litiande03/epg/raw/refs/heads/master/pl.xml.gz
[2026-03-12] 频道: 创世电视 | 数据源: https://github.com/litiande03/epg/raw/refs/heads/master/pl.xml.gz
[2026-03-13] 频道: 创世电视 | 数据源: https://github.com/litiande03/epg/raw/refs/heads/master/pl.xml.gz
[2026-03-14] 频道: 创世电视 | 数据源: https://github.com/litiande03/epg/raw/refs/heads/master/pl.xml.gz
[2026-03-15] 频道: 创世电视 | 数据源: https://github.com/litiande03/epg/raw/refs/heads/master/pl.xml.gz
[2026-03-16] 频道: 创世电视 | 数据源: https://github.com/litiande03/epg/raw/refs/heads/master/pl.xml.gz
[2026-03-17] 频道: 创世电视 | 数据源: https://github.com/litiande03/epg/raw/refs/heads/master/pl.xml.gz
[2026-03-08] 频道: FashionBox | 数据源: https://github.com/litiande03/epg/raw/refs/heads/master/pl.xml.gz
[2026-03-09] 频道: FashionBox | 数据源: https://github.com/litiande03/epg/raw/refs/heads/master/pl.xml.gz
[2026-03-10] 频道: FashionBox | 数据源: https://github.com/litiande03/epg/raw/refs/heads/master/pl.xml.gz
[2026-03-11] 频道: FashionBox | 数据源: https://github.com/litiande03/epg/raw/refs/heads/master/pl.xml.gz
[2026-03-12] 频道: FashionBox | 数据源: https://github.com/litiande03/epg/raw/refs/heads/master/pl.xml.gz
[2026-03-13] 频道: FashionBox | 数据源: https://github.com/litiande03/epg/raw/refs/heads/master/pl.xml.gz
[2026-03-14] 频道: FashionBox | 数据源: https://github.com/litiande03/epg/raw/refs/heads/master/pl.xml.gz
[2026-03-15] 频道: FashionBox | 数据源: https://github.com/litiande03/epg/raw/refs/heads/master/pl.xml.gz
[2026-03-16] 频道: FashionBox | 数据源: https://github.com/litiande03/epg/raw/refs/heads/master/pl.xml.gz
[2026-03-17] 频道: FashionBox | 数据源: https://github.com/litiande03/epg/raw/refs/heads/master/pl.xml.gz
[2026-03-08] 频道: Mezzo Live HD | 数据源: https://github.com/litiande03/epg/raw/refs/heads/master/pl.xml.gz
[2026-03-09] 频道: Mezzo Live HD | 数据源: https://github.com/litiande03/epg/raw/refs/heads/master/pl.xml.gz
[2026-03-10] 频道: Mezzo Live HD | 数据源: https://github.com/litiande03/epg/raw/refs/heads/master/pl.xml.gz
[2026-03-11] 频道: Mezzo Live HD | 数据源: https://github.com/litiande03/epg/raw/refs/heads/master/pl.xml.gz
[2026-03-12] 频道: Mezzo Live HD | 数据源: https://github.com/litiande03/epg/raw/refs/heads/master/pl.xml.gz
[2026-03-13] 频道: Mezzo Live HD | 数据源: https://github.com/litiande03/epg/raw/refs/heads/master/pl.xml.gz
[2026-03-14] 频道: Mezzo Live HD | 数据源: https://github.com/litiande03/epg/raw/refs/heads/master/pl.xml.gz
[2026-03-15] 频道: Mezzo Live HD | 数据源: https://github.com/litiande03/epg/raw/refs/heads/master/pl.xml.gz
[2026-03-16] 频道: Mezzo Live HD | 数据源: https://github.com/litiande03/epg/raw/refs/heads/master/pl.xml.gz
[2026-03-17] 频道: Mezzo Live HD | 数据源: https://github.com/litiande03/epg/raw/refs/heads/master/pl.xml.gz
[2026-03-08] 频道: 中央电视台综合频道 (港澳版) | 数据源: https://github.com/litiande03/epg/raw/refs/heads/master/pl.xml.gz
[2026-03-09] 频道: 中央电视台综合频道 (港澳版) | 数据源: https://github.com/litiande03/epg/raw/refs/heads/master/pl.xml.gz
[2026-03-10] 频道: 中央电视台综合频道 (港澳版) | 数据源: https://github.com/litiande03/epg/raw/refs/heads/master/pl.xml.gz
[2026-03-11] 频道: 中央电视台综合频道 (港澳版) | 数据源: https://github.com/litiande03/epg/raw/refs/heads/master/pl.xml.gz
[2026-03-12] 频道: 中央电视台综合频道 (港澳版) | 数据源: https://github.com/litiande03/epg/raw/refs/heads/master/pl.xml.gz
[2026-03-13] 频道: 中央电视台综合频道 (港澳版) | 数据源: https://github.com/litiande03/epg/raw/refs/heads/master/pl.xml.gz
[2026-03-14] 频道: 中央电视台综合频道 (港澳版) | 数据源: https://github.com/litiande03/epg/raw/refs/heads/master/pl.xml.gz
[2026-03-15] 频道: 中央电视台综合频道 (港澳版) | 数据源: https://github.com/litiande03/epg/raw/refs/heads/master/pl.xml.gz
[2026-03-16] 频道: 中央电视台综合频道 (港澳版) | 数据源: https://github.com/litiande03/epg/raw/refs/heads/master/pl.xml.gz
[2026-03-17] 频道: 中央电视台综合频道 (港澳版) | 数据源: https://github.com/litiande03/epg/raw/refs/heads/master/pl.xml.gz
[2026-03-08] 频道: CGTN (中国环球电视网)记录频道 | 数据源: https://github.com/litiande03/epg/raw/refs/heads/master/pl.xml.gz
[2026-03-09] 频道: CGTN (中国环球电视网)记录频道 | 数据源: https://github.com/litiande03/epg/raw/refs/heads/master/pl.xml.gz
[2026-03-10] 频道: CGTN (中国环球电视网)记录频道 | 数据源: https://github.com/litiande03/epg/raw/refs/heads/master/pl.xml.gz
[2026-03-11] 频道: CGTN (中国环球电视网)记录频道 | 数据源: https://github.com/litiande03/epg/raw/refs/heads/master/pl.xml.gz
[2026-03-12] 频道: CGTN (中国环球电视网)记录频道 | 数据源: https://github.com/litiande03/epg/raw/refs/heads/master/pl.xml.gz
[2026-03-13] 频道: CGTN (中国环球电视网)记录频道 | 数据源: https://github.com/litiande03/epg/raw/refs/heads/master/pl.xml.gz
[2026-03-14] 频道: CGTN (中国环球电视网)记录频道 | 数据源: https://github.com/litiande03/epg/raw/refs/heads/master/pl.xml.gz
[2026-03-15] 频道: CGTN (中国环球电视网)记录频道 | 数据源: https://github.com/litiande03/epg/raw/refs/heads/master/pl.xml.gz
[2026-03-16] 频道: CGTN (中国环球电视网)记录频道 | 数据源: https://github.com/litiande03/epg/raw/refs/heads/master/pl.xml.gz
[2026-03-17] 频道: CGTN (中国环球电视网)记录频道 | 数据源: https://github.com/litiande03/epg/raw/refs/heads/master/pl.xml.gz
[2026-03-08] 频道: CGTN (中国环球电视网)英语频道 | 数据源: https://github.com/litiande03/epg/raw/refs/heads/master/pl.xml.gz
[2026-03-09] 频道: CGTN (中国环球电视网)英语频道 | 数据源: https://github.com/litiande03/epg/raw/refs/heads/master/pl.xml.gz
[2026-03-10] 频道: CGTN (中国环球电视网)英语频道 | 数据源: https://github.com/litiande03/epg/raw/refs/heads/master/pl.xml.gz
[2026-03-11] 频道: CGTN (中国环球电视网)英语频道 | 数据源: https://github.com/litiande03/epg/raw/refs/heads/master/pl.xml.gz
[2026-03-12] 频道: CGTN (中国环球电视网)英语频道 | 数据源: https://github.com/litiande03/epg/raw/refs/heads/master/pl.xml.gz
[2026-03-13] 频道: CGTN (中国环球电视网)英语频道 | 数据源: https://github.com/litiande03/epg/raw/refs/heads/master/pl.xml.gz
[2026-03-14] 频道: CGTN (中国环球电视网)英语频道 | 数据源: https://github.com/litiande03/epg/raw/refs/heads/master/pl.xml.gz
[2026-03-15] 频道: CGTN (中国环球电视网)英语频道 | 数据源: https://github.com/litiande03/epg/raw/refs/heads/master/pl.xml.gz
[2026-03-16] 频道: CGTN (中国环球电视网)英语频道 | 数据源: https://github.com/litiande03/epg/raw/refs/heads/master/pl.xml.gz
[2026-03-17] 频道: CGTN (中国环球电视网)英语频道 | 数据源: https://github.com/litiande03/epg/raw/refs/heads/master/pl.xml.gz
[2026-03-08] 频道: 东方卫视国际频道 | 数据源: https://github.com/litiande03/epg/raw/refs/heads/master/pl.xml.gz
[2026-03-09] 频道: 东方卫视国际频道 | 数据源: https://github.com/litiande03/epg/raw/refs/heads/master/pl.xml.gz
[2026-03-10] 频道: 东方卫视国际频道 | 数据源: https://github.com/litiande03/epg/raw/refs/heads/master/pl.xml.gz
[2026-03-11] 频道: 东方卫视国际频道 | 数据源: https://github.com/litiande03/epg/raw/refs/heads/master/pl.xml.gz
[2026-03-12] 频道: 东方卫视国际频道 | 数据源: https://github.com/litiande03/epg/raw/refs/heads/master/pl.xml.gz
[2026-03-13] 频道: 东方卫视国际频道 | 数据源: https://github.com/litiande03/epg/raw/refs/heads/master/pl.xml.gz
[2026-03-14] 频道: 东方卫视国际频道 | 数据源: https://github.com/litiande03/epg/raw/refs/heads/master/pl.xml.gz
[2026-03-15] 频道: 东方卫视国际频道 | 数据源: https://github.com/litiande03/epg/raw/refs/heads/master/pl.xml.gz
[2026-03-16] 频道: 东方卫视国际频道 | 数据源: https://github.com/litiande03/epg/raw/refs/heads/master/pl.xml.gz
[2026-03-17] 频道: 东方卫视国际频道 | 数据源: https://github.com/litiande03/epg/raw/refs/heads/master/pl.xml.gz
[2026-03-08] 频道: 凤凰卫视中文台 | 数据源: https://github.com/litiande03/epg/raw/refs/heads/master/pl.xml.gz
[2026-03-09] 频道: 凤凰卫视中文台 | 数据源: https://github.com/litiande03/epg/raw/refs/heads/master/pl.xml.gz
[2026-03-10] 频道: 凤凰卫视中文台 | 数据源: https://github.com/litiande03/epg/raw/refs/heads/master/pl.xml.gz
[2026-03-11] 频道: 凤凰卫视中文台 | 数据源: https://github.com/litiande03/epg/raw/refs/heads/master/pl.xml.gz
[2026-03-12] 频道: 凤凰卫视中文台 | 数据源: https://github.com/litiande03/epg/raw/refs/heads/master/pl.xml.gz
[2026-03-13] 频道: 凤凰卫视中文台 | 数据源: https://github.com/litiande03/epg/raw/refs/heads/master/pl.xml.gz
[2026-03-14] 频道: 凤凰卫视中文台 | 数据源: https://github.com/litiande03/epg/raw/refs/heads/master/pl.xml.gz
[2026-03-15] 频道: 凤凰卫视中文台 | 数据源: https://github.com/litiande03/epg/raw/refs/heads/master/pl.xml.gz
[2026-03-16] 频道: 凤凰卫视中文台 | 数据源: https://github.com/litiande03/epg/raw/refs/heads/master/pl.xml.gz
[2026-03-17] 频道: 凤凰卫视中文台 | 数据源: https://github.com/litiande03/epg/raw/refs/heads/master/pl.xml.gz
[2026-03-08] 频道: 凤凰卫视资讯台 | 数据源: https://github.com/litiande03/epg/raw/refs/heads/master/pl.xml.gz
[2026-03-09] 频道: 凤凰卫视资讯台 | 数据源: https://github.com/litiande03/epg/raw/refs/heads/master/pl.xml.gz
[2026-03-10] 频道: 凤凰卫视资讯台 | 数据源: https://github.com/litiande03/epg/raw/refs/heads/master/pl.xml.gz
[2026-03-11] 频道: 凤凰卫视资讯台 | 数据源: https://github.com/litiande03/epg/raw/refs/heads/master/pl.xml.gz
[2026-03-12] 频道: 凤凰卫视资讯台 | 数据源: https://github.com/litiande03/epg/raw/refs/heads/master/pl.xml.gz
[2026-03-13] 频道: 凤凰卫视资讯台 | 数据源: https://github.com/litiande03/epg/raw/refs/heads/master/pl.xml.gz
[2026-03-14] 频道: 凤凰卫视资讯台 | 数据源: https://github.com/litiande03/epg/raw/refs/heads/master/pl.xml.gz
[2026-03-15] 频道: 凤凰卫视资讯台 | 数据源: https://github.com/litiande03/epg/raw/refs/heads/master/pl.xml.gz
[2026-03-16] 频道: 凤凰卫视资讯台 | 数据源: https://github.com/litiande03/epg/raw/refs/heads/master/pl.xml.gz
[2026-03-17] 频道: 凤凰卫视资讯台 | 数据源: https://github.com/litiande03/epg/raw/refs/heads/master/pl.xml.gz
[2026-03-08] 频道: 凤凰卫视香港台 | 数据源: https://github.com/litiande03/epg/raw/refs/heads/master/pl.xml.gz
[2026-03-09] 频道: 凤凰卫视香港台 | 数据源: https://github.com/litiande03/epg/raw/refs/heads/master/pl.xml.gz
[2026-03-10] 频道: 凤凰卫视香港台 | 数据源: https://github.com/litiande03/epg/raw/refs/heads/master/pl.xml.gz
[2026-03-11] 频道: 凤凰卫视香港台 | 数据源: https://github.com/litiande03/epg/raw/refs/heads/master/pl.xml.gz
[2026-03-12] 频道: 凤凰卫视香港台 | 数据源: https://github.com/litiande03/epg/raw/refs/heads/master/pl.xml.gz
[2026-03-13] 频道: 凤凰卫视香港台 | 数据源: https://github.com/litiande03/epg/raw/refs/heads/master/pl.xml.gz
[2026-03-14] 频道: 凤凰卫视香港台 | 数据源: https://github.com/litiande03/epg/raw/refs/heads/master/pl.xml.gz
[2026-03-15] 频道: 凤凰卫视香港台 | 数据源: https://github.com/litiande03/epg/raw/refs/heads/master/pl.xml.gz
[2026-03-16] 频道: 凤凰卫视香港台 | 数据源: https://github.com/litiande03/epg/raw/refs/heads/master/pl.xml.gz
[2026-03-17] 频道: 凤凰卫视香港台 | 数据源: https://github.com/litiande03/epg/raw/refs/heads/master/pl.xml.gz
[2026-03-08] 频道: 中国中央电视台中文国际频道 | 数据源: https://github.com/litiande03/epg/raw/refs/heads/master/pl.xml.gz
[2026-03-09] 频道: 中国中央电视台中文国际频道 | 数据源: https://github.com/litiande03/epg/raw/refs/heads/master/pl.xml.gz
[2026-03-10] 频道: 中国中央电视台中文国际频道 | 数据源: https://github.com/litiande03/epg/raw/refs/heads/master/pl.xml.gz
[2026-03-11] 频道: 中国中央电视台中文国际频道 | 数据源: https://github.com/litiande03/epg/raw/refs/heads/master/pl.xml.gz
[2026-03-12] 频道: 中国中央电视台中文国际频道 | 数据源: https://github.com/litiande03/epg/raw/refs/heads/master/pl.xml.gz
[2026-03-13] 频道: 中国中央电视台中文国际频道 | 数据源: https://github.com/litiande03/epg/raw/refs/heads/master/pl.xml.gz
[2026-03-14] 频道: 中国中央电视台中文国际频道 | 数据源: https://github.com/litiande03/epg/raw/refs/heads/master/pl.xml.gz
[2026-03-15] 频道: 中国中央电视台中文国际频道 | 数据源: https://github.com/litiande03/epg/raw/refs/heads/master/pl.xml.gz
[2026-03-16] 频道: 中国中央电视台中文国际频道 | 数据源: https://github.com/litiande03/epg/raw/refs/heads/master/pl.xml.gz
[2026-03-17] 频道: 中国中央电视台中文国际频道 | 数据源: https://github.com/litiande03/epg/raw/refs/heads/master/pl.xml.gz
[2026-03-08] 频道: 中国中央电视台娱乐频道 | 数据源: https://github.com/litiande03/epg/raw/refs/heads/master/pl.xml.gz
[2026-03-09] 频道: 中国中央电视台娱乐频道 | 数据源: https://github.com/litiande03/epg/raw/refs/heads/master/pl.xml.gz
[2026-03-10] 频道: 中国中央电视台娱乐频道 | 数据源: https://github.com/litiande03/epg/raw/refs/heads/master/pl.xml.gz
[2026-03-11] 频道: 中国中央电视台娱乐频道 | 数据源: https://github.com/litiande03/epg/raw/refs/heads/master/pl.xml.gz
[2026-03-12] 频道: 中国中央电视台娱乐频道 | 数据源: https://github.com/litiande03/epg/raw/refs/heads/master/pl.xml.gz
[2026-03-13] 频道: 中国中央电视台娱乐频道 | 数据源: https://github.com/litiande03/epg/raw/refs/heads/master/pl.xml.gz
[2026-03-14] 频道: 中国中央电视台娱乐频道 | 数据源: https://github.com/litiande03/epg/raw/refs/heads/master/pl.xml.gz
[2026-03-15] 频道: 中国中央电视台娱乐频道 | 数据源: https://github.com/litiande03/epg/raw/refs/heads/master/pl.xml.gz
[2026-03-16] 频道: 中国中央电视台娱乐频道 | 数据源: https://github.com/litiande03/epg/raw/refs/heads/master/pl.xml.gz
[2026-03-17] 频道: 中国中央电视台娱乐频道 | 数据源: https://github.com/litiande03/epg/raw/refs/heads/master/pl.xml.gz
[2026-03-08] 频道: 中国中央电视台戏曲频道 | 数据源: https://github.com/litiande03/epg/raw/refs/heads/master/pl.xml.gz
[2026-03-09] 频道: 中国中央电视台戏曲频道 | 数据源: https://github.com/litiande03/epg/raw/refs/heads/master/pl.xml.gz
[2026-03-10] 频道: 中国中央电视台戏曲频道 | 数据源: https://github.com/litiande03/epg/raw/refs/heads/master/pl.xml.gz
[2026-03-11] 频道: 中国中央电视台戏曲频道 | 数据源: https://github.com/litiande03/epg/raw/refs/heads/master/pl.xml.gz
[2026-03-12] 频道: 中国中央电视台戏曲频道 | 数据源: https://github.com/litiande03/epg/raw/refs/heads/master/pl.xml.gz
[2026-03-13] 频道: 中国中央电视台戏曲频道 | 数据源: https://github.com/litiande03/epg/raw/refs/heads/master/pl.xml.gz
[2026-03-14] 频道: 中国中央电视台戏曲频道 | 数据源: https://github.com/litiande03/epg/raw/refs/heads/master/pl.xml.gz
[2026-03-15] 频道: 中国中央电视台戏曲频道 | 数据源: https://github.com/litiande03/epg/raw/refs/heads/master/pl.xml.gz
[2026-03-16] 频道: 中国中央电视台戏曲频道 | 数据源: https://github.com/litiande03/epg/raw/refs/heads/master/pl.xml.gz
[2026-03-17] 频道: 中国中央电视台戏曲频道 | 数据源: https://github.com/litiande03/epg/raw/refs/heads/master/pl.xml.gz
[2026-03-08] 频道: 云南澜湄国际卫视 | 数据源: https://github.com/litiande03/epg/raw/refs/heads/master/pl.xml.gz
[2026-03-09] 频道: 云南澜湄国际卫视 | 数据源: https://github.com/litiande03/epg/raw/refs/heads/master/pl.xml.gz
[2026-03-10] 频道: 云南澜湄国际卫视 | 数据源: https://github.com/litiande03/epg/raw/refs/heads/master/pl.xml.gz
[2026-03-11] 频道: 云南澜湄国际卫视 | 数据源: https://github.com/litiande03/epg/raw/refs/heads/master/pl.xml.gz
[2026-03-12] 频道: 云南澜湄国际卫视 | 数据源: https://github.com/litiande03/epg/raw/refs/heads/master/pl.xml.gz
[2026-03-13] 频道: 云南澜湄国际卫视 | 数据源: https://github.com/litiande03/epg/raw/refs/heads/master/pl.xml.gz
[2026-03-14] 频道: 云南澜湄国际卫视 | 数据源: https://github.com/litiande03/epg/raw/refs/heads/master/pl.xml.gz
[2026-03-15] 频道: 云南澜湄国际卫视 | 数据源: https://github.com/litiande03/epg/raw/refs/heads/master/pl.xml.gz
[2026-03-16] 频道: 云南澜湄国际卫视 | 数据源: https://github.com/litiande03/epg/raw/refs/heads/master/pl.xml.gz
[2026-03-17] 频道: 云南澜湄国际卫视 | 数据源: https://github.com/litiande03/epg/raw/refs/heads/master/pl.xml.gz
[2026-03-08] 频道: 安徽广播电视台国际频道 | 数据源: https://github.com/litiande03/epg/raw/refs/heads/master/pl.xml.gz
[2026-03-09] 频道: 安徽广播电视台国际频道 | 数据源: https://github.com/litiande03/epg/raw/refs/heads/master/pl.xml.gz
[2026-03-10] 频道: 安徽广播电视台国际频道 | 数据源: https://github.com/litiande03/epg/raw/refs/heads/master/pl.xml.gz
[2026-03-11] 频道: 安徽广播电视台国际频道 | 数据源: https://github.com/litiande03/epg/raw/refs/heads/master/pl.xml.gz
[2026-03-12] 频道: 安徽广播电视台国际频道 | 数据源: https://github.com/litiande03/epg/raw/refs/heads/master/pl.xml.gz
[2026-03-13] 频道: 安徽广播电视台国际频道 | 数据源: https://github.com/litiande03/epg/raw/refs/heads/master/pl.xml.gz
[2026-03-14] 频道: 安徽广播电视台国际频道 | 数据源: https://github.com/litiande03/epg/raw/refs/heads/master/pl.xml.gz
[2026-03-15] 频道: 安徽广播电视台国际频道 | 数据源: https://github.com/litiande03/epg/raw/refs/heads/master/pl.xml.gz
[2026-03-16] 频道: 安徽广播电视台国际频道 | 数据源: https://github.com/litiande03/epg/raw/refs/heads/master/pl.xml.gz
[2026-03-17] 频道: 安徽广播电视台国际频道 | 数据源: https://github.com/litiande03/epg/raw/refs/heads/master/pl.xml.gz
[2026-03-08] 频道: 北京电视台国际频道 | 数据源: https://github.com/litiande03/epg/raw/refs/heads/master/pl.xml.gz
[2026-03-09] 频道: 北京电视台国际频道 | 数据源: https://github.com/litiande03/epg/raw/refs/heads/master/pl.xml.gz
[2026-03-10] 频道: 北京电视台国际频道 | 数据源: https://github.com/litiande03/epg/raw/refs/heads/master/pl.xml.gz
[2026-03-11] 频道: 北京电视台国际频道 | 数据源: https://github.com/litiande03/epg/raw/refs/heads/master/pl.xml.gz
[2026-03-12] 频道: 北京电视台国际频道 | 数据源: https://github.com/litiande03/epg/raw/refs/heads/master/pl.xml.gz
[2026-03-13] 频道: 北京电视台国际频道 | 数据源: https://github.com/litiande03/epg/raw/refs/heads/master/pl.xml.gz
[2026-03-14] 频道: 北京电视台国际频道 | 数据源: https://github.com/litiande03/epg/raw/refs/heads/master/pl.xml.gz
[2026-03-15] 频道: 北京电视台国际频道 | 数据源: https://github.com/litiande03/epg/raw/refs/heads/master/pl.xml.gz
[2026-03-16] 频道: 北京电视台国际频道 | 数据源: https://github.com/litiande03/epg/raw/refs/heads/master/pl.xml.gz
[2026-03-17] 频道: 北京电视台国际频道 | 数据源: https://github.com/litiande03/epg/raw/refs/heads/master/pl.xml.gz
[2026-03-08] 频道: 福建海峡卫视国际频道 | 数据源: https://github.com/litiande03/epg/raw/refs/heads/master/pl.xml.gz
[2026-03-09] 频道: 福建海峡卫视国际频道 | 数据源: https://github.com/litiande03/epg/raw/refs/heads/master/pl.xml.gz
[2026-03-10] 频道: 福建海峡卫视国际频道 | 数据源: https://github.com/litiande03/epg/raw/refs/heads/master/pl.xml.gz
[2026-03-11] 频道: 福建海峡卫视国际频道 | 数据源: https://github.com/litiande03/epg/raw/refs/heads/master/pl.xml.gz
[2026-03-12] 频道: 福建海峡卫视国际频道 | 数据源: https://github.com/litiande03/epg/raw/refs/heads/master/pl.xml.gz
[2026-03-13] 频道: 福建海峡卫视国际频道 | 数据源: https://github.com/litiande03/epg/raw/refs/heads/master/pl.xml.gz
[2026-03-14] 频道: 福建海峡卫视国际频道 | 数据源: https://github.com/litiande03/epg/raw/refs/heads/master/pl.xml.gz
[2026-03-15] 频道: 福建海峡卫视国际频道 | 数据源: https://github.com/litiande03/epg/raw/refs/heads/master/pl.xml.gz
[2026-03-16] 频道: 福建海峡卫视国际频道 | 数据源: https://github.com/litiande03/epg/raw/refs/heads/master/pl.xml.gz
[2026-03-17] 频道: 福建海峡卫视国际频道 | 数据源: https://github.com/litiande03/epg/raw/refs/heads/master/pl.xml.gz
[2026-03-08] 频道: 湖南电视台国际频道 | 数据源: https://github.com/litiande03/epg/raw/refs/heads/master/pl.xml.gz
[2026-03-09] 频道: 湖南电视台国际频道 | 数据源: https://github.com/litiande03/epg/raw/refs/heads/master/pl.xml.gz
[2026-03-10] 频道: 湖南电视台国际频道 | 数据源: https://github.com/litiande03/epg/raw/refs/heads/master/pl.xml.gz
[2026-03-11] 频道: 湖南电视台国际频道 | 数据源: https://github.com/litiande03/epg/raw/refs/heads/master/pl.xml.gz
[2026-03-12] 频道: 湖南电视台国际频道 | 数据源: https://github.com/litiande03/epg/raw/refs/heads/master/pl.xml.gz
[2026-03-13] 频道: 湖南电视台国际频道 | 数据源: https://github.com/litiande03/epg/raw/refs/heads/master/pl.xml.gz
[2026-03-14] 频道: 湖南电视台国际频道 | 数据源: https://github.com/litiande03/epg/raw/refs/heads/master/pl.xml.gz
[2026-03-15] 频道: 湖南电视台国际频道 | 数据源: https://github.com/litiande03/epg/raw/refs/heads/master/pl.xml.gz
[2026-03-16] 频道: 湖南电视台国际频道 | 数据源: https://github.com/litiande03/epg/raw/refs/heads/master/pl.xml.gz
[2026-03-17] 频道: 湖南电视台国际频道 | 数据源: https://github.com/litiande03/epg/raw/refs/heads/master/pl.xml.gz
[2026-03-08] 频道: 江苏电视台国际频道 | 数据源: https://github.com/litiande03/epg/raw/refs/heads/master/pl.xml.gz
[2026-03-09] 频道: 江苏电视台国际频道 | 数据源: https://github.com/litiande03/epg/raw/refs/heads/master/pl.xml.gz
[2026-03-10] 频道: 江苏电视台国际频道 | 数据源: https://github.com/litiande03/epg/raw/refs/heads/master/pl.xml.gz
[2026-03-11] 频道: 江苏电视台国际频道 | 数据源: https://github.com/litiande03/epg/raw/refs/heads/master/pl.xml.gz
[2026-03-12] 频道: 江苏电视台国际频道 | 数据源: https://github.com/litiande03/epg/raw/refs/heads/master/pl.xml.gz
[2026-03-13] 频道: 江苏电视台国际频道 | 数据源: https://github.com/litiande03/epg/raw/refs/heads/master/pl.xml.gz
[2026-03-14] 频道: 江苏电视台国际频道 | 数据源: https://github.com/litiande03/epg/raw/refs/heads/master/pl.xml.gz
[2026-03-15] 频道: 江苏电视台国际频道 | 数据源: https://github.com/litiande03/epg/raw/refs/heads/master/pl.xml.gz
[2026-03-16] 频道: 江苏电视台国际频道 | 数据源: https://github.com/litiande03/epg/raw/refs/heads/master/pl.xml.gz
[2026-03-17] 频道: 江苏电视台国际频道 | 数据源: https://github.com/litiande03/epg/raw/refs/heads/master/pl.xml.gz
[2026-03-08] 频道: 广东广播电视台大湾区卫视频道 | 数据源: https://github.com/litiande03/epg/raw/refs/heads/master/pl.xml.gz
[2026-03-09] 频道: 广东广播电视台大湾区卫视频道 | 数据源: https://github.com/litiande03/epg/raw/refs/heads/master/pl.xml.gz
[2026-03-10] 频道: 广东广播电视台大湾区卫视频道 | 数据源: https://github.com/litiande03/epg/raw/refs/heads/master/pl.xml.gz
[2026-03-11] 频道: 广东广播电视台大湾区卫视频道 | 数据源: https://github.com/litiande03/epg/raw/refs/heads/master/pl.xml.gz
[2026-03-12] 频道: 广东广播电视台大湾区卫视频道 | 数据源: https://github.com/litiande03/epg/raw/refs/heads/master/pl.xml.gz
[2026-03-13] 频道: 广东广播电视台大湾区卫视频道 | 数据源: https://github.com/litiande03/epg/raw/refs/heads/master/pl.xml.gz
[2026-03-14] 频道: 广东广播电视台大湾区卫视频道 | 数据源: https://github.com/litiande03/epg/raw/refs/heads/master/pl.xml.gz
[2026-03-15] 频道: 广东广播电视台大湾区卫视频道 | 数据源: https://github.com/litiande03/epg/raw/refs/heads/master/pl.xml.gz
[2026-03-16] 频道: 广东广播电视台大湾区卫视频道 | 数据源: https://github.com/litiande03/epg/raw/refs/heads/master/pl.xml.gz
[2026-03-17] 频道: 广东广播电视台大湾区卫视频道 | 数据源: https://github.com/litiande03/epg/raw/refs/heads/master/pl.xml.gz
[2026-03-08] 频道: 浙江电视台国际频道 | 数据源: https://github.com/litiande03/epg/raw/refs/heads/master/pl.xml.gz
[2026-03-09] 频道: 浙江电视台国际频道 | 数据源: https://github.com/litiande03/epg/raw/refs/heads/master/pl.xml.gz
[2026-03-10] 频道: 浙江电视台国际频道 | 数据源: https://github.com/litiande03/epg/raw/refs/heads/master/pl.xml.gz
[2026-03-11] 频道: 浙江电视台国际频道 | 数据源: https://github.com/litiande03/epg/raw/refs/heads/master/pl.xml.gz
[2026-03-12] 频道: 浙江电视台国际频道 | 数据源: https://github.com/litiande03/epg/raw/refs/heads/master/pl.xml.gz
[2026-03-13] 频道: 浙江电视台国际频道 | 数据源: https://github.com/litiande03/epg/raw/refs/heads/master/pl.xml.gz
[2026-03-14] 频道: 浙江电视台国际频道 | 数据源: https://github.com/litiande03/epg/raw/refs/heads/master/pl.xml.gz
[2026-03-15] 频道: 浙江电视台国际频道 | 数据源: https://github.com/litiande03/epg/raw/refs/heads/master/pl.xml.gz
[2026-03-16] 频道: 浙江电视台国际频道 | 数据源: https://github.com/litiande03/epg/raw/refs/heads/master/pl.xml.gz
[2026-03-17] 频道: 浙江电视台国际频道 | 数据源: https://github.com/litiande03/epg/raw/refs/heads/master/pl.xml.gz
[2026-03-08] 频道: 深圳卫视国际频道 | 数据源: https://github.com/litiande03/epg/raw/refs/heads/master/pl.xml.gz
[2026-03-09] 频道: 深圳卫视国际频道 | 数据源: https://github.com/litiande03/epg/raw/refs/heads/master/pl.xml.gz
[2026-03-10] 频道: 深圳卫视国际频道 | 数据源: https://github.com/litiande03/epg/raw/refs/heads/master/pl.xml.gz
[2026-03-11] 频道: 深圳卫视国际频道 | 数据源: https://github.com/litiande03/epg/raw/refs/heads/master/pl.xml.gz
[2026-03-12] 频道: 深圳卫视国际频道 | 数据源: https://github.com/litiande03/epg/raw/refs/heads/master/pl.xml.gz
[2026-03-13] 频道: 深圳卫视国际频道 | 数据源: https://github.com/litiande03/epg/raw/refs/heads/master/pl.xml.gz
[2026-03-14] 频道: 深圳卫视国际频道 | 数据源: https://github.com/litiande03/epg/raw/refs/heads/master/pl.xml.gz
[2026-03-15] 频道: 深圳卫视国际频道 | 数据源: https://github.com/litiande03/epg/raw/refs/heads/master/pl.xml.gz
[2026-03-16] 频道: 深圳卫视国际频道 | 数据源: https://github.com/litiande03/epg/raw/refs/heads/master/pl.xml.gz
[2026-03-17] 频道: 深圳卫视国际频道 | 数据源: https://github.com/litiande03/epg/raw/refs/heads/master/pl.xml.gz
[2026-03-08] 频道: that's 70s | 数据源: https://github.com/litiande03/epg/raw/refs/heads/master/pl.xml.gz
[2026-03-09] 频道: that's 70s | 数据源: https://github.com/litiande03/epg/raw/refs/heads/master/pl.xml.gz
[2026-03-10] 频道: that's 70s | 数据源: https://github.com/litiande03/epg/raw/refs/heads/master/pl.xml.gz
[2026-03-11] 频道: that's 70s | 数据源: https://github.com/litiande03/epg/raw/refs/heads/master/pl.xml.gz
[2026-03-12] 频道: that's 70s | 数据源: https://github.com/litiande03/epg/raw/refs/heads/master/pl.xml.gz
[2026-03-13] 频道: that's 70s | 数据源: https://github.com/litiande03/epg/raw/refs/heads/master/pl.xml.gz
[2026-03-14] 频道: that's 70s | 数据源: https://github.com/litiande03/epg/raw/refs/heads/master/pl.xml.gz
[2026-03-15] 频道: that's 70s | 数据源: https://github.com/litiande03/epg/raw/refs/heads/master/pl.xml.gz
[2026-03-16] 频道: that's 70s | 数据源: https://github.com/litiande03/epg/raw/refs/heads/master/pl.xml.gz
[2026-03-17] 频道: that's 70s | 数据源: https://github.com/litiande03/epg/raw/refs/heads/master/pl.xml.gz
[2026-03-08] 频道: that's 80s | 数据源: https://github.com/litiande03/epg/raw/refs/heads/master/pl.xml.gz
[2026-03-09] 频道: that's 80s | 数据源: https://github.com/litiande03/epg/raw/refs/heads/master/pl.xml.gz
[2026-03-10] 频道: that's 80s | 数据源: https://github.com/litiande03/epg/raw/refs/heads/master/pl.xml.gz
[2026-03-11] 频道: that's 80s | 数据源: https://github.com/litiande03/epg/raw/refs/heads/master/pl.xml.gz
[2026-03-12] 频道: that's 80s | 数据源: https://github.com/litiande03/epg/raw/refs/heads/master/pl.xml.gz
[2026-03-13] 频道: that's 80s | 数据源: https://github.com/litiande03/epg/raw/refs/heads/master/pl.xml.gz
[2026-03-14] 频道: that's 80s | 数据源: https://github.com/litiande03/epg/raw/refs/heads/master/pl.xml.gz
[2026-03-15] 频道: that's 80s | 数据源: https://github.com/litiande03/epg/raw/refs/heads/master/pl.xml.gz
[2026-03-16] 频道: that's 80s | 数据源: https://github.com/litiande03/epg/raw/refs/heads/master/pl.xml.gz
[2026-03-17] 频道: that's 80s | 数据源: https://github.com/litiande03/epg/raw/refs/heads/master/pl.xml.gz
[2026-03-08] 频道: that's Rock | 数据源: https://github.com/litiande03/epg/raw/refs/heads/master/pl.xml.gz
[2026-03-09] 频道: that's Rock | 数据源: https://github.com/litiande03/epg/raw/refs/heads/master/pl.xml.gz
[2026-03-10] 频道: that's Rock | 数据源: https://github.com/litiande03/epg/raw/refs/heads/master/pl.xml.gz
[2026-03-11] 频道: that's Rock | 数据源: https://github.com/litiande03/epg/raw/refs/heads/master/pl.xml.gz
[2026-03-12] 频道: that's Rock | 数据源: https://github.com/litiande03/epg/raw/refs/heads/master/pl.xml.gz
[2026-03-13] 频道: that's Rock | 数据源: https://github.com/litiande03/epg/raw/refs/heads/master/pl.xml.gz
[2026-03-14] 频道: that's Rock | 数据源: https://github.com/litiande03/epg/raw/refs/heads/master/pl.xml.gz
[2026-03-15] 频道: that's Rock | 数据源: https://github.com/litiande03/epg/raw/refs/heads/master/pl.xml.gz
[2026-03-16] 频道: that's Rock | 数据源: https://github.com/litiande03/epg/raw/refs/heads/master/pl.xml.gz
[2026-03-17] 频道: that's Rock | 数据源: https://github.com/litiande03/epg/raw/refs/heads/master/pl.xml.gz
[2026-03-08] 频道: that's 90s00s | 数据源: https://github.com/litiande03/epg/raw/refs/heads/master/pl.xml.gz
[2026-03-09] 频道: that's 90s00s | 数据源: https://github.com/litiande03/epg/raw/refs/heads/master/pl.xml.gz
[2026-03-10] 频道: that's 90s00s | 数据源: https://github.com/litiande03/epg/raw/refs/heads/master/pl.xml.gz
[2026-03-11] 频道: that's 90s00s | 数据源: https://github.com/litiande03/epg/raw/refs/heads/master/pl.xml.gz
[2026-03-12] 频道: that's 90s00s | 数据源: https://github.com/litiande03/epg/raw/refs/heads/master/pl.xml.gz
[2026-03-13] 频道: that's 90s00s | 数据源: https://github.com/litiande03/epg/raw/refs/heads/master/pl.xml.gz
[2026-03-14] 频道: that's 90s00s | 数据源: https://github.com/litiande03/epg/raw/refs/heads/master/pl.xml.gz
[2026-03-15] 频道: that's 90s00s | 数据源: https://github.com/litiande03/epg/raw/refs/heads/master/pl.xml.gz
[2026-03-16] 频道: that's 90s00s | 数据源: https://github.com/litiande03/epg/raw/refs/heads/master/pl.xml.gz
[2026-03-17] 频道: that's 90s00s | 数据源: https://github.com/litiande03/epg/raw/refs/heads/master/pl.xml.gz
[2026-03-08] 频道: Concerto | 数据源: https://github.com/litiande03/epg/raw/refs/heads/master/pl.xml.gz
[2026-03-09] 频道: Concerto | 数据源: https://github.com/litiande03/epg/raw/refs/heads/master/pl.xml.gz
[2026-03-10] 频道: Concerto | 数据源: https://github.com/litiande03/epg/raw/refs/heads/master/pl.xml.gz
[2026-03-11] 频道: Concerto | 数据源: https://github.com/litiande03/epg/raw/refs/heads/master/pl.xml.gz
[2026-03-12] 频道: Concerto | 数据源: https://github.com/litiande03/epg/raw/refs/heads/master/pl.xml.gz
[2026-03-13] 频道: Concerto | 数据源: https://github.com/litiande03/epg/raw/refs/heads/master/pl.xml.gz
[2026-03-14] 频道: Concerto | 数据源: https://github.com/litiande03/epg/raw/refs/heads/master/pl.xml.gz
[2026-03-15] 频道: Concerto | 数据源: https://github.com/litiande03/epg/raw/refs/heads/master/pl.xml.gz
[2026-03-16] 频道: Concerto | 数据源: https://github.com/litiande03/epg/raw/refs/heads/master/pl.xml.gz
[2026-03-17] 频道: Concerto | 数据源: https://github.com/litiande03/epg/raw/refs/heads/master/pl.xml.gz
[2026-03-08] 频道: TRACE Urban | 数据源: https://github.com/litiande03/epg/raw/refs/heads/master/pl.xml.gz
[2026-03-09] 频道: TRACE Urban | 数据源: https://github.com/litiande03/epg/raw/refs/heads/master/pl.xml.gz
[2026-03-10] 频道: TRACE Urban | 数据源: https://github.com/litiande03/epg/raw/refs/heads/master/pl.xml.gz
[2026-03-11] 频道: TRACE Urban | 数据源: https://github.com/litiande03/epg/raw/refs/heads/master/pl.xml.gz
[2026-03-12] 频道: TRACE Urban | 数据源: https://github.com/litiande03/epg/raw/refs/heads/master/pl.xml.gz
[2026-03-13] 频道: TRACE Urban | 数据源: https://github.com/litiande03/epg/raw/refs/heads/master/pl.xml.gz
[2026-03-14] 频道: TRACE Urban | 数据源: https://github.com/litiande03/epg/raw/refs/heads/master/pl.xml.gz
[2026-03-15] 频道: TRACE Urban | 数据源: https://github.com/litiande03/epg/raw/refs/heads/master/pl.xml.gz
[2026-03-16] 频道: TRACE Urban | 数据源: https://github.com/litiande03/epg/raw/refs/heads/master/pl.xml.gz
[2026-03-17] 频道: TRACE Urban | 数据源: https://github.com/litiande03/epg/raw/refs/heads/master/pl.xml.gz
[2026-03-08] 频道: 无线卫星新闻台 | 数据源: https://epg.136605.xyz/9days.xml
[2026-03-09] 频道: 无线卫星新闻台 | 数据源: https://epg.136605.xyz/9days.xml
[2026-03-10] 频道: 无线卫星新闻台 | 数据源: https://epg.136605.xyz/9days.xml
[2026-03-11] 频道: 无线卫星新闻台 | 数据源: https://epg.136605.xyz/9days.xml
[2026-03-12] 频道: 无线卫星新闻台 | 数据源: https://epg.136605.xyz/9days.xml
[2026-03-13] 频道: 无线卫星新闻台 | 数据源: https://epg.136605.xyz/9days.xml
[2026-03-14] 频道: 无线卫星新闻台 | 数据源: https://epg.136605.xyz/9days.xml
[2026-03-15] 频道: 无线卫星新闻台 | 数据源: https://epg.136605.xyz/9days.xml
[2026-03-16] 频道: 无线卫星新闻台 | 数据源: https://epg.136605.xyz/9days.xml
[2026-03-17] 频道: 无线卫星新闻台 | 数据源: https://github.com/litiande03/epg/raw/refs/heads/master/pl.xml.gz
[2026-03-08] 频道: 亚洲新闻台 | 数据源: https://epg.136605.xyz/9days.xml
[2026-03-09] 频道: 亚洲新闻台 | 数据源: https://epg.136605.xyz/9days.xml
[2026-03-10] 频道: 亚洲新闻台 | 数据源: https://epg.136605.xyz/9days.xml
[2026-03-11] 频道: 亚洲新闻台 | 数据源: https://epg.136605.xyz/9days.xml
[2026-03-12] 频道: 亚洲新闻台 | 数据源: https://epg.136605.xyz/9days.xml
[2026-03-13] 频道: 亚洲新闻台 | 数据源: https://epg.136605.xyz/9days.xml
[2026-03-14] 频道: 亚洲新闻台 | 数据源: https://epg.136605.xyz/9days.xml
[2026-03-15] 频道: 亚洲新闻台 | 数据源: https://epg.136605.xyz/9days.xml
[2026-03-16] 频道: 亚洲新闻台 | 数据源: https://epg.136605.xyz/9days.xml
[2026-03-17] 频道: 亚洲新闻台 | 数据源: https://github.com/litiande03/epg/raw/refs/heads/master/pl.xml.gz
[2026-03-08] 频道: 半岛电视台英语频道 | 数据源: https://epg.136605.xyz/9days.xml
[2026-03-09] 频道: 半岛电视台英语频道 | 数据源: https://epg.136605.xyz/9days.xml
[2026-03-10] 频道: 半岛电视台英语频道 | 数据源: https://epg.136605.xyz/9days.xml
[2026-03-11] 频道: 半岛电视台英语频道 | 数据源: https://epg.136605.xyz/9days.xml
[2026-03-12] 频道: 半岛电视台英语频道 | 数据源: https://epg.136605.xyz/9days.xml
[2026-03-13] 频道: 半岛电视台英语频道 | 数据源: https://github.com/litiande03/epg/raw/refs/heads/master/pl.xml.gz
[2026-03-14] 频道: 半岛电视台英语频道 | 数据源: https://epg.136605.xyz/9days.xml
[2026-03-15] 频道: 半岛电视台英语频道 | 数据源: https://epg.136605.xyz/9days.xml
[2026-03-16] 频道: 半岛电视台英语频道 | 数据源: https://epg.136605.xyz/9days.xml
[2026-03-17] 频道: 半岛电视台英语频道 | 数据源: https://github.com/litiande03/epg/raw/refs/heads/master/pl.xml.gz
[2026-03-08] 频道: France 24 | 数据源: https://epg.136605.xyz/9days.xml
[2026-03-09] 频道: France 24 | 数据源: https://epg.136605.xyz/9days.xml
[2026-03-10] 频道: France 24 | 数据源: https://epg.136605.xyz/9days.xml
[2026-03-11] 频道: France 24 | 数据源: https://epg.136605.xyz/9days.xml
[2026-03-12] 频道: France 24 | 数据源: https://epg.136605.xyz/9days.xml
[2026-03-13] 频道: France 24 | 数据源: https://epg.136605.xyz/9days.xml
[2026-03-14] 频道: France 24 | 数据源: https://epg.136605.xyz/9days.xml
[2026-03-15] 频道: France 24 | 数据源: https://epg.136605.xyz/9days.xml
[2026-03-16] 频道: France 24 | 数据源: https://epg.136605.xyz/9days.xml
[2026-03-17] 频道: France 24 | 数据源: https://github.com/litiande03/epg/raw/refs/heads/master/pl.xml.gz
[2026-03-08] 频道: DW | 数据源: https://epg.136605.xyz/9days.xml
[2026-03-09] 频道: DW | 数据源: https://epg.136605.xyz/9days.xml
[2026-03-10] 频道: DW | 数据源: https://epg.136605.xyz/9days.xml
[2026-03-11] 频道: DW | 数据源: https://epg.136605.xyz/9days.xml
[2026-03-12] 频道: DW | 数据源: https://epg.136605.xyz/9days.xml
[2026-03-13] 频道: DW | 数据源: https://epg.136605.xyz/9days.xml
[2026-03-14] 频道: DW | 数据源: https://epg.136605.xyz/9days.xml
[2026-03-15] 频道: DW | 数据源: https://epg.136605.xyz/9days.xml
[2026-03-16] 频道: DW | 数据源: https://epg.136605.xyz/9days.xml
[2026-03-17] 频道: DW | 数据源: https://github.com/litiande03/epg/raw/refs/heads/master/pl.xml.gz
[2026-03-08] 频道: NHK World-Japan | 数据源: https://epg.136605.xyz/9days.xml
[2026-03-09] 频道: NHK World-Japan | 数据源: https://github.com/litiande03/epg/raw/refs/heads/master/pl.xml.gz
[2026-03-10] 频道: NHK World-Japan | 数据源: https://github.com/litiande03/epg/raw/refs/heads/master/pl.xml.gz
[2026-03-11] 频道: NHK World-Japan | 数据源: https://epg.136605.xyz/9days.xml
[2026-03-12] 频道: NHK World-Japan | 数据源: https://github.com/litiande03/epg/raw/refs/heads/master/pl.xml.gz
[2026-03-13] 频道: NHK World-Japan | 数据源: https://github.com/litiande03/epg/raw/refs/heads/master/pl.xml.gz
[2026-03-14] 频道: NHK World-Japan | 数据源: https://github.com/litiande03/epg/raw/refs/heads/master/pl.xml.gz
[2026-03-15] 频道: NHK World-Japan | 数据源: https://github.com/litiande03/epg/raw/refs/heads/master/pl.xml.gz
[2026-03-16] 频道: NHK World-Japan | 数据源: https://epg.136605.xyz/9days.xml
[2026-03-17] 频道: NHK World-Japan | 数据源: https://github.com/litiande03/epg/raw/refs/heads/master/pl.xml.gz
[2026-03-08] 频道: Arirang TV | 数据源: https://github.com/litiande03/epg/raw/refs/heads/master/pl.xml.gz
[2026-03-09] 频道: Arirang TV | 数据源: https://github.com/litiande03/epg/raw/refs/heads/master/pl.xml.gz
[2026-03-10] 频道: Arirang TV | 数据源: https://github.com/litiande03/epg/raw/refs/heads/master/pl.xml.gz
[2026-03-11] 频道: Arirang TV | 数据源: https://github.com/litiande03/epg/raw/refs/heads/master/pl.xml.gz
[2026-03-12] 频道: Arirang TV | 数据源: https://github.com/litiande03/epg/raw/refs/heads/master/pl.xml.gz
[2026-03-13] 频道: Arirang TV | 数据源: https://github.com/litiande03/epg/raw/refs/heads/master/pl.xml.gz
[2026-03-14] 频道: Arirang TV | 数据源: https://github.com/litiande03/epg/raw/refs/heads/master/pl.xml.gz
[2026-03-15] 频道: Arirang TV | 数据源: https://github.com/litiande03/epg/raw/refs/heads/master/pl.xml.gz
[2026-03-16] 频道: Arirang TV | 数据源: https://github.com/litiande03/epg/raw/refs/heads/master/pl.xml.gz
[2026-03-17] 频道: Arirang TV | 数据源: https://github.com/litiande03/epg/raw/refs/heads/master/pl.xml.gz
[2026-03-08] 频道: NewsWorld | 数据源: https://github.com/litiande03/epg/raw/refs/heads/master/pl.xml.gz
[2026-03-09] 频道: NewsWorld | 数据源: https://github.com/litiande03/epg/raw/refs/heads/master/pl.xml.gz
[2026-03-10] 频道: NewsWorld | 数据源: https://github.com/litiande03/epg/raw/refs/heads/master/pl.xml.gz
[2026-03-11] 频道: NewsWorld | 数据源: https://github.com/litiande03/epg/raw/refs/heads/master/pl.xml.gz
[2026-03-12] 频道: NewsWorld | 数据源: https://github.com/litiande03/epg/raw/refs/heads/master/pl.xml.gz
[2026-03-13] 频道: NewsWorld | 数据源: https://github.com/litiande03/epg/raw/refs/heads/master/pl.xml.gz
[2026-03-14] 频道: NewsWorld | 数据源: https://github.com/litiande03/epg/raw/refs/heads/master/pl.xml.gz
[2026-03-15] 频道: NewsWorld | 数据源: https://github.com/litiande03/epg/raw/refs/heads/master/pl.xml.gz
[2026-03-16] 频道: NewsWorld | 数据源: https://github.com/litiande03/epg/raw/refs/heads/master/pl.xml.gz
[2026-03-17] 频道: NewsWorld | 数据源: https://github.com/litiande03/epg/raw/refs/heads/master/pl.xml.gz
[2026-03-13] 频道: myTV SUPER直播足球1台 | 数据源: https://github.com/litiande03/epg/raw/refs/heads/master/pl.xml.gz
[2026-03-14] 频道: myTV SUPER直播足球1台 | 数据源: https://github.com/litiande03/epg/raw/refs/heads/master/pl.xml.gz
[2026-03-15] 频道: myTV SUPER直播足球1台 | 数据源: https://github.com/litiande03/epg/raw/refs/heads/master/pl.xml.gz
[2026-03-16] 频道: myTV SUPER直播足球1台 | 数据源: https://github.com/litiande03/epg/raw/refs/heads/master/pl.xml.gz
[2026-03-08] 频道: myTV SUPER直播足球2台 | 数据源: https://epg.136605.xyz/9days.xml
[2026-03-09] 频道: myTV SUPER直播足球2台 | 数据源: https://epg.136605.xyz/9days.xml
[2026-03-10] 频道: myTV SUPER直播足球2台 | 数据源: https://epg.136605.xyz/9days.xml
[2026-03-11] 频道: myTV SUPER直播足球2台 | 数据源: https://epg.136605.xyz/9days.xml
[2026-03-12] 频道: myTV SUPER直播足球2台 | 数据源: https://epg.136605.xyz/9days.xml
[2026-03-13] 频道: myTV SUPER直播足球2台 | 数据源: https://epg.136605.xyz/9days.xml
[2026-03-14] 频道: myTV SUPER直播足球2台 | 数据源: https://epg.136605.xyz/9days.xml
[2026-03-15] 频道: myTV SUPER直播足球2台 | 数据源: https://epg.136605.xyz/9days.xml
[2026-03-16] 频道: myTV SUPER直播足球2台 | 数据源: https://epg.136605.xyz/9days.xml
[2026-03-17] 频道: myTV SUPER直播足球2台 | 数据源: https://github.com/litiande03/epg/raw/refs/heads/master/pl.xml.gz
[2026-03-08] 频道: myTV SUPER直播足球3台 | 数据源: https://epg.136605.xyz/9days.xml
[2026-03-09] 频道: myTV SUPER直播足球3台 | 数据源: https://epg.136605.xyz/9days.xml
[2026-03-10] 频道: myTV SUPER直播足球3台 | 数据源: https://epg.136605.xyz/9days.xml
[2026-03-11] 频道: myTV SUPER直播足球3台 | 数据源: https://epg.136605.xyz/9days.xml
[2026-03-12] 频道: myTV SUPER直播足球3台 | 数据源: https://epg.136605.xyz/9days.xml
[2026-03-13] 频道: myTV SUPER直播足球3台 | 数据源: https://epg.136605.xyz/9days.xml
[2026-03-14] 频道: myTV SUPER直播足球3台 | 数据源: https://epg.136605.xyz/9days.xml
[2026-03-15] 频道: myTV SUPER直播足球3台 | 数据源: https://epg.136605.xyz/9days.xml
[2026-03-16] 频道: myTV SUPER直播足球3台 | 数据源: https://epg.136605.xyz/9days.xml
[2026-03-17] 频道: myTV SUPER直播足球3台 | 数据源: https://github.com/litiande03/epg/raw/refs/heads/master/pl.xml.gz
[2026-03-08] 频道: myTV SUPER直播足球4台 | 数据源: https://epg.136605.xyz/9days.xml
[2026-03-09] 频道: myTV SUPER直播足球4台 | 数据源: https://epg.136605.xyz/9days.xml
[2026-03-10] 频道: myTV SUPER直播足球4台 | 数据源: https://epg.136605.xyz/9days.xml
[2026-03-11] 频道: myTV SUPER直播足球4台 | 数据源: https://epg.136605.xyz/9days.xml
[2026-03-12] 频道: myTV SUPER直播足球4台 | 数据源: https://epg.136605.xyz/9days.xml
[2026-03-13] 频道: myTV SUPER直播足球4台 | 数据源: https://epg.136605.xyz/9days.xml
[2026-03-14] 频道: myTV SUPER直播足球4台 | 数据源: https://epg.136605.xyz/9days.xml
[2026-03-15] 频道: myTV SUPER直播足球4台 | 数据源: https://epg.136605.xyz/9days.xml
[2026-03-16] 频道: myTV SUPER直播足球4台 | 数据源: https://epg.136605.xyz/9days.xml
[2026-03-17] 频道: myTV SUPER直播足球4台 | 数据源: https://github.com/litiande03/epg/raw/refs/heads/master/pl.xml.gz
[2026-03-08] 频道: myTV SUPER直播足球5台 | 数据源: https://epg.136605.xyz/9days.xml
[2026-03-09] 频道: myTV SUPER直播足球5台 | 数据源: https://epg.136605.xyz/9days.xml
[2026-03-10] 频道: myTV SUPER直播足球5台 | 数据源: https://epg.136605.xyz/9days.xml
[2026-03-11] 频道: myTV SUPER直播足球5台 | 数据源: https://epg.136605.xyz/9days.xml
[2026-03-12] 频道: myTV SUPER直播足球5台 | 数据源: https://epg.136605.xyz/9days.xml
[2026-03-13] 频道: myTV SUPER直播足球5台 | 数据源: https://epg.136605.xyz/9days.xml
[2026-03-14] 频道: myTV SUPER直播足球5台 | 数据源: https://epg.136605.xyz/9days.xml
[2026-03-15] 频道: myTV SUPER直播足球5台 | 数据源: https://epg.136605.xyz/9days.xml
[2026-03-16] 频道: myTV SUPER直播足球5台 | 数据源: https://epg.136605.xyz/9days.xml
[2026-03-17] 频道: myTV SUPER直播足球5台 | 数据源: https://github.com/litiande03/epg/raw/refs/heads/master/pl.xml.gz
[2026-03-08] 频道: myTV SUPER直播足球6台 | 数据源: https://epg.136605.xyz/9days.xml
[2026-03-09] 频道: myTV SUPER直播足球6台 | 数据源: https://epg.136605.xyz/9days.xml
[2026-03-10] 频道: myTV SUPER直播足球6台 | 数据源: https://epg.136605.xyz/9days.xml
[2026-03-11] 频道: myTV SUPER直播足球6台 | 数据源: https://epg.136605.xyz/9days.xml
[2026-03-12] 频道: myTV SUPER直播足球6台 | 数据源: https://epg.136605.xyz/9days.xml
[2026-03-13] 频道: myTV SUPER直播足球6台 | 数据源: https://epg.136605.xyz/9days.xml
[2026-03-14] 频道: myTV SUPER直播足球6台 | 数据源: https://epg.136605.xyz/9days.xml
[2026-03-15] 频道: myTV SUPER直播足球6台 | 数据源: https://epg.136605.xyz/9days.xml
[2026-03-16] 频道: myTV SUPER直播足球6台 | 数据源: https://epg.136605.xyz/9days.xml
[2026-03-17] 频道: myTV SUPER直播足球6台 | 数据源: https://github.com/litiande03/epg/raw/refs/heads/master/pl.xml.gz
[2026-03-08] 频道: myTV SUPER直播足球7台 | 数据源: https://epg.136605.xyz/9days.xml
[2026-03-09] 频道: myTV SUPER直播足球7台 | 数据源: https://epg.136605.xyz/9days.xml
[2026-03-10] 频道: myTV SUPER直播足球7台 | 数据源: https://epg.136605.xyz/9days.xml
[2026-03-11] 频道: myTV SUPER直播足球7台 | 数据源: https://epg.136605.xyz/9days.xml
[2026-03-12] 频道: myTV SUPER直播足球7台 | 数据源: https://epg.136605.xyz/9days.xml
[2026-03-13] 频道: myTV SUPER直播足球7台 | 数据源: https://epg.136605.xyz/9days.xml
[2026-03-14] 频道: myTV SUPER直播足球7台 | 数据源: https://epg.136605.xyz/9days.xml
[2026-03-15] 频道: myTV SUPER直播足球7台 | 数据源: https://epg.136605.xyz/9days.xml
[2026-03-16] 频道: myTV SUPER直播足球7台 | 数据源: https://epg.136605.xyz/9days.xml
[2026-03-17] 频道: myTV SUPER直播足球7台 | 数据源: https://github.com/litiande03/epg/raw/refs/heads/master/pl.xml.gz
[2026-03-08] 频道: 测试频道 | 数据源: https://github.com/litiande03/epg/raw/refs/heads/master/pl.xml.gz
[2026-03-09] 频道: 测试频道 | 数据源: https://github.com/litiande03/epg/raw/refs/heads/master/pl.xml.gz
[2026-03-10] 频道: 测试频道 | 数据源: https://github.com/litiande03/epg/raw/refs/heads/master/pl.xml.gz
[2026-03-11] 频道: 测试频道 | 数据源: https://github.com/litiande03/epg/raw/refs/heads/master/pl.xml.gz
[2026-03-12] 频道: 测试频道 | 数据源: https://github.com/litiande03/epg/raw/refs/heads/master/pl.xml.gz
[2026-03-13] 频道: 测试频道 | 数据源: https://github.com/litiande03/epg/raw/refs/heads/master/pl.xml.gz
[2026-03-14] 频道: 测试频道 | 数据源: https://github.com/litiande03/epg/raw/refs/heads/master/pl.xml.gz
[2026-03-15] 频道: 测试频道 | 数据源: https://github.com/litiande03/epg/raw/refs/heads/master/pl.xml.gz
[2026-03-16] 频道: 测试频道 | 数据源: https://github.com/litiande03/epg/raw/refs/heads/master/pl.xml.gz
[2026-03-17] 频道: 测试频道 | 数据源: https://github.com/litiande03/epg/raw/refs/heads/master/pl.xml.gz
[2026-03-08] 频道: HOY 国际财经台 | 数据源: https://github.com/litiande03/epg/raw/refs/heads/master/pl.xml.gz
[2026-03-09] 频道: HOY 国际财经台 | 数据源: https://github.com/litiande03/epg/raw/refs/heads/master/pl.xml.gz
[2026-03-10] 频道: HOY 国际财经台 | 数据源: https://github.com/litiande03/epg/raw/refs/heads/master/pl.xml.gz
[2026-03-11] 频道: HOY 国际财经台 | 数据源: https://github.com/litiande03/epg/raw/refs/heads/master/pl.xml.gz
[2026-03-12] 频道: HOY 国际财经台 | 数据源: https://github.com/litiande03/epg/raw/refs/heads/master/pl.xml.gz
[2026-03-13] 频道: HOY 国际财经台 | 数据源: https://github.com/litiande03/epg/raw/refs/heads/master/pl.xml.gz
[2026-03-14] 频道: HOY 国际财经台 | 数据源: https://github.com/litiande03/epg/raw/refs/heads/master/pl.xml.gz
[2026-03-15] 频道: HOY 国际财经台 | 数据源: https://github.com/litiande03/epg/raw/refs/heads/master/pl.xml.gz
[2026-03-16] 频道: HOY 国际财经台 | 数据源: https://github.com/litiande03/epg/raw/refs/heads/master/pl.xml.gz
[2026-03-17] 频道: HOY 国际财经台 | 数据源: https://github.com/litiande03/epg/raw/refs/heads/master/pl.xml.gz
[2026-03-08] 频道: HOY TV | 数据源: https://github.com/litiande03/epg/raw/refs/heads/master/pl.xml.gz
[2026-03-09] 频道: HOY TV | 数据源: https://github.com/litiande03/epg/raw/refs/heads/master/pl.xml.gz
[2026-03-10] 频道: HOY TV | 数据源: https://github.com/litiande03/epg/raw/refs/heads/master/pl.xml.gz
[2026-03-11] 频道: HOY TV | 数据源: https://github.com/litiande03/epg/raw/refs/heads/master/pl.xml.gz
[2026-03-12] 频道: HOY TV | 数据源: https://github.com/litiande03/epg/raw/refs/heads/master/pl.xml.gz
[2026-03-13] 频道: HOY TV | 数据源: https://github.com/litiande03/epg/raw/refs/heads/master/pl.xml.gz
[2026-03-14] 频道: HOY TV | 数据源: https://github.com/litiande03/epg/raw/refs/heads/master/pl.xml.gz
[2026-03-15] 频道: HOY TV | 数据源: https://github.com/litiande03/epg/raw/refs/heads/master/pl.xml.gz
[2026-03-16] 频道: HOY TV | 数据源: https://github.com/litiande03/epg/raw/refs/heads/master/pl.xml.gz
[2026-03-17] 频道: HOY TV | 数据源: https://github.com/litiande03/epg/raw/refs/heads/master/pl.xml.gz
[2026-03-08] 频道: HOY 资讯台 | 数据源: https://github.com/litiande03/epg/raw/refs/heads/master/pl.xml.gz
[2026-03-09] 频道: HOY 资讯台 | 数据源: https://github.com/litiande03/epg/raw/refs/heads/master/pl.xml.gz
[2026-03-10] 频道: HOY 资讯台 | 数据源: https://github.com/litiande03/epg/raw/refs/heads/master/pl.xml.gz
[2026-03-11] 频道: HOY 资讯台 | 数据源: https://github.com/litiande03/epg/raw/refs/heads/master/pl.xml.gz
[2026-03-12] 频道: HOY 资讯台 | 数据源: https://github.com/litiande03/epg/raw/refs/heads/master/pl.xml.gz
[2026-03-13] 频道: HOY 资讯台 | 数据源: https://github.com/litiande03/epg/raw/refs/heads/master/pl.xml.gz
[2026-03-14] 频道: HOY 资讯台 | 数据源: https://github.com/litiande03/epg/raw/refs/heads/master/pl.xml.gz
[2026-03-15] 频道: HOY 资讯台 | 数据源: https://github.com/litiande03/epg/raw/refs/heads/master/pl.xml.gz
[2026-03-16] 频道: HOY 资讯台 | 数据源: https://github.com/litiande03/epg/raw/refs/heads/master/pl.xml.gz
[2026-03-17] 频道: HOY 资讯台 | 数据源: https://github.com/litiande03/epg/raw/refs/heads/master/pl.xml.gz
[2026-03-12] 频道: HOY怪谈台 | 数据源: https://github.com/litiande03/epg/raw/refs/heads/master/pl.xml.gz
[2026-03-13] 频道: HOY怪谈台 | 数据源: https://github.com/litiande03/epg/raw/refs/heads/master/pl.xml.gz
[2026-03-14] 频道: HOY怪谈台 | 数据源: https://github.com/litiande03/epg/raw/refs/heads/master/pl.xml.gz
[2026-03-15] 频道: HOY怪谈台 | 数据源: https://github.com/litiande03/epg/raw/refs/heads/master/pl.xml.gz
[2026-03-16] 频道: HOY怪谈台 | 数据源: https://github.com/litiande03/epg/raw/refs/heads/master/pl.xml.gz
[2026-03-13] 频道: HOY生活台 | 数据源: https://github.com/litiande03/epg/raw/refs/heads/master/pl.xml.gz
[2026-03-14] 频道: HOY生活台 | 数据源: https://github.com/litiande03/epg/raw/refs/heads/master/pl.xml.gz
[2026-03-15] 频道: HOY生活台 | 数据源: https://github.com/litiande03/epg/raw/refs/heads/master/pl.xml.gz
[2026-03-16] 频道: HOY生活台 | 数据源: https://github.com/litiande03/epg/raw/refs/heads/master/pl.xml.gz
[2026-03-17] 频道: HOY生活台 | 数据源: https://github.com/litiande03/epg/raw/refs/heads/master/pl.xml.gz
[2026-03-12] 频道: HOY剧集台 | 数据源: https://github.com/litiande03/epg/raw/refs/heads/master/pl.xml.gz
[2026-03-13] 频道: HOY剧集台 | 数据源: https://github.com/litiande03/epg/raw/refs/heads/master/pl.xml.gz
[2026-03-14] 频道: HOY剧集台 | 数据源: https://github.com/litiande03/epg/raw/refs/heads/master/pl.xml.gz
[2026-03-15] 频道: HOY剧集台 | 数据源: https://github.com/litiande03/epg/raw/refs/heads/master/pl.xml.gz
[2026-03-16] 频道: HOY剧集台 | 数据源: https://github.com/litiande03/epg/raw/refs/heads/master/pl.xml.gz
[2026-03-17] 频道: HOY剧集台 | 数据源: https://github.com/litiande03/epg/raw/refs/heads/master/pl.xml.gz
[2026-03-13] 频道: MotorVision | 数据源: https://github.com/litiande03/epg/raw/refs/heads/master/pl.xml.gz
[2026-03-14] 频道: MotorVision | 数据源: https://github.com/litiande03/epg/raw/refs/heads/master/pl.xml.gz
[2026-03-15] 频道: MotorVision | 数据源: https://github.com/litiande03/epg/raw/refs/heads/master/pl.xml.gz
[2026-03-16] 频道: MotorVision | 数据源: https://github.com/litiande03/epg/raw/refs/heads/master/pl.xml.gz
[2026-03-17] 频道: MotorVision | 数据源: https://github.com/litiande03/epg/raw/refs/heads/master/pl.xml.gz
[2026-03-12] 频道: SportsPlus | 数据源: https://github.com/litiande03/epg/raw/refs/heads/master/pl.xml.gz
[2026-03-13] 频道: SportsPlus | 数据源: https://github.com/litiande03/epg/raw/refs/heads/master/pl.xml.gz
[2026-03-14] 频道: SportsPlus | 数据源: https://github.com/litiande03/epg/raw/refs/heads/master/pl.xml.gz
[2026-03-15] 频道: SportsPlus | 数据源: https://github.com/litiande03/epg/raw/refs/heads/master/pl.xml.gz
[2026-03-16] 频道: SportsPlus | 数据源: https://github.com/litiande03/epg/raw/refs/heads/master/pl.xml.gz
[2026-03-17] 频道: SportsPlus | 数据源: https://github.com/litiande03/epg/raw/refs/heads/master/pl.xml.gz
[2026-03-13] 频道: spot on news | 数据源: https://github.com/litiande03/epg/raw/refs/heads/master/pl.xml.gz
[2026-03-14] 频道: spot on news | 数据源: https://github.com/litiande03/epg/raw/refs/heads/master/pl.xml.gz
[2026-03-15] 频道: spot on news | 数据源: https://github.com/litiande03/epg/raw/refs/heads/master/pl.xml.gz
[2026-03-16] 频道: spot on news | 数据源: https://github.com/litiande03/epg/raw/refs/heads/master/pl.xml.gz
[2026-03-12] 频道: Travel - Food TV | 数据源: https://github.com/litiande03/epg/raw/refs/heads/master/pl.xml.gz
[2026-03-13] 频道: Travel - Food TV | 数据源: https://github.com/litiande03/epg/raw/refs/heads/master/pl.xml.gz
[2026-03-14] 频道: Travel - Food TV | 数据源: https://github.com/litiande03/epg/raw/refs/heads/master/pl.xml.gz
[2026-03-15] 频道: Travel - Food TV | 数据源: https://github.com/litiande03/epg/raw/refs/heads/master/pl.xml.gz
[2026-03-16] 频道: Travel - Food TV | 数据源: https://github.com/litiande03/epg/raw/refs/heads/master/pl.xml.gz
[2026-03-17] 频道: Travel - Food TV | 数据源: https://github.com/litiande03/epg/raw/refs/heads/master/pl.xml.gz
[2026-03-08] 频道: 澳视葡文 | 数据源: https://github.com/litiande03/epg/raw/refs/heads/master/pl.xml.gz
[2026-03-09] 频道: 澳视葡文 | 数据源: https://github.com/litiande03/epg/raw/refs/heads/master/pl.xml.gz
[2026-03-10] 频道: 澳视葡文 | 数据源: https://github.com/litiande03/epg/raw/refs/heads/master/pl.xml.gz
[2026-03-11] 频道: 澳视葡文 | 数据源: https://github.com/litiande03/epg/raw/refs/heads/master/pl.xml.gz
[2026-03-12] 频道: 澳视葡文 | 数据源: https://github.com/litiande03/epg/raw/refs/heads/master/pl.xml.gz
[2026-03-13] 频道: 澳视葡文 | 数据源: https://github.com/litiande03/epg/raw/refs/heads/master/pl.xml.gz
[2026-03-14] 频道: 澳视葡文 | 数据源: https://github.com/litiande03/epg/raw/refs/heads/master/pl.xml.gz
[2026-03-15] 频道: 澳视葡文 | 数据源: https://github.com/litiande03/epg/raw/refs/heads/master/pl.xml.gz
[2026-03-16] 频道: 澳视葡文 | 数据源: https://github.com/litiande03/epg/raw/refs/heads/master/pl.xml.gz
[2026-03-08] 频道: 澳门资讯 | 数据源: https://github.com/litiande03/epg/raw/refs/heads/master/pl.xml.gz
[2026-03-09] 频道: 澳门资讯 | 数据源: https://github.com/litiande03/epg/raw/refs/heads/master/pl.xml.gz
[2026-03-10] 频道: 澳门资讯 | 数据源: https://github.com/litiande03/epg/raw/refs/heads/master/pl.xml.gz
[2026-03-11] 频道: 澳门资讯 | 数据源: https://github.com/litiande03/epg/raw/refs/heads/master/pl.xml.gz
[2026-03-12] 频道: 澳门资讯 | 数据源: https://github.com/litiande03/epg/raw/refs/heads/master/pl.xml.gz
[2026-03-13] 频道: 澳门资讯 | 数据源: https://github.com/litiande03/epg/raw/refs/heads/master/pl.xml.gz
[2026-03-14] 频道: 澳门资讯 | 数据源: https://github.com/litiande03/epg/raw/refs/heads/master/pl.xml.gz
[2026-03-15] 频道: 澳门资讯 | 数据源: https://github.com/litiande03/epg/raw/refs/heads/master/pl.xml.gz
[2026-03-16] 频道: 澳门资讯 | 数据源: https://github.com/litiande03/epg/raw/refs/heads/master/pl.xml.gz
[2026-03-17] 频道: 澳门资讯 | 数据源: https://github.com/litiande03/epg/raw/refs/heads/master/pl.xml.gz
[2026-03-08] 频道: 澳门体育 | 数据源: https://github.com/litiande03/epg/raw/refs/heads/master/pl.xml.gz
[2026-03-09] 频道: 澳门体育 | 数据源: https://github.com/litiande03/epg/raw/refs/heads/master/pl.xml.gz
[2026-03-10] 频道: 澳门体育 | 数据源: https://github.com/litiande03/epg/raw/refs/heads/master/pl.xml.gz
[2026-03-11] 频道: 澳门体育 | 数据源: https://github.com/litiande03/epg/raw/refs/heads/master/pl.xml.gz
[2026-03-12] 频道: 澳门体育 | 数据源: https://github.com/litiande03/epg/raw/refs/heads/master/pl.xml.gz
[2026-03-13] 频道: 澳门体育 | 数据源: https://github.com/litiande03/epg/raw/refs/heads/master/pl.xml.gz
[2026-03-14] 频道: 澳门体育 | 数据源: https://github.com/litiande03/epg/raw/refs/heads/master/pl.xml.gz
[2026-03-15] 频道: 澳门体育 | 数据源: https://github.com/litiande03/epg/raw/refs/heads/master/pl.xml.gz
[2026-03-16] 频道: 澳门体育 | 数据源: https://github.com/litiande03/epg/raw/refs/heads/master/pl.xml.gz
[2026-03-17] 频道: 澳门体育 | 数据源: https://github.com/litiande03/epg/raw/refs/heads/master/pl.xml.gz
[2026-03-08] 频道: 澳门综艺 | 数据源: https://github.com/litiande03/epg/raw/refs/heads/master/pl.xml.gz
[2026-03-09] 频道: 澳门综艺 | 数据源: https://github.com/litiande03/epg/raw/refs/heads/master/pl.xml.gz
[2026-03-10] 频道: 澳门综艺 | 数据源: https://github.com/litiande03/epg/raw/refs/heads/master/pl.xml.gz
[2026-03-11] 频道: 澳门综艺 | 数据源: https://github.com/litiande03/epg/raw/refs/heads/master/pl.xml.gz
[2026-03-12] 频道: 澳门综艺 | 数据源: https://github.com/litiande03/epg/raw/refs/heads/master/pl.xml.gz
[2026-03-13] 频道: 澳门综艺 | 数据源: https://github.com/litiande03/epg/raw/refs/heads/master/pl.xml.gz
[2026-03-14] 频道: 澳门综艺 | 数据源: https://github.com/litiande03/epg/raw/refs/heads/master/pl.xml.gz
[2026-03-15] 频道: 澳门综艺 | 数据源: https://github.com/litiande03/epg/raw/refs/heads/master/pl.xml.gz
[2026-03-16] 频道: 澳门综艺 | 数据源: https://github.com/litiande03/epg/raw/refs/heads/master/pl.xml.gz
[2026-03-17] 频道: 澳门综艺 | 数据源: https://github.com/litiande03/epg/raw/refs/heads/master/pl.xml.gz
[2026-03-08] 频道: 澳门-Macau | 数据源: https://github.com/litiande03/epg/raw/refs/heads/master/pl.xml.gz
[2026-03-09] 频道: 澳门-Macau | 数据源: https://github.com/litiande03/epg/raw/refs/heads/master/pl.xml.gz
[2026-03-10] 频道: 澳门-Macau | 数据源: https://github.com/litiande03/epg/raw/refs/heads/master/pl.xml.gz
[2026-03-11] 频道: 澳门-Macau | 数据源: https://github.com/litiande03/epg/raw/refs/heads/master/pl.xml.gz
[2026-03-12] 频道: 澳门-Macau | 数据源: https://github.com/litiande03/epg/raw/refs/heads/master/pl.xml.gz
[2026-03-13] 频道: 澳门-Macau | 数据源: https://github.com/litiande03/epg/raw/refs/heads/master/pl.xml.gz
[2026-03-14] 频道: 澳门-Macau | 数据源: https://github.com/litiande03/epg/raw/refs/heads/master/pl.xml.gz
[2026-03-15] 频道: 澳门-Macau | 数据源: https://github.com/litiande03/epg/raw/refs/heads/master/pl.xml.gz
[2026-03-16] 频道: 澳门-Macau | 数据源: https://github.com/litiande03/epg/raw/refs/heads/master/pl.xml.gz
[2026-03-14] 频道: 民视第一台 | 数据源: https://github.com/litiande03/epg/raw/refs/heads/master/pl.xml.gz
[2026-03-15] 频道: 民视第一台 | 数据源: https://github.com/litiande03/epg/raw/refs/heads/master/pl.xml.gz
[2026-03-16] 频道: 民视第一台 | 数据源: https://github.com/litiande03/epg/raw/refs/heads/master/pl.xml.gz
[2026-03-17] 频道: 民视第一台 | 数据源: https://github.com/litiande03/epg/raw/refs/heads/master/pl.xml.gz
[2026-03-14] 频道: 民视台湾台 | 数据源: https://github.com/litiande03/epg/raw/refs/heads/master/pl.xml.gz
[2026-03-15] 频道: 民视台湾台 | 数据源: https://github.com/litiande03/epg/raw/refs/heads/master/pl.xml.gz
[2026-03-16] 频道: 民视台湾台 | 数据源: https://github.com/litiande03/epg/raw/refs/heads/master/pl.xml.gz
[2026-03-17] 频道: 民视台湾台 | 数据源: https://github.com/litiande03/epg/raw/refs/heads/master/pl.xml.gz
[2026-03-08] 频道: 大爱电视 | 数据源: https://epg.136605.xyz/9days.xml
[2026-03-09] 频道: 大爱电视 | 数据源: https://epg.136605.xyz/9days.xml
[2026-03-10] 频道: 大爱电视 | 数据源: https://epg.136605.xyz/9days.xml
[2026-03-11] 频道: 大爱电视 | 数据源: https://epg.136605.xyz/9days.xml
[2026-03-12] 频道: 大爱电视 | 数据源: https://epg.136605.xyz/9days.xml
[2026-03-13] 频道: 大爱电视 | 数据源: https://epg.136605.xyz/9days.xml
[2026-03-14] 频道: 大爱电视 | 数据源: https://epg.136605.xyz/9days.xml
[2026-03-15] 频道: 大爱电视 | 数据源: https://github.com/litiande03/epg/raw/refs/heads/master/pl.xml.gz
[2026-03-16] 频道: 大爱电视 | 数据源: https://github.com/litiande03/epg/raw/refs/heads/master/pl.xml.gz
[2026-03-17] 频道: 大爱电视 | 数据源: https://github.com/litiande03/epg/raw/refs/heads/master/pl.xml.gz
[2026-03-14] 频道: 三立综合台 | 数据源: https://github.com/litiande03/epg/raw/refs/heads/master/pl.xml.gz
[2026-03-15] 频道: 三立综合台 | 数据源: https://github.com/litiande03/epg/raw/refs/heads/master/pl.xml.gz
[2026-03-16] 频道: 三立综合台 | 数据源: https://github.com/litiande03/epg/raw/refs/heads/master/pl.xml.gz
[2026-03-17] 频道: 三立综合台 | 数据源: https://github.com/litiande03/epg/raw/refs/heads/master/pl.xml.gz
[2026-03-14] 频道: 客家电视台 | 数据源: https://github.com/litiande03/epg/raw/refs/heads/master/pl.xml.gz
[2026-03-15] 频道: 客家电视台 | 数据源: https://github.com/litiande03/epg/raw/refs/heads/master/pl.xml.gz
[2026-03-16] 频道: 客家电视台 | 数据源: https://github.com/litiande03/epg/raw/refs/heads/master/pl.xml.gz
[2026-03-17] 频道: 客家电视台 | 数据源: https://github.com/litiande03/epg/raw/refs/heads/master/pl.xml.gz
[2026-03-08] 频道: 八大综艺台 | 数据源: https://epg.136605.xyz/9days.xml
[2026-03-09] 频道: 八大综艺台 | 数据源: https://epg.136605.xyz/9days.xml
[2026-03-10] 频道: 八大综艺台 | 数据源: https://epg.136605.xyz/9days.xml
[2026-03-11] 频道: 八大综艺台 | 数据源: https://epg.136605.xyz/9days.xml
[2026-03-12] 频道: 八大综艺台 | 数据源: https://epg.136605.xyz/9days.xml
[2026-03-13] 频道: 八大综艺台 | 数据源: https://epg.136605.xyz/9days.xml
[2026-03-14] 频道: 八大综艺台 | 数据源: https://github.com/litiande03/epg/raw/refs/heads/master/pl.xml.gz
[2026-03-15] 频道: 八大综艺台 | 数据源: https://github.com/litiande03/epg/raw/refs/heads/master/pl.xml.gz
[2026-03-16] 频道: 八大综艺台 | 数据源: https://github.com/litiande03/epg/raw/refs/heads/master/pl.xml.gz
[2026-03-17] 频道: 八大综艺台 | 数据源: https://github.com/litiande03/epg/raw/refs/heads/master/pl.xml.gz
[2026-03-14] 频道: TVBS精采台 | 数据源: https://github.com/litiande03/epg/raw/refs/heads/master/pl.xml.gz
[2026-03-15] 频道: TVBS精采台 | 数据源: https://github.com/litiande03/epg/raw/refs/heads/master/pl.xml.gz
[2026-03-16] 频道: TVBS精采台 | 数据源: https://github.com/litiande03/epg/raw/refs/heads/master/pl.xml.gz
[2026-03-17] 频道: TVBS精采台 | 数据源: https://github.com/litiande03/epg/raw/refs/heads/master/pl.xml.gz
[2026-03-14] 频道: 爱尔达娱乐台 | 数据源: https://github.com/litiande03/epg/raw/refs/heads/master/pl.xml.gz
[2026-03-15] 频道: 爱尔达娱乐台 | 数据源: https://github.com/litiande03/epg/raw/refs/heads/master/pl.xml.gz
[2026-03-16] 频道: 爱尔达娱乐台 | 数据源: https://github.com/litiande03/epg/raw/refs/heads/master/pl.xml.gz
[2026-03-17] 频道: 爱尔达娱乐台 | 数据源: https://github.com/litiande03/epg/raw/refs/heads/master/pl.xml.gz
[2026-03-13] 频道: 靖天综合台 | 数据源: https://github.com/litiande03/epg/raw/refs/heads/master/pl.xml.gz
[2026-03-14] 频道: 靖天综合台 | 数据源: https://github.com/litiande03/epg/raw/refs/heads/master/pl.xml.gz
[2026-03-15] 频道: 靖天综合台 | 数据源: https://github.com/litiande03/epg/raw/refs/heads/master/pl.xml.gz
[2026-03-16] 频道: 靖天综合台 | 数据源: https://github.com/litiande03/epg/raw/refs/heads/master/pl.xml.gz
[2026-03-17] 频道: 靖天综合台 | 数据源: https://github.com/litiande03/epg/raw/refs/heads/master/pl.xml.gz
[2026-03-13] 频道: 靖天日本台 | 数据源: https://github.com/litiande03/epg/raw/refs/heads/master/pl.xml.gz
[2026-03-14] 频道: 靖天日本台 | 数据源: https://github.com/litiande03/epg/raw/refs/heads/master/pl.xml.gz
[2026-03-15] 频道: 靖天日本台 | 数据源: https://github.com/litiande03/epg/raw/refs/heads/master/pl.xml.gz
[2026-03-16] 频道: 靖天日本台 | 数据源: https://github.com/litiande03/epg/raw/refs/heads/master/pl.xml.gz
[2026-03-17] 频道: 靖天日本台 | 数据源: https://github.com/litiande03/epg/raw/refs/heads/master/pl.xml.gz
[2026-03-14] 频道: 新唐人亚太台 | 数据源: https://github.com/litiande03/epg/raw/refs/heads/master/pl.xml.gz
[2026-03-15] 频道: 新唐人亚太台 | 数据源: https://github.com/litiande03/epg/raw/refs/heads/master/pl.xml.gz
[2026-03-16] 频道: 新唐人亚太台 | 数据源: https://github.com/litiande03/epg/raw/refs/heads/master/pl.xml.gz
[2026-03-17] 频道: 新唐人亚太台 | 数据源: https://github.com/litiande03/epg/raw/refs/heads/master/pl.xml.gz
[2026-03-14] 频道: ARIRANG阿里郎频道 | 数据源: https://github.com/litiande03/epg/raw/refs/heads/master/pl.xml.gz
[2026-03-15] 频道: ARIRANG阿里郎频道 | 数据源: https://github.com/litiande03/epg/raw/refs/heads/master/pl.xml.gz
[2026-03-16] 频道: ARIRANG阿里郎频道 | 数据源: https://github.com/litiande03/epg/raw/refs/heads/master/pl.xml.gz
[2026-03-17] 频道: ARIRANG阿里郎频道 | 数据源: https://github.com/litiande03/epg/raw/refs/heads/master/pl.xml.gz
[2026-03-14] 频道: 原住民族电视台 | 数据源: https://github.com/litiande03/epg/raw/refs/heads/master/pl.xml.gz
[2026-03-15] 频道: 原住民族电视台 | 数据源: https://github.com/litiande03/epg/raw/refs/heads/master/pl.xml.gz
[2026-03-16] 频道: 原住民族电视台 | 数据源: https://github.com/litiande03/epg/raw/refs/heads/master/pl.xml.gz
[2026-03-17] 频道: 原住民族电视台 | 数据源: https://github.com/litiande03/epg/raw/refs/heads/master/pl.xml.gz
[2026-03-14] 频道: 东森购物四台 | 数据源: https://github.com/litiande03/epg/raw/refs/heads/master/pl.xml.gz
[2026-03-15] 频道: 东森购物四台 | 数据源: https://github.com/litiande03/epg/raw/refs/heads/master/pl.xml.gz
[2026-03-16] 频道: 东森购物四台 | 数据源: https://github.com/litiande03/epg/raw/refs/heads/master/pl.xml.gz
[2026-03-17] 频道: 东森购物四台 | 数据源: https://github.com/litiande03/epg/raw/refs/heads/master/pl.xml.gz
[2026-03-08] 频道: LiveABC互动英语频道 | 数据源: https://epg.136605.xyz/9days.xml
[2026-03-09] 频道: LiveABC互动英语频道 | 数据源: https://epg.136605.xyz/9days.xml
[2026-03-10] 频道: LiveABC互动英语频道 | 数据源: https://epg.136605.xyz/9days.xml
[2026-03-11] 频道: LiveABC互动英语频道 | 数据源: https://epg.136605.xyz/9days.xml
[2026-03-12] 频道: LiveABC互动英语频道 | 数据源: https://epg.136605.xyz/9days.xml
[2026-03-13] 频道: LiveABC互动英语频道 | 数据源: https://epg.136605.xyz/9days.xml
[2026-03-14] 频道: LiveABC互动英语频道 | 数据源: https://epg.136605.xyz/9days.xml
[2026-03-15] 频道: LiveABC互动英语频道 | 数据源: https://epg.136605.xyz/9days.xml
[2026-03-16] 频道: LiveABC互动英语频道 | 数据源: https://epg.136605.xyz/9days.xml
[2026-03-17] 频道: LiveABC互动英语频道 | 数据源: https://github.com/litiande03/epg/raw/refs/heads/master/pl.xml.gz
[2026-03-14] 频道: 达文西频道 | 数据源: https://github.com/litiande03/epg/raw/refs/heads/master/pl.xml.gz
[2026-03-15] 频道: 达文西频道 | 数据源: https://github.com/litiande03/epg/raw/refs/heads/master/pl.xml.gz
[2026-03-16] 频道: 达文西频道 | 数据源: https://github.com/litiande03/epg/raw/refs/heads/master/pl.xml.gz
[2026-03-17] 频道: 达文西频道 | 数据源: https://github.com/litiande03/epg/raw/refs/heads/master/pl.xml.gz
[2026-03-14] 频道: ELTV生活英语台 | 数据源: https://github.com/litiande03/epg/raw/refs/heads/master/pl.xml.gz
[2026-03-15] 频道: ELTV生活英语台 | 数据源: https://github.com/litiande03/epg/raw/refs/heads/master/pl.xml.gz
[2026-03-16] 频道: ELTV生活英语台 | 数据源: https://github.com/litiande03/epg/raw/refs/heads/master/pl.xml.gz
[2026-03-17] 频道: ELTV生活英语台 | 数据源: https://github.com/litiande03/epg/raw/refs/heads/master/pl.xml.gz
[2026-03-14] 频道: Nick Jr. 儿童频道 | 数据源: https://github.com/litiande03/epg/raw/refs/heads/master/pl.xml.gz
[2026-03-15] 频道: Nick Jr. 儿童频道 | 数据源: https://github.com/litiande03/epg/raw/refs/heads/master/pl.xml.gz
[2026-03-16] 频道: Nick Jr. 儿童频道 | 数据源: https://github.com/litiande03/epg/raw/refs/heads/master/pl.xml.gz
[2026-03-17] 频道: Nick Jr. 儿童频道 | 数据源: https://github.com/litiande03/epg/raw/refs/heads/master/pl.xml.gz
[2026-03-14] 频道: 尼克儿童频道 | 数据源: https://github.com/litiande03/epg/raw/refs/heads/master/pl.xml.gz
[2026-03-15] 频道: 尼克儿童频道 | 数据源: https://github.com/litiande03/epg/raw/refs/heads/master/pl.xml.gz
[2026-03-16] 频道: 尼克儿童频道 | 数据源: https://github.com/litiande03/epg/raw/refs/heads/master/pl.xml.gz
[2026-03-17] 频道: 尼克儿童频道 | 数据源: https://github.com/litiande03/epg/raw/refs/heads/master/pl.xml.gz
[2026-03-14] 频道: DreamWorks 梦工厂动画 | 数据源: https://github.com/litiande03/epg/raw/refs/heads/master/pl.xml.gz
[2026-03-15] 频道: DreamWorks 梦工厂动画 | 数据源: https://github.com/litiande03/epg/raw/refs/heads/master/pl.xml.gz
[2026-03-16] 频道: DreamWorks 梦工厂动画 | 数据源: https://github.com/litiande03/epg/raw/refs/heads/master/pl.xml.gz
[2026-03-17] 频道: DreamWorks 梦工厂动画 | 数据源: https://github.com/litiande03/epg/raw/refs/heads/master/pl.xml.gz
[2026-03-13] 频道: 靖天卡通台 | 数据源: https://github.com/litiande03/epg/raw/refs/heads/master/pl.xml.gz
[2026-03-14] 频道: 靖天卡通台 | 数据源: https://github.com/litiande03/epg/raw/refs/heads/master/pl.xml.gz
[2026-03-15] 频道: 靖天卡通台 | 数据源: https://github.com/litiande03/epg/raw/refs/heads/master/pl.xml.gz
[2026-03-16] 频道: 靖天卡通台 | 数据源: https://github.com/litiande03/epg/raw/refs/heads/master/pl.xml.gz
[2026-03-17] 频道: 靖天卡通台 | 数据源: https://github.com/litiande03/epg/raw/refs/heads/master/pl.xml.gz
[2026-03-14] 频道: 靖洋卡通Nice Bingo | 数据源: https://github.com/litiande03/epg/raw/refs/heads/master/pl.xml.gz
[2026-03-15] 频道: 靖洋卡通Nice Bingo | 数据源: https://github.com/litiande03/epg/raw/refs/heads/master/pl.xml.gz
[2026-03-16] 频道: 靖洋卡通Nice Bingo | 数据源: https://github.com/litiande03/epg/raw/refs/heads/master/pl.xml.gz
[2026-03-17] 频道: 靖洋卡通Nice Bingo | 数据源: https://github.com/litiande03/epg/raw/refs/heads/master/pl.xml.gz
[2026-03-14] 频道: MOMO亲子台 | 数据源: https://github.com/litiande03/epg/raw/refs/heads/master/pl.xml.gz
[2026-03-15] 频道: MOMO亲子台 | 数据源: https://github.com/litiande03/epg/raw/refs/heads/master/pl.xml.gz
[2026-03-16] 频道: MOMO亲子台 | 数据源: https://github.com/litiande03/epg/raw/refs/heads/master/pl.xml.gz
[2026-03-17] 频道: MOMO亲子台 | 数据源: https://github.com/litiande03/epg/raw/refs/heads/master/pl.xml.gz
[2026-03-14] 频道: 东森购物一台 | 数据源: https://github.com/litiande03/epg/raw/refs/heads/master/pl.xml.gz
[2026-03-15] 频道: 东森购物一台 | 数据源: https://github.com/litiande03/epg/raw/refs/heads/master/pl.xml.gz
[2026-03-16] 频道: 东森购物一台 | 数据源: https://github.com/litiande03/epg/raw/refs/heads/master/pl.xml.gz
[2026-03-17] 频道: 东森购物一台 | 数据源: https://github.com/litiande03/epg/raw/refs/heads/master/pl.xml.gz
[2026-03-14] 频道: 镜电视新闻台 | 数据源: https://github.com/litiande03/epg/raw/refs/heads/master/pl.xml.gz
[2026-03-15] 频道: 镜电视新闻台 | 数据源: https://github.com/litiande03/epg/raw/refs/heads/master/pl.xml.gz
[2026-03-16] 频道: 镜电视新闻台 | 数据源: https://github.com/litiande03/epg/raw/refs/heads/master/pl.xml.gz
[2026-03-17] 频道: 镜电视新闻台 | 数据源: https://github.com/litiande03/epg/raw/refs/heads/master/pl.xml.gz
[2026-03-13] 频道: 东森新闻台 | 数据源: https://github.com/litiande03/epg/raw/refs/heads/master/pl.xml.gz
[2026-03-14] 频道: 东森新闻台 | 数据源: https://github.com/litiande03/epg/raw/refs/heads/master/pl.xml.gz
[2026-03-15] 频道: 东森新闻台 | 数据源: https://github.com/litiande03/epg/raw/refs/heads/master/pl.xml.gz
[2026-03-16] 频道: 东森新闻台 | 数据源: https://github.com/litiande03/epg/raw/refs/heads/master/pl.xml.gz
[2026-03-17] 频道: 东森新闻台 | 数据源: https://github.com/litiande03/epg/raw/refs/heads/master/pl.xml.gz
[2026-03-08] 频道: 华视新闻 | 数据源: https://epg.136605.xyz/9days.xml
[2026-03-09] 频道: 华视新闻 | 数据源: https://epg.136605.xyz/9days.xml
[2026-03-10] 频道: 华视新闻 | 数据源: https://epg.136605.xyz/9days.xml
[2026-03-11] 频道: 华视新闻 | 数据源: https://epg.136605.xyz/9days.xml
[2026-03-12] 频道: 华视新闻 | 数据源: https://epg.136605.xyz/9days.xml
[2026-03-13] 频道: 华视新闻 | 数据源: https://epg.136605.xyz/9days.xml
[2026-03-14] 频道: 华视新闻 | 数据源: https://epg.136605.xyz/9days.xml
[2026-03-15] 频道: 华视新闻 | 数据源: https://github.com/litiande03/epg/raw/refs/heads/master/pl.xml.gz
[2026-03-16] 频道: 华视新闻 | 数据源: https://github.com/litiande03/epg/raw/refs/heads/master/pl.xml.gz
[2026-03-17] 频道: 华视新闻 | 数据源: https://github.com/litiande03/epg/raw/refs/heads/master/pl.xml.gz
[2026-03-08] 频道: 三立新闻iNEWS | 数据源: https://epg.136605.xyz/9days.xml
[2026-03-09] 频道: 三立新闻iNEWS | 数据源: https://epg.136605.xyz/9days.xml
[2026-03-10] 频道: 三立新闻iNEWS | 数据源: https://epg.136605.xyz/9days.xml
[2026-03-11] 频道: 三立新闻iNEWS | 数据源: https://epg.136605.xyz/9days.xml
[2026-03-12] 频道: 三立新闻iNEWS | 数据源: https://epg.136605.xyz/9days.xml
[2026-03-13] 频道: 三立新闻iNEWS | 数据源: https://epg.136605.xyz/9days.xml
[2026-03-14] 频道: 三立新闻iNEWS | 数据源: https://epg.136605.xyz/9days.xml
[2026-03-15] 频道: 三立新闻iNEWS | 数据源: https://github.com/litiande03/epg/raw/refs/heads/master/pl.xml.gz
[2026-03-16] 频道: 三立新闻iNEWS | 数据源: https://github.com/litiande03/epg/raw/refs/heads/master/pl.xml.gz
[2026-03-17] 频道: 三立新闻iNEWS | 数据源: https://github.com/litiande03/epg/raw/refs/heads/master/pl.xml.gz
[2026-03-14] 频道: 东森财经新闻台 | 数据源: https://github.com/litiande03/epg/raw/refs/heads/master/pl.xml.gz
[2026-03-15] 频道: 东森财经新闻台 | 数据源: https://github.com/litiande03/epg/raw/refs/heads/master/pl.xml.gz
[2026-03-16] 频道: 东森财经新闻台 | 数据源: https://github.com/litiande03/epg/raw/refs/heads/master/pl.xml.gz
[2026-03-17] 频道: 东森财经新闻台 | 数据源: https://github.com/litiande03/epg/raw/refs/heads/master/pl.xml.gz
[2026-03-14] 频道: 中视新闻 | 数据源: https://github.com/litiande03/epg/raw/refs/heads/master/pl.xml.gz
[2026-03-15] 频道: 中视新闻 | 数据源: https://github.com/litiande03/epg/raw/refs/heads/master/pl.xml.gz
[2026-03-16] 频道: 中视新闻 | 数据源: https://github.com/litiande03/epg/raw/refs/heads/master/pl.xml.gz
[2026-03-17] 频道: 中视新闻 | 数据源: https://github.com/litiande03/epg/raw/refs/heads/master/pl.xml.gz
[2026-03-08] 频道: 中天新闻台 | 数据源: https://epg.136605.xyz/9days.xml
[2026-03-09] 频道: 中天新闻台 | 数据源: https://epg.136605.xyz/9days.xml
[2026-03-10] 频道: 中天新闻台 | 数据源: https://epg.136605.xyz/9days.xml
[2026-03-11] 频道: 中天新闻台 | 数据源: https://epg.136605.xyz/9days.xml
[2026-03-12] 频道: 中天新闻台 | 数据源: https://epg.136605.xyz/9days.xml
[2026-03-13] 频道: 中天新闻台 | 数据源: https://epg.136605.xyz/9days.xml
[2026-03-14] 频道: 中天新闻台 | 数据源: https://github.com/litiande03/epg/raw/refs/heads/master/pl.xml.gz
[2026-03-15] 频道: 中天新闻台 | 数据源: https://github.com/litiande03/epg/raw/refs/heads/master/pl.xml.gz
[2026-03-16] 频道: 中天新闻台 | 数据源: https://github.com/litiande03/epg/raw/refs/heads/master/pl.xml.gz
[2026-03-17] 频道: 中天新闻台 | 数据源: https://github.com/litiande03/epg/raw/refs/heads/master/pl.xml.gz
[2026-03-14] 频道: Bloomberg TV | 数据源: https://github.com/litiande03/epg/raw/refs/heads/master/pl.xml.gz
[2026-03-15] 频道: Bloomberg TV | 数据源: https://github.com/litiande03/epg/raw/refs/heads/master/pl.xml.gz
[2026-03-16] 频道: Bloomberg TV | 数据源: https://github.com/litiande03/epg/raw/refs/heads/master/pl.xml.gz
[2026-03-17] 频道: Bloomberg TV | 数据源: https://github.com/litiande03/epg/raw/refs/heads/master/pl.xml.gz
[2026-03-14] 频道: 寰宇新闻台 | 数据源: https://github.com/litiande03/epg/raw/refs/heads/master/pl.xml.gz
[2026-03-15] 频道: 寰宇新闻台 | 数据源: https://github.com/litiande03/epg/raw/refs/heads/master/pl.xml.gz
[2026-03-16] 频道: 寰宇新闻台 | 数据源: https://github.com/litiande03/epg/raw/refs/heads/master/pl.xml.gz
[2026-03-17] 频道: 寰宇新闻台 | 数据源: https://github.com/litiande03/epg/raw/refs/heads/master/pl.xml.gz
[2026-03-13] 频道: 寰宇新闻台湾台 | 数据源: https://github.com/litiande03/epg/raw/refs/heads/master/pl.xml.gz
[2026-03-14] 频道: 寰宇新闻台湾台 | 数据源: https://github.com/litiande03/epg/raw/refs/heads/master/pl.xml.gz
[2026-03-15] 频道: 寰宇新闻台湾台 | 数据源: https://github.com/litiande03/epg/raw/refs/heads/master/pl.xml.gz
[2026-03-16] 频道: 寰宇新闻台湾台 | 数据源: https://github.com/litiande03/epg/raw/refs/heads/master/pl.xml.gz
[2026-03-17] 频道: 寰宇新闻台湾台 | 数据源: https://github.com/litiande03/epg/raw/refs/heads/master/pl.xml.gz
[2026-03-14] 频道: SBN全球财经台 | 数据源: https://github.com/litiande03/epg/raw/refs/heads/master/pl.xml.gz
[2026-03-15] 频道: SBN全球财经台 | 数据源: https://github.com/litiande03/epg/raw/refs/heads/master/pl.xml.gz
[2026-03-16] 频道: SBN全球财经台 | 数据源: https://github.com/litiande03/epg/raw/refs/heads/master/pl.xml.gz
[2026-03-17] 频道: SBN全球财经台 | 数据源: https://github.com/litiande03/epg/raw/refs/heads/master/pl.xml.gz
[2026-03-14] 频道: TVBS | 数据源: https://github.com/litiande03/epg/raw/refs/heads/master/pl.xml.gz
[2026-03-15] 频道: TVBS | 数据源: https://github.com/litiande03/epg/raw/refs/heads/master/pl.xml.gz
[2026-03-16] 频道: TVBS | 数据源: https://github.com/litiande03/epg/raw/refs/heads/master/pl.xml.gz
[2026-03-17] 频道: TVBS | 数据源: https://github.com/litiande03/epg/raw/refs/heads/master/pl.xml.gz
[2026-03-14] 频道: 东森购物二台 | 数据源: https://github.com/litiande03/epg/raw/refs/heads/master/pl.xml.gz
[2026-03-15] 频道: 东森购物二台 | 数据源: https://github.com/litiande03/epg/raw/refs/heads/master/pl.xml.gz
[2026-03-16] 频道: 东森购物二台 | 数据源: https://github.com/litiande03/epg/raw/refs/heads/master/pl.xml.gz
[2026-03-17] 频道: 东森购物二台 | 数据源: https://github.com/litiande03/epg/raw/refs/heads/master/pl.xml.gz
[2026-03-08] 频道: 民视综艺台 | 数据源: https://epg.136605.xyz/9days.xml
[2026-03-09] 频道: 民视综艺台 | 数据源: https://epg.136605.xyz/9days.xml
[2026-03-10] 频道: 民视综艺台 | 数据源: https://epg.136605.xyz/9days.xml
[2026-03-11] 频道: 民视综艺台 | 数据源: https://epg.136605.xyz/9days.xml
[2026-03-12] 频道: 民视综艺台 | 数据源: https://epg.136605.xyz/9days.xml
[2026-03-13] 频道: 民视综艺台 | 数据源: https://epg.136605.xyz/9days.xml
[2026-03-14] 频道: 民视综艺台 | 数据源: https://epg.136605.xyz/9days.xml
[2026-03-15] 频道: 民视综艺台 | 数据源: https://epg.136605.xyz/9days.xml
[2026-03-16] 频道: 民视综艺台 | 数据源: https://epg.136605.xyz/9days.xml
[2026-03-17] 频道: 民视综艺台 | 数据源: https://github.com/litiande03/epg/raw/refs/heads/master/pl.xml.gz
[2026-03-13] 频道: 猪哥亮歌厅秀 | 数据源: https://github.com/litiande03/epg/raw/refs/heads/master/pl.xml.gz
[2026-03-14] 频道: 猪哥亮歌厅秀 | 数据源: https://github.com/litiande03/epg/raw/refs/heads/master/pl.xml.gz
[2026-03-15] 频道: 猪哥亮歌厅秀 | 数据源: https://github.com/litiande03/epg/raw/refs/heads/master/pl.xml.gz
[2026-03-16] 频道: 猪哥亮歌厅秀 | 数据源: https://github.com/litiande03/epg/raw/refs/heads/master/pl.xml.gz
[2026-03-17] 频道: 猪哥亮歌厅秀 | 数据源: https://github.com/litiande03/epg/raw/refs/heads/master/pl.xml.gz
[2026-03-14] 频道: 靖天育乐台 | 数据源: https://github.com/litiande03/epg/raw/refs/heads/master/pl.xml.gz
[2026-03-15] 频道: 靖天育乐台 | 数据源: https://github.com/litiande03/epg/raw/refs/heads/master/pl.xml.gz
[2026-03-16] 频道: 靖天育乐台 | 数据源: https://github.com/litiande03/epg/raw/refs/heads/master/pl.xml.gz
[2026-03-17] 频道: 靖天育乐台 | 数据源: https://github.com/litiande03/epg/raw/refs/heads/master/pl.xml.gz
[2026-03-14] 频道: KLT-靖天国际台 | 数据源: https://github.com/litiande03/epg/raw/refs/heads/master/pl.xml.gz
[2026-03-15] 频道: KLT-靖天国际台 | 数据源: https://github.com/litiande03/epg/raw/refs/heads/master/pl.xml.gz
[2026-03-16] 频道: KLT-靖天国际台 | 数据源: https://github.com/litiande03/epg/raw/refs/heads/master/pl.xml.gz
[2026-03-17] 频道: KLT-靖天国际台 | 数据源: https://github.com/litiande03/epg/raw/refs/heads/master/pl.xml.gz
[2026-03-14] 频道: Nice TV 靖天欢乐台 | 数据源: https://github.com/litiande03/epg/raw/refs/heads/master/pl.xml.gz
[2026-03-15] 频道: Nice TV 靖天欢乐台 | 数据源: https://github.com/litiande03/epg/raw/refs/heads/master/pl.xml.gz
[2026-03-16] 频道: Nice TV 靖天欢乐台 | 数据源: https://github.com/litiande03/epg/raw/refs/heads/master/pl.xml.gz
[2026-03-17] 频道: Nice TV 靖天欢乐台 | 数据源: https://github.com/litiande03/epg/raw/refs/heads/master/pl.xml.gz
[2026-03-14] 频道: 靖天资讯台 | 数据源: https://github.com/litiande03/epg/raw/refs/heads/master/pl.xml.gz
[2026-03-15] 频道: 靖天资讯台 | 数据源: https://github.com/litiande03/epg/raw/refs/heads/master/pl.xml.gz
[2026-03-16] 频道: 靖天资讯台 | 数据源: https://github.com/litiande03/epg/raw/refs/heads/master/pl.xml.gz
[2026-03-17] 频道: 靖天资讯台 | 数据源: https://github.com/litiande03/epg/raw/refs/heads/master/pl.xml.gz
[2026-03-14] 频道: TVBS欢乐台 | 数据源: https://github.com/litiande03/epg/raw/refs/heads/master/pl.xml.gz
[2026-03-15] 频道: TVBS欢乐台 | 数据源: https://github.com/litiande03/epg/raw/refs/heads/master/pl.xml.gz
[2026-03-16] 频道: TVBS欢乐台 | 数据源: https://github.com/litiande03/epg/raw/refs/heads/master/pl.xml.gz
[2026-03-17] 频道: TVBS欢乐台 | 数据源: https://github.com/litiande03/epg/raw/refs/heads/master/pl.xml.gz
[2026-03-14] 频道: 韩国娱乐台 KMTV | 数据源: https://github.com/litiande03/epg/raw/refs/heads/master/pl.xml.gz
[2026-03-15] 频道: 韩国娱乐台 KMTV | 数据源: https://github.com/litiande03/epg/raw/refs/heads/master/pl.xml.gz
[2026-03-16] 频道: 韩国娱乐台 KMTV | 数据源: https://github.com/litiande03/epg/raw/refs/heads/master/pl.xml.gz
[2026-03-17] 频道: 韩国娱乐台 KMTV | 数据源: https://github.com/litiande03/epg/raw/refs/heads/master/pl.xml.gz
[2026-03-14] 频道: ROCK Entertainment | 数据源: https://github.com/litiande03/epg/raw/refs/heads/master/pl.xml.gz
[2026-03-15] 频道: ROCK Entertainment | 数据源: https://github.com/litiande03/epg/raw/refs/heads/master/pl.xml.gz
[2026-03-16] 频道: ROCK Entertainment | 数据源: https://github.com/litiande03/epg/raw/refs/heads/master/pl.xml.gz
[2026-03-17] 频道: ROCK Entertainment | 数据源: https://github.com/litiande03/epg/raw/refs/heads/master/pl.xml.gz
[2026-03-08] 频道: Lifetime 娱乐频道 | 数据源: https://epg.136605.xyz/9days.xml
[2026-03-09] 频道: Lifetime 娱乐频道 | 数据源: https://epg.136605.xyz/9days.xml
[2026-03-10] 频道: Lifetime 娱乐频道 | 数据源: https://epg.136605.xyz/9days.xml
[2026-03-11] 频道: Lifetime 娱乐频道 | 数据源: https://epg.136605.xyz/9days.xml
[2026-03-12] 频道: Lifetime 娱乐频道 | 数据源: https://epg.136605.xyz/9days.xml
[2026-03-13] 频道: Lifetime 娱乐频道 | 数据源: https://epg.136605.xyz/9days.xml
[2026-03-14] 频道: Lifetime 娱乐频道 | 数据源: https://epg.136605.xyz/9days.xml
[2026-03-15] 频道: Lifetime 娱乐频道 | 数据源: https://epg.136605.xyz/9days.xml
[2026-03-16] 频道: Lifetime 娱乐频道 | 数据源: https://epg.136605.xyz/9days.xml
[2026-03-17] 频道: Lifetime 娱乐频道 | 数据源: https://github.com/litiande03/epg/raw/refs/heads/master/pl.xml.gz
[2026-03-14] 频道: 电影原声台CMusic | 数据源: https://github.com/litiande03/epg/raw/refs/heads/master/pl.xml.gz
[2026-03-15] 频道: 电影原声台CMusic | 数据源: https://github.com/litiande03/epg/raw/refs/heads/master/pl.xml.gz
[2026-03-16] 频道: 电影原声台CMusic | 数据源: https://github.com/litiande03/epg/raw/refs/heads/master/pl.xml.gz
[2026-03-17] 频道: 电影原声台CMusic | 数据源: https://github.com/litiande03/epg/raw/refs/heads/master/pl.xml.gz
[2026-03-14] 频道: FashionTV 时尚频道 | 数据源: https://github.com/litiande03/epg/raw/refs/heads/master/pl.xml.gz
[2026-03-15] 频道: FashionTV 时尚频道 | 数据源: https://github.com/litiande03/epg/raw/refs/heads/master/pl.xml.gz
[2026-03-16] 频道: FashionTV 时尚频道 | 数据源: https://github.com/litiande03/epg/raw/refs/heads/master/pl.xml.gz
[2026-03-17] 频道: FashionTV 时尚频道 | 数据源: https://github.com/litiande03/epg/raw/refs/heads/master/pl.xml.gz
[2026-03-14] 频道: CLASSICA 古典乐 | 数据源: https://github.com/litiande03/epg/raw/refs/heads/master/pl.xml.gz
[2026-03-15] 频道: CLASSICA 古典乐 | 数据源: https://github.com/litiande03/epg/raw/refs/heads/master/pl.xml.gz
[2026-03-16] 频道: CLASSICA 古典乐 | 数据源: https://github.com/litiande03/epg/raw/refs/heads/master/pl.xml.gz
[2026-03-17] 频道: CLASSICA 古典乐 | 数据源: https://github.com/litiande03/epg/raw/refs/heads/master/pl.xml.gz
[2026-03-14] 频道: 东森购物三台 | 数据源: https://github.com/litiande03/epg/raw/refs/heads/master/pl.xml.gz
[2026-03-15] 频道: 东森购物三台 | 数据源: https://github.com/litiande03/epg/raw/refs/heads/master/pl.xml.gz
[2026-03-16] 频道: 东森购物三台 | 数据源: https://github.com/litiande03/epg/raw/refs/heads/master/pl.xml.gz
[2026-03-17] 频道: 东森购物三台 | 数据源: https://github.com/litiande03/epg/raw/refs/heads/master/pl.xml.gz
[2026-03-14] 频道: INULTRA | 数据源: https://github.com/litiande03/epg/raw/refs/heads/master/pl.xml.gz
[2026-03-15] 频道: INULTRA | 数据源: https://github.com/litiande03/epg/raw/refs/heads/master/pl.xml.gz
[2026-03-16] 频道: INULTRA | 数据源: https://github.com/litiande03/epg/raw/refs/heads/master/pl.xml.gz
[2026-03-17] 频道: INULTRA | 数据源: https://github.com/litiande03/epg/raw/refs/heads/master/pl.xml.gz
[2026-03-14] 频道: 博斯高球台 | 数据源: https://github.com/litiande03/epg/raw/refs/heads/master/pl.xml.gz
[2026-03-15] 频道: 博斯高球台 | 数据源: https://github.com/litiande03/epg/raw/refs/heads/master/pl.xml.gz
[2026-03-16] 频道: 博斯高球台 | 数据源: https://github.com/litiande03/epg/raw/refs/heads/master/pl.xml.gz
[2026-03-17] 频道: 博斯高球台 | 数据源: https://github.com/litiande03/epg/raw/refs/heads/master/pl.xml.gz
[2026-03-13] 频道: 博斯运动一台 | 数据源: https://github.com/litiande03/epg/raw/refs/heads/master/pl.xml.gz
[2026-03-14] 频道: 博斯运动一台 | 数据源: https://github.com/litiande03/epg/raw/refs/heads/master/pl.xml.gz
[2026-03-15] 频道: 博斯运动一台 | 数据源: https://github.com/litiande03/epg/raw/refs/heads/master/pl.xml.gz
[2026-03-16] 频道: 博斯运动一台 | 数据源: https://github.com/litiande03/epg/raw/refs/heads/master/pl.xml.gz
[2026-03-17] 频道: 博斯运动一台 | 数据源: https://github.com/litiande03/epg/raw/refs/heads/master/pl.xml.gz
[2026-03-13] 频道: 博斯无限台 | 数据源: https://github.com/litiande03/epg/raw/refs/heads/master/pl.xml.gz
[2026-03-14] 频道: 博斯无限台 | 数据源: https://github.com/litiande03/epg/raw/refs/heads/master/pl.xml.gz
[2026-03-15] 频道: 博斯无限台 | 数据源: https://github.com/litiande03/epg/raw/refs/heads/master/pl.xml.gz
[2026-03-16] 频道: 博斯无限台 | 数据源: https://github.com/litiande03/epg/raw/refs/heads/master/pl.xml.gz
[2026-03-17] 频道: 博斯无限台 | 数据源: https://github.com/litiande03/epg/raw/refs/heads/master/pl.xml.gz
[2026-03-13] 频道: 博斯网球台 | 数据源: https://github.com/litiande03/epg/raw/refs/heads/master/pl.xml.gz
[2026-03-14] 频道: 博斯网球台 | 数据源: https://github.com/litiande03/epg/raw/refs/heads/master/pl.xml.gz
[2026-03-15] 频道: 博斯网球台 | 数据源: https://github.com/litiande03/epg/raw/refs/heads/master/pl.xml.gz
[2026-03-16] 频道: 博斯网球台 | 数据源: https://github.com/litiande03/epg/raw/refs/heads/master/pl.xml.gz
[2026-03-17] 频道: 博斯网球台 | 数据源: https://github.com/litiande03/epg/raw/refs/heads/master/pl.xml.gz
[2026-03-13] 频道: 智林体育台 | 数据源: https://github.com/litiande03/epg/raw/refs/heads/master/pl.xml.gz
[2026-03-14] 频道: 智林体育台 | 数据源: https://github.com/litiande03/epg/raw/refs/heads/master/pl.xml.gz
[2026-03-15] 频道: 智林体育台 | 数据源: https://github.com/litiande03/epg/raw/refs/heads/master/pl.xml.gz
[2026-03-16] 频道: 智林体育台 | 数据源: https://github.com/litiande03/epg/raw/refs/heads/master/pl.xml.gz
[2026-03-17] 频道: 智林体育台 | 数据源: https://github.com/litiande03/epg/raw/refs/heads/master/pl.xml.gz
[2026-03-14] 频道: 时尚运动X | 数据源: https://github.com/litiande03/epg/raw/refs/heads/master/pl.xml.gz
[2026-03-15] 频道: 时尚运动X | 数据源: https://github.com/litiande03/epg/raw/refs/heads/master/pl.xml.gz
[2026-03-16] 频道: 时尚运动X | 数据源: https://github.com/litiande03/epg/raw/refs/heads/master/pl.xml.gz
[2026-03-17] 频道: 时尚运动X | 数据源: https://github.com/litiande03/epg/raw/refs/heads/master/pl.xml.gz
[2026-03-14] 频道: 车迷TV | 数据源: https://github.com/litiande03/epg/raw/refs/heads/master/pl.xml.gz
[2026-03-15] 频道: 车迷TV | 数据源: https://github.com/litiande03/epg/raw/refs/heads/master/pl.xml.gz
[2026-03-16] 频道: 车迷TV | 数据源: https://github.com/litiande03/epg/raw/refs/heads/master/pl.xml.gz
[2026-03-17] 频道: 车迷TV | 数据源: https://github.com/litiande03/epg/raw/refs/heads/master/pl.xml.gz
[2026-03-14] 频道: GINX Esports TV | 数据源: https://github.com/litiande03/epg/raw/refs/heads/master/pl.xml.gz
[2026-03-15] 频道: GINX Esports TV | 数据源: https://github.com/litiande03/epg/raw/refs/heads/master/pl.xml.gz
[2026-03-16] 频道: GINX Esports TV | 数据源: https://github.com/litiande03/epg/raw/refs/heads/master/pl.xml.gz
[2026-03-17] 频道: GINX Esports TV | 数据源: https://github.com/litiande03/epg/raw/refs/heads/master/pl.xml.gz
[2026-03-08] 频道: 民视旅游台 | 数据源: https://epg.136605.xyz/9days.xml
[2026-03-09] 频道: 民视旅游台 | 数据源: https://epg.136605.xyz/9days.xml
[2026-03-10] 频道: 民视旅游台 | 数据源: https://epg.136605.xyz/9days.xml
[2026-03-11] 频道: 民视旅游台 | 数据源: https://epg.136605.xyz/9days.xml
[2026-03-12] 频道: 民视旅游台 | 数据源: https://epg.136605.xyz/9days.xml
[2026-03-13] 频道: 民视旅游台 | 数据源: https://epg.136605.xyz/9days.xml
[2026-03-14] 频道: 民视旅游台 | 数据源: https://epg.136605.xyz/9days.xml
[2026-03-15] 频道: 民视旅游台 | 数据源: https://epg.136605.xyz/9days.xml
[2026-03-16] 频道: 民视旅游台 | 数据源: https://epg.136605.xyz/9days.xml
[2026-03-17] 频道: 民视旅游台 | 数据源: https://github.com/litiande03/epg/raw/refs/heads/master/pl.xml.gz
[2026-03-14] 频道: 滚动力rollor | 数据源: https://github.com/litiande03/epg/raw/refs/heads/master/pl.xml.gz
[2026-03-15] 频道: 滚动力rollor | 数据源: https://github.com/litiande03/epg/raw/refs/heads/master/pl.xml.gz
[2026-03-16] 频道: 滚动力rollor | 数据源: https://github.com/litiande03/epg/raw/refs/heads/master/pl.xml.gz
[2026-03-17] 频道: 滚动力rollor | 数据源: https://github.com/litiande03/epg/raw/refs/heads/master/pl.xml.gz
[2026-03-13] 频道: 亚洲旅游台 | 数据源: https://github.com/litiande03/epg/raw/refs/heads/master/pl.xml.gz
[2026-03-14] 频道: 亚洲旅游台 | 数据源: https://github.com/litiande03/epg/raw/refs/heads/master/pl.xml.gz
[2026-03-15] 频道: 亚洲旅游台 | 数据源: https://github.com/litiande03/epg/raw/refs/heads/master/pl.xml.gz
[2026-03-16] 频道: 亚洲旅游台 | 数据源: https://github.com/litiande03/epg/raw/refs/heads/master/pl.xml.gz
[2026-03-17] 频道: 亚洲旅游台 | 数据源: https://github.com/litiande03/epg/raw/refs/heads/master/pl.xml.gz
[2026-03-08] 频道: fun探索娱乐台 | 数据源: https://epg.136605.xyz/9days.xml
[2026-03-09] 频道: fun探索娱乐台 | 数据源: https://epg.136605.xyz/9days.xml
[2026-03-10] 频道: fun探索娱乐台 | 数据源: https://epg.136605.xyz/9days.xml
[2026-03-11] 频道: fun探索娱乐台 | 数据源: https://epg.136605.xyz/9days.xml
[2026-03-12] 频道: fun探索娱乐台 | 数据源: https://epg.136605.xyz/9days.xml
[2026-03-13] 频道: fun探索娱乐台 | 数据源: https://epg.136605.xyz/9days.xml
[2026-03-14] 频道: fun探索娱乐台 | 数据源: https://epg.136605.xyz/9days.xml
[2026-03-15] 频道: fun探索娱乐台 | 数据源: https://epg.136605.xyz/9days.xml
[2026-03-16] 频道: fun探索娱乐台 | 数据源: https://epg.136605.xyz/9days.xml
[2026-03-17] 频道: fun探索娱乐台 | 数据源: https://github.com/litiande03/epg/raw/refs/heads/master/pl.xml.gz
[2026-03-14] 频道: 幸福空间居家台 | 数据源: https://github.com/litiande03/epg/raw/refs/heads/master/pl.xml.gz
[2026-03-15] 频道: 幸福空间居家台 | 数据源: https://github.com/litiande03/epg/raw/refs/heads/master/pl.xml.gz
[2026-03-16] 频道: 幸福空间居家台 | 数据源: https://github.com/litiande03/epg/raw/refs/heads/master/pl.xml.gz
[2026-03-17] 频道: 幸福空间居家台 | 数据源: https://github.com/litiande03/epg/raw/refs/heads/master/pl.xml.gz
[2026-03-08] 频道: Love Nature | 数据源: https://epg.136605.xyz/9days.xml
[2026-03-09] 频道: Love Nature | 数据源: https://epg.136605.xyz/9days.xml
[2026-03-10] 频道: Love Nature | 数据源: https://epg.136605.xyz/9days.xml
[2026-03-11] 频道: Love Nature | 数据源: https://epg.136605.xyz/9days.xml
[2026-03-12] 频道: Love Nature | 数据源: https://epg.136605.xyz/9days.xml
[2026-03-13] 频道: Love Nature | 数据源: https://epg.136605.xyz/9days.xml
[2026-03-14] 频道: Love Nature | 数据源: https://epg.136605.xyz/9days.xml
[2026-03-15] 频道: Love Nature | 数据源: https://epg.136605.xyz/9days.xml
[2026-03-16] 频道: Love Nature | 数据源: https://epg.136605.xyz/9days.xml
[2026-03-17] 频道: Love Nature | 数据源: https://epg.136605.xyz/9days.xml
[2026-03-14] 频道: History 历史频道 | 数据源: https://github.com/litiande03/epg/raw/refs/heads/master/pl.xml.gz
[2026-03-15] 频道: History 历史频道 | 数据源: https://github.com/litiande03/epg/raw/refs/heads/master/pl.xml.gz
[2026-03-16] 频道: History 历史频道 | 数据源: https://github.com/litiande03/epg/raw/refs/heads/master/pl.xml.gz
[2026-03-17] 频道: History 历史频道 | 数据源: https://github.com/litiande03/epg/raw/refs/heads/master/pl.xml.gz
[2026-03-08] 频道: 爱尔达生活旅游台 | 数据源: https://epg.136605.xyz/9days.xml
[2026-03-09] 频道: 爱尔达生活旅游台 | 数据源: https://epg.136605.xyz/9days.xml
[2026-03-10] 频道: 爱尔达生活旅游台 | 数据源: https://epg.136605.xyz/9days.xml
[2026-03-11] 频道: 爱尔达生活旅游台 | 数据源: https://epg.136605.xyz/9days.xml
[2026-03-12] 频道: 爱尔达生活旅游台 | 数据源: https://epg.136605.xyz/9days.xml
[2026-03-13] 频道: 爱尔达生活旅游台 | 数据源: https://epg.136605.xyz/9days.xml
[2026-03-14] 频道: 爱尔达生活旅游台 | 数据源: https://epg.136605.xyz/9days.xml
[2026-03-15] 频道: 爱尔达生活旅游台 | 数据源: https://github.com/litiande03/epg/raw/refs/heads/master/pl.xml.gz
[2026-03-16] 频道: 爱尔达生活旅游台 | 数据源: https://github.com/litiande03/epg/raw/refs/heads/master/pl.xml.gz
[2026-03-17] 频道: 爱尔达生活旅游台 | 数据源: https://github.com/litiande03/epg/raw/refs/heads/master/pl.xml.gz
[2026-03-08] 频道: LUXE TV Channel | 数据源: https://epg.136605.xyz/9days.xml
[2026-03-09] 频道: LUXE TV Channel | 数据源: https://epg.136605.xyz/9days.xml
[2026-03-10] 频道: LUXE TV Channel | 数据源: https://epg.136605.xyz/9days.xml
[2026-03-11] 频道: LUXE TV Channel | 数据源: https://epg.136605.xyz/9days.xml
[2026-03-12] 频道: LUXE TV Channel | 数据源: https://epg.136605.xyz/9days.xml
[2026-03-13] 频道: LUXE TV Channel | 数据源: https://epg.136605.xyz/9days.xml
[2026-03-14] 频道: LUXE TV Channel | 数据源: https://epg.136605.xyz/9days.xml
[2026-03-15] 频道: LUXE TV Channel | 数据源: https://github.com/litiande03/epg/raw/refs/heads/master/pl.xml.gz
[2026-03-16] 频道: LUXE TV Channel | 数据源: https://github.com/litiande03/epg/raw/refs/heads/master/pl.xml.gz
[2026-03-17] 频道: LUXE TV Channel | 数据源: https://github.com/litiande03/epg/raw/refs/heads/master/pl.xml.gz
[2026-03-14] 频道: TV5MONDE STYLE HD 生活时尚 | 数据源: https://github.com/litiande03/epg/raw/refs/heads/master/pl.xml.gz
[2026-03-15] 频道: TV5MONDE STYLE HD 生活时尚 | 数据源: https://github.com/litiande03/epg/raw/refs/heads/master/pl.xml.gz
[2026-03-16] 频道: TV5MONDE STYLE HD 生活时尚 | 数据源: https://github.com/litiande03/epg/raw/refs/heads/master/pl.xml.gz
[2026-03-17] 频道: TV5MONDE STYLE HD 生活时尚 | 数据源: https://github.com/litiande03/epg/raw/refs/heads/master/pl.xml.gz
[2026-03-08] 频道: MagellanTV频道 (麦哲伦频道) | 数据源: https://epg.136605.xyz/9days.xml
[2026-03-09] 频道: MagellanTV频道 (麦哲伦频道) | 数据源: https://epg.136605.xyz/9days.xml
[2026-03-10] 频道: MagellanTV频道 (麦哲伦频道) | 数据源: https://epg.136605.xyz/9days.xml
[2026-03-11] 频道: MagellanTV频道 (麦哲伦频道) | 数据源: https://epg.136605.xyz/9days.xml
[2026-03-12] 频道: MagellanTV频道 (麦哲伦频道) | 数据源: https://epg.136605.xyz/9days.xml
[2026-03-13] 频道: MagellanTV频道 (麦哲伦频道) | 数据源: https://epg.136605.xyz/9days.xml
[2026-03-14] 频道: MagellanTV频道 (麦哲伦频道) | 数据源: https://epg.136605.xyz/9days.xml
[2026-03-15] 频道: MagellanTV频道 (麦哲伦频道) | 数据源: https://github.com/litiande03/epg/raw/refs/heads/master/pl.xml.gz
[2026-03-16] 频道: MagellanTV频道 (麦哲伦频道) | 数据源: https://github.com/litiande03/epg/raw/refs/heads/master/pl.xml.gz
[2026-03-17] 频道: MagellanTV频道 (麦哲伦频道) | 数据源: https://github.com/litiande03/epg/raw/refs/heads/master/pl.xml.gz
[2026-03-14] 频道: ROCK Xstream摇滚极限频道 | 数据源: https://github.com/litiande03/epg/raw/refs/heads/master/pl.xml.gz
[2026-03-15] 频道: ROCK Xstream摇滚极限频道 | 数据源: https://github.com/litiande03/epg/raw/refs/heads/master/pl.xml.gz
[2026-03-16] 频道: ROCK Xstream摇滚极限频道 | 数据源: https://github.com/litiande03/epg/raw/refs/heads/master/pl.xml.gz
[2026-03-17] 频道: ROCK Xstream摇滚极限频道 | 数据源: https://github.com/litiande03/epg/raw/refs/heads/master/pl.xml.gz
[2026-03-08] 频道: 公视戏剧 | 数据源: https://epg.136605.xyz/9days.xml
[2026-03-09] 频道: 公视戏剧 | 数据源: https://epg.136605.xyz/9days.xml
[2026-03-10] 频道: 公视戏剧 | 数据源: https://epg.136605.xyz/9days.xml
[2026-03-11] 频道: 公视戏剧 | 数据源: https://epg.136605.xyz/9days.xml
[2026-03-12] 频道: 公视戏剧 | 数据源: https://epg.136605.xyz/9days.xml
[2026-03-13] 频道: 公视戏剧 | 数据源: https://epg.136605.xyz/9days.xml
[2026-03-14] 频道: 公视戏剧 | 数据源: https://github.com/litiande03/epg/raw/refs/heads/master/pl.xml.gz
[2026-03-15] 频道: 公视戏剧 | 数据源: https://github.com/litiande03/epg/raw/refs/heads/master/pl.xml.gz
[2026-03-16] 频道: 公视戏剧 | 数据源: https://github.com/litiande03/epg/raw/refs/heads/master/pl.xml.gz
[2026-03-17] 频道: 公视戏剧 | 数据源: https://github.com/litiande03/epg/raw/refs/heads/master/pl.xml.gz
[2026-03-08] 频道: 民视影剧台 | 数据源: https://epg.136605.xyz/9days.xml
[2026-03-09] 频道: 民视影剧台 | 数据源: https://epg.136605.xyz/9days.xml
[2026-03-10] 频道: 民视影剧台 | 数据源: https://epg.136605.xyz/9days.xml
[2026-03-11] 频道: 民视影剧台 | 数据源: https://epg.136605.xyz/9days.xml
[2026-03-12] 频道: 民视影剧台 | 数据源: https://epg.136605.xyz/9days.xml
[2026-03-13] 频道: 民视影剧台 | 数据源: https://epg.136605.xyz/9days.xml
[2026-03-14] 频道: 民视影剧台 | 数据源: https://epg.136605.xyz/9days.xml
[2026-03-15] 频道: 民视影剧台 | 数据源: https://github.com/litiande03/epg/raw/refs/heads/master/pl.xml.gz
[2026-03-16] 频道: 民视影剧台 | 数据源: https://epg.136605.xyz/9days.xml
[2026-03-17] 频道: 民视影剧台 | 数据源: https://github.com/litiande03/epg/raw/refs/heads/master/pl.xml.gz
[2026-03-14] 频道: HITS频道 | 数据源: https://github.com/litiande03/epg/raw/refs/heads/master/pl.xml.gz
[2026-03-15] 频道: HITS频道 | 数据源: https://github.com/litiande03/epg/raw/refs/heads/master/pl.xml.gz
[2026-03-16] 频道: HITS频道 | 数据源: https://github.com/litiande03/epg/raw/refs/heads/master/pl.xml.gz
[2026-03-17] 频道: HITS频道 | 数据源: https://github.com/litiande03/epg/raw/refs/heads/master/pl.xml.gz
[2026-03-08] 频道: 八大精彩台 | 数据源: https://epg.136605.xyz/9days.xml
[2026-03-09] 频道: 八大精彩台 | 数据源: https://epg.136605.xyz/9days.xml
[2026-03-10] 频道: 八大精彩台 | 数据源: https://epg.136605.xyz/9days.xml
[2026-03-11] 频道: 八大精彩台 | 数据源: https://epg.136605.xyz/9days.xml
[2026-03-12] 频道: 八大精彩台 | 数据源: https://epg.136605.xyz/9days.xml
[2026-03-13] 频道: 八大精彩台 | 数据源: https://epg.136605.xyz/9days.xml
[2026-03-14] 频道: 八大精彩台 | 数据源: https://github.com/litiande03/epg/raw/refs/heads/master/pl.xml.gz
[2026-03-15] 频道: 八大精彩台 | 数据源: https://github.com/litiande03/epg/raw/refs/heads/master/pl.xml.gz
[2026-03-16] 频道: 八大精彩台 | 数据源: https://github.com/litiande03/epg/raw/refs/heads/master/pl.xml.gz
[2026-03-17] 频道: 八大精彩台 | 数据源: https://github.com/litiande03/epg/raw/refs/heads/master/pl.xml.gz
[2026-03-08] 频道: 靖天戏剧台 | 数据源: https://epg.136605.xyz/9days.xml
[2026-03-09] 频道: 靖天戏剧台 | 数据源: https://epg.136605.xyz/9days.xml
[2026-03-10] 频道: 靖天戏剧台 | 数据源: https://epg.136605.xyz/9days.xml
[2026-03-11] 频道: 靖天戏剧台 | 数据源: https://epg.136605.xyz/9days.xml
[2026-03-12] 频道: 靖天戏剧台 | 数据源: https://epg.136605.xyz/9days.xml
[2026-03-13] 频道: 靖天戏剧台 | 数据源: https://epg.136605.xyz/9days.xml
[2026-03-14] 频道: 靖天戏剧台 | 数据源: https://epg.136605.xyz/9days.xml
[2026-03-15] 频道: 靖天戏剧台 | 数据源: https://github.com/litiande03/epg/raw/refs/heads/master/pl.xml.gz
[2026-03-16] 频道: 靖天戏剧台 | 数据源: https://github.com/litiande03/epg/raw/refs/heads/master/pl.xml.gz
[2026-03-17] 频道: 靖天戏剧台 | 数据源: https://github.com/litiande03/epg/raw/refs/heads/master/pl.xml.gz
[2026-03-13] 频道: 靖洋戏剧台 | 数据源: https://github.com/litiande03/epg/raw/refs/heads/master/pl.xml.gz
[2026-03-14] 频道: 靖洋戏剧台 | 数据源: https://github.com/litiande03/epg/raw/refs/heads/master/pl.xml.gz
[2026-03-15] 频道: 靖洋戏剧台 | 数据源: https://github.com/litiande03/epg/raw/refs/heads/master/pl.xml.gz
[2026-03-16] 频道: 靖洋戏剧台 | 数据源: https://github.com/litiande03/epg/raw/refs/heads/master/pl.xml.gz
[2026-03-17] 频道: 靖洋戏剧台 | 数据源: https://github.com/litiande03/epg/raw/refs/heads/master/pl.xml.gz
[2026-03-14] 频道: CI 罪案侦查频道 | 数据源: https://github.com/litiande03/epg/raw/refs/heads/master/pl.xml.gz
[2026-03-15] 频道: CI 罪案侦查频道 | 数据源: https://github.com/litiande03/epg/raw/refs/heads/master/pl.xml.gz
[2026-03-16] 频道: CI 罪案侦查频道 | 数据源: https://github.com/litiande03/epg/raw/refs/heads/master/pl.xml.gz
[2026-03-17] 频道: CI 罪案侦查频道 | 数据源: https://github.com/litiande03/epg/raw/refs/heads/master/pl.xml.gz
[2026-03-14] 频道: 视纳华仁纪实频道 | 数据源: https://github.com/litiande03/epg/raw/refs/heads/master/pl.xml.gz
[2026-03-15] 频道: 视纳华仁纪实频道 | 数据源: https://github.com/litiande03/epg/raw/refs/heads/master/pl.xml.gz
[2026-03-16] 频道: 视纳华仁纪实频道 | 数据源: https://github.com/litiande03/epg/raw/refs/heads/master/pl.xml.gz
[2026-03-17] 频道: 视纳华仁纪实频道 | 数据源: https://github.com/litiande03/epg/raw/refs/heads/master/pl.xml.gz
[2026-03-08] 频道: 影迷数位纪实台 | 数据源: https://epg.136605.xyz/9days.xml
[2026-03-09] 频道: 影迷数位纪实台 | 数据源: https://epg.136605.xyz/9days.xml
[2026-03-10] 频道: 影迷数位纪实台 | 数据源: https://epg.136605.xyz/9days.xml
[2026-03-11] 频道: 影迷数位纪实台 | 数据源: https://epg.136605.xyz/9days.xml
[2026-03-12] 频道: 影迷数位纪实台 | 数据源: https://epg.136605.xyz/9days.xml
[2026-03-13] 频道: 影迷数位纪实台 | 数据源: https://epg.136605.xyz/9days.xml
[2026-03-14] 频道: 影迷数位纪实台 | 数据源: https://github.com/litiande03/epg/raw/refs/heads/master/pl.xml.gz
[2026-03-15] 频道: 影迷数位纪实台 | 数据源: https://github.com/litiande03/epg/raw/refs/heads/master/pl.xml.gz
[2026-03-16] 频道: 影迷数位纪实台 | 数据源: https://github.com/litiande03/epg/raw/refs/heads/master/pl.xml.gz
[2026-03-17] 频道: 影迷数位纪实台 | 数据源: https://github.com/litiande03/epg/raw/refs/heads/master/pl.xml.gz
[2026-03-14] 频道: 金光布袋戏 | 数据源: https://github.com/litiande03/epg/raw/refs/heads/master/pl.xml.gz
[2026-03-15] 频道: 金光布袋戏 | 数据源: https://github.com/litiande03/epg/raw/refs/heads/master/pl.xml.gz
[2026-03-16] 频道: 金光布袋戏 | 数据源: https://github.com/litiande03/epg/raw/refs/heads/master/pl.xml.gz
[2026-03-17] 频道: 金光布袋戏 | 数据源: https://github.com/litiande03/epg/raw/refs/heads/master/pl.xml.gz
[2026-03-14] 频道: 采昌影剧台 | 数据源: https://github.com/litiande03/epg/raw/refs/heads/master/pl.xml.gz
[2026-03-15] 频道: 采昌影剧台 | 数据源: https://github.com/litiande03/epg/raw/refs/heads/master/pl.xml.gz
[2026-03-16] 频道: 采昌影剧台 | 数据源: https://github.com/litiande03/epg/raw/refs/heads/master/pl.xml.gz
[2026-03-17] 频道: 采昌影剧台 | 数据源: https://github.com/litiande03/epg/raw/refs/heads/master/pl.xml.gz
[2026-03-14] 频道: 靖天映画 | 数据源: https://github.com/litiande03/epg/raw/refs/heads/master/pl.xml.gz
[2026-03-15] 频道: 靖天映画 | 数据源: https://github.com/litiande03/epg/raw/refs/heads/master/pl.xml.gz
[2026-03-16] 频道: 靖天映画 | 数据源: https://github.com/litiande03/epg/raw/refs/heads/master/pl.xml.gz
[2026-03-17] 频道: 靖天映画 | 数据源: https://github.com/litiande03/epg/raw/refs/heads/master/pl.xml.gz
[2026-03-14] 频道: 靖天电影台 | 数据源: https://github.com/litiande03/epg/raw/refs/heads/master/pl.xml.gz
[2026-03-15] 频道: 靖天电影台 | 数据源: https://github.com/litiande03/epg/raw/refs/heads/master/pl.xml.gz
[2026-03-16] 频道: 靖天电影台 | 数据源: https://github.com/litiande03/epg/raw/refs/heads/master/pl.xml.gz
[2026-03-17] 频道: 靖天电影台 | 数据源: https://github.com/litiande03/epg/raw/refs/heads/master/pl.xml.gz
[2026-03-08] 频道: 影迷数位电影台 | 数据源: https://epg.136605.xyz/9days.xml
[2026-03-09] 频道: 影迷数位电影台 | 数据源: https://epg.136605.xyz/9days.xml
[2026-03-10] 频道: 影迷数位电影台 | 数据源: https://epg.136605.xyz/9days.xml
[2026-03-11] 频道: 影迷数位电影台 | 数据源: https://epg.136605.xyz/9days.xml
[2026-03-12] 频道: 影迷数位电影台 | 数据源: https://epg.136605.xyz/9days.xml
[2026-03-13] 频道: 影迷数位电影台 | 数据源: https://github.com/litiande03/epg/raw/refs/heads/master/pl.xml.gz
[2026-03-14] 频道: 影迷数位电影台 | 数据源: https://github.com/litiande03/epg/raw/refs/heads/master/pl.xml.gz
[2026-03-15] 频道: 影迷数位电影台 | 数据源: https://github.com/litiande03/epg/raw/refs/heads/master/pl.xml.gz
[2026-03-16] 频道: 影迷数位电影台 | 数据源: https://github.com/litiande03/epg/raw/refs/heads/master/pl.xml.gz
[2026-03-17] 频道: 影迷数位电影台 | 数据源: https://github.com/litiande03/epg/raw/refs/heads/master/pl.xml.gz
[2026-03-14] 频道: amc电影台 | 数据源: https://github.com/litiande03/epg/raw/refs/heads/master/pl.xml.gz
[2026-03-15] 频道: amc电影台 | 数据源: https://github.com/litiande03/epg/raw/refs/heads/master/pl.xml.gz
[2026-03-16] 频道: amc电影台 | 数据源: https://github.com/litiande03/epg/raw/refs/heads/master/pl.xml.gz
[2026-03-17] 频道: amc电影台 | 数据源: https://github.com/litiande03/epg/raw/refs/heads/master/pl.xml.gz
[2026-03-14] 频道: CinemaWorld | 数据源: https://github.com/litiande03/epg/raw/refs/heads/master/pl.xml.gz
[2026-03-15] 频道: CinemaWorld | 数据源: https://github.com/litiande03/epg/raw/refs/heads/master/pl.xml.gz
[2026-03-16] 频道: CinemaWorld | 数据源: https://github.com/litiande03/epg/raw/refs/heads/master/pl.xml.gz
[2026-03-17] 频道: CinemaWorld | 数据源: https://github.com/litiande03/epg/raw/refs/heads/master/pl.xml.gz
[2026-03-14] 频道: My Cinema Europe HD 我的欧洲电影 | 数据源: https://github.com/litiande03/epg/raw/refs/heads/master/pl.xml.gz
[2026-03-15] 频道: My Cinema Europe HD 我的欧洲电影 | 数据源: https://github.com/litiande03/epg/raw/refs/heads/master/pl.xml.gz
[2026-03-16] 频道: My Cinema Europe HD 我的欧洲电影 | 数据源: https://github.com/litiande03/epg/raw/refs/heads/master/pl.xml.gz
[2026-03-17] 频道: My Cinema Europe HD 我的欧洲电影 | 数据源: https://github.com/litiande03/epg/raw/refs/heads/master/pl.xml.gz
[2026-03-14] 频道: 好消息 | 数据源: https://github.com/litiande03/epg/raw/refs/heads/master/pl.xml.gz
[2026-03-15] 频道: 好消息 | 数据源: https://github.com/litiande03/epg/raw/refs/heads/master/pl.xml.gz
[2026-03-16] 频道: 好消息 | 数据源: https://github.com/litiande03/epg/raw/refs/heads/master/pl.xml.gz
[2026-03-17] 频道: 好消息 | 数据源: https://github.com/litiande03/epg/raw/refs/heads/master/pl.xml.gz
[2026-03-14] 频道: 好消息2台 | 数据源: https://github.com/litiande03/epg/raw/refs/heads/master/pl.xml.gz
[2026-03-15] 频道: 好消息2台 | 数据源: https://github.com/litiande03/epg/raw/refs/heads/master/pl.xml.gz
[2026-03-16] 频道: 好消息2台 | 数据源: https://github.com/litiande03/epg/raw/refs/heads/master/pl.xml.gz
[2026-03-17] 频道: 好消息2台 | 数据源: https://github.com/litiande03/epg/raw/refs/heads/master/pl.xml.gz
[2026-03-14] 频道: 大爱二台 | 数据源: https://github.com/litiande03/epg/raw/refs/heads/master/pl.xml.gz
[2026-03-15] 频道: 大爱二台 | 数据源: https://github.com/litiande03/epg/raw/refs/heads/master/pl.xml.gz
[2026-03-16] 频道: 大爱二台 | 数据源: https://github.com/litiande03/epg/raw/refs/heads/master/pl.xml.gz
[2026-03-17] 频道: 大爱二台 | 数据源: https://github.com/litiande03/epg/raw/refs/heads/master/pl.xml.gz
[2026-03-14] 频道: 人间卫视 | 数据源: https://github.com/litiande03/epg/raw/refs/heads/master/pl.xml.gz
[2026-03-15] 频道: 人间卫视 | 数据源: https://github.com/litiande03/epg/raw/refs/heads/master/pl.xml.gz
[2026-03-16] 频道: 人间卫视 | 数据源: https://github.com/litiande03/epg/raw/refs/heads/master/pl.xml.gz
[2026-03-17] 频道: 人间卫视 | 数据源: https://github.com/litiande03/epg/raw/refs/heads/master/pl.xml.gz
[2026-03-08] 频道: NHK WORLD-JAPAN | 数据源: https://epg.136605.xyz/9days.xml
[2026-03-09] 频道: NHK WORLD-JAPAN | 数据源: https://epg.136605.xyz/9days.xml
[2026-03-10] 频道: NHK WORLD-JAPAN | 数据源: https://epg.136605.xyz/9days.xml
[2026-03-11] 频道: NHK WORLD-JAPAN | 数据源: https://epg.136605.xyz/9days.xml
[2026-03-12] 频道: NHK WORLD-JAPAN | 数据源: https://epg.136605.xyz/9days.xml
[2026-03-13] 频道: NHK WORLD-JAPAN | 数据源: https://epg.136605.xyz/9days.xml
[2026-03-14] 频道: NHK WORLD-JAPAN | 数据源: https://github.com/litiande03/epg/raw/refs/heads/master/pl.xml.gz
[2026-03-15] 频道: NHK WORLD-JAPAN | 数据源: https://github.com/litiande03/epg/raw/refs/heads/master/pl.xml.gz
[2026-03-16] 频道: NHK WORLD-JAPAN | 数据源: https://github.com/litiande03/epg/raw/refs/heads/master/pl.xml.gz
[2026-03-17] 频道: NHK WORLD-JAPAN | 数据源: https://github.com/litiande03/epg/raw/refs/heads/master/pl.xml.gz
[2026-03-08] 频道: CNBC Asia 财经台 | 数据源: https://epg.136605.xyz/9days.xml
[2026-03-09] 频道: CNBC Asia 财经台 | 数据源: https://epg.136605.xyz/9days.xml
[2026-03-10] 频道: CNBC Asia 财经台 | 数据源: https://epg.136605.xyz/9days.xml
[2026-03-11] 频道: CNBC Asia 财经台 | 数据源: https://epg.136605.xyz/9days.xml
[2026-03-12] 频道: CNBC Asia 财经台 | 数据源: https://epg.136605.xyz/9days.xml
[2026-03-13] 频道: CNBC Asia 财经台 | 数据源: https://epg.136605.xyz/9days.xml
[2026-03-14] 频道: CNBC Asia 财经台 | 数据源: https://epg.136605.xyz/9days.xml
[2026-03-15] 频道: CNBC Asia 财经台 | 数据源: https://github.com/litiande03/epg/raw/refs/heads/master/pl.xml.gz
[2026-03-16] 频道: CNBC Asia 财经台 | 数据源: https://github.com/litiande03/epg/raw/refs/heads/master/pl.xml.gz
[2026-03-17] 频道: CNBC Asia 财经台 | 数据源: https://github.com/litiande03/epg/raw/refs/heads/master/pl.xml.gz
[2026-03-08] 频道: DW德国之声 | 数据源: https://epg.136605.xyz/9days.xml
[2026-03-09] 频道: DW德国之声 | 数据源: https://epg.136605.xyz/9days.xml
[2026-03-10] 频道: DW德国之声 | 数据源: https://epg.136605.xyz/9days.xml
[2026-03-11] 频道: DW德国之声 | 数据源: https://epg.136605.xyz/9days.xml
[2026-03-12] 频道: DW德国之声 | 数据源: https://epg.136605.xyz/9days.xml
[2026-03-13] 频道: DW德国之声 | 数据源: https://epg.136605.xyz/9days.xml
[2026-03-14] 频道: DW德国之声 | 数据源: https://epg.136605.xyz/9days.xml
[2026-03-15] 频道: DW德国之声 | 数据源: https://github.com/litiande03/epg/raw/refs/heads/master/pl.xml.gz
[2026-03-16] 频道: DW德国之声 | 数据源: https://github.com/litiande03/epg/raw/refs/heads/master/pl.xml.gz
[2026-03-17] 频道: DW德国之声 | 数据源: https://github.com/litiande03/epg/raw/refs/heads/master/pl.xml.gz
[2026-03-14] 频道: 国会频道1 | 数据源: https://github.com/litiande03/epg/raw/refs/heads/master/pl.xml.gz
[2026-03-15] 频道: 国会频道1 | 数据源: https://github.com/litiande03/epg/raw/refs/heads/master/pl.xml.gz
[2026-03-16] 频道: 国会频道1 | 数据源: https://github.com/litiande03/epg/raw/refs/heads/master/pl.xml.gz
[2026-03-17] 频道: 国会频道1 | 数据源: https://github.com/litiande03/epg/raw/refs/heads/master/pl.xml.gz
[2026-03-14] 频道: 国会频道2 | 数据源: https://github.com/litiande03/epg/raw/refs/heads/master/pl.xml.gz
[2026-03-15] 频道: 国会频道2 | 数据源: https://github.com/litiande03/epg/raw/refs/heads/master/pl.xml.gz
[2026-03-16] 频道: 国会频道2 | 数据源: https://github.com/litiande03/epg/raw/refs/heads/master/pl.xml.gz
[2026-03-17] 频道: 国会频道2 | 数据源: https://github.com/litiande03/epg/raw/refs/heads/master/pl.xml.gz
[2026-03-08] 频道: 经典电影台 | 数据源: https://epg.136605.xyz/9days.xml
[2026-03-09] 频道: 经典电影台 | 数据源: https://epg.136605.xyz/9days.xml
[2026-03-10] 频道: 经典电影台 | 数据源: https://epg.136605.xyz/9days.xml
[2026-03-11] 频道: 经典电影台 | 数据源: https://epg.136605.xyz/9days.xml
[2026-03-12] 频道: 经典电影台 | 数据源: https://epg.136605.xyz/9days.xml
[2026-03-13] 频道: 经典电影台 | 数据源: https://epg.136605.xyz/9days.xml
[2026-03-14] 频道: 经典电影台 | 数据源: https://epg.136605.xyz/9days.xml
[2026-03-15] 频道: 经典电影台 | 数据源: https://github.com/litiande03/epg/raw/refs/heads/master/pl.xml.gz
[2026-03-16] 频道: 经典电影台 | 数据源: https://github.com/litiande03/epg/raw/refs/heads/master/pl.xml.gz
[2026-03-17] 频道: 经典电影台 | 数据源: https://github.com/litiande03/epg/raw/refs/heads/master/pl.xml.gz
[2026-03-08] 频道: 经典卡通台 | 数据源: https://epg.136605.xyz/9days.xml
[2026-03-09] 频道: 经典卡通台 | 数据源: https://epg.136605.xyz/9days.xml
[2026-03-10] 频道: 经典卡通台 | 数据源: https://epg.136605.xyz/9days.xml
[2026-03-11] 频道: 经典卡通台 | 数据源: https://epg.136605.xyz/9days.xml
[2026-03-12] 频道: 经典卡通台 | 数据源: https://epg.136605.xyz/9days.xml
[2026-03-13] 频道: 经典卡通台 | 数据源: https://epg.136605.xyz/9days.xml
[2026-03-14] 频道: 经典卡通台 | 数据源: https://epg.136605.xyz/9days.xml
[2026-03-15] 频道: 经典卡通台 | 数据源: https://github.com/litiande03/epg/raw/refs/heads/master/pl.xml.gz
[2026-03-16] 频道: 经典卡通台 | 数据源: https://github.com/litiande03/epg/raw/refs/heads/master/pl.xml.gz
[2026-03-17] 频道: 经典卡通台 | 数据源: https://github.com/litiande03/epg/raw/refs/heads/master/pl.xml.gz
[2026-03-14] 频道: 精选动漫台 | 数据源: https://github.com/litiande03/epg/raw/refs/heads/master/pl.xml.gz
[2026-03-15] 频道: 精选动漫台 | 数据源: https://github.com/litiande03/epg/raw/refs/heads/master/pl.xml.gz
[2026-03-16] 频道: 精选动漫台 | 数据源: https://github.com/litiande03/epg/raw/refs/heads/master/pl.xml.gz
[2026-03-17] 频道: 精选动漫台 | 数据源: https://github.com/litiande03/epg/raw/refs/heads/master/pl.xml.gz
[2026-03-13] 频道: HakkaTV | 数据源: https://github.com/litiande03/epg/raw/refs/heads/master/pl.xml.gz
[2026-03-14] 频道: HakkaTV | 数据源: https://github.com/litiande03/epg/raw/refs/heads/master/pl.xml.gz
[2026-03-15] 频道: HakkaTV | 数据源: https://github.com/litiande03/epg/raw/refs/heads/master/pl.xml.gz
[2026-03-16] 频道: HakkaTV | 数据源: https://github.com/litiande03/epg/raw/refs/heads/master/pl.xml.gz
[2026-03-13] 频道: 东森财经新闻 | 数据源: https://github.com/litiande03/epg/raw/refs/heads/master/pl.xml.gz
[2026-03-14] 频道: 东森财经新闻 | 数据源: https://github.com/litiande03/epg/raw/refs/heads/master/pl.xml.gz
[2026-03-15] 频道: 东森财经新闻 | 数据源: https://github.com/litiande03/epg/raw/refs/heads/master/pl.xml.gz
[2026-03-16] 频道: 东森财经新闻 | 数据源: https://github.com/litiande03/epg/raw/refs/heads/master/pl.xml.gz
[2026-03-13] 频道: 非凡新闻台 | 数据源: https://github.com/litiande03/epg/raw/refs/heads/master/pl.xml.gz
[2026-03-14] 频道: 非凡新闻台 | 数据源: https://github.com/litiande03/epg/raw/refs/heads/master/pl.xml.gz
[2026-03-15] 频道: 非凡新闻台 | 数据源: https://github.com/litiande03/epg/raw/refs/heads/master/pl.xml.gz
[2026-03-16] 频道: 非凡新闻台 | 数据源: https://github.com/litiande03/epg/raw/refs/heads/master/pl.xml.gz
[2026-03-13] 频道: GOOD TV | 数据源: https://github.com/litiande03/epg/raw/refs/heads/master/pl.xml.gz
[2026-03-14] 频道: GOOD TV | 数据源: https://github.com/litiande03/epg/raw/refs/heads/master/pl.xml.gz
[2026-03-15] 频道: GOOD TV | 数据源: https://github.com/litiande03/epg/raw/refs/heads/master/pl.xml.gz
[2026-03-16] 频道: GOOD TV | 数据源: https://github.com/litiande03/epg/raw/refs/heads/master/pl.xml.gz
[2026-03-13] 频道: 非凡商业台 | 数据源: https://github.com/litiande03/epg/raw/refs/heads/master/pl.xml.gz
[2026-03-14] 频道: 非凡商业台 | 数据源: https://github.com/litiande03/epg/raw/refs/heads/master/pl.xml.gz
[2026-03-15] 频道: 非凡商业台 | 数据源: https://github.com/litiande03/epg/raw/refs/heads/master/pl.xml.gz
[2026-03-16] 频道: 非凡商业台 | 数据源: https://github.com/litiande03/epg/raw/refs/heads/master/pl.xml.gz
[2026-03-13] 频道: 寰宇财经台 | 数据源: https://github.com/litiande03/epg/raw/refs/heads/master/pl.xml.gz
[2026-03-14] 频道: 寰宇财经台 | 数据源: https://github.com/litiande03/epg/raw/refs/heads/master/pl.xml.gz
[2026-03-15] 频道: 寰宇财经台 | 数据源: https://github.com/litiande03/epg/raw/refs/heads/master/pl.xml.gz
[2026-03-16] 频道: 寰宇财经台 | 数据源: https://github.com/litiande03/epg/raw/refs/heads/master/pl.xml.gz
[2026-03-13] 频道: 东森购物1台 | 数据源: https://github.com/litiande03/epg/raw/refs/heads/master/pl.xml.gz
[2026-03-14] 频道: 东森购物1台 | 数据源: https://github.com/litiande03/epg/raw/refs/heads/master/pl.xml.gz
[2026-03-15] 频道: 东森购物1台 | 数据源: https://github.com/litiande03/epg/raw/refs/heads/master/pl.xml.gz
[2026-03-16] 频道: 东森购物1台 | 数据源: https://github.com/litiande03/epg/raw/refs/heads/master/pl.xml.gz
[2026-03-13] 频道: 东森购物2台 | 数据源: https://github.com/litiande03/epg/raw/refs/heads/master/pl.xml.gz
[2026-03-14] 频道: 东森购物2台 | 数据源: https://github.com/litiande03/epg/raw/refs/heads/master/pl.xml.gz
[2026-03-15] 频道: 东森购物2台 | 数据源: https://github.com/litiande03/epg/raw/refs/heads/master/pl.xml.gz
[2026-03-16] 频道: 东森购物2台 | 数据源: https://github.com/litiande03/epg/raw/refs/heads/master/pl.xml.gz
[2026-03-13] 频道: 台视财经台 | 数据源: https://github.com/litiande03/epg/raw/refs/heads/master/pl.xml.gz
[2026-03-14] 频道: 台视财经台 | 数据源: https://github.com/litiande03/epg/raw/refs/heads/master/pl.xml.gz
[2026-03-15] 频道: 台视财经台 | 数据源: https://github.com/litiande03/epg/raw/refs/heads/master/pl.xml.gz
[2026-03-16] 频道: 台视财经台 | 数据源: https://github.com/litiande03/epg/raw/refs/heads/master/pl.xml.gz
[2026-03-13] 频道: CLASSICA | 数据源: https://github.com/litiande03/epg/raw/refs/heads/master/pl.xml.gz
[2026-03-14] 频道: CLASSICA | 数据源: https://github.com/litiande03/epg/raw/refs/heads/master/pl.xml.gz
[2026-03-15] 频道: CLASSICA | 数据源: https://github.com/litiande03/epg/raw/refs/heads/master/pl.xml.gz
[2026-03-16] 频道: CLASSICA | 数据源: https://github.com/litiande03/epg/raw/refs/heads/master/pl.xml.gz
[2026-03-17] 频道: CLASSICA | 数据源: https://github.com/litiande03/epg/raw/refs/heads/master/pl.xml.gz
[2026-03-13] 频道: 博斯魅力网 | 数据源: https://github.com/litiande03/epg/raw/refs/heads/master/pl.xml.gz
[2026-03-14] 频道: 博斯魅力网 | 数据源: https://github.com/litiande03/epg/raw/refs/heads/master/pl.xml.gz
[2026-03-15] 频道: 博斯魅力网 | 数据源: https://github.com/litiande03/epg/raw/refs/heads/master/pl.xml.gz
[2026-03-16] 频道: 博斯魅力网 | 数据源: https://github.com/litiande03/epg/raw/refs/heads/master/pl.xml.gz
[2026-03-17] 频道: 博斯魅力网 | 数据源: https://github.com/litiande03/epg/raw/refs/heads/master/pl.xml.gz
[2026-03-13] 频道: GOOD TV 2台 | 数据源: https://github.com/litiande03/epg/raw/refs/heads/master/pl.xml.gz
[2026-03-14] 频道: GOOD TV 2台 | 数据源: https://github.com/litiande03/epg/raw/refs/heads/master/pl.xml.gz
[2026-03-15] 频道: GOOD TV 2台 | 数据源: https://github.com/litiande03/epg/raw/refs/heads/master/pl.xml.gz
[2026-03-16] 频道: GOOD TV 2台 | 数据源: https://github.com/litiande03/epg/raw/refs/heads/master/pl.xml.gz
[2026-03-13] 频道: 博斯高球1台 | 数据源: https://github.com/litiande03/epg/raw/refs/heads/master/pl.xml.gz
[2026-03-14] 频道: 博斯高球1台 | 数据源: https://github.com/litiande03/epg/raw/refs/heads/master/pl.xml.gz
[2026-03-15] 频道: 博斯高球1台 | 数据源: https://github.com/litiande03/epg/raw/refs/heads/master/pl.xml.gz
[2026-03-16] 频道: 博斯高球1台 | 数据源: https://github.com/litiande03/epg/raw/refs/heads/master/pl.xml.gz
[2026-03-17] 频道: 博斯高球1台 | 数据源: https://github.com/litiande03/epg/raw/refs/heads/master/pl.xml.gz
[2026-03-13] 频道: 博斯运动二台 | 数据源: https://github.com/litiande03/epg/raw/refs/heads/master/pl.xml.gz
[2026-03-14] 频道: 博斯运动二台 | 数据源: https://github.com/litiande03/epg/raw/refs/heads/master/pl.xml.gz
[2026-03-15] 频道: 博斯运动二台 | 数据源: https://github.com/litiande03/epg/raw/refs/heads/master/pl.xml.gz
[2026-03-16] 频道: 博斯运动二台 | 数据源: https://github.com/litiande03/epg/raw/refs/heads/master/pl.xml.gz
[2026-03-17] 频道: 博斯运动二台 | 数据源: https://github.com/litiande03/epg/raw/refs/heads/master/pl.xml.gz
[2026-03-13] 频道: SETiNEWS | 数据源: https://github.com/litiande03/epg/raw/refs/heads/master/pl.xml.gz
[2026-03-14] 频道: SETiNEWS | 数据源: https://github.com/litiande03/epg/raw/refs/heads/master/pl.xml.gz
[2026-03-15] 频道: SETiNEWS | 数据源: https://github.com/litiande03/epg/raw/refs/heads/master/pl.xml.gz
[2026-03-16] 频道: SETiNEWS | 数据源: https://github.com/litiande03/epg/raw/refs/heads/master/pl.xml.gz
[2026-03-13] 频道: 台视新闻台 | 数据源: https://github.com/litiande03/epg/raw/refs/heads/master/pl.xml.gz
[2026-03-14] 频道: 台视新闻台 | 数据源: https://github.com/litiande03/epg/raw/refs/heads/master/pl.xml.gz
[2026-03-15] 频道: 台视新闻台 | 数据源: https://github.com/litiande03/epg/raw/refs/heads/master/pl.xml.gz
[2026-03-16] 频道: 台视新闻台 | 数据源: https://github.com/litiande03/epg/raw/refs/heads/master/pl.xml.gz
[2026-03-13] 频道: DaVinCi | 数据源: https://github.com/litiande03/epg/raw/refs/heads/master/pl.xml.gz
[2026-03-14] 频道: DaVinCi | 数据源: https://github.com/litiande03/epg/raw/refs/heads/master/pl.xml.gz
[2026-03-15] 频道: DaVinCi | 数据源: https://github.com/litiande03/epg/raw/refs/heads/master/pl.xml.gz
[2026-03-16] 频道: DaVinCi | 数据源: https://github.com/litiande03/epg/raw/refs/heads/master/pl.xml.gz
[2026-03-13] 频道: KMTV HD | 数据源: https://github.com/litiande03/epg/raw/refs/heads/master/pl.xml.gz
[2026-03-14] 频道: KMTV HD | 数据源: https://github.com/litiande03/epg/raw/refs/heads/master/pl.xml.gz
[2026-03-15] 频道: KMTV HD | 数据源: https://github.com/litiande03/epg/raw/refs/heads/master/pl.xml.gz
[2026-03-16] 频道: KMTV HD | 数据源: https://github.com/litiande03/epg/raw/refs/heads/master/pl.xml.gz
[2026-03-13] 频道: 博斯高球2台 | 数据源: https://github.com/litiande03/epg/raw/refs/heads/master/pl.xml.gz
[2026-03-14] 频道: 博斯高球2台 | 数据源: https://github.com/litiande03/epg/raw/refs/heads/master/pl.xml.gz
[2026-03-15] 频道: 博斯高球2台 | 数据源: https://github.com/litiande03/epg/raw/refs/heads/master/pl.xml.gz
[2026-03-16] 频道: 博斯高球2台 | 数据源: https://github.com/litiande03/epg/raw/refs/heads/master/pl.xml.gz
[2026-03-13] 频道: EDGE sport | 数据源: https://github.com/litiande03/epg/raw/refs/heads/master/pl.xml.gz
[2026-03-14] 频道: EDGE sport | 数据源: https://github.com/litiande03/epg/raw/refs/heads/master/pl.xml.gz
[2026-03-15] 频道: EDGE sport | 数据源: https://github.com/litiande03/epg/raw/refs/heads/master/pl.xml.gz
[2026-03-16] 频道: EDGE sport | 数据源: https://github.com/litiande03/epg/raw/refs/heads/master/pl.xml.gz
[2026-03-13] 频道: 龙华卡通台 | 数据源: https://github.com/litiande03/epg/raw/refs/heads/master/pl.xml.gz
[2026-03-14] 频道: 龙华卡通台 | 数据源: https://github.com/litiande03/epg/raw/refs/heads/master/pl.xml.gz
[2026-03-15] 频道: 龙华卡通台 | 数据源: https://github.com/litiande03/epg/raw/refs/heads/master/pl.xml.gz
[2026-03-16] 频道: 龙华卡通台 | 数据源: https://github.com/litiande03/epg/raw/refs/heads/master/pl.xml.gz
[2026-03-13] 频道: 龙华戏剧台 | 数据源: https://github.com/litiande03/epg/raw/refs/heads/master/pl.xml.gz
[2026-03-14] 频道: 龙华戏剧台 | 数据源: https://github.com/litiande03/epg/raw/refs/heads/master/pl.xml.gz
[2026-03-15] 频道: 龙华戏剧台 | 数据源: https://github.com/litiande03/epg/raw/refs/heads/master/pl.xml.gz
[2026-03-16] 频道: 龙华戏剧台 | 数据源: https://github.com/litiande03/epg/raw/refs/heads/master/pl.xml.gz
[2026-03-13] 频道: 寰宇新闻一台 | 数据源: https://github.com/litiande03/epg/raw/refs/heads/master/pl.xml.gz
[2026-03-14] 频道: 寰宇新闻一台 | 数据源: https://github.com/litiande03/epg/raw/refs/heads/master/pl.xml.gz
[2026-03-15] 频道: 寰宇新闻一台 | 数据源: https://github.com/litiande03/epg/raw/refs/heads/master/pl.xml.gz
[2026-03-16] 频道: 寰宇新闻一台 | 数据源: https://github.com/litiande03/epg/raw/refs/heads/master/pl.xml.gz
[2026-03-17] 频道: 寰宇新闻一台 | 数据源: https://github.com/litiande03/epg/raw/refs/heads/master/pl.xml.gz
[2026-03-13] 频道: 靖天资讯 | 数据源: https://github.com/litiande03/epg/raw/refs/heads/master/pl.xml.gz
[2026-03-14] 频道: 靖天资讯 | 数据源: https://github.com/litiande03/epg/raw/refs/heads/master/pl.xml.gz
[2026-03-15] 频道: 靖天资讯 | 数据源: https://github.com/litiande03/epg/raw/refs/heads/master/pl.xml.gz
[2026-03-16] 频道: 靖天资讯 | 数据源: https://github.com/litiande03/epg/raw/refs/heads/master/pl.xml.gz
[2026-03-13] 频道: FTV戏剧 | 数据源: https://github.com/litiande03/epg/raw/refs/heads/master/pl.xml.gz
[2026-03-14] 频道: FTV戏剧 | 数据源: https://github.com/litiande03/epg/raw/refs/heads/master/pl.xml.gz
[2026-03-15] 频道: FTV戏剧 | 数据源: https://github.com/litiande03/epg/raw/refs/heads/master/pl.xml.gz
[2026-03-16] 频道: FTV戏剧 | 数据源: https://github.com/litiande03/epg/raw/refs/heads/master/pl.xml.gz
[2026-03-17] 频道: FTV戏剧 | 数据源: https://github.com/litiande03/epg/raw/refs/heads/master/pl.xml.gz
[2026-03-13] 频道: FTV旅游 | 数据源: https://github.com/litiande03/epg/raw/refs/heads/master/pl.xml.gz
[2026-03-14] 频道: FTV旅游 | 数据源: https://github.com/litiande03/epg/raw/refs/heads/master/pl.xml.gz
[2026-03-15] 频道: FTV旅游 | 数据源: https://github.com/litiande03/epg/raw/refs/heads/master/pl.xml.gz
[2026-03-16] 频道: FTV旅游 | 数据源: https://github.com/litiande03/epg/raw/refs/heads/master/pl.xml.gz
[2026-03-17] 频道: FTV旅游 | 数据源: https://github.com/litiande03/epg/raw/refs/heads/master/pl.xml.gz
[2026-03-13] 频道: FTV综艺 | 数据源: https://github.com/litiande03/epg/raw/refs/heads/master/pl.xml.gz
[2026-03-14] 频道: FTV综艺 | 数据源: https://github.com/litiande03/epg/raw/refs/heads/master/pl.xml.gz
[2026-03-15] 频道: FTV综艺 | 数据源: https://github.com/litiande03/epg/raw/refs/heads/master/pl.xml.gz
[2026-03-16] 频道: FTV综艺 | 数据源: https://github.com/litiande03/epg/raw/refs/heads/master/pl.xml.gz
[2026-03-17] 频道: FTV综艺 | 数据源: https://github.com/litiande03/epg/raw/refs/heads/master/pl.xml.gz
[2026-03-13] 频道: 龙华偶像台 | 数据源: https://github.com/litiande03/epg/raw/refs/heads/master/pl.xml.gz
[2026-03-14] 频道: 龙华偶像台 | 数据源: https://github.com/litiande03/epg/raw/refs/heads/master/pl.xml.gz
[2026-03-15] 频道: 龙华偶像台 | 数据源: https://github.com/litiande03/epg/raw/refs/heads/master/pl.xml.gz
[2026-03-16] 频道: 龙华偶像台 | 数据源: https://github.com/litiande03/epg/raw/refs/heads/master/pl.xml.gz
[2026-03-13] 频道: 龙华日韩台 | 数据源: https://github.com/litiande03/epg/raw/refs/heads/master/pl.xml.gz
[2026-03-14] 频道: 龙华日韩台 | 数据源: https://github.com/litiande03/epg/raw/refs/heads/master/pl.xml.gz
[2026-03-15] 频道: 龙华日韩台 | 数据源: https://github.com/litiande03/epg/raw/refs/heads/master/pl.xml.gz
[2026-03-16] 频道: 龙华日韩台 | 数据源: https://github.com/litiande03/epg/raw/refs/heads/master/pl.xml.gz
[2026-03-13] 频道: CNEX Doc | 数据源: https://github.com/litiande03/epg/raw/refs/heads/master/pl.xml.gz
[2026-03-14] 频道: CNEX Doc | 数据源: https://github.com/litiande03/epg/raw/refs/heads/master/pl.xml.gz
[2026-03-15] 频道: CNEX Doc | 数据源: https://github.com/litiande03/epg/raw/refs/heads/master/pl.xml.gz
[2026-03-16] 频道: CNEX Doc | 数据源: https://github.com/litiande03/epg/raw/refs/heads/master/pl.xml.gz
[2026-03-17] 频道: CNEX Doc | 数据源: https://github.com/litiande03/epg/raw/refs/heads/master/pl.xml.gz
[2026-03-13] 频道: 靖天映画台 | 数据源: https://github.com/litiande03/epg/raw/refs/heads/master/pl.xml.gz
[2026-03-14] 频道: 靖天映画台 | 数据源: https://github.com/litiande03/epg/raw/refs/heads/master/pl.xml.gz
[2026-03-15] 频道: 靖天映画台 | 数据源: https://github.com/litiande03/epg/raw/refs/heads/master/pl.xml.gz
[2026-03-16] 频道: 靖天映画台 | 数据源: https://github.com/litiande03/epg/raw/refs/heads/master/pl.xml.gz
[2026-03-17] 频道: 靖天映画台 | 数据源: https://github.com/litiande03/epg/raw/refs/heads/master/pl.xml.gz
[2026-03-13] 频道: Nice Bingo | 数据源: https://github.com/litiande03/epg/raw/refs/heads/master/pl.xml.gz
[2026-03-14] 频道: Nice Bingo | 数据源: https://github.com/litiande03/epg/raw/refs/heads/master/pl.xml.gz
[2026-03-15] 频道: Nice Bingo | 数据源: https://github.com/litiande03/epg/raw/refs/heads/master/pl.xml.gz
[2026-03-16] 频道: Nice Bingo | 数据源: https://github.com/litiande03/epg/raw/refs/heads/master/pl.xml.gz
[2026-03-13] 频道: 靖天戏剧 | 数据源: https://github.com/litiande03/epg/raw/refs/heads/master/pl.xml.gz
[2026-03-14] 频道: 靖天戏剧 | 数据源: https://github.com/litiande03/epg/raw/refs/heads/master/pl.xml.gz
[2026-03-15] 频道: 靖天戏剧 | 数据源: https://github.com/litiande03/epg/raw/refs/heads/master/pl.xml.gz
[2026-03-16] 频道: 靖天戏剧 | 数据源: https://github.com/litiande03/epg/raw/refs/heads/master/pl.xml.gz
[2026-03-13] 频道: 靖天电影 | 数据源: https://github.com/litiande03/epg/raw/refs/heads/master/pl.xml.gz
[2026-03-14] 频道: 靖天电影 | 数据源: https://github.com/litiande03/epg/raw/refs/heads/master/pl.xml.gz
[2026-03-15] 频道: 靖天电影 | 数据源: https://github.com/litiande03/epg/raw/refs/heads/master/pl.xml.gz
[2026-03-16] 频道: 靖天电影 | 数据源: https://github.com/litiande03/epg/raw/refs/heads/master/pl.xml.gz
[2026-03-17] 频道: 靖天电影 | 数据源: https://github.com/litiande03/epg/raw/refs/heads/master/pl.xml.gz
[2026-03-13] 频道: 靖天育乐 | 数据源: https://github.com/litiande03/epg/raw/refs/heads/master/pl.xml.gz
[2026-03-14] 频道: 靖天育乐 | 数据源: https://github.com/litiande03/epg/raw/refs/heads/master/pl.xml.gz
[2026-03-15] 频道: 靖天育乐 | 数据源: https://github.com/litiande03/epg/raw/refs/heads/master/pl.xml.gz
[2026-03-16] 频道: 靖天育乐 | 数据源: https://github.com/litiande03/epg/raw/refs/heads/master/pl.xml.gz
[2026-03-08] 频道: 中天亚洲台 | 数据源: https://epg.136605.xyz/9days.xml
[2026-03-09] 频道: 中天亚洲台 | 数据源: https://epg.136605.xyz/9days.xml
[2026-03-10] 频道: 中天亚洲台 | 数据源: https://epg.136605.xyz/9days.xml
[2026-03-11] 频道: 中天亚洲台 | 数据源: https://epg.136605.xyz/9days.xml
[2026-03-12] 频道: 中天亚洲台 | 数据源: https://epg.136605.xyz/9days.xml
[2026-03-13] 频道: 中天亚洲台 | 数据源: https://epg.136605.xyz/9days.xml
[2026-03-14] 频道: 中天亚洲台 | 数据源: https://github.com/litiande03/epg/raw/refs/heads/master/pl.xml.gz
[2026-03-15] 频道: 中天亚洲台 | 数据源: https://github.com/litiande03/epg/raw/refs/heads/master/pl.xml.gz
[2026-03-16] 频道: 中天亚洲台 | 数据源: https://github.com/litiande03/epg/raw/refs/heads/master/pl.xml.gz
[2026-03-13] 频道: 采昌影剧 | 数据源: https://github.com/litiande03/epg/raw/refs/heads/master/pl.xml.gz
[2026-03-14] 频道: 采昌影剧 | 数据源: https://github.com/litiande03/epg/raw/refs/heads/master/pl.xml.gz
[2026-03-15] 频道: 采昌影剧 | 数据源: https://github.com/litiande03/epg/raw/refs/heads/master/pl.xml.gz
[2026-03-16] 频道: 采昌影剧 | 数据源: https://github.com/litiande03/epg/raw/refs/heads/master/pl.xml.gz
[2026-03-17] 频道: 采昌影剧 | 数据源: https://github.com/litiande03/epg/raw/refs/heads/master/pl.xml.gz
[2026-03-13] 频道: 爱尔达娱乐 | 数据源: https://github.com/litiande03/epg/raw/refs/heads/master/pl.xml.gz
[2026-03-14] 频道: 爱尔达娱乐 | 数据源: https://github.com/litiande03/epg/raw/refs/heads/master/pl.xml.gz
[2026-03-15] 频道: 爱尔达娱乐 | 数据源: https://github.com/litiande03/epg/raw/refs/heads/master/pl.xml.gz
[2026-03-16] 频道: 爱尔达娱乐 | 数据源: https://github.com/litiande03/epg/raw/refs/heads/master/pl.xml.gz
[2026-03-13] 频道: Nice TV | 数据源: https://github.com/litiande03/epg/raw/refs/heads/master/pl.xml.gz
[2026-03-14] 频道: Nice TV | 数据源: https://github.com/litiande03/epg/raw/refs/heads/master/pl.xml.gz
[2026-03-15] 频道: Nice TV | 数据源: https://github.com/litiande03/epg/raw/refs/heads/master/pl.xml.gz
[2026-03-16] 频道: Nice TV | 数据源: https://github.com/litiande03/epg/raw/refs/heads/master/pl.xml.gz
[2026-03-13] 频道: 靖天国际台 | 数据源: https://github.com/litiande03/epg/raw/refs/heads/master/pl.xml.gz
[2026-03-14] 频道: 靖天国际台 | 数据源: https://github.com/litiande03/epg/raw/refs/heads/master/pl.xml.gz
[2026-03-15] 频道: 靖天国际台 | 数据源: https://github.com/litiande03/epg/raw/refs/heads/master/pl.xml.gz
[2026-03-16] 频道: 靖天国际台 | 数据源: https://github.com/litiande03/epg/raw/refs/heads/master/pl.xml.gz
[2026-03-13] 频道: TRACEUrban | 数据源: https://github.com/litiande03/epg/raw/refs/heads/master/pl.xml.gz
[2026-03-14] 频道: TRACEUrban | 数据源: https://github.com/litiande03/epg/raw/refs/heads/master/pl.xml.gz
[2026-03-15] 频道: TRACEUrban | 数据源: https://github.com/litiande03/epg/raw/refs/heads/master/pl.xml.gz
[2026-03-16] 频道: TRACEUrban | 数据源: https://github.com/litiande03/epg/raw/refs/heads/master/pl.xml.gz
[2026-03-17] 频道: TRACEUrban | 数据源: https://github.com/litiande03/epg/raw/refs/heads/master/pl.xml.gz
[2026-03-13] 频道: Mezzo Live | 数据源: https://github.com/litiande03/epg/raw/refs/heads/master/pl.xml.gz
[2026-03-14] 频道: Mezzo Live | 数据源: https://github.com/litiande03/epg/raw/refs/heads/master/pl.xml.gz
[2026-03-15] 频道: Mezzo Live | 数据源: https://github.com/litiande03/epg/raw/refs/heads/master/pl.xml.gz
[2026-03-16] 频道: Mezzo Live | 数据源: https://github.com/litiande03/epg/raw/refs/heads/master/pl.xml.gz
[2026-03-13] 频道: TRACEsport | 数据源: https://github.com/litiande03/epg/raw/refs/heads/master/pl.xml.gz
[2026-03-14] 频道: TRACEsport | 数据源: https://github.com/litiande03/epg/raw/refs/heads/master/pl.xml.gz
[2026-03-15] 频道: TRACEsport | 数据源: https://github.com/litiande03/epg/raw/refs/heads/master/pl.xml.gz
[2026-03-16] 频道: TRACEsport | 数据源: https://github.com/litiande03/epg/raw/refs/heads/master/pl.xml.gz
[2026-03-13] 频道: LiTV民视 | 数据源: https://github.com/litiande03/epg/raw/refs/heads/master/pl.xml.gz
[2026-03-14] 频道: LiTV民视 | 数据源: https://github.com/litiande03/epg/raw/refs/heads/master/pl.xml.gz
[2026-03-15] 频道: LiTV民视 | 数据源: https://github.com/litiande03/epg/raw/refs/heads/master/pl.xml.gz
[2026-03-16] 频道: LiTV民视 | 数据源: https://github.com/litiande03/epg/raw/refs/heads/master/pl.xml.gz
[2026-03-17] 频道: LiTV民视 | 数据源: https://github.com/litiande03/epg/raw/refs/heads/master/pl.xml.gz
[2026-03-13] 频道: LiTV 民视台湾台 | 数据源: https://github.com/litiande03/epg/raw/refs/heads/master/pl.xml.gz
[2026-03-14] 频道: LiTV 民视台湾台 | 数据源: https://github.com/litiande03/epg/raw/refs/heads/master/pl.xml.gz
[2026-03-15] 频道: LiTV 民视台湾台 | 数据源: https://github.com/litiande03/epg/raw/refs/heads/master/pl.xml.gz
[2026-03-16] 频道: LiTV 民视台湾台 | 数据源: https://github.com/litiande03/epg/raw/refs/heads/master/pl.xml.gz
[2026-03-13] 频道: LiTV 华视 | 数据源: https://github.com/litiande03/epg/raw/refs/heads/master/pl.xml.gz
[2026-03-14] 频道: LiTV 华视 | 数据源: https://github.com/litiande03/epg/raw/refs/heads/master/pl.xml.gz
[2026-03-15] 频道: LiTV 华视 | 数据源: https://github.com/litiande03/epg/raw/refs/heads/master/pl.xml.gz
[2026-03-16] 频道: LiTV 华视 | 数据源: https://github.com/litiande03/epg/raw/refs/heads/master/pl.xml.gz
[2026-03-13] 频道: LiTV华视新闻 | 数据源: https://github.com/litiande03/epg/raw/refs/heads/master/pl.xml.gz
[2026-03-14] 频道: LiTV华视新闻 | 数据源: https://github.com/litiande03/epg/raw/refs/heads/master/pl.xml.gz
[2026-03-15] 频道: LiTV华视新闻 | 数据源: https://github.com/litiande03/epg/raw/refs/heads/master/pl.xml.gz
[2026-03-16] 频道: LiTV华视新闻 | 数据源: https://github.com/litiande03/epg/raw/refs/heads/master/pl.xml.gz
[2026-03-17] 频道: LiTV华视新闻 | 数据源: https://github.com/litiande03/epg/raw/refs/heads/master/pl.xml.gz
[2026-03-13] 频道: 博斯无限2台 | 数据源: https://github.com/litiande03/epg/raw/refs/heads/master/pl.xml.gz
[2026-03-14] 频道: 博斯无限2台 | 数据源: https://github.com/litiande03/epg/raw/refs/heads/master/pl.xml.gz
[2026-03-15] 频道: 博斯无限2台 | 数据源: https://github.com/litiande03/epg/raw/refs/heads/master/pl.xml.gz
[2026-03-16] 频道: 博斯无限2台 | 数据源: https://github.com/litiande03/epg/raw/refs/heads/master/pl.xml.gz
[2026-03-13] 频道: LiTV中视 | 数据源: https://github.com/litiande03/epg/raw/refs/heads/master/pl.xml.gz
[2026-03-14] 频道: LiTV中视 | 数据源: https://github.com/litiande03/epg/raw/refs/heads/master/pl.xml.gz
[2026-03-15] 频道: LiTV中视 | 数据源: https://github.com/litiande03/epg/raw/refs/heads/master/pl.xml.gz
[2026-03-16] 频道: LiTV中视 | 数据源: https://github.com/litiande03/epg/raw/refs/heads/master/pl.xml.gz
[2026-03-13] 频道: LiTV民视第一台 | 数据源: https://github.com/litiande03/epg/raw/refs/heads/master/pl.xml.gz
[2026-03-14] 频道: LiTV民视第一台 | 数据源: https://github.com/litiande03/epg/raw/refs/heads/master/pl.xml.gz
[2026-03-15] 频道: LiTV民视第一台 | 数据源: https://github.com/litiande03/epg/raw/refs/heads/master/pl.xml.gz
[2026-03-16] 频道: LiTV民视第一台 | 数据源: https://github.com/litiande03/epg/raw/refs/heads/master/pl.xml.gz
[2026-03-13] 频道: LiTV台视 | 数据源: https://github.com/litiande03/epg/raw/refs/heads/master/pl.xml.gz
[2026-03-14] 频道: LiTV台视 | 数据源: https://github.com/litiande03/epg/raw/refs/heads/master/pl.xml.gz
[2026-03-15] 频道: LiTV台视 | 数据源: https://github.com/litiande03/epg/raw/refs/heads/master/pl.xml.gz
[2026-03-16] 频道: LiTV台视 | 数据源: https://github.com/litiande03/epg/raw/refs/heads/master/pl.xml.gz
[2026-03-13] 频道: 龙华电影台 | 数据源: https://github.com/litiande03/epg/raw/refs/heads/master/pl.xml.gz
[2026-03-14] 频道: 龙华电影台 | 数据源: https://github.com/litiande03/epg/raw/refs/heads/master/pl.xml.gz
[2026-03-15] 频道: 龙华电影台 | 数据源: https://github.com/litiande03/epg/raw/refs/heads/master/pl.xml.gz
[2026-03-16] 频道: 龙华电影台 | 数据源: https://github.com/litiande03/epg/raw/refs/heads/master/pl.xml.gz
[2026-03-17] 频道: 龙华电影台 | 数据源: https://github.com/litiande03/epg/raw/refs/heads/master/pl.xml.gz
[2026-03-13] 频道: ELTV英语学习台 | 数据源: https://github.com/litiande03/epg/raw/refs/heads/master/pl.xml.gz
[2026-03-14] 频道: ELTV英语学习台 | 数据源: https://github.com/litiande03/epg/raw/refs/heads/master/pl.xml.gz
[2026-03-15] 频道: ELTV英语学习台 | 数据源: https://github.com/litiande03/epg/raw/refs/heads/master/pl.xml.gz
[2026-03-16] 频道: ELTV英语学习台 | 数据源: https://github.com/litiande03/epg/raw/refs/heads/master/pl.xml.gz
[2026-03-13] 频道: 国会频道1台 | 数据源: https://github.com/litiande03/epg/raw/refs/heads/master/pl.xml.gz
[2026-03-14] 频道: 国会频道1台 | 数据源: https://github.com/litiande03/epg/raw/refs/heads/master/pl.xml.gz
[2026-03-15] 频道: 国会频道1台 | 数据源: https://github.com/litiande03/epg/raw/refs/heads/master/pl.xml.gz
[2026-03-16] 频道: 国会频道1台 | 数据源: https://github.com/litiande03/epg/raw/refs/heads/master/pl.xml.gz
[2026-03-13] 频道: 国会频道2台 | 数据源: https://github.com/litiande03/epg/raw/refs/heads/master/pl.xml.gz
[2026-03-14] 频道: 国会频道2台 | 数据源: https://github.com/litiande03/epg/raw/refs/heads/master/pl.xml.gz
[2026-03-15] 频道: 国会频道2台 | 数据源: https://github.com/litiande03/epg/raw/refs/heads/master/pl.xml.gz
[2026-03-16] 频道: 国会频道2台 | 数据源: https://github.com/litiande03/epg/raw/refs/heads/master/pl.xml.gz
[2026-03-13] 频道: 第1商业 | 数据源: https://github.com/litiande03/epg/raw/refs/heads/master/pl.xml.gz
[2026-03-14] 频道: 第1商业 | 数据源: https://github.com/litiande03/epg/raw/refs/heads/master/pl.xml.gz
[2026-03-15] 频道: 第1商业 | 数据源: https://github.com/litiande03/epg/raw/refs/heads/master/pl.xml.gz
[2026-03-16] 频道: 第1商业 | 数据源: https://github.com/litiande03/epg/raw/refs/heads/master/pl.xml.gz
[2026-03-13] 频道: 龙华经典台 | 数据源: https://github.com/litiande03/epg/raw/refs/heads/master/pl.xml.gz
[2026-03-14] 频道: 龙华经典台 | 数据源: https://github.com/litiande03/epg/raw/refs/heads/master/pl.xml.gz
[2026-03-15] 频道: 龙华经典台 | 数据源: https://github.com/litiande03/epg/raw/refs/heads/master/pl.xml.gz
[2026-03-16] 频道: 龙华经典台 | 数据源: https://github.com/litiande03/epg/raw/refs/heads/master/pl.xml.gz
[2026-03-17] 频道: 龙华经典台 | 数据源: https://github.com/litiande03/epg/raw/refs/heads/master/pl.xml.gz
[2026-03-13] 频道: GINX | 数据源: https://github.com/litiande03/epg/raw/refs/heads/master/pl.xml.gz
[2026-03-14] 频道: GINX | 数据源: https://github.com/litiande03/epg/raw/refs/heads/master/pl.xml.gz
[2026-03-15] 频道: GINX | 数据源: https://github.com/litiande03/epg/raw/refs/heads/master/pl.xml.gz
[2026-03-16] 频道: GINX | 数据源: https://github.com/litiande03/epg/raw/refs/heads/master/pl.xml.gz
[2026-03-13] 频道: ARIRANG TV | 数据源: https://github.com/litiande03/epg/raw/refs/heads/master/pl.xml.gz
[2026-03-14] 频道: ARIRANG TV | 数据源: https://github.com/litiande03/epg/raw/refs/heads/master/pl.xml.gz
[2026-03-15] 频道: ARIRANG TV | 数据源: https://github.com/litiande03/epg/raw/refs/heads/master/pl.xml.gz
[2026-03-16] 频道: ARIRANG TV | 数据源: https://github.com/litiande03/epg/raw/refs/heads/master/pl.xml.gz
[2026-03-13] 频道: Smart知识台 | 数据源: https://github.com/litiande03/epg/raw/refs/heads/master/pl.xml.gz
[2026-03-14] 频道: Smart知识台 | 数据源: https://github.com/litiande03/epg/raw/refs/heads/master/pl.xml.gz
[2026-03-15] 频道: Smart知识台 | 数据源: https://github.com/litiande03/epg/raw/refs/heads/master/pl.xml.gz
[2026-03-16] 频道: Smart知识台 | 数据源: https://github.com/litiande03/epg/raw/refs/heads/master/pl.xml.gz
[2026-03-13] 频道: 台湾戏剧台 | 数据源: https://github.com/litiande03/epg/raw/refs/heads/master/pl.xml.gz
[2026-03-14] 频道: 台湾戏剧台 | 数据源: https://github.com/litiande03/epg/raw/refs/heads/master/pl.xml.gz
[2026-03-15] 频道: 台湾戏剧台 | 数据源: https://github.com/litiande03/epg/raw/refs/heads/master/pl.xml.gz
[2026-03-16] 频道: 台湾戏剧台 | 数据源: https://github.com/litiande03/epg/raw/refs/heads/master/pl.xml.gz
[2026-03-13] 频道: 宠物频道 | 数据源: https://github.com/litiande03/epg/raw/refs/heads/master/pl.xml.gz
[2026-03-14] 频道: 宠物频道 | 数据源: https://github.com/litiande03/epg/raw/refs/heads/master/pl.xml.gz
[2026-03-15] 频道: 宠物频道 | 数据源: https://github.com/litiande03/epg/raw/refs/heads/master/pl.xml.gz
[2026-03-16] 频道: 宠物频道 | 数据源: https://github.com/litiande03/epg/raw/refs/heads/master/pl.xml.gz
[2026-03-13] 频道: Focus欢乐综合台 | 数据源: https://github.com/litiande03/epg/raw/refs/heads/master/pl.xml.gz
[2026-03-14] 频道: Focus欢乐综合台 | 数据源: https://github.com/litiande03/epg/raw/refs/heads/master/pl.xml.gz
[2026-03-15] 频道: Focus欢乐综合台 | 数据源: https://github.com/litiande03/epg/raw/refs/heads/master/pl.xml.gz
[2026-03-16] 频道: Focus欢乐综合台 | 数据源: https://github.com/litiande03/epg/raw/refs/heads/master/pl.xml.gz
[2026-03-13] 频道: Focus风采戏剧台 | 数据源: https://github.com/litiande03/epg/raw/refs/heads/master/pl.xml.gz
[2026-03-14] 频道: Focus风采戏剧台 | 数据源: https://github.com/litiande03/epg/raw/refs/heads/master/pl.xml.gz
[2026-03-15] 频道: Focus风采戏剧台 | 数据源: https://github.com/litiande03/epg/raw/refs/heads/master/pl.xml.gz
[2026-03-16] 频道: Focus风采戏剧台 | 数据源: https://github.com/litiande03/epg/raw/refs/heads/master/pl.xml.gz
[2026-03-13] 频道: 黄金八点档 | 数据源: https://github.com/litiande03/epg/raw/refs/heads/master/pl.xml.gz
[2026-03-14] 频道: 黄金八点档 | 数据源: https://github.com/litiande03/epg/raw/refs/heads/master/pl.xml.gz
[2026-03-15] 频道: 黄金八点档 | 数据源: https://github.com/litiande03/epg/raw/refs/heads/master/pl.xml.gz
[2026-03-16] 频道: 黄金八点档 | 数据源: https://github.com/litiande03/epg/raw/refs/heads/master/pl.xml.gz
[2026-03-13] 频道: 倪珍播新闻 | 数据源: https://github.com/litiande03/epg/raw/refs/heads/master/pl.xml.gz
[2026-03-14] 频道: 倪珍播新闻 | 数据源: https://github.com/litiande03/epg/raw/refs/heads/master/pl.xml.gz
[2026-03-15] 频道: 倪珍播新闻 | 数据源: https://github.com/litiande03/epg/raw/refs/heads/master/pl.xml.gz
[2026-03-16] 频道: 倪珍播新闻 | 数据源: https://github.com/litiande03/epg/raw/refs/heads/master/pl.xml.gz
[2026-03-13] 频道: 龙华洋片台 | 数据源: https://github.com/litiande03/epg/raw/refs/heads/master/pl.xml.gz
[2026-03-14] 频道: 龙华洋片台 | 数据源: https://github.com/litiande03/epg/raw/refs/heads/master/pl.xml.gz
[2026-03-15] 频道: 龙华洋片台 | 数据源: https://github.com/litiande03/epg/raw/refs/heads/master/pl.xml.gz
[2026-03-16] 频道: 龙华洋片台 | 数据源: https://github.com/litiande03/epg/raw/refs/heads/master/pl.xml.gz
[2026-03-17] 频道: 龙华洋片台 | 数据源: https://github.com/litiande03/epg/raw/refs/heads/master/pl.xml.gz
[2026-03-13] 频道: MCE 我的欧洲电影 | 数据源: https://github.com/litiande03/epg/raw/refs/heads/master/pl.xml.gz
[2026-03-14] 频道: MCE 我的欧洲电影 | 数据源: https://github.com/litiande03/epg/raw/refs/heads/master/pl.xml.gz
[2026-03-15] 频道: MCE 我的欧洲电影 | 数据源: https://github.com/litiande03/epg/raw/refs/heads/master/pl.xml.gz
[2026-03-16] 频道: MCE 我的欧洲电影 | 数据源: https://github.com/litiande03/epg/raw/refs/heads/master/pl.xml.gz
[2026-03-13] 频道: DayStar | 数据源: https://github.com/litiande03/epg/raw/refs/heads/master/pl.xml.gz
[2026-03-14] 频道: DayStar | 数据源: https://github.com/litiande03/epg/raw/refs/heads/master/pl.xml.gz
[2026-03-15] 频道: DayStar | 数据源: https://github.com/litiande03/epg/raw/refs/heads/master/pl.xml.gz
[2026-03-16] 频道: DayStar | 数据源: https://github.com/litiande03/epg/raw/refs/heads/master/pl.xml.gz
[2026-03-07] 频道: 68 | 数据源: https://github.com/zzzz0317/beijing-unicom-iptv-playlist/raw/refs/heads/main/epg.xml
[2026-03-08] 频道: 68 | 数据源: https://github.com/zzzz0317/beijing-unicom-iptv-playlist/raw/refs/heads/main/epg.xml
[2026-03-09] 频道: 68 | 数据源: https://epg.136605.xyz/9days.xml
[2026-03-10] 频道: 68 | 数据源: https://github.com/zzzz0317/beijing-unicom-iptv-playlist/raw/refs/heads/main/epg.xml
[2026-03-11] 频道: 68 | 数据源: https://github.com/zzzz0317/beijing-unicom-iptv-playlist/raw/refs/heads/main/epg.xml
[2026-03-12] 频道: 68 | 数据源: https://github.com/zzzz0317/beijing-unicom-iptv-playlist/raw/refs/heads/main/epg.xml
[2026-03-13] 频道: 68 | 数据源: https://github.com/zzzz0317/beijing-unicom-iptv-playlist/raw/refs/heads/main/epg.xml
[2026-03-14] 频道: 68 | 数据源: https://epg.136605.xyz/9days.xml
[2026-03-15] 频道: 68 | 数据源: https://epg.136605.xyz/9days.xml
[2026-03-16] 频道: 68 | 数据源: https://github.com/zzzz0317/beijing-unicom-iptv-playlist/raw/refs/heads/main/epg.xml
[2026-03-17] 频道: 68 | 数据源: https://github.com/zzzz0317/beijing-unicom-iptv-playlist/raw/refs/heads/main/epg.xml
[2026-03-18] 频道: 68 | 数据源: https://github.com/zzzz0317/beijing-unicom-iptv-playlist/raw/refs/heads/main/epg.xml
[2026-03-19] 频道: 68 | 数据源: https://github.com/zzzz0317/beijing-unicom-iptv-playlist/raw/refs/heads/main/epg.xml
[2026-03-20] 频道: 68 | 数据源: https://github.com/zzzz0317/beijing-unicom-iptv-playlist/raw/refs/heads/main/epg.xml
[2026-03-21] 频道: 68 | 数据源: https://github.com/zzzz0317/beijing-unicom-iptv-playlist/raw/refs/heads/main/epg.xml
[2026-03-07] 频道: 102 | 数据源: https://github.com/plsy1/epg/raw/refs/heads/main/e/seven-days.xml.gz
[2026-03-08] 频道: 102 | 数据源: https://epg.136605.xyz/9days.xml
[2026-03-09] 频道: 102 | 数据源: https://epg.136605.xyz/9days.xml
[2026-03-10] 频道: 102 | 数据源: https://epg.136605.xyz/9days.xml
[2026-03-11] 频道: 102 | 数据源: https://epg.136605.xyz/9days.xml
[2026-03-12] 频道: 102 | 数据源: https://epg.136605.xyz/9days.xml
[2026-03-13] 频道: 102 | 数据源: https://epg.136605.xyz/9days.xml
[2026-03-14] 频道: 102 | 数据源: https://epg.136605.xyz/9days.xml
[2026-03-15] 频道: 102 | 数据源: https://epg.136605.xyz/9days.xml
[2026-03-16] 频道: 102 | 数据源: https://epg.136605.xyz/9days.xml
[2026-03-08] 频道: 103 | 数据源: https://epg.136605.xyz/9days.xml
[2026-03-09] 频道: 103 | 数据源: https://epg.136605.xyz/9days.xml
[2026-03-10] 频道: 103 | 数据源: https://epg.136605.xyz/9days.xml
[2026-03-11] 频道: 103 | 数据源: https://epg.136605.xyz/9days.xml
[2026-03-12] 频道: 103 | 数据源: https://epg.136605.xyz/9days.xml
[2026-03-13] 频道: 103 | 数据源: https://epg.deny.vip/sh/tel-epg.xml
[2026-03-14] 频道: 103 | 数据源: https://epg.deny.vip/sh/tel-epg.xml
[2026-03-15] 频道: 103 | 数据源: https://epg.deny.vip/sh/tel-epg.xml
[2026-03-16] 频道: 103 | 数据源: https://epg.deny.vip/sh/tel-epg.xml
[2026-03-07] 频道: 107 | 数据源: https://github.com/plsy1/epg/raw/refs/heads/main/e/seven-days.xml.gz
[2026-03-08] 频道: 107 | 数据源: https://github.com/plsy1/epg/raw/refs/heads/main/e/seven-days.xml.gz
[2026-03-09] 频道: 107 | 数据源: https://github.com/plsy1/epg/raw/refs/heads/main/e/seven-days.xml.gz
[2026-03-10] 频道: 107 | 数据源: https://github.com/plsy1/epg/raw/refs/heads/main/e/seven-days.xml.gz
[2026-03-11] 频道: 107 | 数据源: https://github.com/plsy1/epg/raw/refs/heads/main/e/seven-days.xml.gz
[2026-03-12] 频道: 107 | 数据源: https://github.com/plsy1/epg/raw/refs/heads/main/e/seven-days.xml.gz
[2026-03-13] 频道: 107 | 数据源: https://github.com/plsy1/epg/raw/refs/heads/main/e/seven-days.xml.gz
[2026-03-14] 频道: 107 | 数据源: https://epg.deny.vip/sh/tel-epg.xml
[2026-03-15] 频道: 107 | 数据源: https://epg.deny.vip/sh/tel-epg.xml
[2026-03-16] 频道: 107 | 数据源: https://epg.deny.vip/sh/tel-epg.xml
[2026-03-08] 频道: 112 | 数据源: https://epg.136605.xyz/9days.xml
[2026-03-09] 频道: 112 | 数据源: https://epg.136605.xyz/9days.xml
[2026-03-10] 频道: 112 | 数据源: https://epg.136605.xyz/9days.xml
[2026-03-12] 频道: 112 | 数据源: https://epg.136605.xyz/9days.xml
[2026-03-13] 频道: 112 | 数据源: https://epg.136605.xyz/9days.xml
[2026-03-14] 频道: 112 | 数据源: https://epg.136605.xyz/9days.xml
[2026-03-15] 频道: 112 | 数据源: https://epg.136605.xyz/9days.xml
[2026-03-16] 频道: 112 | 数据源: https://epg.136605.xyz/9days.xml
[2026-03-06] 频道: 30 | 数据源: https://github.com/plsy1/epg/raw/refs/heads/main/e/seven-days.xml.gz
[2026-03-07] 频道: 30 | 数据源: https://github.com/zzzz0317/beijing-unicom-iptv-playlist/raw/refs/heads/main/epg.xml
[2026-03-08] 频道: 30 | 数据源: https://github.com/zzzz0317/beijing-unicom-iptv-playlist/raw/refs/heads/main/epg.xml
[2026-03-09] 频道: 30 | 数据源: https://github.com/zzzz0317/beijing-unicom-iptv-playlist/raw/refs/heads/main/epg.xml
[2026-03-10] 频道: 30 | 数据源: https://github.com/zzzz0317/beijing-unicom-iptv-playlist/raw/refs/heads/main/epg.xml
[2026-03-11] 频道: 30 | 数据源: https://github.com/zzzz0317/beijing-unicom-iptv-playlist/raw/refs/heads/main/epg.xml
[2026-03-12] 频道: 30 | 数据源: https://github.com/zzzz0317/beijing-unicom-iptv-playlist/raw/refs/heads/main/epg.xml
[2026-03-13] 频道: 30 | 数据源: https://github.com/zzzz0317/beijing-unicom-iptv-playlist/raw/refs/heads/main/epg.xml
[2026-03-14] 频道: 30 | 数据源: https://github.com/zzzz0317/beijing-unicom-iptv-playlist/raw/refs/heads/main/epg.xml
[2026-03-15] 频道: 30 | 数据源: https://github.com/zzzz0317/beijing-unicom-iptv-playlist/raw/refs/heads/main/epg.xml
[2026-03-16] 频道: 30 | 数据源: https://github.com/zzzz0317/beijing-unicom-iptv-playlist/raw/refs/heads/main/epg.xml
[2026-03-17] 频道: 30 | 数据源: https://github.com/zzzz0317/beijing-unicom-iptv-playlist/raw/refs/heads/main/epg.xml
[2026-03-18] 频道: 30 | 数据源: https://github.com/zzzz0317/beijing-unicom-iptv-playlist/raw/refs/heads/main/epg.xml
[2026-03-19] 频道: 30 | 数据源: https://github.com/zzzz0317/beijing-unicom-iptv-playlist/raw/refs/heads/main/epg.xml
[2026-03-20] 频道: 30 | 数据源: https://github.com/zzzz0317/beijing-unicom-iptv-playlist/raw/refs/heads/main/epg.xml
[2026-03-21] 频道: 30 | 数据源: https://github.com/zzzz0317/beijing-unicom-iptv-playlist/raw/refs/heads/main/epg.xml
[2026-03-06] 频道: 32 | 数据源: https://github.com/plsy1/epg/raw/refs/heads/main/e/seven-days.xml.gz
[2026-03-07] 频道: 32 | 数据源: https://github.com/plsy1/epg/raw/refs/heads/main/e/seven-days.xml.gz
[2026-03-08] 频道: 32 | 数据源: https://epg.136605.xyz/9days.xml
[2026-03-09] 频道: 32 | 数据源: https://epg.136605.xyz/9days.xml
[2026-03-10] 频道: 32 | 数据源: https://epg.136605.xyz/9days.xml
[2026-03-11] 频道: 32 | 数据源: https://epg.136605.xyz/9days.xml
[2026-03-12] 频道: 32 | 数据源: https://epg.136605.xyz/9days.xml
[2026-03-13] 频道: 32 | 数据源: https://epg.136605.xyz/9days.xml
[2026-03-14] 频道: 32 | 数据源: https://epg.136605.xyz/9days.xml
[2026-03-15] 频道: 32 | 数据源: https://epg.136605.xyz/9days.xml
[2026-03-16] 频道: 32 | 数据源: https://epg.136605.xyz/9days.xml
[2026-03-17] 频道: 32 | 数据源: https://github.com/zzzz0317/beijing-unicom-iptv-playlist/raw/refs/heads/main/epg.xml
[2026-03-18] 频道: 32 | 数据源: https://github.com/zzzz0317/beijing-unicom-iptv-playlist/raw/refs/heads/main/epg.xml
[2026-03-19] 频道: 32 | 数据源: https://github.com/zzzz0317/beijing-unicom-iptv-playlist/raw/refs/heads/main/epg.xml
[2026-03-20] 频道: 32 | 数据源: https://github.com/zzzz0317/beijing-unicom-iptv-playlist/raw/refs/heads/main/epg.xml
[2026-03-21] 频道: 32 | 数据源: https://github.com/zzzz0317/beijing-unicom-iptv-playlist/raw/refs/heads/main/epg.xml
[2026-03-06] 频道: 40 | 数据源: https://github.com/plsy1/epg/raw/refs/heads/main/e/seven-days.xml.gz
[2026-03-07] 频道: 40 | 数据源: https://github.com/plsy1/epg/raw/refs/heads/main/e/seven-days.xml.gz
[2026-03-08] 频道: 40 | 数据源: https://epg.136605.xyz/9days.xml
[2026-03-09] 频道: 40 | 数据源: https://epg.136605.xyz/9days.xml
[2026-03-10] 频道: 40 | 数据源: https://epg.136605.xyz/9days.xml
[2026-03-11] 频道: 40 | 数据源: https://github.com/plsy1/epg/raw/refs/heads/main/e/seven-days.xml.gz
[2026-03-12] 频道: 40 | 数据源: https://epg.136605.xyz/9days.xml
[2026-03-13] 频道: 40 | 数据源: https://github.com/plsy1/epg/raw/refs/heads/main/e/seven-days.xml.gz
[2026-03-14] 频道: 40 | 数据源: https://github.com/plsy1/epg/raw/refs/heads/main/e/seven-days.xml.gz
[2026-03-15] 频道: 40 | 数据源: https://epg.136605.xyz/9days.xml
[2026-03-16] 频道: 40 | 数据源: https://epg.136605.xyz/9days.xml
[2026-03-17] 频道: 40 | 数据源: https://github.com/zzzz0317/beijing-unicom-iptv-playlist/raw/refs/heads/main/epg.xml
[2026-03-18] 频道: 40 | 数据源: https://github.com/zzzz0317/beijing-unicom-iptv-playlist/raw/refs/heads/main/epg.xml
[2026-03-19] 频道: 40 | 数据源: https://github.com/zzzz0317/beijing-unicom-iptv-playlist/raw/refs/heads/main/epg.xml
[2026-03-20] 频道: 40 | 数据源: https://github.com/zzzz0317/beijing-unicom-iptv-playlist/raw/refs/heads/main/epg.xml
[2026-03-21] 频道: 40 | 数据源: https://github.com/zzzz0317/beijing-unicom-iptv-playlist/raw/refs/heads/main/epg.xml
[2026-03-06] 频道: 42 | 数据源: https://github.com/plsy1/epg/raw/refs/heads/main/e/seven-days.xml.gz
[2026-03-07] 频道: 42 | 数据源: https://github.com/zzzz0317/beijing-unicom-iptv-playlist/raw/refs/heads/main/epg.xml
[2026-03-08] 频道: 42 | 数据源: https://github.com/plsy1/epg/raw/refs/heads/main/e/seven-days.xml.gz
[2026-03-09] 频道: 42 | 数据源: https://github.com/zzzz0317/beijing-unicom-iptv-playlist/raw/refs/heads/main/epg.xml
[2026-03-10] 频道: 42 | 数据源: https://github.com/zzzz0317/beijing-unicom-iptv-playlist/raw/refs/heads/main/epg.xml
[2026-03-11] 频道: 42 | 数据源: https://github.com/zzzz0317/beijing-unicom-iptv-playlist/raw/refs/heads/main/epg.xml
[2026-03-12] 频道: 42 | 数据源: https://github.com/zzzz0317/beijing-unicom-iptv-playlist/raw/refs/heads/main/epg.xml
[2026-03-13] 频道: 42 | 数据源: https://github.com/zzzz0317/beijing-unicom-iptv-playlist/raw/refs/heads/main/epg.xml
[2026-03-14] 频道: 42 | 数据源: https://github.com/zzzz0317/beijing-unicom-iptv-playlist/raw/refs/heads/main/epg.xml
[2026-03-15] 频道: 42 | 数据源: https://github.com/zzzz0317/beijing-unicom-iptv-playlist/raw/refs/heads/main/epg.xml
[2026-03-16] 频道: 42 | 数据源: https://github.com/zzzz0317/beijing-unicom-iptv-playlist/raw/refs/heads/main/epg.xml
[2026-03-17] 频道: 42 | 数据源: https://github.com/zzzz0317/beijing-unicom-iptv-playlist/raw/refs/heads/main/epg.xml
[2026-03-18] 频道: 42 | 数据源: https://github.com/zzzz0317/beijing-unicom-iptv-playlist/raw/refs/heads/main/epg.xml
[2026-03-19] 频道: 42 | 数据源: https://github.com/zzzz0317/beijing-unicom-iptv-playlist/raw/refs/heads/main/epg.xml
[2026-03-20] 频道: 42 | 数据源: https://github.com/zzzz0317/beijing-unicom-iptv-playlist/raw/refs/heads/main/epg.xml
[2026-03-21] 频道: 42 | 数据源: https://github.com/zzzz0317/beijing-unicom-iptv-playlist/raw/refs/heads/main/epg.xml
[2026-03-07] 频道: 43 | 数据源: https://github.com/plsy1/epg/raw/refs/heads/main/e/seven-days.xml.gz
[2026-03-08] 频道: 43 | 数据源: https://github.com/plsy1/epg/raw/refs/heads/main/e/seven-days.xml.gz
[2026-03-09] 频道: 43 | 数据源: https://github.com/plsy1/epg/raw/refs/heads/main/e/seven-days.xml.gz
[2026-03-10] 频道: 43 | 数据源: https://github.com/plsy1/epg/raw/refs/heads/main/e/seven-days.xml.gz
[2026-03-11] 频道: 43 | 数据源: https://github.com/plsy1/epg/raw/refs/heads/main/e/seven-days.xml.gz
[2026-03-12] 频道: 43 | 数据源: https://github.com/plsy1/epg/raw/refs/heads/main/e/seven-days.xml.gz
[2026-03-13] 频道: 43 | 数据源: https://github.com/plsy1/epg/raw/refs/heads/main/e/seven-days.xml.gz
[2026-03-14] 频道: 43 | 数据源: https://github.com/plsy1/epg/raw/refs/heads/main/e/seven-days.xml.gz
[2026-03-15] 频道: 43 | 数据源: https://github.com/zzzz0317/beijing-unicom-iptv-playlist/raw/refs/heads/main/epg.xml
[2026-03-16] 频道: 43 | 数据源: https://github.com/zzzz0317/beijing-unicom-iptv-playlist/raw/refs/heads/main/epg.xml
[2026-03-17] 频道: 43 | 数据源: https://github.com/zzzz0317/beijing-unicom-iptv-playlist/raw/refs/heads/main/epg.xml
[2026-03-18] 频道: 43 | 数据源: https://github.com/zzzz0317/beijing-unicom-iptv-playlist/raw/refs/heads/main/epg.xml
[2026-03-19] 频道: 43 | 数据源: https://github.com/zzzz0317/beijing-unicom-iptv-playlist/raw/refs/heads/main/epg.xml
[2026-03-20] 频道: 43 | 数据源: https://github.com/zzzz0317/beijing-unicom-iptv-playlist/raw/refs/heads/main/epg.xml
[2026-03-21] 频道: 43 | 数据源: https://github.com/zzzz0317/beijing-unicom-iptv-playlist/raw/refs/heads/main/epg.xml
[2026-03-07] 频道: 49 | 数据源: https://github.com/zzzz0317/beijing-unicom-iptv-playlist/raw/refs/heads/main/epg.xml
[2026-03-08] 频道: 49 | 数据源: https://github.com/zzzz0317/beijing-unicom-iptv-playlist/raw/refs/heads/main/epg.xml
[2026-03-09] 频道: 49 | 数据源: https://github.com/zzzz0317/beijing-unicom-iptv-playlist/raw/refs/heads/main/epg.xml
[2026-03-10] 频道: 49 | 数据源: https://github.com/zzzz0317/beijing-unicom-iptv-playlist/raw/refs/heads/main/epg.xml
[2026-03-11] 频道: 49 | 数据源: https://github.com/zzzz0317/beijing-unicom-iptv-playlist/raw/refs/heads/main/epg.xml
[2026-03-12] 频道: 49 | 数据源: https://github.com/zzzz0317/beijing-unicom-iptv-playlist/raw/refs/heads/main/epg.xml
[2026-03-13] 频道: 49 | 数据源: https://github.com/zzzz0317/beijing-unicom-iptv-playlist/raw/refs/heads/main/epg.xml
[2026-03-14] 频道: 49 | 数据源: https://github.com/zzzz0317/beijing-unicom-iptv-playlist/raw/refs/heads/main/epg.xml
[2026-03-15] 频道: 49 | 数据源: https://github.com/zzzz0317/beijing-unicom-iptv-playlist/raw/refs/heads/main/epg.xml
[2026-03-16] 频道: 49 | 数据源: https://github.com/zzzz0317/beijing-unicom-iptv-playlist/raw/refs/heads/main/epg.xml
[2026-03-17] 频道: 49 | 数据源: https://github.com/zzzz0317/beijing-unicom-iptv-playlist/raw/refs/heads/main/epg.xml
[2026-03-18] 频道: 49 | 数据源: https://github.com/zzzz0317/beijing-unicom-iptv-playlist/raw/refs/heads/main/epg.xml
[2026-03-19] 频道: 49 | 数据源: https://github.com/zzzz0317/beijing-unicom-iptv-playlist/raw/refs/heads/main/epg.xml
[2026-03-20] 频道: 49 | 数据源: https://github.com/zzzz0317/beijing-unicom-iptv-playlist/raw/refs/heads/main/epg.xml
[2026-03-21] 频道: 49 | 数据源: https://github.com/zzzz0317/beijing-unicom-iptv-playlist/raw/refs/heads/main/epg.xml
[2026-03-07] 频道: 81 | 数据源: https://github.com/zzzz0317/beijing-unicom-iptv-playlist/raw/refs/heads/main/epg.xml
[2026-03-08] 频道: 81 | 数据源: https://github.com/zzzz0317/beijing-unicom-iptv-playlist/raw/refs/heads/main/epg.xml
[2026-03-09] 频道: 81 | 数据源: https://github.com/zzzz0317/beijing-unicom-iptv-playlist/raw/refs/heads/main/epg.xml
[2026-03-10] 频道: 81 | 数据源: https://github.com/zzzz0317/beijing-unicom-iptv-playlist/raw/refs/heads/main/epg.xml
[2026-03-11] 频道: 81 | 数据源: https://github.com/zzzz0317/beijing-unicom-iptv-playlist/raw/refs/heads/main/epg.xml
[2026-03-12] 频道: 81 | 数据源: https://github.com/zzzz0317/beijing-unicom-iptv-playlist/raw/refs/heads/main/epg.xml
[2026-03-13] 频道: 81 | 数据源: https://github.com/zzzz0317/beijing-unicom-iptv-playlist/raw/refs/heads/main/epg.xml
[2026-03-14] 频道: 81 | 数据源: https://github.com/zzzz0317/beijing-unicom-iptv-playlist/raw/refs/heads/main/epg.xml
[2026-03-15] 频道: 81 | 数据源: https://github.com/zzzz0317/beijing-unicom-iptv-playlist/raw/refs/heads/main/epg.xml
[2026-03-16] 频道: 81 | 数据源: https://github.com/zzzz0317/beijing-unicom-iptv-playlist/raw/refs/heads/main/epg.xml
[2026-03-17] 频道: 81 | 数据源: https://github.com/zzzz0317/beijing-unicom-iptv-playlist/raw/refs/heads/main/epg.xml
[2026-03-18] 频道: 81 | 数据源: https://github.com/zzzz0317/beijing-unicom-iptv-playlist/raw/refs/heads/main/epg.xml
[2026-03-19] 频道: 81 | 数据源: https://github.com/zzzz0317/beijing-unicom-iptv-playlist/raw/refs/heads/main/epg.xml
[2026-03-20] 频道: 81 | 数据源: https://github.com/zzzz0317/beijing-unicom-iptv-playlist/raw/refs/heads/main/epg.xml
[2026-03-21] 频道: 81 | 数据源: https://github.com/zzzz0317/beijing-unicom-iptv-playlist/raw/refs/heads/main/epg.xml
[2026-03-07] 频道: 85 | 数据源: https://github.com/zzzz0317/beijing-unicom-iptv-playlist/raw/refs/heads/main/epg.xml
[2026-03-08] 频道: 85 | 数据源: https://github.com/plsy1/epg/raw/refs/heads/main/e/seven-days.xml.gz
[2026-03-09] 频道: 85 | 数据源: https://github.com/plsy1/epg/raw/refs/heads/main/e/seven-days.xml.gz
[2026-03-10] 频道: 85 | 数据源: https://github.com/plsy1/epg/raw/refs/heads/main/e/seven-days.xml.gz
[2026-03-11] 频道: 85 | 数据源: https://github.com/plsy1/epg/raw/refs/heads/main/e/seven-days.xml.gz
[2026-03-12] 频道: 85 | 数据源: https://github.com/plsy1/epg/raw/refs/heads/main/e/seven-days.xml.gz
[2026-03-13] 频道: 85 | 数据源: https://github.com/zzzz0317/beijing-unicom-iptv-playlist/raw/refs/heads/main/epg.xml
[2026-03-14] 频道: 85 | 数据源: https://github.com/plsy1/epg/raw/refs/heads/main/e/seven-days.xml.gz
[2026-03-15] 频道: 85 | 数据源: https://github.com/plsy1/epg/raw/refs/heads/main/e/seven-days.xml.gz
[2026-03-16] 频道: 85 | 数据源: https://github.com/zzzz0317/beijing-unicom-iptv-playlist/raw/refs/heads/main/epg.xml
[2026-03-17] 频道: 85 | 数据源: https://github.com/zzzz0317/beijing-unicom-iptv-playlist/raw/refs/heads/main/epg.xml
[2026-03-07] 频道: 70 | 数据源: https://github.com/plsy1/epg/raw/refs/heads/main/e/seven-days.xml.gz
[2026-03-08] 频道: 70 | 数据源: https://github.com/plsy1/epg/raw/refs/heads/main/e/seven-days.xml.gz
[2026-03-09] 频道: 70 | 数据源: https://github.com/plsy1/epg/raw/refs/heads/main/e/seven-days.xml.gz
[2026-03-10] 频道: 70 | 数据源: https://github.com/plsy1/epg/raw/refs/heads/main/e/seven-days.xml.gz
[2026-03-11] 频道: 70 | 数据源: https://github.com/plsy1/epg/raw/refs/heads/main/e/seven-days.xml.gz
[2026-03-12] 频道: 70 | 数据源: https://github.com/plsy1/epg/raw/refs/heads/main/e/seven-days.xml.gz
[2026-03-13] 频道: 70 | 数据源: https://github.com/plsy1/epg/raw/refs/heads/main/e/seven-days.xml.gz
[2026-03-14] 频道: 70 | 数据源: https://github.com/plsy1/epg/raw/refs/heads/main/e/seven-days.xml.gz
[2026-03-15] 频道: 70 | 数据源: https://github.com/plsy1/epg/raw/refs/heads/main/e/seven-days.xml.gz
[2026-03-16] 频道: 70 | 数据源: https://epg.136605.xyz/9days.xml
[2026-03-17] 频道: 70 | 数据源: https://epg.136605.xyz/9days.xml
[2026-03-07] 频道: 71 | 数据源: https://github.com/plsy1/epg/raw/refs/heads/main/e/seven-days.xml.gz
[2026-03-08] 频道: 71 | 数据源: https://epg.136605.xyz/9days.xml
[2026-03-09] 频道: 71 | 数据源: https://epg.136605.xyz/9days.xml
[2026-03-10] 频道: 71 | 数据源: https://epg.136605.xyz/9days.xml
[2026-03-11] 频道: 71 | 数据源: https://epg.136605.xyz/9days.xml
[2026-03-12] 频道: 71 | 数据源: https://epg.136605.xyz/9days.xml
[2026-03-13] 频道: 71 | 数据源: https://epg.136605.xyz/9days.xml
[2026-03-14] 频道: 71 | 数据源: https://epg.136605.xyz/9days.xml
[2026-03-15] 频道: 71 | 数据源: https://epg.136605.xyz/9days.xml
[2026-03-16] 频道: 71 | 数据源: https://epg.136605.xyz/9days.xml
[2026-03-17] 频道: 71 | 数据源: https://epg.136605.xyz/9days.xml
[2026-03-06] 频道: 72 | 数据源: https://github.com/plsy1/epg/raw/refs/heads/main/e/seven-days.xml.gz
[2026-03-07] 频道: 72 | 数据源: https://github.com/plsy1/epg/raw/refs/heads/main/e/seven-days.xml.gz
[2026-03-08] 频道: 72 | 数据源: https://epg.136605.xyz/9days.xml
[2026-03-09] 频道: 72 | 数据源: https://epg.136605.xyz/9days.xml
[2026-03-10] 频道: 72 | 数据源: https://epg.136605.xyz/9days.xml
[2026-03-11] 频道: 72 | 数据源: https://epg.136605.xyz/9days.xml
[2026-03-12] 频道: 72 | 数据源: https://epg.136605.xyz/9days.xml
[2026-03-13] 频道: 72 | 数据源: https://epg.136605.xyz/9days.xml
[2026-03-14] 频道: 72 | 数据源: https://epg.136605.xyz/9days.xml
[2026-03-15] 频道: 72 | 数据源: https://epg.136605.xyz/9days.xml
[2026-03-16] 频道: 72 | 数据源: https://epg.136605.xyz/9days.xml
[2026-03-17] 频道: 72 | 数据源: https://epg.136605.xyz/9days.xml
[2026-03-07] 频道: 78 | 数据源: https://github.com/plsy1/epg/raw/refs/heads/main/e/seven-days.xml.gz
[2026-03-08] 频道: 78 | 数据源: https://github.com/plsy1/epg/raw/refs/heads/main/e/seven-days.xml.gz
[2026-03-09] 频道: 78 | 数据源: https://github.com/plsy1/epg/raw/refs/heads/main/e/seven-days.xml.gz
[2026-03-10] 频道: 78 | 数据源: https://github.com/plsy1/epg/raw/refs/heads/main/e/seven-days.xml.gz
[2026-03-11] 频道: 78 | 数据源: https://github.com/plsy1/epg/raw/refs/heads/main/e/seven-days.xml.gz
[2026-03-12] 频道: 78 | 数据源: https://github.com/plsy1/epg/raw/refs/heads/main/e/seven-days.xml.gz
[2026-03-13] 频道: 78 | 数据源: https://github.com/plsy1/epg/raw/refs/heads/main/e/seven-days.xml.gz
[2026-03-14] 频道: 78 | 数据源: https://github.com/plsy1/epg/raw/refs/heads/main/e/seven-days.xml.gz
[2026-03-15] 频道: 78 | 数据源: https://github.com/plsy1/epg/raw/refs/heads/main/e/seven-days.xml.gz
[2026-03-16] 频道: 78 | 数据源: https://epg.136605.xyz/9days.xml
[2026-03-06] 频道: 709 | 数据源: https://github.com/plsy1/epg/raw/refs/heads/main/e/seven-days.xml.gz
[2026-03-07] 频道: 709 | 数据源: https://github.com/plsy1/epg/raw/refs/heads/main/e/seven-days.xml.gz
[2026-03-08] 频道: 709 | 数据源: https://github.com/plsy1/epg/raw/refs/heads/main/e/seven-days.xml.gz
[2026-03-09] 频道: 709 | 数据源: https://github.com/plsy1/epg/raw/refs/heads/main/e/seven-days.xml.gz
[2026-03-10] 频道: 709 | 数据源: https://github.com/plsy1/epg/raw/refs/heads/main/e/seven-days.xml.gz
[2026-03-11] 频道: 709 | 数据源: https://github.com/plsy1/epg/raw/refs/heads/main/e/seven-days.xml.gz
[2026-03-12] 频道: 709 | 数据源: https://github.com/plsy1/epg/raw/refs/heads/main/e/seven-days.xml.gz
[2026-03-13] 频道: 709 | 数据源: https://github.com/plsy1/epg/raw/refs/heads/main/e/seven-days.xml.gz
[2026-03-14] 频道: 709 | 数据源: https://github.com/plsy1/epg/raw/refs/heads/main/e/seven-days.xml.gz
[2026-03-15] 频道: 709 | 数据源: https://github.com/plsy1/epg/raw/refs/heads/main/e/seven-days.xml.gz
[2026-03-07] 频道: CCTV-5＋高清 | 数据源: https://github.com/mytv-android/SCTV_EPG/raw/refs/heads/main/epg.xml
[2026-03-08] 频道: CCTV-5＋高清 | 数据源: https://github.com/mytv-android/SCTV_EPG/raw/refs/heads/main/epg.xml
[2026-03-09] 频道: CCTV-5＋高清 | 数据源: https://github.com/mytv-android/SCTV_EPG/raw/refs/heads/main/epg.xml
[2026-03-10] 频道: CCTV-5＋高清 | 数据源: https://github.com/mytv-android/SCTV_EPG/raw/refs/heads/main/epg.xml
[2026-03-11] 频道: CCTV-5＋高清 | 数据源: https://github.com/mytv-android/SCTV_EPG/raw/refs/heads/main/epg.xml
[2026-03-12] 频道: CCTV-5＋高清 | 数据源: https://github.com/mytv-android/SCTV_EPG/raw/refs/heads/main/epg.xml
[2026-03-13] 频道: CCTV-5＋高清 | 数据源: https://github.com/mytv-android/SCTV_EPG/raw/refs/heads/main/epg.xml
[2026-03-14] 频道: CCTV-5＋高清 | 数据源: https://github.com/mytv-android/SCTV_EPG/raw/refs/heads/main/epg.xml
[2026-03-15] 频道: CCTV-5＋高清 | 数据源: https://github.com/mytv-android/SCTV_EPG/raw/refs/heads/main/epg.xml
[2026-03-07] 频道: 山东教育卫视 | 数据源: https://github.com/mytv-android/SCTV_EPG/raw/refs/heads/main/epg.xml
[2026-03-08] 频道: 山东教育卫视 | 数据源: https://github.com/mytv-android/SCTV_EPG/raw/refs/heads/main/epg.xml
[2026-03-09] 频道: 山东教育卫视 | 数据源: https://github.com/mytv-android/SCTV_EPG/raw/refs/heads/main/epg.xml
[2026-03-10] 频道: 山东教育卫视 | 数据源: https://github.com/mytv-android/SCTV_EPG/raw/refs/heads/main/epg.xml
[2026-03-11] 频道: 山东教育卫视 | 数据源: https://github.com/mytv-android/SCTV_EPG/raw/refs/heads/main/epg.xml
[2026-03-12] 频道: 山东教育卫视 | 数据源: https://github.com/mytv-android/SCTV_EPG/raw/refs/heads/main/epg.xml
[2026-03-13] 频道: 山东教育卫视 | 数据源: https://github.com/mytv-android/SCTV_EPG/raw/refs/heads/main/epg.xml
[2026-03-14] 频道: 山东教育卫视 | 数据源: https://github.com/mytv-android/SCTV_EPG/raw/refs/heads/main/epg.xml
[2026-03-15] 频道: 山东教育卫视 | 数据源: https://github.com/mytv-android/SCTV_EPG/raw/refs/heads/main/epg.xml
[2026-03-14] 频道: 华语影院专区 | 数据源: https://github.com/mytv-android/SCTV_EPG/raw/refs/heads/main/epg.xml
[2026-03-14] 频道: 星光院线专区 | 数据源: https://github.com/mytv-android/SCTV_EPG/raw/refs/heads/main/epg.xml
[2026-03-14] 频道: 全球大片专区 | 数据源: https://github.com/mytv-android/SCTV_EPG/raw/refs/heads/main/epg.xml
[2026-03-14] 频道: 热门剧场专区 | 数据源: https://github.com/mytv-android/SCTV_EPG/raw/refs/heads/main/epg.xml
[2026-03-14] 频道: 健康养生专区 | 数据源: https://github.com/mytv-android/SCTV_EPG/raw/refs/heads/main/epg.xml
[2026-03-14] 频道: 谍战剧场专区 | 数据源: https://github.com/mytv-android/SCTV_EPG/raw/refs/heads/main/epg.xml
[2026-03-14] 频道: 宝宝动画专区 | 数据源: https://github.com/mytv-android/SCTV_EPG/raw/refs/heads/main/epg.xml
[2026-03-14] 频道: 青春动漫专区 | 数据源: https://github.com/mytv-android/SCTV_EPG/raw/refs/heads/main/epg.xml
[2026-03-14] 频道: 热门综艺高清专区 | 数据源: https://github.com/mytv-android/SCTV_EPG/raw/refs/heads/main/epg.xml
[2026-03-14] 频道: 戏曲精选专区 | 数据源: https://github.com/mytv-android/SCTV_EPG/raw/refs/heads/main/epg.xml
[2026-03-14] 频道: 百变课堂专区 | 数据源: https://github.com/mytv-android/SCTV_EPG/raw/refs/heads/main/epg.xml
[2026-03-14] 频道: 电竞天堂高清专区 | 数据源: https://github.com/mytv-android/SCTV_EPG/raw/refs/heads/main/epg.xml
[2026-03-14] 频道: 看天下精选专区 | 数据源: https://github.com/mytv-android/SCTV_EPG/raw/refs/heads/main/epg.xml
[2026-03-14] 频道: 4K视界专区 | 数据源: https://github.com/mytv-android/SCTV_EPG/raw/refs/heads/main/epg.xml
[2026-03-14] 频道: 4K纪实专区 | 数据源: https://github.com/mytv-android/SCTV_EPG/raw/refs/heads/main/epg.xml
[2026-03-14] 频道: 4K少儿专区 | 数据源: https://github.com/mytv-android/SCTV_EPG/raw/refs/heads/main/epg.xml
[2026-03-07] 频道: SCTV-2高清 | 数据源: https://github.com/mytv-android/SCTV_EPG/raw/refs/heads/main/epg.xml
[2026-03-08] 频道: SCTV-2高清 | 数据源: https://github.com/mytv-android/SCTV_EPG/raw/refs/heads/main/epg.xml
[2026-03-09] 频道: SCTV-2高清 | 数据源: https://github.com/mytv-android/SCTV_EPG/raw/refs/heads/main/epg.xml
[2026-03-10] 频道: SCTV-2高清 | 数据源: https://github.com/mytv-android/SCTV_EPG/raw/refs/heads/main/epg.xml
[2026-03-11] 频道: SCTV-2高清 | 数据源: https://github.com/mytv-android/SCTV_EPG/raw/refs/heads/main/epg.xml
[2026-03-12] 频道: SCTV-2高清 | 数据源: https://github.com/mytv-android/SCTV_EPG/raw/refs/heads/main/epg.xml
[2026-03-13] 频道: SCTV-2高清 | 数据源: https://github.com/mytv-android/SCTV_EPG/raw/refs/heads/main/epg.xml
[2026-03-14] 频道: SCTV-2高清 | 数据源: https://github.com/mytv-android/SCTV_EPG/raw/refs/heads/main/epg.xml
[2026-03-15] 频道: SCTV-2高清 | 数据源: https://github.com/mytv-android/SCTV_EPG/raw/refs/heads/main/epg.xml
[2026-03-07] 频道: SCTV-3高清 | 数据源: https://github.com/mytv-android/SCTV_EPG/raw/refs/heads/main/epg.xml
[2026-03-08] 频道: SCTV-3高清 | 数据源: https://github.com/mytv-android/SCTV_EPG/raw/refs/heads/main/epg.xml
[2026-03-09] 频道: SCTV-3高清 | 数据源: https://github.com/mytv-android/SCTV_EPG/raw/refs/heads/main/epg.xml
[2026-03-10] 频道: SCTV-3高清 | 数据源: https://github.com/mytv-android/SCTV_EPG/raw/refs/heads/main/epg.xml
[2026-03-11] 频道: SCTV-3高清 | 数据源: https://github.com/mytv-android/SCTV_EPG/raw/refs/heads/main/epg.xml
[2026-03-12] 频道: SCTV-3高清 | 数据源: https://github.com/mytv-android/SCTV_EPG/raw/refs/heads/main/epg.xml
[2026-03-13] 频道: SCTV-3高清 | 数据源: https://github.com/mytv-android/SCTV_EPG/raw/refs/heads/main/epg.xml
[2026-03-14] 频道: SCTV-3高清 | 数据源: https://github.com/mytv-android/SCTV_EPG/raw/refs/heads/main/epg.xml
[2026-03-15] 频道: SCTV-3高清 | 数据源: https://github.com/mytv-android/SCTV_EPG/raw/refs/heads/main/epg.xml
[2026-03-07] 频道: SCTV-4高清 | 数据源: https://github.com/mytv-android/SCTV_EPG/raw/refs/heads/main/epg.xml
[2026-03-08] 频道: SCTV-4高清 | 数据源: https://github.com/mytv-android/SCTV_EPG/raw/refs/heads/main/epg.xml
[2026-03-09] 频道: SCTV-4高清 | 数据源: https://github.com/mytv-android/SCTV_EPG/raw/refs/heads/main/epg.xml
[2026-03-10] 频道: SCTV-4高清 | 数据源: https://github.com/mytv-android/SCTV_EPG/raw/refs/heads/main/epg.xml
[2026-03-11] 频道: SCTV-4高清 | 数据源: https://github.com/mytv-android/SCTV_EPG/raw/refs/heads/main/epg.xml
[2026-03-12] 频道: SCTV-4高清 | 数据源: https://github.com/mytv-android/SCTV_EPG/raw/refs/heads/main/epg.xml
[2026-03-13] 频道: SCTV-4高清 | 数据源: https://github.com/mytv-android/SCTV_EPG/raw/refs/heads/main/epg.xml
[2026-03-14] 频道: SCTV-4高清 | 数据源: https://github.com/mytv-android/SCTV_EPG/raw/refs/heads/main/epg.xml
[2026-03-15] 频道: SCTV-4高清 | 数据源: https://github.com/mytv-android/SCTV_EPG/raw/refs/heads/main/epg.xml
[2026-03-08] 频道: SCTV-5高清 | 数据源: https://github.com/mytv-android/SCTV_EPG/raw/refs/heads/main/epg.xml
[2026-03-09] 频道: SCTV-5高清 | 数据源: https://github.com/mytv-android/SCTV_EPG/raw/refs/heads/main/epg.xml
[2026-03-10] 频道: SCTV-5高清 | 数据源: https://github.com/mytv-android/SCTV_EPG/raw/refs/heads/main/epg.xml
[2026-03-11] 频道: SCTV-5高清 | 数据源: https://github.com/mytv-android/SCTV_EPG/raw/refs/heads/main/epg.xml
[2026-03-12] 频道: SCTV-5高清 | 数据源: https://github.com/mytv-android/SCTV_EPG/raw/refs/heads/main/epg.xml
[2026-03-13] 频道: SCTV-5高清 | 数据源: https://github.com/mytv-android/SCTV_EPG/raw/refs/heads/main/epg.xml
[2026-03-14] 频道: SCTV-5高清 | 数据源: https://github.com/mytv-android/SCTV_EPG/raw/refs/heads/main/epg.xml
[2026-03-15] 频道: SCTV-5高清 | 数据源: https://github.com/mytv-android/SCTV_EPG/raw/refs/heads/main/epg.xml
[2026-03-07] 频道: SCTV-7高清 | 数据源: https://github.com/mytv-android/SCTV_EPG/raw/refs/heads/main/epg.xml
[2026-03-08] 频道: SCTV-7高清 | 数据源: https://github.com/mytv-android/SCTV_EPG/raw/refs/heads/main/epg.xml
[2026-03-09] 频道: SCTV-7高清 | 数据源: https://github.com/mytv-android/SCTV_EPG/raw/refs/heads/main/epg.xml
[2026-03-10] 频道: SCTV-7高清 | 数据源: https://github.com/mytv-android/SCTV_EPG/raw/refs/heads/main/epg.xml
[2026-03-11] 频道: SCTV-7高清 | 数据源: https://github.com/mytv-android/SCTV_EPG/raw/refs/heads/main/epg.xml
[2026-03-12] 频道: SCTV-7高清 | 数据源: https://github.com/mytv-android/SCTV_EPG/raw/refs/heads/main/epg.xml
[2026-03-13] 频道: SCTV-7高清 | 数据源: https://github.com/mytv-android/SCTV_EPG/raw/refs/heads/main/epg.xml
[2026-03-14] 频道: SCTV-7高清 | 数据源: https://github.com/mytv-android/SCTV_EPG/raw/refs/heads/main/epg.xml
[2026-03-15] 频道: SCTV-7高清 | 数据源: https://github.com/mytv-android/SCTV_EPG/raw/refs/heads/main/epg.xml
[2026-03-07] 频道: SCTV-科教高清 | 数据源: https://github.com/mytv-android/SCTV_EPG/raw/refs/heads/main/epg.xml
[2026-03-08] 频道: SCTV-科教高清 | 数据源: https://github.com/mytv-android/SCTV_EPG/raw/refs/heads/main/epg.xml
[2026-03-09] 频道: SCTV-科教高清 | 数据源: https://github.com/mytv-android/SCTV_EPG/raw/refs/heads/main/epg.xml
[2026-03-10] 频道: SCTV-科教高清 | 数据源: https://github.com/mytv-android/SCTV_EPG/raw/refs/heads/main/epg.xml
[2026-03-11] 频道: SCTV-科教高清 | 数据源: https://github.com/mytv-android/SCTV_EPG/raw/refs/heads/main/epg.xml
[2026-03-12] 频道: SCTV-科教高清 | 数据源: https://github.com/mytv-android/SCTV_EPG/raw/refs/heads/main/epg.xml
[2026-03-13] 频道: SCTV-科教高清 | 数据源: https://github.com/mytv-android/SCTV_EPG/raw/refs/heads/main/epg.xml
[2026-03-14] 频道: SCTV-科教高清 | 数据源: https://github.com/mytv-android/SCTV_EPG/raw/refs/heads/main/epg.xml
[2026-03-15] 频道: SCTV-科教高清 | 数据源: https://github.com/mytv-android/SCTV_EPG/raw/refs/heads/main/epg.xml
[2026-03-14] 频道: 求索频道高清 | 数据源: https://github.com/mytv-android/SCTV_EPG/raw/refs/heads/main/epg.xml
[2026-03-15] 频道: 求索频道高清 | 数据源: https://github.com/mytv-android/SCTV_EPG/raw/refs/heads/main/epg.xml
[2026-03-14] 频道: 欢笑剧场4K | 数据源: https://github.com/mytv-android/SCTV_EPG/raw/refs/heads/main/epg.xml
[2026-03-15] 频道: 欢笑剧场4K | 数据源: https://github.com/mytv-android/SCTV_EPG/raw/refs/heads/main/epg.xml
[2026-03-12] 频道: 直播室1 | 数据源: https://github.com/mytv-android/SCTV_EPG/raw/refs/heads/main/epg.xml
[2026-03-13] 频道: 直播室1 | 数据源: https://github.com/mytv-android/SCTV_EPG/raw/refs/heads/main/epg.xml
[2026-03-14] 频道: 直播室1 | 数据源: https://github.com/mytv-android/SCTV_EPG/raw/refs/heads/main/epg.xml
[2026-03-12] 频道: 直播室2 | 数据源: https://github.com/mytv-android/SCTV_EPG/raw/refs/heads/main/epg.xml
[2026-03-13] 频道: 直播室2 | 数据源: https://github.com/mytv-android/SCTV_EPG/raw/refs/heads/main/epg.xml
[2026-03-14] 频道: 直播室2 | 数据源: https://github.com/mytv-android/SCTV_EPG/raw/refs/heads/main/epg.xml
[2026-03-12] 频道: 直播室3 | 数据源: https://github.com/mytv-android/SCTV_EPG/raw/refs/heads/main/epg.xml
[2026-03-13] 频道: 直播室3 | 数据源: https://github.com/mytv-android/SCTV_EPG/raw/refs/heads/main/epg.xml
[2026-03-14] 频道: 直播室3 | 数据源: https://github.com/mytv-android/SCTV_EPG/raw/refs/heads/main/epg.xml
[2026-03-12] 频道: 直播室4 | 数据源: https://github.com/mytv-android/SCTV_EPG/raw/refs/heads/main/epg.xml
[2026-03-13] 频道: 直播室4 | 数据源: https://github.com/mytv-android/SCTV_EPG/raw/refs/heads/main/epg.xml
[2026-03-14] 频道: 直播室4 | 数据源: https://github.com/mytv-android/SCTV_EPG/raw/refs/heads/main/epg.xml
[2026-03-12] 频道: 直播室5 | 数据源: https://github.com/mytv-android/SCTV_EPG/raw/refs/heads/main/epg.xml
[2026-03-13] 频道: 直播室5 | 数据源: https://github.com/mytv-android/SCTV_EPG/raw/refs/heads/main/epg.xml
[2026-03-14] 频道: 直播室5 | 数据源: https://github.com/mytv-android/SCTV_EPG/raw/refs/heads/main/epg.xml
[2026-03-12] 频道: 直播室6 | 数据源: https://github.com/mytv-android/SCTV_EPG/raw/refs/heads/main/epg.xml
[2026-03-13] 频道: 直播室6 | 数据源: https://github.com/mytv-android/SCTV_EPG/raw/refs/heads/main/epg.xml
[2026-03-14] 频道: 直播室6 | 数据源: https://github.com/mytv-android/SCTV_EPG/raw/refs/heads/main/epg.xml
[2026-03-12] 频道: 直播室7 | 数据源: https://github.com/mytv-android/SCTV_EPG/raw/refs/heads/main/epg.xml
[2026-03-13] 频道: 直播室7 | 数据源: https://github.com/mytv-android/SCTV_EPG/raw/refs/heads/main/epg.xml
[2026-03-14] 频道: 直播室7 | 数据源: https://github.com/mytv-android/SCTV_EPG/raw/refs/heads/main/epg.xml
[2026-03-08] 频道: 44 | 数据源: https://epg.136605.xyz/9days.xml
[2026-03-09] 频道: 44 | 数据源: https://epg.136605.xyz/9days.xml
[2026-03-10] 频道: 44 | 数据源: https://epg.136605.xyz/9days.xml
[2026-03-11] 频道: 44 | 数据源: https://epg.136605.xyz/9days.xml
[2026-03-12] 频道: 44 | 数据源: https://epg.136605.xyz/9days.xml
[2026-03-13] 频道: 44 | 数据源: https://epg.136605.xyz/9days.xml
[2026-03-14] 频道: 44 | 数据源: https://epg.136605.xyz/9days.xml
[2026-03-15] 频道: 44 | 数据源: https://epg.136605.xyz/9days.xml
[2026-03-16] 频道: 44 | 数据源: https://epg.136605.xyz/9days.xml
[2026-03-17] 频道: 44 | 数据源: https://epg.136605.xyz/9days.xml
[2026-03-08] 频道: 80 | 数据源: https://epg.136605.xyz/9days.xml
[2026-03-09] 频道: 80 | 数据源: https://epg.136605.xyz/9days.xml
[2026-03-10] 频道: 80 | 数据源: https://epg.136605.xyz/9days.xml
[2026-03-11] 频道: 80 | 数据源: https://epg.136605.xyz/9days.xml
[2026-03-12] 频道: 80 | 数据源: https://epg.136605.xyz/9days.xml
[2026-03-13] 频道: 80 | 数据源: https://epg.136605.xyz/9days.xml
[2026-03-14] 频道: 80 | 数据源: https://epg.136605.xyz/9days.xml
[2026-03-15] 频道: 80 | 数据源: https://epg.136605.xyz/9days.xml
[2026-03-16] 频道: 80 | 数据源: https://epg.136605.xyz/9days.xml
[2026-03-17] 频道: 80 | 数据源: https://epg.136605.xyz/9days.xml
[2026-03-08] 频道: 98 | 数据源: https://epg.136605.xyz/9days.xml
[2026-03-09] 频道: 98 | 数据源: https://epg.136605.xyz/9days.xml
[2026-03-10] 频道: 98 | 数据源: https://epg.136605.xyz/9days.xml
[2026-03-11] 频道: 98 | 数据源: https://epg.136605.xyz/9days.xml
[2026-03-12] 频道: 98 | 数据源: https://epg.136605.xyz/9days.xml
[2026-03-13] 频道: 98 | 数据源: https://epg.136605.xyz/9days.xml
[2026-03-14] 频道: 98 | 数据源: https://epg.136605.xyz/9days.xml
[2026-03-15] 频道: 98 | 数据源: https://epg.136605.xyz/9days.xml
[2026-03-16] 频道: 98 | 数据源: https://epg.136605.xyz/9days.xml
[2026-03-08] 频道: 101 | 数据源: https://epg.136605.xyz/9days.xml
[2026-03-09] 频道: 101 | 数据源: https://epg.136605.xyz/9days.xml
[2026-03-10] 频道: 101 | 数据源: https://epg.136605.xyz/9days.xml
[2026-03-11] 频道: 101 | 数据源: https://epg.136605.xyz/9days.xml
[2026-03-12] 频道: 101 | 数据源: https://epg.136605.xyz/9days.xml
[2026-03-13] 频道: 101 | 数据源: https://epg.136605.xyz/9days.xml
[2026-03-14] 频道: 101 | 数据源: https://epg.136605.xyz/9days.xml
[2026-03-15] 频道: 101 | 数据源: https://epg.136605.xyz/9days.xml
[2026-03-16] 频道: 101 | 数据源: https://epg.136605.xyz/9days.xml
[2026-03-08] 频道: 110 | 数据源: https://epg.136605.xyz/9days.xml
[2026-03-09] 频道: 110 | 数据源: https://epg.136605.xyz/9days.xml
[2026-03-10] 频道: 110 | 数据源: https://epg.136605.xyz/9days.xml
[2026-03-11] 频道: 110 | 数据源: https://epg.136605.xyz/9days.xml
[2026-03-12] 频道: 110 | 数据源: https://epg.136605.xyz/9days.xml
[2026-03-13] 频道: 110 | 数据源: https://epg.136605.xyz/9days.xml
[2026-03-14] 频道: 110 | 数据源: https://epg.136605.xyz/9days.xml
[2026-03-15] 频道: 110 | 数据源: https://epg.136605.xyz/9days.xml
[2026-03-16] 频道: 110 | 数据源: https://epg.136605.xyz/9days.xml
[2026-03-08] 频道: 1060 | 数据源: https://epg.136605.xyz/9days.xml
[2026-03-09] 频道: 1060 | 数据源: https://epg.136605.xyz/9days.xml
[2026-03-10] 频道: 1060 | 数据源: https://epg.136605.xyz/9days.xml
[2026-03-11] 频道: 1060 | 数据源: https://epg.136605.xyz/9days.xml
[2026-03-12] 频道: 1060 | 数据源: https://epg.136605.xyz/9days.xml
[2026-03-13] 频道: 1060 | 数据源: https://epg.136605.xyz/9days.xml
[2026-03-14] 频道: 1060 | 数据源: https://epg.136605.xyz/9days.xml
[2026-03-15] 频道: 1060 | 数据源: https://epg.136605.xyz/9days.xml
[2026-03-16] 频道: 1060 | 数据源: https://epg.136605.xyz/9days.xml
[2026-03-08] 频道: 1061 | 数据源: https://epg.136605.xyz/9days.xml
[2026-03-09] 频道: 1061 | 数据源: https://epg.136605.xyz/9days.xml
[2026-03-10] 频道: 1061 | 数据源: https://epg.136605.xyz/9days.xml
[2026-03-11] 频道: 1061 | 数据源: https://epg.136605.xyz/9days.xml
[2026-03-12] 频道: 1061 | 数据源: https://epg.136605.xyz/9days.xml
[2026-03-13] 频道: 1061 | 数据源: https://epg.136605.xyz/9days.xml
[2026-03-14] 频道: 1061 | 数据源: https://epg.136605.xyz/9days.xml
[2026-03-15] 频道: 1061 | 数据源: https://epg.136605.xyz/9days.xml
[2026-03-16] 频道: 1061 | 数据源: https://epg.136605.xyz/9days.xml
[2026-03-08] 频道: 1063 | 数据源: https://epg.136605.xyz/9days.xml
[2026-03-09] 频道: 1063 | 数据源: https://epg.136605.xyz/9days.xml
[2026-03-10] 频道: 1063 | 数据源: https://epg.136605.xyz/9days.xml
[2026-03-11] 频道: 1063 | 数据源: https://epg.136605.xyz/9days.xml
[2026-03-12] 频道: 1063 | 数据源: https://epg.136605.xyz/9days.xml
[2026-03-13] 频道: 1063 | 数据源: https://epg.136605.xyz/9days.xml
[2026-03-14] 频道: 1063 | 数据源: https://epg.136605.xyz/9days.xml
[2026-03-15] 频道: 1063 | 数据源: https://epg.136605.xyz/9days.xml
[2026-03-16] 频道: 1063 | 数据源: https://epg.136605.xyz/9days.xml
[2026-03-17] 频道: 1063 | 数据源: https://epg.136605.xyz/9days.xml
[2026-03-08] 频道: 1064 | 数据源: https://epg.136605.xyz/9days.xml
[2026-03-09] 频道: 1064 | 数据源: https://epg.136605.xyz/9days.xml
[2026-03-10] 频道: 1064 | 数据源: https://epg.136605.xyz/9days.xml
[2026-03-11] 频道: 1064 | 数据源: https://epg.136605.xyz/9days.xml
[2026-03-12] 频道: 1064 | 数据源: https://epg.136605.xyz/9days.xml
[2026-03-13] 频道: 1064 | 数据源: https://epg.136605.xyz/9days.xml
[2026-03-14] 频道: 1064 | 数据源: https://epg.136605.xyz/9days.xml
[2026-03-15] 频道: 1064 | 数据源: https://epg.136605.xyz/9days.xml
[2026-03-16] 频道: 1064 | 数据源: https://epg.136605.xyz/9days.xml
[2026-03-17] 频道: 1064 | 数据源: https://epg.136605.xyz/9days.xml
[2026-03-08] 频道: 1065 | 数据源: https://epg.136605.xyz/9days.xml
[2026-03-09] 频道: 1065 | 数据源: https://epg.136605.xyz/9days.xml
[2026-03-10] 频道: 1065 | 数据源: https://epg.136605.xyz/9days.xml
[2026-03-11] 频道: 1065 | 数据源: https://epg.136605.xyz/9days.xml
[2026-03-12] 频道: 1065 | 数据源: https://epg.136605.xyz/9days.xml
[2026-03-13] 频道: 1065 | 数据源: https://epg.136605.xyz/9days.xml
[2026-03-14] 频道: 1065 | 数据源: https://epg.136605.xyz/9days.xml
[2026-03-15] 频道: 1065 | 数据源: https://epg.136605.xyz/9days.xml
[2026-03-16] 频道: 1065 | 数据源: https://epg.136605.xyz/9days.xml
[2026-03-08] 频道: 1066 | 数据源: https://epg.136605.xyz/9days.xml
[2026-03-09] 频道: 1066 | 数据源: https://epg.136605.xyz/9days.xml
[2026-03-10] 频道: 1066 | 数据源: https://epg.136605.xyz/9days.xml
[2026-03-11] 频道: 1066 | 数据源: https://epg.136605.xyz/9days.xml
[2026-03-12] 频道: 1066 | 数据源: https://epg.136605.xyz/9days.xml
[2026-03-13] 频道: 1066 | 数据源: https://epg.136605.xyz/9days.xml
[2026-03-14] 频道: 1066 | 数据源: https://epg.136605.xyz/9days.xml
[2026-03-15] 频道: 1066 | 数据源: https://epg.136605.xyz/9days.xml
[2026-03-16] 频道: 1066 | 数据源: https://epg.136605.xyz/9days.xml
[2026-03-08] 频道: 1067 | 数据源: https://epg.136605.xyz/9days.xml
[2026-03-09] 频道: 1067 | 数据源: https://epg.136605.xyz/9days.xml
[2026-03-10] 频道: 1067 | 数据源: https://epg.136605.xyz/9days.xml
[2026-03-11] 频道: 1067 | 数据源: https://epg.136605.xyz/9days.xml
[2026-03-12] 频道: 1067 | 数据源: https://epg.136605.xyz/9days.xml
[2026-03-13] 频道: 1067 | 数据源: https://epg.136605.xyz/9days.xml
[2026-03-14] 频道: 1067 | 数据源: https://epg.136605.xyz/9days.xml
[2026-03-15] 频道: 1067 | 数据源: https://epg.136605.xyz/9days.xml
[2026-03-16] 频道: 1067 | 数据源: https://epg.136605.xyz/9days.xml
[2026-03-08] 频道: 1068 | 数据源: https://epg.136605.xyz/9days.xml
[2026-03-09] 频道: 1068 | 数据源: https://epg.136605.xyz/9days.xml
[2026-03-10] 频道: 1068 | 数据源: https://epg.136605.xyz/9days.xml
[2026-03-11] 频道: 1068 | 数据源: https://epg.136605.xyz/9days.xml
[2026-03-12] 频道: 1068 | 数据源: https://epg.136605.xyz/9days.xml
[2026-03-13] 频道: 1068 | 数据源: https://epg.136605.xyz/9days.xml
[2026-03-14] 频道: 1068 | 数据源: https://epg.136605.xyz/9days.xml
[2026-03-15] 频道: 1068 | 数据源: https://epg.136605.xyz/9days.xml
[2026-03-16] 频道: 1068 | 数据源: https://epg.136605.xyz/9days.xml
[2026-03-08] 频道: 1069 | 数据源: https://epg.136605.xyz/9days.xml
[2026-03-09] 频道: 1069 | 数据源: https://epg.136605.xyz/9days.xml
[2026-03-10] 频道: 1069 | 数据源: https://epg.136605.xyz/9days.xml
[2026-03-11] 频道: 1069 | 数据源: https://epg.136605.xyz/9days.xml
[2026-03-12] 频道: 1069 | 数据源: https://epg.136605.xyz/9days.xml
[2026-03-13] 频道: 1069 | 数据源: https://epg.136605.xyz/9days.xml
[2026-03-14] 频道: 1069 | 数据源: https://epg.136605.xyz/9days.xml
[2026-03-15] 频道: 1069 | 数据源: https://epg.136605.xyz/9days.xml
[2026-03-16] 频道: 1069 | 数据源: https://epg.136605.xyz/9days.xml
[2026-03-08] 频道: 1070 | 数据源: https://epg.136605.xyz/9days.xml
[2026-03-09] 频道: 1070 | 数据源: https://epg.136605.xyz/9days.xml
[2026-03-10] 频道: 1070 | 数据源: https://epg.136605.xyz/9days.xml
[2026-03-11] 频道: 1070 | 数据源: https://epg.136605.xyz/9days.xml
[2026-03-12] 频道: 1070 | 数据源: https://epg.136605.xyz/9days.xml
[2026-03-13] 频道: 1070 | 数据源: https://epg.136605.xyz/9days.xml
[2026-03-14] 频道: 1070 | 数据源: https://epg.136605.xyz/9days.xml
[2026-03-15] 频道: 1070 | 数据源: https://epg.136605.xyz/9days.xml
[2026-03-16] 频道: 1070 | 数据源: https://epg.136605.xyz/9days.xml
[2026-03-08] 频道: 1072 | 数据源: https://epg.136605.xyz/9days.xml
[2026-03-09] 频道: 1072 | 数据源: https://epg.136605.xyz/9days.xml
[2026-03-10] 频道: 1072 | 数据源: https://epg.136605.xyz/9days.xml
[2026-03-11] 频道: 1072 | 数据源: https://epg.136605.xyz/9days.xml
[2026-03-12] 频道: 1072 | 数据源: https://epg.136605.xyz/9days.xml
[2026-03-13] 频道: 1072 | 数据源: https://epg.136605.xyz/9days.xml
[2026-03-14] 频道: 1072 | 数据源: https://epg.136605.xyz/9days.xml
[2026-03-15] 频道: 1072 | 数据源: https://epg.136605.xyz/9days.xml
[2026-03-16] 频道: 1072 | 数据源: https://epg.136605.xyz/9days.xml
[2026-03-08] 频道: 1073 | 数据源: https://epg.136605.xyz/9days.xml
[2026-03-09] 频道: 1073 | 数据源: https://epg.136605.xyz/9days.xml
[2026-03-10] 频道: 1073 | 数据源: https://epg.136605.xyz/9days.xml
[2026-03-11] 频道: 1073 | 数据源: https://epg.136605.xyz/9days.xml
[2026-03-12] 频道: 1073 | 数据源: https://epg.136605.xyz/9days.xml
[2026-03-13] 频道: 1073 | 数据源: https://epg.136605.xyz/9days.xml
[2026-03-14] 频道: 1073 | 数据源: https://epg.136605.xyz/9days.xml
[2026-03-15] 频道: 1073 | 数据源: https://epg.136605.xyz/9days.xml
[2026-03-16] 频道: 1073 | 数据源: https://epg.136605.xyz/9days.xml
[2026-03-17] 频道: 1073 | 数据源: https://epg.136605.xyz/9days.xml
[2026-03-08] 频道: 1074 | 数据源: https://epg.136605.xyz/9days.xml
[2026-03-09] 频道: 1074 | 数据源: https://epg.136605.xyz/9days.xml
[2026-03-10] 频道: 1074 | 数据源: https://epg.136605.xyz/9days.xml
[2026-03-11] 频道: 1074 | 数据源: https://epg.136605.xyz/9days.xml
[2026-03-12] 频道: 1074 | 数据源: https://epg.136605.xyz/9days.xml
[2026-03-13] 频道: 1074 | 数据源: https://epg.136605.xyz/9days.xml
[2026-03-14] 频道: 1074 | 数据源: https://epg.136605.xyz/9days.xml
[2026-03-15] 频道: 1074 | 数据源: https://epg.136605.xyz/9days.xml
[2026-03-16] 频道: 1074 | 数据源: https://epg.136605.xyz/9days.xml
[2026-03-17] 频道: 1074 | 数据源: https://epg.136605.xyz/9days.xml
[2026-03-08] 频道: 1075 | 数据源: https://epg.136605.xyz/9days.xml
[2026-03-09] 频道: 1075 | 数据源: https://epg.136605.xyz/9days.xml
[2026-03-10] 频道: 1075 | 数据源: https://epg.136605.xyz/9days.xml
[2026-03-11] 频道: 1075 | 数据源: https://epg.136605.xyz/9days.xml
[2026-03-12] 频道: 1075 | 数据源: https://epg.136605.xyz/9days.xml
[2026-03-13] 频道: 1075 | 数据源: https://epg.136605.xyz/9days.xml
[2026-03-14] 频道: 1075 | 数据源: https://epg.136605.xyz/9days.xml
[2026-03-15] 频道: 1075 | 数据源: https://epg.136605.xyz/9days.xml
[2026-03-16] 频道: 1075 | 数据源: https://epg.136605.xyz/9days.xml
[2026-03-17] 频道: 1075 | 数据源: https://epg.136605.xyz/9days.xml
[2026-03-08] 频道: 1077 | 数据源: https://epg.136605.xyz/9days.xml
[2026-03-09] 频道: 1077 | 数据源: https://epg.136605.xyz/9days.xml
[2026-03-10] 频道: 1077 | 数据源: https://epg.136605.xyz/9days.xml
[2026-03-11] 频道: 1077 | 数据源: https://epg.136605.xyz/9days.xml
[2026-03-12] 频道: 1077 | 数据源: https://epg.136605.xyz/9days.xml
[2026-03-13] 频道: 1077 | 数据源: https://epg.136605.xyz/9days.xml
[2026-03-14] 频道: 1077 | 数据源: https://epg.136605.xyz/9days.xml
[2026-03-15] 频道: 1077 | 数据源: https://epg.136605.xyz/9days.xml
[2026-03-16] 频道: 1077 | 数据源: https://epg.136605.xyz/9days.xml
[2026-03-17] 频道: 1077 | 数据源: https://epg.136605.xyz/9days.xml
[2026-03-08] 频道: 1078 | 数据源: https://epg.136605.xyz/9days.xml
[2026-03-09] 频道: 1078 | 数据源: https://epg.136605.xyz/9days.xml
[2026-03-10] 频道: 1078 | 数据源: https://epg.136605.xyz/9days.xml
[2026-03-11] 频道: 1078 | 数据源: https://epg.136605.xyz/9days.xml
[2026-03-12] 频道: 1078 | 数据源: https://epg.136605.xyz/9days.xml
[2026-03-13] 频道: 1078 | 数据源: https://epg.136605.xyz/9days.xml
[2026-03-14] 频道: 1078 | 数据源: https://epg.136605.xyz/9days.xml
[2026-03-15] 频道: 1078 | 数据源: https://epg.136605.xyz/9days.xml
[2026-03-16] 频道: 1078 | 数据源: https://epg.136605.xyz/9days.xml
[2026-03-17] 频道: 1078 | 数据源: https://epg.136605.xyz/9days.xml
[2026-03-08] 频道: 1079 | 数据源: https://epg.136605.xyz/9days.xml
[2026-03-09] 频道: 1079 | 数据源: https://epg.136605.xyz/9days.xml
[2026-03-10] 频道: 1079 | 数据源: https://epg.136605.xyz/9days.xml
[2026-03-11] 频道: 1079 | 数据源: https://epg.136605.xyz/9days.xml
[2026-03-12] 频道: 1079 | 数据源: https://epg.136605.xyz/9days.xml
[2026-03-13] 频道: 1079 | 数据源: https://epg.136605.xyz/9days.xml
[2026-03-14] 频道: 1079 | 数据源: https://epg.136605.xyz/9days.xml
[2026-03-15] 频道: 1079 | 数据源: https://epg.136605.xyz/9days.xml
[2026-03-16] 频道: 1079 | 数据源: https://epg.136605.xyz/9days.xml
[2026-03-17] 频道: 1079 | 数据源: https://epg.136605.xyz/9days.xml
[2026-03-08] 频道: 1080 | 数据源: https://epg.136605.xyz/9days.xml
[2026-03-09] 频道: 1080 | 数据源: https://epg.136605.xyz/9days.xml
[2026-03-10] 频道: 1080 | 数据源: https://epg.136605.xyz/9days.xml
[2026-03-11] 频道: 1080 | 数据源: https://epg.136605.xyz/9days.xml
[2026-03-12] 频道: 1080 | 数据源: https://epg.136605.xyz/9days.xml
[2026-03-13] 频道: 1080 | 数据源: https://epg.136605.xyz/9days.xml
[2026-03-14] 频道: 1080 | 数据源: https://epg.136605.xyz/9days.xml
[2026-03-15] 频道: 1080 | 数据源: https://epg.136605.xyz/9days.xml
[2026-03-16] 频道: 1080 | 数据源: https://epg.136605.xyz/9days.xml
[2026-03-17] 频道: 1080 | 数据源: https://epg.136605.xyz/9days.xml
[2026-03-08] 频道: 1081 | 数据源: https://epg.136605.xyz/9days.xml
[2026-03-09] 频道: 1081 | 数据源: https://epg.136605.xyz/9days.xml
[2026-03-10] 频道: 1081 | 数据源: https://epg.136605.xyz/9days.xml
[2026-03-11] 频道: 1081 | 数据源: https://epg.136605.xyz/9days.xml
[2026-03-12] 频道: 1081 | 数据源: https://epg.136605.xyz/9days.xml
[2026-03-13] 频道: 1081 | 数据源: https://epg.136605.xyz/9days.xml
[2026-03-14] 频道: 1081 | 数据源: https://epg.136605.xyz/9days.xml
[2026-03-15] 频道: 1081 | 数据源: https://epg.136605.xyz/9days.xml
[2026-03-16] 频道: 1081 | 数据源: https://epg.136605.xyz/9days.xml
[2026-03-17] 频道: 1081 | 数据源: https://epg.136605.xyz/9days.xml
[2026-03-08] 频道: 1082 | 数据源: https://epg.136605.xyz/9days.xml
[2026-03-09] 频道: 1082 | 数据源: https://epg.136605.xyz/9days.xml
[2026-03-10] 频道: 1082 | 数据源: https://epg.136605.xyz/9days.xml
[2026-03-11] 频道: 1082 | 数据源: https://epg.136605.xyz/9days.xml
[2026-03-12] 频道: 1082 | 数据源: https://epg.136605.xyz/9days.xml
[2026-03-13] 频道: 1082 | 数据源: https://epg.136605.xyz/9days.xml
[2026-03-14] 频道: 1082 | 数据源: https://epg.136605.xyz/9days.xml
[2026-03-15] 频道: 1082 | 数据源: https://epg.136605.xyz/9days.xml
[2026-03-16] 频道: 1082 | 数据源: https://epg.136605.xyz/9days.xml
[2026-03-17] 频道: 1082 | 数据源: https://epg.136605.xyz/9days.xml
[2026-03-08] 频道: 1083 | 数据源: https://epg.136605.xyz/9days.xml
[2026-03-09] 频道: 1083 | 数据源: https://epg.136605.xyz/9days.xml
[2026-03-10] 频道: 1083 | 数据源: https://epg.136605.xyz/9days.xml
[2026-03-11] 频道: 1083 | 数据源: https://epg.136605.xyz/9days.xml
[2026-03-12] 频道: 1083 | 数据源: https://epg.136605.xyz/9days.xml
[2026-03-13] 频道: 1083 | 数据源: https://epg.136605.xyz/9days.xml
[2026-03-14] 频道: 1083 | 数据源: https://epg.136605.xyz/9days.xml
[2026-03-15] 频道: 1083 | 数据源: https://epg.136605.xyz/9days.xml
[2026-03-16] 频道: 1083 | 数据源: https://epg.136605.xyz/9days.xml
[2026-03-08] 频道: 1087 | 数据源: https://epg.136605.xyz/9days.xml
[2026-03-09] 频道: 1087 | 数据源: https://epg.136605.xyz/9days.xml
[2026-03-10] 频道: 1087 | 数据源: https://epg.136605.xyz/9days.xml
[2026-03-11] 频道: 1087 | 数据源: https://epg.136605.xyz/9days.xml
[2026-03-12] 频道: 1087 | 数据源: https://epg.136605.xyz/9days.xml
[2026-03-13] 频道: 1087 | 数据源: https://epg.136605.xyz/9days.xml
[2026-03-14] 频道: 1087 | 数据源: https://epg.136605.xyz/9days.xml
[2026-03-15] 频道: 1087 | 数据源: https://epg.136605.xyz/9days.xml
[2026-03-16] 频道: 1087 | 数据源: https://epg.136605.xyz/9days.xml
[2026-03-08] 频道: 1089 | 数据源: https://epg.136605.xyz/9days.xml
[2026-03-09] 频道: 1089 | 数据源: https://epg.136605.xyz/9days.xml
[2026-03-10] 频道: 1089 | 数据源: https://epg.136605.xyz/9days.xml
[2026-03-11] 频道: 1089 | 数据源: https://epg.136605.xyz/9days.xml
[2026-03-12] 频道: 1089 | 数据源: https://epg.136605.xyz/9days.xml
[2026-03-13] 频道: 1089 | 数据源: https://epg.136605.xyz/9days.xml
[2026-03-14] 频道: 1089 | 数据源: https://epg.136605.xyz/9days.xml
[2026-03-15] 频道: 1089 | 数据源: https://epg.136605.xyz/9days.xml
[2026-03-16] 频道: 1089 | 数据源: https://epg.136605.xyz/9days.xml
[2026-03-17] 频道: 1089 | 数据源: https://epg.136605.xyz/9days.xml
[2026-03-08] 频道: 1092 | 数据源: https://epg.136605.xyz/9days.xml
[2026-03-09] 频道: 1092 | 数据源: https://epg.136605.xyz/9days.xml
[2026-03-10] 频道: 1092 | 数据源: https://epg.136605.xyz/9days.xml
[2026-03-11] 频道: 1092 | 数据源: https://epg.136605.xyz/9days.xml
[2026-03-12] 频道: 1092 | 数据源: https://epg.136605.xyz/9days.xml
[2026-03-13] 频道: 1092 | 数据源: https://epg.136605.xyz/9days.xml
[2026-03-14] 频道: 1092 | 数据源: https://epg.136605.xyz/9days.xml
[2026-03-15] 频道: 1092 | 数据源: https://epg.136605.xyz/9days.xml
[2026-03-16] 频道: 1092 | 数据源: https://epg.136605.xyz/9days.xml
[2026-03-08] 频道: 1093 | 数据源: https://epg.136605.xyz/9days.xml
[2026-03-09] 频道: 1093 | 数据源: https://epg.136605.xyz/9days.xml
[2026-03-10] 频道: 1093 | 数据源: https://epg.136605.xyz/9days.xml
[2026-03-11] 频道: 1093 | 数据源: https://epg.136605.xyz/9days.xml
[2026-03-12] 频道: 1093 | 数据源: https://epg.136605.xyz/9days.xml
[2026-03-13] 频道: 1093 | 数据源: https://epg.136605.xyz/9days.xml
[2026-03-14] 频道: 1093 | 数据源: https://epg.136605.xyz/9days.xml
[2026-03-15] 频道: 1093 | 数据源: https://epg.136605.xyz/9days.xml
[2026-03-16] 频道: 1093 | 数据源: https://epg.136605.xyz/9days.xml
[2026-03-08] 频道: 1094 | 数据源: https://epg.136605.xyz/9days.xml
[2026-03-09] 频道: 1094 | 数据源: https://epg.136605.xyz/9days.xml
[2026-03-10] 频道: 1094 | 数据源: https://epg.136605.xyz/9days.xml
[2026-03-11] 频道: 1094 | 数据源: https://epg.136605.xyz/9days.xml
[2026-03-12] 频道: 1094 | 数据源: https://epg.136605.xyz/9days.xml
[2026-03-13] 频道: 1094 | 数据源: https://epg.136605.xyz/9days.xml
[2026-03-14] 频道: 1094 | 数据源: https://epg.136605.xyz/9days.xml
[2026-03-15] 频道: 1094 | 数据源: https://epg.136605.xyz/9days.xml
[2026-03-16] 频道: 1094 | 数据源: https://epg.136605.xyz/9days.xml
[2026-03-17] 频道: 1094 | 数据源: https://epg.136605.xyz/9days.xml
[2026-03-08] 频道: 1095 | 数据源: https://epg.136605.xyz/9days.xml
[2026-03-09] 频道: 1095 | 数据源: https://epg.136605.xyz/9days.xml
[2026-03-10] 频道: 1095 | 数据源: https://epg.136605.xyz/9days.xml
[2026-03-11] 频道: 1095 | 数据源: https://epg.136605.xyz/9days.xml
[2026-03-12] 频道: 1095 | 数据源: https://epg.136605.xyz/9days.xml
[2026-03-13] 频道: 1095 | 数据源: https://epg.136605.xyz/9days.xml
[2026-03-14] 频道: 1095 | 数据源: https://epg.136605.xyz/9days.xml
[2026-03-15] 频道: 1095 | 数据源: https://epg.136605.xyz/9days.xml
[2026-03-16] 频道: 1095 | 数据源: https://epg.136605.xyz/9days.xml
[2026-03-08] 频道: 1096 | 数据源: https://epg.136605.xyz/9days.xml
[2026-03-09] 频道: 1096 | 数据源: https://epg.136605.xyz/9days.xml
[2026-03-10] 频道: 1096 | 数据源: https://epg.136605.xyz/9days.xml
[2026-03-11] 频道: 1096 | 数据源: https://epg.136605.xyz/9days.xml
[2026-03-12] 频道: 1096 | 数据源: https://epg.136605.xyz/9days.xml
[2026-03-13] 频道: 1096 | 数据源: https://epg.136605.xyz/9days.xml
[2026-03-14] 频道: 1096 | 数据源: https://epg.136605.xyz/9days.xml
[2026-03-15] 频道: 1096 | 数据源: https://epg.136605.xyz/9days.xml
[2026-03-16] 频道: 1096 | 数据源: https://epg.136605.xyz/9days.xml
[2026-03-08] 频道: 1097 | 数据源: https://epg.136605.xyz/9days.xml
[2026-03-09] 频道: 1097 | 数据源: https://epg.136605.xyz/9days.xml
[2026-03-10] 频道: 1097 | 数据源: https://epg.136605.xyz/9days.xml
[2026-03-11] 频道: 1097 | 数据源: https://epg.136605.xyz/9days.xml
[2026-03-12] 频道: 1097 | 数据源: https://epg.136605.xyz/9days.xml
[2026-03-13] 频道: 1097 | 数据源: https://epg.136605.xyz/9days.xml
[2026-03-14] 频道: 1097 | 数据源: https://epg.136605.xyz/9days.xml
[2026-03-15] 频道: 1097 | 数据源: https://epg.136605.xyz/9days.xml
[2026-03-16] 频道: 1097 | 数据源: https://epg.136605.xyz/9days.xml
[2026-03-17] 频道: 1097 | 数据源: https://epg.136605.xyz/9days.xml
[2026-03-08] 频道: 1104 | 数据源: https://epg.136605.xyz/9days.xml
[2026-03-09] 频道: 1104 | 数据源: https://epg.136605.xyz/9days.xml
[2026-03-10] 频道: 1104 | 数据源: https://epg.136605.xyz/9days.xml
[2026-03-11] 频道: 1104 | 数据源: https://epg.136605.xyz/9days.xml
[2026-03-12] 频道: 1104 | 数据源: https://epg.136605.xyz/9days.xml
[2026-03-13] 频道: 1104 | 数据源: https://epg.136605.xyz/9days.xml
[2026-03-14] 频道: 1104 | 数据源: https://epg.136605.xyz/9days.xml
[2026-03-15] 频道: 1104 | 数据源: https://epg.136605.xyz/9days.xml
[2026-03-16] 频道: 1104 | 数据源: https://epg.136605.xyz/9days.xml
[2026-03-08] 频道: 1105 | 数据源: https://epg.136605.xyz/9days.xml
[2026-03-09] 频道: 1105 | 数据源: https://epg.136605.xyz/9days.xml
[2026-03-10] 频道: 1105 | 数据源: https://epg.136605.xyz/9days.xml
[2026-03-11] 频道: 1105 | 数据源: https://epg.136605.xyz/9days.xml
[2026-03-12] 频道: 1105 | 数据源: https://epg.136605.xyz/9days.xml
[2026-03-13] 频道: 1105 | 数据源: https://epg.136605.xyz/9days.xml
[2026-03-14] 频道: 1105 | 数据源: https://epg.136605.xyz/9days.xml
[2026-03-15] 频道: 1105 | 数据源: https://epg.136605.xyz/9days.xml
[2026-03-16] 频道: 1105 | 数据源: https://epg.136605.xyz/9days.xml
[2026-03-08] 频道: 1106 | 数据源: https://epg.136605.xyz/9days.xml
[2026-03-09] 频道: 1106 | 数据源: https://epg.136605.xyz/9days.xml
[2026-03-10] 频道: 1106 | 数据源: https://epg.136605.xyz/9days.xml
[2026-03-11] 频道: 1106 | 数据源: https://epg.136605.xyz/9days.xml
[2026-03-12] 频道: 1106 | 数据源: https://epg.136605.xyz/9days.xml
[2026-03-13] 频道: 1106 | 数据源: https://epg.136605.xyz/9days.xml
[2026-03-14] 频道: 1106 | 数据源: https://epg.136605.xyz/9days.xml
[2026-03-15] 频道: 1106 | 数据源: https://epg.136605.xyz/9days.xml
[2026-03-16] 频道: 1106 | 数据源: https://epg.136605.xyz/9days.xml
[2026-03-17] 频道: 1106 | 数据源: https://epg.136605.xyz/9days.xml
[2026-03-08] 频道: 1107 | 数据源: https://epg.136605.xyz/9days.xml
[2026-03-09] 频道: 1107 | 数据源: https://epg.136605.xyz/9days.xml
[2026-03-10] 频道: 1107 | 数据源: https://epg.136605.xyz/9days.xml
[2026-03-11] 频道: 1107 | 数据源: https://epg.136605.xyz/9days.xml
[2026-03-12] 频道: 1107 | 数据源: https://epg.136605.xyz/9days.xml
[2026-03-13] 频道: 1107 | 数据源: https://epg.136605.xyz/9days.xml
[2026-03-14] 频道: 1107 | 数据源: https://epg.136605.xyz/9days.xml
[2026-03-15] 频道: 1107 | 数据源: https://epg.136605.xyz/9days.xml
[2026-03-16] 频道: 1107 | 数据源: https://epg.136605.xyz/9days.xml
[2026-03-17] 频道: 1107 | 数据源: https://epg.136605.xyz/9days.xml
[2026-03-08] 频道: 1108 | 数据源: https://epg.136605.xyz/9days.xml
[2026-03-09] 频道: 1108 | 数据源: https://epg.136605.xyz/9days.xml
[2026-03-10] 频道: 1108 | 数据源: https://epg.136605.xyz/9days.xml
[2026-03-11] 频道: 1108 | 数据源: https://epg.136605.xyz/9days.xml
[2026-03-12] 频道: 1108 | 数据源: https://epg.136605.xyz/9days.xml
[2026-03-13] 频道: 1108 | 数据源: https://epg.136605.xyz/9days.xml
[2026-03-14] 频道: 1108 | 数据源: https://epg.136605.xyz/9days.xml
[2026-03-15] 频道: 1108 | 数据源: https://epg.136605.xyz/9days.xml
[2026-03-16] 频道: 1108 | 数据源: https://epg.136605.xyz/9days.xml
[2026-03-17] 频道: 1108 | 数据源: https://epg.136605.xyz/9days.xml
[2026-03-08] 频道: 1109 | 数据源: https://epg.136605.xyz/9days.xml
[2026-03-09] 频道: 1109 | 数据源: https://epg.136605.xyz/9days.xml
[2026-03-10] 频道: 1109 | 数据源: https://epg.136605.xyz/9days.xml
[2026-03-11] 频道: 1109 | 数据源: https://epg.136605.xyz/9days.xml
[2026-03-12] 频道: 1109 | 数据源: https://epg.136605.xyz/9days.xml
[2026-03-13] 频道: 1109 | 数据源: https://epg.136605.xyz/9days.xml
[2026-03-14] 频道: 1109 | 数据源: https://epg.136605.xyz/9days.xml
[2026-03-15] 频道: 1109 | 数据源: https://epg.136605.xyz/9days.xml
[2026-03-16] 频道: 1109 | 数据源: https://epg.136605.xyz/9days.xml
[2026-03-17] 频道: 1109 | 数据源: https://epg.136605.xyz/9days.xml
[2026-03-08] 频道: 1110 | 数据源: https://epg.136605.xyz/9days.xml
[2026-03-09] 频道: 1110 | 数据源: https://epg.136605.xyz/9days.xml
[2026-03-10] 频道: 1110 | 数据源: https://epg.136605.xyz/9days.xml
[2026-03-11] 频道: 1110 | 数据源: https://epg.136605.xyz/9days.xml
[2026-03-12] 频道: 1110 | 数据源: https://epg.136605.xyz/9days.xml
[2026-03-13] 频道: 1110 | 数据源: https://epg.136605.xyz/9days.xml
[2026-03-14] 频道: 1110 | 数据源: https://epg.136605.xyz/9days.xml
[2026-03-15] 频道: 1110 | 数据源: https://epg.136605.xyz/9days.xml
[2026-03-16] 频道: 1110 | 数据源: https://epg.136605.xyz/9days.xml
[2026-03-08] 频道: 1111 | 数据源: https://epg.136605.xyz/9days.xml
[2026-03-09] 频道: 1111 | 数据源: https://epg.136605.xyz/9days.xml
[2026-03-10] 频道: 1111 | 数据源: https://epg.136605.xyz/9days.xml
[2026-03-11] 频道: 1111 | 数据源: https://epg.136605.xyz/9days.xml
[2026-03-12] 频道: 1111 | 数据源: https://epg.136605.xyz/9days.xml
[2026-03-13] 频道: 1111 | 数据源: https://epg.136605.xyz/9days.xml
[2026-03-14] 频道: 1111 | 数据源: https://epg.136605.xyz/9days.xml
[2026-03-15] 频道: 1111 | 数据源: https://epg.136605.xyz/9days.xml
[2026-03-16] 频道: 1111 | 数据源: https://epg.136605.xyz/9days.xml
[2026-03-08] 频道: 1112 | 数据源: https://epg.136605.xyz/9days.xml
[2026-03-09] 频道: 1112 | 数据源: https://epg.136605.xyz/9days.xml
[2026-03-10] 频道: 1112 | 数据源: https://epg.136605.xyz/9days.xml
[2026-03-11] 频道: 1112 | 数据源: https://epg.136605.xyz/9days.xml
[2026-03-12] 频道: 1112 | 数据源: https://epg.136605.xyz/9days.xml
[2026-03-13] 频道: 1112 | 数据源: https://epg.136605.xyz/9days.xml
[2026-03-14] 频道: 1112 | 数据源: https://epg.136605.xyz/9days.xml
[2026-03-15] 频道: 1112 | 数据源: https://epg.136605.xyz/9days.xml
[2026-03-16] 频道: 1112 | 数据源: https://epg.136605.xyz/9days.xml
[2026-03-08] 频道: 1121 | 数据源: https://epg.136605.xyz/9days.xml
[2026-03-09] 频道: 1121 | 数据源: https://epg.136605.xyz/9days.xml
[2026-03-10] 频道: 1121 | 数据源: https://epg.136605.xyz/9days.xml
[2026-03-11] 频道: 1121 | 数据源: https://epg.136605.xyz/9days.xml
[2026-03-12] 频道: 1121 | 数据源: https://epg.136605.xyz/9days.xml
[2026-03-13] 频道: 1121 | 数据源: https://epg.136605.xyz/9days.xml
[2026-03-14] 频道: 1121 | 数据源: https://epg.136605.xyz/9days.xml
[2026-03-15] 频道: 1121 | 数据源: https://epg.136605.xyz/9days.xml
[2026-03-16] 频道: 1121 | 数据源: https://epg.136605.xyz/9days.xml
[2026-03-08] 频道: 1126 | 数据源: https://epg.136605.xyz/9days.xml
[2026-03-09] 频道: 1126 | 数据源: https://epg.136605.xyz/9days.xml
[2026-03-10] 频道: 1126 | 数据源: https://epg.136605.xyz/9days.xml
[2026-03-11] 频道: 1126 | 数据源: https://epg.136605.xyz/9days.xml
[2026-03-12] 频道: 1126 | 数据源: https://epg.136605.xyz/9days.xml
[2026-03-13] 频道: 1126 | 数据源: https://epg.136605.xyz/9days.xml
[2026-03-14] 频道: 1126 | 数据源: https://epg.136605.xyz/9days.xml
[2026-03-15] 频道: 1126 | 数据源: https://epg.136605.xyz/9days.xml
[2026-03-16] 频道: 1126 | 数据源: https://epg.136605.xyz/9days.xml
[2026-03-08] 频道: 1127 | 数据源: https://epg.136605.xyz/9days.xml
[2026-03-09] 频道: 1127 | 数据源: https://epg.136605.xyz/9days.xml
[2026-03-10] 频道: 1127 | 数据源: https://epg.136605.xyz/9days.xml
[2026-03-11] 频道: 1127 | 数据源: https://epg.136605.xyz/9days.xml
[2026-03-12] 频道: 1127 | 数据源: https://epg.136605.xyz/9days.xml
[2026-03-13] 频道: 1127 | 数据源: https://epg.136605.xyz/9days.xml
[2026-03-14] 频道: 1127 | 数据源: https://epg.136605.xyz/9days.xml
[2026-03-15] 频道: 1127 | 数据源: https://epg.136605.xyz/9days.xml
[2026-03-16] 频道: 1127 | 数据源: https://epg.136605.xyz/9days.xml
[2026-03-08] 频道: 1129 | 数据源: https://epg.136605.xyz/9days.xml
[2026-03-09] 频道: 1129 | 数据源: https://epg.136605.xyz/9days.xml
[2026-03-10] 频道: 1129 | 数据源: https://epg.136605.xyz/9days.xml
[2026-03-11] 频道: 1129 | 数据源: https://epg.136605.xyz/9days.xml
[2026-03-12] 频道: 1129 | 数据源: https://epg.136605.xyz/9days.xml
[2026-03-13] 频道: 1129 | 数据源: https://epg.136605.xyz/9days.xml
[2026-03-14] 频道: 1129 | 数据源: https://epg.136605.xyz/9days.xml
[2026-03-15] 频道: 1129 | 数据源: https://epg.136605.xyz/9days.xml
[2026-03-16] 频道: 1129 | 数据源: https://epg.136605.xyz/9days.xml
[2026-03-17] 频道: 1129 | 数据源: https://epg.136605.xyz/9days.xml
[2026-03-08] 频道: 1135 | 数据源: https://epg.136605.xyz/9days.xml
[2026-03-09] 频道: 1135 | 数据源: https://epg.136605.xyz/9days.xml
[2026-03-10] 频道: 1135 | 数据源: https://epg.136605.xyz/9days.xml
[2026-03-11] 频道: 1135 | 数据源: https://epg.136605.xyz/9days.xml
[2026-03-12] 频道: 1135 | 数据源: https://epg.136605.xyz/9days.xml
[2026-03-13] 频道: 1135 | 数据源: https://epg.136605.xyz/9days.xml
[2026-03-14] 频道: 1135 | 数据源: https://epg.136605.xyz/9days.xml
[2026-03-15] 频道: 1135 | 数据源: https://epg.136605.xyz/9days.xml
[2026-03-16] 频道: 1135 | 数据源: https://epg.136605.xyz/9days.xml
[2026-03-08] 频道: 1139 | 数据源: https://epg.136605.xyz/9days.xml
[2026-03-09] 频道: 1139 | 数据源: https://epg.136605.xyz/9days.xml
[2026-03-10] 频道: 1139 | 数据源: https://epg.136605.xyz/9days.xml
[2026-03-11] 频道: 1139 | 数据源: https://epg.136605.xyz/9days.xml
[2026-03-12] 频道: 1139 | 数据源: https://epg.136605.xyz/9days.xml
[2026-03-13] 频道: 1139 | 数据源: https://epg.136605.xyz/9days.xml
[2026-03-14] 频道: 1139 | 数据源: https://epg.136605.xyz/9days.xml
[2026-03-15] 频道: 1139 | 数据源: https://epg.136605.xyz/9days.xml
[2026-03-16] 频道: 1139 | 数据源: https://epg.136605.xyz/9days.xml
[2026-03-08] 频道: 1140 | 数据源: https://epg.136605.xyz/9days.xml
[2026-03-09] 频道: 1140 | 数据源: https://epg.136605.xyz/9days.xml
[2026-03-10] 频道: 1140 | 数据源: https://epg.136605.xyz/9days.xml
[2026-03-11] 频道: 1140 | 数据源: https://epg.136605.xyz/9days.xml
[2026-03-12] 频道: 1140 | 数据源: https://epg.136605.xyz/9days.xml
[2026-03-13] 频道: 1140 | 数据源: https://epg.136605.xyz/9days.xml
[2026-03-14] 频道: 1140 | 数据源: https://epg.136605.xyz/9days.xml
[2026-03-15] 频道: 1140 | 数据源: https://epg.136605.xyz/9days.xml
[2026-03-16] 频道: 1140 | 数据源: https://epg.136605.xyz/9days.xml
[2026-03-08] 频道: 1141 | 数据源: https://epg.136605.xyz/9days.xml
[2026-03-09] 频道: 1141 | 数据源: https://epg.136605.xyz/9days.xml
[2026-03-10] 频道: 1141 | 数据源: https://epg.136605.xyz/9days.xml
[2026-03-11] 频道: 1141 | 数据源: https://epg.136605.xyz/9days.xml
[2026-03-12] 频道: 1141 | 数据源: https://epg.136605.xyz/9days.xml
[2026-03-13] 频道: 1141 | 数据源: https://epg.136605.xyz/9days.xml
[2026-03-14] 频道: 1141 | 数据源: https://epg.136605.xyz/9days.xml
[2026-03-15] 频道: 1141 | 数据源: https://epg.136605.xyz/9days.xml
[2026-03-16] 频道: 1141 | 数据源: https://epg.136605.xyz/9days.xml
[2026-03-08] 频道: 1142 | 数据源: https://epg.136605.xyz/9days.xml
[2026-03-09] 频道: 1142 | 数据源: https://epg.136605.xyz/9days.xml
[2026-03-10] 频道: 1142 | 数据源: https://epg.136605.xyz/9days.xml
[2026-03-11] 频道: 1142 | 数据源: https://epg.136605.xyz/9days.xml
[2026-03-12] 频道: 1142 | 数据源: https://epg.136605.xyz/9days.xml
[2026-03-13] 频道: 1142 | 数据源: https://epg.136605.xyz/9days.xml
[2026-03-14] 频道: 1142 | 数据源: https://epg.136605.xyz/9days.xml
[2026-03-15] 频道: 1142 | 数据源: https://epg.136605.xyz/9days.xml
[2026-03-16] 频道: 1142 | 数据源: https://epg.136605.xyz/9days.xml
[2026-03-08] 频道: 1143 | 数据源: https://epg.136605.xyz/9days.xml
[2026-03-09] 频道: 1143 | 数据源: https://epg.136605.xyz/9days.xml
[2026-03-10] 频道: 1143 | 数据源: https://epg.136605.xyz/9days.xml
[2026-03-11] 频道: 1143 | 数据源: https://epg.136605.xyz/9days.xml
[2026-03-12] 频道: 1143 | 数据源: https://epg.136605.xyz/9days.xml
[2026-03-13] 频道: 1143 | 数据源: https://epg.136605.xyz/9days.xml
[2026-03-14] 频道: 1143 | 数据源: https://epg.136605.xyz/9days.xml
[2026-03-15] 频道: 1143 | 数据源: https://epg.136605.xyz/9days.xml
[2026-03-16] 频道: 1143 | 数据源: https://epg.136605.xyz/9days.xml
[2026-03-08] 频道: 1147 | 数据源: https://epg.136605.xyz/9days.xml
[2026-03-09] 频道: 1147 | 数据源: https://epg.136605.xyz/9days.xml
[2026-03-10] 频道: 1147 | 数据源: https://epg.136605.xyz/9days.xml
[2026-03-11] 频道: 1147 | 数据源: https://epg.136605.xyz/9days.xml
[2026-03-12] 频道: 1147 | 数据源: https://epg.136605.xyz/9days.xml
[2026-03-13] 频道: 1147 | 数据源: https://epg.136605.xyz/9days.xml
[2026-03-14] 频道: 1147 | 数据源: https://epg.136605.xyz/9days.xml
[2026-03-15] 频道: 1147 | 数据源: https://epg.136605.xyz/9days.xml
[2026-03-16] 频道: 1147 | 数据源: https://epg.136605.xyz/9days.xml
[2026-03-08] 频道: 1149 | 数据源: https://epg.136605.xyz/9days.xml
[2026-03-09] 频道: 1149 | 数据源: https://epg.136605.xyz/9days.xml
[2026-03-10] 频道: 1149 | 数据源: https://epg.136605.xyz/9days.xml
[2026-03-11] 频道: 1149 | 数据源: https://epg.136605.xyz/9days.xml
[2026-03-12] 频道: 1149 | 数据源: https://epg.136605.xyz/9days.xml
[2026-03-13] 频道: 1149 | 数据源: https://epg.136605.xyz/9days.xml
[2026-03-14] 频道: 1149 | 数据源: https://epg.136605.xyz/9days.xml
[2026-03-15] 频道: 1149 | 数据源: https://epg.136605.xyz/9days.xml
[2026-03-16] 频道: 1149 | 数据源: https://epg.136605.xyz/9days.xml
[2026-03-17] 频道: 1149 | 数据源: https://epg.136605.xyz/9days.xml
[2026-03-08] 频道: 1215 | 数据源: https://epg.136605.xyz/9days.xml
[2026-03-09] 频道: 1215 | 数据源: https://epg.136605.xyz/9days.xml
[2026-03-10] 频道: 1215 | 数据源: https://epg.136605.xyz/9days.xml
[2026-03-11] 频道: 1215 | 数据源: https://epg.136605.xyz/9days.xml
[2026-03-12] 频道: 1215 | 数据源: https://epg.136605.xyz/9days.xml
[2026-03-13] 频道: 1215 | 数据源: https://epg.136605.xyz/9days.xml
[2026-03-14] 频道: 1215 | 数据源: https://epg.136605.xyz/9days.xml
[2026-03-15] 频道: 1215 | 数据源: https://epg.136605.xyz/9days.xml
[2026-03-16] 频道: 1215 | 数据源: https://epg.136605.xyz/9days.xml
[2026-03-08] 频道: 1229 | 数据源: https://epg.136605.xyz/9days.xml
[2026-03-09] 频道: 1229 | 数据源: https://epg.136605.xyz/9days.xml
[2026-03-10] 频道: 1229 | 数据源: https://epg.136605.xyz/9days.xml
[2026-03-11] 频道: 1229 | 数据源: https://epg.136605.xyz/9days.xml
[2026-03-12] 频道: 1229 | 数据源: https://epg.136605.xyz/9days.xml
[2026-03-13] 频道: 1229 | 数据源: https://epg.136605.xyz/9days.xml
[2026-03-14] 频道: 1229 | 数据源: https://epg.136605.xyz/9days.xml
[2026-03-15] 频道: 1229 | 数据源: https://epg.136605.xyz/9days.xml
[2026-03-16] 频道: 1229 | 数据源: https://epg.136605.xyz/9days.xml
[2026-03-08] 频道: 1257 | 数据源: https://epg.136605.xyz/9days.xml
[2026-03-09] 频道: 1257 | 数据源: https://epg.136605.xyz/9days.xml
[2026-03-10] 频道: 1257 | 数据源: https://epg.136605.xyz/9days.xml
[2026-03-11] 频道: 1257 | 数据源: https://epg.136605.xyz/9days.xml
[2026-03-12] 频道: 1257 | 数据源: https://epg.136605.xyz/9days.xml
[2026-03-13] 频道: 1257 | 数据源: https://epg.136605.xyz/9days.xml
[2026-03-14] 频道: 1257 | 数据源: https://epg.136605.xyz/9days.xml
[2026-03-15] 频道: 1257 | 数据源: https://epg.136605.xyz/9days.xml
[2026-03-16] 频道: 1257 | 数据源: https://epg.136605.xyz/9days.xml